----------------------------------------------------------------------------------------------------------
--													--
-- Date : 09-Jun-2004											--
-- Company: Traiana Inc. 										--
-- Author : Isaac Raz 											--
--													--
-- Patch format:											--
-- 	Fixed header actions:										--
--		-Spool file										--
--		-Set options										--
--		-Alter constraints enable (Target: validate all FKs before updates)			--
--		-Alter constraints disable								--
--	patch updates:											--
--		-Sequential append of scripts from all the builds at the delivery			--
--	Fixed footer actions:										--
-- 		-Update properties									--
--		-Run others.sql 									--
--		-Mark version to DB									--
--		-Enable constraints									--
--		-Commit changes										--
--	Notes:												--
--		1. Do not use commit within the patches updates						--
--													--
-- Updates Tacking:											--
-- 13-Jun-2004: 											--
--	** Propertiese update (at the footer) added functionality: Obsolete properties removal.		--	
----------------------------------------------------------------------------------------------------------

-- spool 1.7.14.2.log
set echo on
set heading on
set feedback on
set scan off
set sqlblank on


exec alter_constraints('enable');
exec alter_constraints('disable');

--********************************************************************************************************--
--**			F I X E D   H E A D E R	 ends here 	 					**--
--********************************************************************************************************--
--++--++--++--++--++--++--++--++--++--++--++--++--++--++--++--++--++--++--++--++--++--++--++--++--++--++--++
-- build 1.7.14.2:1
ALTER index ARCH_GENERIC_REQUEST_DEALS_PK storage (next 2M);
ALTER index ARCH_VAL_SOURCE_DATA_TYPES_PK storage (next 2M);
ALTER index ARCH_VAL_MARKET_DATA_PK storage (next 2M);
ALTER index ARCH_VAL_FUNCTION_PARAMS_PK storage (next 2M);
ALTER index ARCH_VAL_MARKET_DATA_NAME_UNIQ storage (next 2M);
ALTER index ARCH_VAL_SOURCE_DATA_PK storage (next 2M);
ALTER index ARCH_SOU_ID_SOU_DATA_TYPE_UNQ storage (next 2M);
ALTER index A_INSTRUMENT_DBL_BARR_OPT_PK  storage (next 2M);
ALTER index A_INSTRUMENT_DIGITAL_OPT_PK  storage (next 2M);
ALTER index FXPB_CUT_OFF_TIMES_PK storage (next 5M);
ALTER index PK_FXPB_DEFAULT_CCY_PAIRS storage (next 2M);
ALTER index FXPB_DEFAULT_CCY_PAIRS_UNQ1 storage (next 2M);
ALTER index PK_FXPB_MD_OPTION_EXT  storage (next 5M);
ALTER index FXPB_OPTION_TRADE_PK storage (next 5M);
ALTER index FXPB_ORG_ROLE_2_EVENT_PK storage (next 5M);
ALTER index PK_JPMC_GENERIC_MUREX_DEALS storage (next 5M);
ALTER index ARCH_VAL_MARKET_2_SOUR_DATA_PK storage (next 2M);
ALTER index ARCH_VAL_MD_CURRENCY_PK storage (next 2M);
ALTER index ARCH_VAL_MD_DISCOUNT_CURVE_PK storage (next 2M);
ALTER index ARCH_VAL_INST_DATE_SOUR_UNIQ storage (next 2M);
ALTER index ARCH_VAL_MD_OPTION_PK storage (next 2M);
ALTER index ARCH_VAL_INST_SOUR_UNIQ  storage (next 2M);
------------strat: ARCH_BINARY_DATA
CREATE SEQUENCE ARCH_SAVED_FILTERS_SEQ INCREMENT BY 1 START WITH 2000000 MINVALUE 2000000 NOCYCLE CACHE 20 NOORDER;

CREATE TABLE ARCH_BINARY_DATA ( 
  ID    NUMBER (30)   NOT NULL, 
  DATA  LONG RAW      NOT NULL, 
  CONSTRAINT PK_ARCH_BINARY_DATA
  PRIMARY KEY ( ID ) ) ; 
 ------------end: ARCH_BINARY_DATA
 
 ------------strat: ARCH_DASHBOARD_COMPONENT
 CREATE TABLE ARCH_DASHBOARD_COMPONENT ( 
   ID          NUMBER (30)   NOT NULL, 
   OBJECT_ID   NUMBER (30)   NOT NULL, 
   WEB_URI_ID  NUMBER (30)   NOT NULL, 
   CONSTRAINT PK_ARCH_DASHBOARD_COMPONENTS
   PRIMARY KEY ( ID ) ) ; 

INSERT INTO ARCH_DASHBOARD_COMPONENT ( ID, OBJECT_ID, WEB_URI_ID ) 
	VALUES ( 1, 10355, 10020); 
INSERT INTO ARCH_DASHBOARD_COMPONENT ( ID, OBJECT_ID, WEB_URI_ID ) 
	VALUES ( 2, 10375, 10020); 
------------end: ARCH_DASHBOARD_COMPONENT

 ------------strat: ARCH_DASHBOARD_TMPLT_DEFAULT
CREATE TABLE ARCH_DASHBOARD_TMPLT_DEFAULT ( 
  ID                       NUMBER (30)   NOT NULL, 
  TEMPLATE_SIZE            NUMBER (8)    NOT NULL, 
  DASHBOARD_COMPONENT_ID   NUMBER (30)   NOT NULL, 
  ORDER_SEQ                NUMBER (8)    NOT NULL, 
  BEAN_NAME                VARCHAR2 (255)  NOT NULL, 
  REFRESH_TIME             NUMBER (8), 
  FORMAT                   NUMBER (8), 
  TOTALS_ONLY              CHAR (1), 
  FILTER                   NUMBER (30), 
  IMPLEMENTATION_CLASS_ID  NUMBER (30)   NOT NULL, 
  CONSTRAINT PK_AR_DA_TE_DE
  PRIMARY KEY ( ID ) ) ; 

INSERT INTO ARCH_DASHBOARD_TMPLT_DEFAULT ( ID, TEMPLATE_SIZE, DASHBOARD_COMPONENT_ID, ORDER_SEQ,BEAN_NAME, REFRESH_TIME, FORMAT, TOTALS_ONLY, FILTER,IMPLEMENTATION_CLASS_ID ) 
	VALUES ( 1, 6, 1, 1, 'TotalGiveUps', 60, 1, '1', 10780, 2); 
INSERT INTO ARCH_DASHBOARD_TMPLT_DEFAULT ( ID, TEMPLATE_SIZE, DASHBOARD_COMPONENT_ID, ORDER_SEQ,BEAN_NAME, REFRESH_TIME, FORMAT, TOTALS_ONLY, FILTER,IMPLEMENTATION_CLASS_ID ) 
	VALUES ( 2, 6, 2, 2, 'TotalGiveUps2', 60, 2, '0', 10794, 3); 
 ------------end: ARCH_DASHBOARD_TMPLT_DEFAULT  



------------start: ARCH_SAVED_FILTERS 
CREATE TABLE ARCH_SAVED_FILTERS ( 
  ID         NUMBER (30)   NOT NULL, 
  REPORT_ID  NUMBER (30)   NOT NULL, 
  PERSON_ID  NUMBER (30), 
  NAME       VARCHAR2 (255)  NOT NULL, 
  STATUS     NUMBER (1)    NOT NULL, 
  CONSTRAINT PK_ARCH_SAVED_FILTERS
  PRIMARY KEY ( ID ) ) ; 
------------end: ARCH_SAVED_FILTERS 

------------start: ARCH_REPORT_COLUMN 
-- delete all rows, alter table and insert all platform data. 
delete arch_report_column;  
  ALTER TABLE ARCH_REPORT_COLUMN ADD 
  	  		(  HEADER_SETTER VARCHAR2(4000),
  			    FOOTER_SETTER VARCHAR2(4000)
			);
INSERT INTO ARCH_REPORT_COLUMN ( ID, REPORT_ID, LOGICAL_NAME, VISIBLE_NAME, FILTER_NAME, TYPE,
VALIDATOR, CONVERTER, HELPER, VISIBILITY, SETTER, ORDER_SEQ, TABLE_NAME, FOOTER_SETTER,
HEADER_SETTER ) VALUES ( 
116790, 10252, 'AsOfDate', 'AsOfDate', 'AsOfDate', 'Date', 'dateOrToday', NULL, NULL
, 'filters', NULL, 90, 'AsOfDate', NULL, NULL); 
INSERT INTO ARCH_REPORT_COLUMN ( ID, REPORT_ID, LOGICAL_NAME, VISIBLE_NAME, FILTER_NAME, TYPE,
VALIDATOR, CONVERTER, HELPER, VISIBILITY, SETTER, ORDER_SEQ, TABLE_NAME, FOOTER_SETTER,
HEADER_SETTER ) VALUES ( 
116791, 10252, 'PositionType', 'PositionType', 'PositionType', 'Long', 'long', NULL
, 'PositionTypes;2', 'filters', NULL, 90, 'PositionType', NULL, NULL); 
INSERT INTO ARCH_REPORT_COLUMN ( ID, REPORT_ID, LOGICAL_NAME, VISIBLE_NAME, FILTER_NAME, TYPE,
VALIDATOR, CONVERTER, HELPER, VISIBILITY, SETTER, ORDER_SEQ, TABLE_NAME, FOOTER_SETTER,
HEADER_SETTER ) VALUES ( 
116811, 10289, 'FIRST_NAME', 'First Name', 'First Name', 'String', 'string', NULL
, NULL, NULL, NULL, 10, 'FIRST_NAME', NULL, NULL); 
INSERT INTO ARCH_REPORT_COLUMN ( ID, REPORT_ID, LOGICAL_NAME, VISIBLE_NAME, FILTER_NAME, TYPE,
VALIDATOR, CONVERTER, HELPER, VISIBILITY, SETTER, ORDER_SEQ, TABLE_NAME, FOOTER_SETTER,
HEADER_SETTER ) VALUES ( 
116812, 10289, 'LAST_NAME', 'Last Name', 'Last Name', 'String', 'string', NULL, NULL
, NULL, NULL, 20, 'LAST_NAME', NULL, NULL); 
INSERT INTO ARCH_REPORT_COLUMN ( ID, REPORT_ID, LOGICAL_NAME, VISIBLE_NAME, FILTER_NAME, TYPE,
VALIDATOR, CONVERTER, HELPER, VISIBILITY, SETTER, ORDER_SEQ, TABLE_NAME, FOOTER_SETTER,
HEADER_SETTER ) VALUES ( 
116813, 10289, 'ADDRESS', 'Address', 'Address', 'String', 'string', NULL, NULL, NULL
, NULL, 30, 'ADDRESS', NULL, NULL); 
INSERT INTO ARCH_REPORT_COLUMN ( ID, REPORT_ID, LOGICAL_NAME, VISIBLE_NAME, FILTER_NAME, TYPE,
VALIDATOR, CONVERTER, HELPER, VISIBILITY, SETTER, ORDER_SEQ, TABLE_NAME, FOOTER_SETTER,
HEADER_SETTER ) VALUES ( 
116814, 10289, 'DL_ID', 'Dl Id', 'Dl Id', 'Long', 'long', NULL, NULL, 'none', NULL
, 40, 'DL_ID', NULL, NULL); 
INSERT INTO ARCH_REPORT_COLUMN ( ID, REPORT_ID, LOGICAL_NAME, VISIBLE_NAME, FILTER_NAME, TYPE,
VALIDATOR, CONVERTER, HELPER, VISIBILITY, SETTER, ORDER_SEQ, TABLE_NAME, FOOTER_SETTER,
HEADER_SETTER ) VALUES ( 
16815, 10289, 'CHECKBOX', 'Status', 'Status', 'String', 'string', NULL, NULL, 'report'
, 'Checkbox', 5, 'STATUS', NULL, NULL); 
INSERT INTO ARCH_REPORT_COLUMN ( ID, REPORT_ID, LOGICAL_NAME, VISIBLE_NAME, FILTER_NAME, TYPE,
VALIDATOR, CONVERTER, HELPER, VISIBILITY, SETTER, ORDER_SEQ, TABLE_NAME, FOOTER_SETTER,
HEADER_SETTER ) VALUES ( 
16816, 10289, 'ID', 'Id', 'Id', 'Long', 'long', NULL, NULL, 'reportHidden', NULL, 190
, 'ID', NULL, NULL); 
INSERT INTO ARCH_REPORT_COLUMN ( ID, REPORT_ID, LOGICAL_NAME, VISIBLE_NAME, FILTER_NAME, TYPE,
VALIDATOR, CONVERTER, HELPER, VISIBILITY, SETTER, ORDER_SEQ, TABLE_NAME, FOOTER_SETTER,
HEADER_SETTER ) VALUES ( 
116827, 10308, 'ID', 'Id', 'Id', 'Long', 'long', NULL, NULL, 'reportHidden', NULL
, 10, 'ID', NULL, NULL); 
INSERT INTO ARCH_REPORT_COLUMN ( ID, REPORT_ID, LOGICAL_NAME, VISIBLE_NAME, FILTER_NAME, TYPE,
VALIDATOR, CONVERTER, HELPER, VISIBILITY, SETTER, ORDER_SEQ, TABLE_NAME, FOOTER_SETTER,
HEADER_SETTER ) VALUES ( 
116828, 10308, 'EVENT_NAME', 'Event Name', 'Event Name', 'String', 'string', NULL
, NULL, NULL, NULL, 20, 'EVENT_NAME', NULL, NULL); 
INSERT INTO ARCH_REPORT_COLUMN ( ID, REPORT_ID, LOGICAL_NAME, VISIBLE_NAME, FILTER_NAME, TYPE,
VALIDATOR, CONVERTER, HELPER, VISIBILITY, SETTER, ORDER_SEQ, TABLE_NAME, FOOTER_SETTER,
HEADER_SETTER ) VALUES ( 
116829, 10308, 'DL_NAME', 'Dl Name', 'Dl Name', 'String', 'string', NULL, NULL, NULL
, NULL, 30, 'DL_NAME', NULL, NULL); 
INSERT INTO ARCH_REPORT_COLUMN ( ID, REPORT_ID, LOGICAL_NAME, VISIBLE_NAME, FILTER_NAME, TYPE,
VALIDATOR, CONVERTER, HELPER, VISIBILITY, SETTER, ORDER_SEQ, TABLE_NAME, FOOTER_SETTER,
HEADER_SETTER ) VALUES ( 
116830, 10308, 'DL_CTX', 'Dl Ctx', 'Dl Ctx', 'Long', 'long', NULL, NULL, 'none', NULL
, 40, 'DL_CTX', NULL, NULL); 
INSERT INTO ARCH_REPORT_COLUMN ( ID, REPORT_ID, LOGICAL_NAME, VISIBLE_NAME, FILTER_NAME, TYPE,
VALIDATOR, CONVERTER, HELPER, VISIBILITY, SETTER, ORDER_SEQ, TABLE_NAME, FOOTER_SETTER,
HEADER_SETTER ) VALUES ( 
16831, 10308, 'CHECKBOX', 'Status', 'Status', 'String', 'string', NULL, NULL, 'report'
, 'Checkbox', 5, 'STATUS', NULL, NULL); 
INSERT INTO ARCH_REPORT_COLUMN ( ID, REPORT_ID, LOGICAL_NAME, VISIBLE_NAME, FILTER_NAME, TYPE,
VALIDATOR, CONVERTER, HELPER, VISIBILITY, SETTER, ORDER_SEQ, TABLE_NAME, FOOTER_SETTER,
HEADER_SETTER ) VALUES ( 
116850, 10328, 'TriPartyId', 'TriPartyId', 'TriPartyId', 'Long', 'long', NULL, NULL
, NULL, 'copyRow', 1, 'ID', NULL, 'nosort'); 
INSERT INTO ARCH_REPORT_COLUMN ( ID, REPORT_ID, LOGICAL_NAME, VISIBLE_NAME, FILTER_NAME, TYPE,
VALIDATOR, CONVERTER, HELPER, VISIBILITY, SETTER, ORDER_SEQ, TABLE_NAME, FOOTER_SETTER,
HEADER_SETTER ) VALUES ( 
116851, 10328, 'BaseAccountId', 'Account Id', 'Account Id', 'Long', 'long', NULL, NULL
, NULL, NULL, 99, 'ACCOUNT_ID', NULL, 'nosort'); 
INSERT INTO ARCH_REPORT_COLUMN ( ID, REPORT_ID, LOGICAL_NAME, VISIBLE_NAME, FILTER_NAME, TYPE,
VALIDATOR, CONVERTER, HELPER, VISIBILITY, SETTER, ORDER_SEQ, TABLE_NAME, FOOTER_SETTER,
HEADER_SETTER ) VALUES ( 
116852, 10328, 'EbOrgId', 'EbOrgId', 'EbOrgId', 'Long', 'long', NULL, NULL, NULL, NULL
, 99, 'COUPLED_OWNER_ORG_ID', NULL, 'nosort'); 
INSERT INTO ARCH_REPORT_COLUMN ( ID, REPORT_ID, LOGICAL_NAME, VISIBLE_NAME, FILTER_NAME, TYPE,
VALIDATOR, CONVERTER, HELPER, VISIBILITY, SETTER, ORDER_SEQ, TABLE_NAME, FOOTER_SETTER,
HEADER_SETTER ) VALUES ( 
116853, 10328, 'ClientOrgId', 'ClientOrgId', 'ClientOrgId', 'Long', 'long', NULL, NULL
, NULL, NULL, 99, 'COUPLED_ORG_ID', NULL, 'nosort'); 
INSERT INTO ARCH_REPORT_COLUMN ( ID, REPORT_ID, LOGICAL_NAME, VISIBLE_NAME, FILTER_NAME, TYPE,
VALIDATOR, CONVERTER, HELPER, VISIBILITY, SETTER, ORDER_SEQ, TABLE_NAME, FOOTER_SETTER,
HEADER_SETTER ) VALUES ( 
116854, 10328, 'PbOrgId', 'PB org Id', 'PbOrgId', 'Long', 'long', NULL, NULL, 'none'
, NULL, 99, 'PB_ORG_ID', NULL, NULL); 
INSERT INTO ARCH_REPORT_COLUMN ( ID, REPORT_ID, LOGICAL_NAME, VISIBLE_NAME, FILTER_NAME, TYPE,
VALIDATOR, CONVERTER, HELPER, VISIBILITY, SETTER, ORDER_SEQ, TABLE_NAME, FOOTER_SETTER,
HEADER_SETTER ) VALUES ( 
116855, 10328, 'EbOrgRole', 'EbOrgRole', 'EbOrgRole', 'Long', 'long', NULL, NULL, 'none'
, NULL, 99, 'COUPLED_OWNER_ROLE', NULL, NULL); 
INSERT INTO ARCH_REPORT_COLUMN ( ID, REPORT_ID, LOGICAL_NAME, VISIBLE_NAME, FILTER_NAME, TYPE,
VALIDATOR, CONVERTER, HELPER, VISIBILITY, SETTER, ORDER_SEQ, TABLE_NAME, FOOTER_SETTER,
HEADER_SETTER ) VALUES ( 
116856, 10328, 'EbOrgName', 'EB name', 'EbOrgName', 'String', 'string', NULL, NULL
, NULL, NULL, 3, 'COUPLED_OWNER_ORG_NAME', NULL, 'nosort'); 
INSERT INTO ARCH_REPORT_COLUMN ( ID, REPORT_ID, LOGICAL_NAME, VISIBLE_NAME, FILTER_NAME, TYPE,
VALIDATOR, CONVERTER, HELPER, VISIBILITY, SETTER, ORDER_SEQ, TABLE_NAME, FOOTER_SETTER,
HEADER_SETTER ) VALUES ( 
116857, 10328, 'ClientOrgName', 'Client name', 'ClientOrgName', 'String', 'string'
, NULL, NULL, NULL, NULL, 4, 'COUPLED_ORG_NAME', NULL, 'nosort'); 
INSERT INTO ARCH_REPORT_COLUMN ( ID, REPORT_ID, LOGICAL_NAME, VISIBLE_NAME, FILTER_NAME, TYPE,
VALIDATOR, CONVERTER, HELPER, VISIBILITY, SETTER, ORDER_SEQ, TABLE_NAME, FOOTER_SETTER,
HEADER_SETTER ) VALUES ( 
116858, 10328, 'PbOrgName', 'PB name', 'PbOrgName', 'String', 'string', NULL, NULL
, NULL, NULL, 2, 'PB_ORG_NAME', NULL, 'nosort'); 
INSERT INTO ARCH_REPORT_COLUMN ( ID, REPORT_ID, LOGICAL_NAME, VISIBLE_NAME, FILTER_NAME, TYPE,
VALIDATOR, CONVERTER, HELPER, VISIBILITY, SETTER, ORDER_SEQ, TABLE_NAME, FOOTER_SETTER,
HEADER_SETTER ) VALUES ( 
116859, 10328, 'Status', 'Status', 'Status', 'String', 'string', NULL, NULL, NULL
, NULL, 5, 'STATUS', NULL, 'nosort'); 
INSERT INTO ARCH_REPORT_COLUMN ( ID, REPORT_ID, LOGICAL_NAME, VISIBLE_NAME, FILTER_NAME, TYPE,
VALIDATOR, CONVERTER, HELPER, VISIBILITY, SETTER, ORDER_SEQ, TABLE_NAME, FOOTER_SETTER,
HEADER_SETTER ) VALUES ( 
116860, 10328, 'BaseAccountStatus', 'BaseAccountStatus', 'BaseAccountStatus', 'Long'
, 'long', NULL, NULL, NULL, NULL, 99, 'STATUS_ID', NULL, 'nosort'); 
INSERT INTO ARCH_REPORT_COLUMN ( ID, REPORT_ID, LOGICAL_NAME, VISIBLE_NAME, FILTER_NAME, TYPE,
VALIDATOR, CONVERTER, HELPER, VISIBILITY, SETTER, ORDER_SEQ, TABLE_NAME, FOOTER_SETTER,
HEADER_SETTER ) VALUES ( 
116957, 10333, 'PARENT_ID', 'Parent Id', 'Parent Id', 'Long', 'long', NULL, NULL, NULL
, NULL, 10, 'PARENT_ID', NULL, 'nosort'); 
INSERT INTO ARCH_REPORT_COLUMN ( ID, REPORT_ID, LOGICAL_NAME, VISIBLE_NAME, FILTER_NAME, TYPE,
VALIDATOR, CONVERTER, HELPER, VISIBILITY, SETTER, ORDER_SEQ, TABLE_NAME, FOOTER_SETTER,
HEADER_SETTER ) VALUES ( 
116958, 10333, 'FUND_ID', 'Fund Id', 'Fund Id', 'Long', 'long', NULL, NULL, NULL, NULL
, 20, 'FUND_ID', NULL, 'nosort'); 
INSERT INTO ARCH_REPORT_COLUMN ( ID, REPORT_ID, LOGICAL_NAME, VISIBLE_NAME, FILTER_NAME, TYPE,
VALIDATOR, CONVERTER, HELPER, VISIBILITY, SETTER, ORDER_SEQ, TABLE_NAME, FOOTER_SETTER,
HEADER_SETTER ) VALUES ( 
116959, 10333, 'FUND_NAME', 'Fund Name', 'Fund Name', 'String', 'string', NULL, NULL
, NULL, NULL, 30, 'FUND_NAME', NULL, 'nosort'); 
INSERT INTO ARCH_REPORT_COLUMN ( ID, REPORT_ID, LOGICAL_NAME, VISIBLE_NAME, FILTER_NAME, TYPE,
VALIDATOR, CONVERTER, HELPER, VISIBILITY, SETTER, ORDER_SEQ, TABLE_NAME, FOOTER_SETTER,
HEADER_SETTER ) VALUES ( 
116960, 10333, 'ACC_ID', 'Acc Id', 'Acc Id', 'Long', 'long', NULL, NULL, NULL, NULL
, 40, 'ACC_ID', NULL, 'nosort'); 
INSERT INTO ARCH_REPORT_COLUMN ( ID, REPORT_ID, LOGICAL_NAME, VISIBLE_NAME, FILTER_NAME, TYPE,
VALIDATOR, CONVERTER, HELPER, VISIBILITY, SETTER, ORDER_SEQ, TABLE_NAME, FOOTER_SETTER,
HEADER_SETTER ) VALUES ( 
116961, 10333, 'ACC_NAME', 'Acc Name', 'Acc Name', 'String', 'string', NULL, NULL
, NULL, NULL, 50, 'ACC_NAME', NULL, 'nosort'); 
INSERT INTO ARCH_REPORT_COLUMN ( ID, REPORT_ID, LOGICAL_NAME, VISIBLE_NAME, FILTER_NAME, TYPE,
VALIDATOR, CONVERTER, HELPER, VISIBILITY, SETTER, ORDER_SEQ, TABLE_NAME, FOOTER_SETTER,
HEADER_SETTER ) VALUES ( 
116962, 10333, 'BANK_ID', 'Bank Id', 'Bank Id', 'Long', 'long', NULL, NULL, NULL, NULL
, 60, 'BANK_ID', NULL, 'nosort'); 
INSERT INTO ARCH_REPORT_COLUMN ( ID, REPORT_ID, LOGICAL_NAME, VISIBLE_NAME, FILTER_NAME, TYPE,
VALIDATOR, CONVERTER, HELPER, VISIBILITY, SETTER, ORDER_SEQ, TABLE_NAME, FOOTER_SETTER,
HEADER_SETTER ) VALUES ( 
116963, 10333, 'BANK_NAME', 'Bank Name', 'Bank Name', 'String', 'string', NULL, NULL
, NULL, NULL, 70, 'BANK_NAME', NULL, 'nosort'); 
INSERT INTO ARCH_REPORT_COLUMN ( ID, REPORT_ID, LOGICAL_NAME, VISIBLE_NAME, FILTER_NAME, TYPE,
VALIDATOR, CONVERTER, HELPER, VISIBILITY, SETTER, ORDER_SEQ, TABLE_NAME, FOOTER_SETTER,
HEADER_SETTER ) VALUES ( 
116789, 10252, 'Gross', 'Gross', 'Gross', 'Double', 'double', NULL, NULL, NULL, 'double'
, 80, 'Gross', NULL, 'nosort'); 
INSERT INTO ARCH_REPORT_COLUMN ( ID, REPORT_ID, LOGICAL_NAME, VISIBLE_NAME, FILTER_NAME, TYPE,
VALIDATOR, CONVERTER, HELPER, VISIBILITY, SETTER, ORDER_SEQ, TABLE_NAME, FOOTER_SETTER,
HEADER_SETTER ) VALUES ( 
16682, 10181, 'PARENT_ORG_REL_TYPE', 'Parent org rel', 'Parent org rel', 'String'
, 'string', NULL, NULL, 'none', NULL, 100, 'PARENT_ORG_REL_TYPE', NULL, NULL); 
INSERT INTO ARCH_REPORT_COLUMN ( ID, REPORT_ID, LOGICAL_NAME, VISIBLE_NAME, FILTER_NAME, TYPE,
VALIDATOR, CONVERTER, HELPER, VISIBILITY, SETTER, ORDER_SEQ, TABLE_NAME, FOOTER_SETTER,
HEADER_SETTER ) VALUES ( 
16700, 10191, 'UUID', 'Uuid', 'Uuid', 'String', 'string', NULL, NULL, NULL, NULL, 10
, 'UUID', NULL, NULL); 
INSERT INTO ARCH_REPORT_COLUMN ( ID, REPORT_ID, LOGICAL_NAME, VISIBLE_NAME, FILTER_NAME, TYPE,
VALIDATOR, CONVERTER, HELPER, VISIBILITY, SETTER, ORDER_SEQ, TABLE_NAME, FOOTER_SETTER,
HEADER_SETTER ) VALUES ( 
16710, 10191, 'TIME', 'Time', 'Time', 'Date', 'dateOrToday', NULL, NULL, NULL, NULL
, 20, 'TIME', NULL, NULL); 
INSERT INTO ARCH_REPORT_COLUMN ( ID, REPORT_ID, LOGICAL_NAME, VISIBLE_NAME, FILTER_NAME, TYPE,
VALIDATOR, CONVERTER, HELPER, VISIBILITY, SETTER, ORDER_SEQ, TABLE_NAME, FOOTER_SETTER,
HEADER_SETTER ) VALUES ( 
16720, 10191, 'IN_OUT_TIME', 'In Out Time', 'In Out Time', 'Long', 'long', NULL, NULL
, NULL, NULL, 30, 'IN_OUT_TIME', NULL, NULL); 
INSERT INTO ARCH_REPORT_COLUMN ( ID, REPORT_ID, LOGICAL_NAME, VISIBLE_NAME, FILTER_NAME, TYPE,
VALIDATOR, CONVERTER, HELPER, VISIBILITY, SETTER, ORDER_SEQ, TABLE_NAME, FOOTER_SETTER,
HEADER_SETTER ) VALUES ( 
16730, 10191, 'ADAPTER_PROCESS', 'Adapter Process', 'Adapter Process', 'Long', 'long'
, NULL, NULL, NULL, NULL, 40, 'ADAPTER_PROCESS', NULL, NULL); 
INSERT INTO ARCH_REPORT_COLUMN ( ID, REPORT_ID, LOGICAL_NAME, VISIBLE_NAME, FILTER_NAME, TYPE,
VALIDATOR, CONVERTER, HELPER, VISIBILITY, SETTER, ORDER_SEQ, TABLE_NAME, FOOTER_SETTER,
HEADER_SETTER ) VALUES ( 
16740, 10191, 'FLOW_PROCESS', 'Flow Process', 'Flow Process', 'Long', 'long', NULL
, NULL, NULL, NULL, 50, 'FLOW_PROCESS', NULL, NULL); 
INSERT INTO ARCH_REPORT_COLUMN ( ID, REPORT_ID, LOGICAL_NAME, VISIBLE_NAME, FILTER_NAME, TYPE,
VALIDATOR, CONVERTER, HELPER, VISIBILITY, SETTER, ORDER_SEQ, TABLE_NAME, FOOTER_SETTER,
HEADER_SETTER ) VALUES ( 
16750, 10191, 'DATA', 'Data', 'Data', 'blob', NULL, NULL, NULL, NULL, 'preString'
, 60, 'DATA', NULL, NULL); 
INSERT INTO ARCH_REPORT_COLUMN ( ID, REPORT_ID, LOGICAL_NAME, VISIBLE_NAME, FILTER_NAME, TYPE,
VALIDATOR, CONVERTER, HELPER, VISIBILITY, SETTER, ORDER_SEQ, TABLE_NAME, FOOTER_SETTER,
HEADER_SETTER ) VALUES ( 
16760, 10201, 'UUID', 'Uuid', 'Uuid', 'String', 'string', NULL, NULL, NULL, NULL, 10
, 'UUID', NULL, NULL); 
INSERT INTO ARCH_REPORT_COLUMN ( ID, REPORT_ID, LOGICAL_NAME, VISIBLE_NAME, FILTER_NAME, TYPE,
VALIDATOR, CONVERTER, HELPER, VISIBILITY, SETTER, ORDER_SEQ, TABLE_NAME, FOOTER_SETTER,
HEADER_SETTER ) VALUES ( 
16770, 10201, 'TIME', 'Time', 'Time', 'Date', 'dateOrToday', NULL, NULL, NULL, NULL
, 20, 'TIME', NULL, NULL); 
INSERT INTO ARCH_REPORT_COLUMN ( ID, REPORT_ID, LOGICAL_NAME, VISIBLE_NAME, FILTER_NAME, TYPE,
VALIDATOR, CONVERTER, HELPER, VISIBILITY, SETTER, ORDER_SEQ, TABLE_NAME, FOOTER_SETTER,
HEADER_SETTER ) VALUES ( 
16780, 10201, 'FLOW_TIME', 'Flow Time', 'Flow Time', 'Long', 'long', NULL, NULL, NULL
, NULL, 30, 'FLOW_TIME', NULL, NULL); 
INSERT INTO ARCH_REPORT_COLUMN ( ID, REPORT_ID, LOGICAL_NAME, VISIBLE_NAME, FILTER_NAME, TYPE,
VALIDATOR, CONVERTER, HELPER, VISIBILITY, SETTER, ORDER_SEQ, TABLE_NAME, FOOTER_SETTER,
HEADER_SETTER ) VALUES ( 
16790, 10201, 'ADAPTER_PROCESS', 'Adapter Process', 'Adapter Process', 'Long', 'long'
, NULL, NULL, NULL, NULL, 40, 'ADAPTER_PROCESS', NULL, NULL); 
INSERT INTO ARCH_REPORT_COLUMN ( ID, REPORT_ID, LOGICAL_NAME, VISIBLE_NAME, FILTER_NAME, TYPE,
VALIDATOR, CONVERTER, HELPER, VISIBILITY, SETTER, ORDER_SEQ, TABLE_NAME, FOOTER_SETTER,
HEADER_SETTER ) VALUES ( 
16800, 10201, 'FLOW_PROCESS', 'Flow Process', 'Flow Process', 'Long', 'long', NULL
, NULL, NULL, NULL, 50, 'FLOW_PROCESS', NULL, NULL); 
INSERT INTO ARCH_REPORT_COLUMN ( ID, REPORT_ID, LOGICAL_NAME, VISIBLE_NAME, FILTER_NAME, TYPE,
VALIDATOR, CONVERTER, HELPER, VISIBILITY, SETTER, ORDER_SEQ, TABLE_NAME, FOOTER_SETTER,
HEADER_SETTER ) VALUES ( 
16810, 10201, 'FLOW_ID', 'Flow Id', 'Flow Id', 'Long', 'long', NULL, NULL, NULL, NULL
, 60, 'FLOW_ID', NULL, NULL); 
INSERT INTO ARCH_REPORT_COLUMN ( ID, REPORT_ID, LOGICAL_NAME, VISIBLE_NAME, FILTER_NAME, TYPE,
VALIDATOR, CONVERTER, HELPER, VISIBILITY, SETTER, ORDER_SEQ, TABLE_NAME, FOOTER_SETTER,
HEADER_SETTER ) VALUES ( 
16820, 10201, 'FLOW_NAME', 'Flow Name', 'Flow Name', 'String', 'string', NULL, NULL
, NULL, NULL, 70, 'FLOW_NAME', NULL, NULL); 
INSERT INTO ARCH_REPORT_COLUMN ( ID, REPORT_ID, LOGICAL_NAME, VISIBLE_NAME, FILTER_NAME, TYPE,
VALIDATOR, CONVERTER, HELPER, VISIBILITY, SETTER, ORDER_SEQ, TABLE_NAME, FOOTER_SETTER,
HEADER_SETTER ) VALUES ( 
16830, 10201, 'FLOW_TYPE', 'Flow Type', 'Flow Type', 'String', 'string', NULL, NULL
, NULL, NULL, 80, 'FLOW_TYPE', NULL, NULL); 
INSERT INTO ARCH_REPORT_COLUMN ( ID, REPORT_ID, LOGICAL_NAME, VISIBLE_NAME, FILTER_NAME, TYPE,
VALIDATOR, CONVERTER, HELPER, VISIBILITY, SETTER, ORDER_SEQ, TABLE_NAME, FOOTER_SETTER,
HEADER_SETTER ) VALUES ( 
16840, 10201, 'DATA', 'Data', 'Data', 'blob', NULL, NULL, NULL, NULL, 'preString'
, 90, 'DATA', NULL, NULL); 
INSERT INTO ARCH_REPORT_COLUMN ( ID, REPORT_ID, LOGICAL_NAME, VISIBLE_NAME, FILTER_NAME, TYPE,
VALIDATOR, CONVERTER, HELPER, VISIBILITY, SETTER, ORDER_SEQ, TABLE_NAME, FOOTER_SETTER,
HEADER_SETTER ) VALUES ( 
116703, 10205, 'LoginDate', 'Login date', 'Login date', 'Date', 'dateOrToday', NULL
, NULL, NULL, NULL, 10, 'LoginDate', NULL, NULL); 
INSERT INTO ARCH_REPORT_COLUMN ( ID, REPORT_ID, LOGICAL_NAME, VISIBLE_NAME, FILTER_NAME, TYPE,
VALIDATOR, CONVERTER, HELPER, VISIBILITY, SETTER, ORDER_SEQ, TABLE_NAME, FOOTER_SETTER,
HEADER_SETTER ) VALUES ( 
116704, 10205, 'LogoffDate', 'Logoff date', 'Logoff date', 'Date', 'dateOrToday', NULL
, NULL, NULL, NULL, 20, 'LogoffDate', NULL, NULL); 
INSERT INTO ARCH_REPORT_COLUMN ( ID, REPORT_ID, LOGICAL_NAME, VISIBLE_NAME, FILTER_NAME, TYPE,
VALIDATOR, CONVERTER, HELPER, VISIBILITY, SETTER, ORDER_SEQ, TABLE_NAME, FOOTER_SETTER,
HEADER_SETTER ) VALUES ( 
116705, 10205, 'UserName', 'User name', 'User name', 'String', 'string', NULL, NULL
, NULL, NULL, 30, 'UserName', NULL, NULL); 
INSERT INTO ARCH_REPORT_COLUMN ( ID, REPORT_ID, LOGICAL_NAME, VISIBLE_NAME, FILTER_NAME, TYPE,
VALIDATOR, CONVERTER, HELPER, VISIBILITY, SETTER, ORDER_SEQ, TABLE_NAME, FOOTER_SETTER,
HEADER_SETTER ) VALUES ( 
116706, 10205, 'SessionID', 'Session Id', 'Session Id', 'String', 'string', NULL, NULL
, NULL, NULL, 40, 'SessionID', NULL, NULL); 
INSERT INTO ARCH_REPORT_COLUMN ( ID, REPORT_ID, LOGICAL_NAME, VISIBLE_NAME, FILTER_NAME, TYPE,
VALIDATOR, CONVERTER, HELPER, VISIBILITY, SETTER, ORDER_SEQ, TABLE_NAME, FOOTER_SETTER,
HEADER_SETTER ) VALUES ( 
116707, 10205, 'SessionStatus', 'Session Status', 'Session Status', 'String', 'string'
, NULL, NULL, NULL, NULL, 50, 'SessionStatus', NULL, NULL); 
INSERT INTO ARCH_REPORT_COLUMN ( ID, REPORT_ID, LOGICAL_NAME, VISIBLE_NAME, FILTER_NAME, TYPE,
VALIDATOR, CONVERTER, HELPER, VISIBILITY, SETTER, ORDER_SEQ, TABLE_NAME, FOOTER_SETTER,
HEADER_SETTER ) VALUES ( 
116708, 10205, 'SessionEndReason', 'Session End Reason', 'Session End Reason', 'String'
, 'string', NULL, NULL, NULL, NULL, 60, 'SessionEndReason', NULL, NULL); 
INSERT INTO ARCH_REPORT_COLUMN ( ID, REPORT_ID, LOGICAL_NAME, VISIBLE_NAME, FILTER_NAME, TYPE,
VALIDATOR, CONVERTER, HELPER, VISIBILITY, SETTER, ORDER_SEQ, TABLE_NAME, FOOTER_SETTER,
HEADER_SETTER ) VALUES ( 
116709, 10205, 'ClientIp', 'Client Ip', 'Client Ip', 'String', 'string', NULL, NULL
, NULL, NULL, 70, 'ClientIp', NULL, NULL); 
INSERT INTO ARCH_REPORT_COLUMN ( ID, REPORT_ID, LOGICAL_NAME, VISIBLE_NAME, FILTER_NAME, TYPE,
VALIDATOR, CONVERTER, HELPER, VISIBILITY, SETTER, ORDER_SEQ, TABLE_NAME, FOOTER_SETTER,
HEADER_SETTER ) VALUES ( 
16960, 10231, 'Id', 'Id', 'Id', 'Long', 'long', NULL, NULL, 'reportHidden', NULL, 10
, 'ID', NULL, NULL); 
INSERT INTO ARCH_REPORT_COLUMN ( ID, REPORT_ID, LOGICAL_NAME, VISIBLE_NAME, FILTER_NAME, TYPE,
VALIDATOR, CONVERTER, HELPER, VISIBILITY, SETTER, ORDER_SEQ, TABLE_NAME, FOOTER_SETTER,
HEADER_SETTER ) VALUES ( 
16970, 10231, 'Name', 'Name', 'Name', 'String', 'string', NULL, NULL, NULL, 'copyRow'
, 20, 'NAME', NULL, NULL); 
INSERT INTO ARCH_REPORT_COLUMN ( ID, REPORT_ID, LOGICAL_NAME, VISIBLE_NAME, FILTER_NAME, TYPE,
VALIDATOR, CONVERTER, HELPER, VISIBILITY, SETTER, ORDER_SEQ, TABLE_NAME, FOOTER_SETTER,
HEADER_SETTER ) VALUES ( 
16980, 10231, 'Description', 'Description', 'Description', 'String', 'string', NULL
, NULL, NULL, NULL, 30, 'DESCRIPTION', NULL, NULL); 
INSERT INTO ARCH_REPORT_COLUMN ( ID, REPORT_ID, LOGICAL_NAME, VISIBLE_NAME, FILTER_NAME, TYPE,
VALIDATOR, CONVERTER, HELPER, VISIBILITY, SETTER, ORDER_SEQ, TABLE_NAME, FOOTER_SETTER,
HEADER_SETTER ) VALUES ( 
16990, 10231, 'Precision', 'Precision', 'Precision', 'Integer', 'int', NULL, NULL
, NULL, NULL, 40, 'PRECISION', NULL, NULL); 
INSERT INTO ARCH_REPORT_COLUMN ( ID, REPORT_ID, LOGICAL_NAME, VISIBLE_NAME, FILTER_NAME, TYPE,
VALIDATOR, CONVERTER, HELPER, VISIBILITY, SETTER, ORDER_SEQ, TABLE_NAME, FOOTER_SETTER,
HEADER_SETTER ) VALUES ( 
17000, 10231, 'Class', 'Class', 'Class', 'String', 'string', NULL, NULL, NULL, NULL
, 50, 'CLAZZ', NULL, NULL); 
INSERT INTO ARCH_REPORT_COLUMN ( ID, REPORT_ID, LOGICAL_NAME, VISIBLE_NAME, FILTER_NAME, TYPE,
VALIDATOR, CONVERTER, HELPER, VISIBILITY, SETTER, ORDER_SEQ, TABLE_NAME, FOOTER_SETTER,
HEADER_SETTER ) VALUES ( 
17010, 10231, 'Ndf', 'Ndf', 'Ndf', 'Boolean', 'boolean', NULL, NULL, NULL, NULL, 60
, 'NDF', NULL, NULL); 
INSERT INTO ARCH_REPORT_COLUMN ( ID, REPORT_ID, LOGICAL_NAME, VISIBLE_NAME, FILTER_NAME, TYPE,
VALIDATOR, CONVERTER, HELPER, VISIBILITY, SETTER, ORDER_SEQ, TABLE_NAME, FOOTER_SETTER,
HEADER_SETTER ) VALUES ( 
17020, 10241, 'Id', 'Id', 'Id', 'Long', 'long', NULL, NULL, 'reportHidden', NULL, 10
, 'ID', NULL, NULL); 
INSERT INTO ARCH_REPORT_COLUMN ( ID, REPORT_ID, LOGICAL_NAME, VISIBLE_NAME, FILTER_NAME, TYPE,
VALIDATOR, CONVERTER, HELPER, VISIBILITY, SETTER, ORDER_SEQ, TABLE_NAME, FOOTER_SETTER,
HEADER_SETTER ) VALUES ( 
17030, 10241, 'FirstCcyId', 'First Ccy Id', 'First Ccy Id', 'Long', 'long', NULL, NULL
, 'reportHidden', NULL, 20, 'FIRST_CCY_ID', NULL, NULL); 
INSERT INTO ARCH_REPORT_COLUMN ( ID, REPORT_ID, LOGICAL_NAME, VISIBLE_NAME, FILTER_NAME, TYPE,
VALIDATOR, CONVERTER, HELPER, VISIBILITY, SETTER, ORDER_SEQ, TABLE_NAME, FOOTER_SETTER,
HEADER_SETTER ) VALUES ( 
17040, 10241, 'FirstCcy', 'First Ccy', 'First Ccy', 'String', 'string', NULL, NULL
, NULL, NULL, 30, 'FIRST_CCY', NULL, NULL); 
INSERT INTO ARCH_REPORT_COLUMN ( ID, REPORT_ID, LOGICAL_NAME, VISIBLE_NAME, FILTER_NAME, TYPE,
VALIDATOR, CONVERTER, HELPER, VISIBILITY, SETTER, ORDER_SEQ, TABLE_NAME, FOOTER_SETTER,
HEADER_SETTER ) VALUES ( 
17050, 10241, 'SecondCcyId', 'Second Ccy Id', 'Second Ccy Id', 'Long', 'long', NULL
, NULL, 'reportHidden', NULL, 40, 'SECOND_CCY_ID', NULL, NULL); 
INSERT INTO ARCH_REPORT_COLUMN ( ID, REPORT_ID, LOGICAL_NAME, VISIBLE_NAME, FILTER_NAME, TYPE,
VALIDATOR, CONVERTER, HELPER, VISIBILITY, SETTER, ORDER_SEQ, TABLE_NAME, FOOTER_SETTER,
HEADER_SETTER ) VALUES ( 
17060, 10241, 'SecondCcy', 'Second Ccy', 'Second Ccy', 'String', 'string', NULL, NULL
, NULL, NULL, 50, 'SECOND_CCY', NULL, NULL); 
INSERT INTO ARCH_REPORT_COLUMN ( ID, REPORT_ID, LOGICAL_NAME, VISIBLE_NAME, FILTER_NAME, TYPE,
VALIDATOR, CONVERTER, HELPER, VISIBILITY, SETTER, ORDER_SEQ, TABLE_NAME, FOOTER_SETTER,
HEADER_SETTER ) VALUES ( 
17070, 10241, 'RateDirection', 'Rate Direction', 'Rate Direction', 'Boolean', 'boolean'
, NULL, NULL, NULL, NULL, 60, 'RATE_DIRECTION', NULL, NULL); 
INSERT INTO ARCH_REPORT_COLUMN ( ID, REPORT_ID, LOGICAL_NAME, VISIBLE_NAME, FILTER_NAME, TYPE,
VALIDATOR, CONVERTER, HELPER, VISIBILITY, SETTER, ORDER_SEQ, TABLE_NAME, FOOTER_SETTER,
HEADER_SETTER ) VALUES ( 
17080, 10241, 'Precision', 'Precision', 'Precision', 'Long', 'long', NULL, NULL, NULL
, NULL, 70, 'PRECISION', NULL, NULL); 
INSERT INTO ARCH_REPORT_COLUMN ( ID, REPORT_ID, LOGICAL_NAME, VISIBLE_NAME, FILTER_NAME, TYPE,
VALIDATOR, CONVERTER, HELPER, VISIBILITY, SETTER, ORDER_SEQ, TABLE_NAME, FOOTER_SETTER,
HEADER_SETTER ) VALUES ( 
17090, 10241, 'RateFactor', 'Rate Factor', 'Rate Factor', 'Double', 'double', NULL
, NULL, NULL, 'double8', 80, 'RATE_FACTOR', NULL, NULL); 
INSERT INTO ARCH_REPORT_COLUMN ( ID, REPORT_ID, LOGICAL_NAME, VISIBLE_NAME, FILTER_NAME, TYPE,
VALIDATOR, CONVERTER, HELPER, VISIBILITY, SETTER, ORDER_SEQ, TABLE_NAME, FOOTER_SETTER,
HEADER_SETTER ) VALUES ( 
17100, 10241, 'CcyPair', 'CcyPair', 'CcyPair', 'String', 'string', NULL, NULL, NULL
, 'copyRow', 11, 'CCY_PAIR', NULL, NULL); 
INSERT INTO ARCH_REPORT_COLUMN ( ID, REPORT_ID, LOGICAL_NAME, VISIBLE_NAME, FILTER_NAME, TYPE,
VALIDATOR, CONVERTER, HELPER, VISIBILITY, SETTER, ORDER_SEQ, TABLE_NAME, FOOTER_SETTER,
HEADER_SETTER ) VALUES ( 
116710, 10242, 'SpreadId', 'Id', 'Id', 'Long', 'long', NULL, NULL, 'reportHidden'
, NULL, 10, 'SPREAD_ID', NULL, NULL); 
INSERT INTO ARCH_REPORT_COLUMN ( ID, REPORT_ID, LOGICAL_NAME, VISIBLE_NAME, FILTER_NAME, TYPE,
VALIDATOR, CONVERTER, HELPER, VISIBILITY, SETTER, ORDER_SEQ, TABLE_NAME, FOOTER_SETTER,
HEADER_SETTER ) VALUES ( 
116711, 10242, 'CCY_PAIR', 'Ccy Pair', 'Ccy Pair', 'String', 'string', NULL, NULL
, NULL, 'copyRow', 20, 'CCY_PAIR', NULL, NULL); 
INSERT INTO ARCH_REPORT_COLUMN ( ID, REPORT_ID, LOGICAL_NAME, VISIBLE_NAME, FILTER_NAME, TYPE,
VALIDATOR, CONVERTER, HELPER, VISIBILITY, SETTER, ORDER_SEQ, TABLE_NAME, FOOTER_SETTER,
HEADER_SETTER ) VALUES ( 
116712, 10242, 'SPREAD', 'Spread', 'Spread', 'Double', 'double', NULL, NULL, NULL
, NULL, 30, 'SPREAD', NULL, NULL); 
INSERT INTO ARCH_REPORT_COLUMN ( ID, REPORT_ID, LOGICAL_NAME, VISIBLE_NAME, FILTER_NAME, TYPE,
VALIDATOR, CONVERTER, HELPER, VISIBILITY, SETTER, ORDER_SEQ, TABLE_NAME, FOOTER_SETTER,
HEADER_SETTER ) VALUES ( 
116713, 10242, 'ACCOUNT_ID', 'Account Id', 'Account Id', 'Long', 'long', NULL, NULL
, 'reportHidden', NULL, 40, 'ACCOUNT_ID', NULL, NULL); 
INSERT INTO ARCH_REPORT_COLUMN ( ID, REPORT_ID, LOGICAL_NAME, VISIBLE_NAME, FILTER_NAME, TYPE,
VALIDATOR, CONVERTER, HELPER, VISIBILITY, SETTER, ORDER_SEQ, TABLE_NAME, FOOTER_SETTER,
HEADER_SETTER ) VALUES ( 
116714, 10242, 'CCY_PAIR_ID', 'CurrencyPairId', 'CurrencyPairId', 'Long', 'long', NULL
, NULL, 'reportHidden', NULL, 50, 'CCY_PAIR_ID', NULL, NULL); 
INSERT INTO ARCH_REPORT_COLUMN ( ID, REPORT_ID, LOGICAL_NAME, VISIBLE_NAME, FILTER_NAME, TYPE,
VALIDATOR, CONVERTER, HELPER, VISIBILITY, SETTER, ORDER_SEQ, TABLE_NAME, FOOTER_SETTER,
HEADER_SETTER ) VALUES ( 
115708, 10242, 'APPLIED_SPREAD', 'Applied Spread', 'Applied Spread', 'Double', 'double'
, NULL, NULL, NULL, 'double8', 70, 'APPLIED_SPREAD', NULL, NULL); 
INSERT INTO ARCH_REPORT_COLUMN ( ID, REPORT_ID, LOGICAL_NAME, VISIBLE_NAME, FILTER_NAME, TYPE,
VALIDATOR, CONVERTER, HELPER, VISIBILITY, SETTER, ORDER_SEQ, TABLE_NAME, FOOTER_SETTER,
HEADER_SETTER ) VALUES ( 
115709, 10242, 'MULTIPLIER', 'Multiplier', 'Multiplier', 'Double', 'double', NULL
, NULL, NULL, 'double8', 60, 'MULTIPLIER', NULL, NULL); 
INSERT INTO ARCH_REPORT_COLUMN ( ID, REPORT_ID, LOGICAL_NAME, VISIBLE_NAME, FILTER_NAME, TYPE,
VALIDATOR, CONVERTER, HELPER, VISIBILITY, SETTER, ORDER_SEQ, TABLE_NAME, FOOTER_SETTER,
HEADER_SETTER ) VALUES ( 
116715, 10243, 'CcyPairId', 'Ccy Pair Id', 'Ccy Pair Id', 'Long', 'long', NULL, NULL
, 'reportHidden', NULL, 10, 'CCY_PAIR_ID', NULL, NULL); 
INSERT INTO ARCH_REPORT_COLUMN ( ID, REPORT_ID, LOGICAL_NAME, VISIBLE_NAME, FILTER_NAME, TYPE,
VALIDATOR, CONVERTER, HELPER, VISIBILITY, SETTER, ORDER_SEQ, TABLE_NAME, FOOTER_SETTER,
HEADER_SETTER ) VALUES ( 
116716, 10243, 'CcyPair', 'Ccy Pair', 'Ccy Pair', 'String', 'string', NULL, NULL, NULL
, 'copyRow', 20, 'CCY_PAIR', NULL, NULL); 
INSERT INTO ARCH_REPORT_COLUMN ( ID, REPORT_ID, LOGICAL_NAME, VISIBLE_NAME, FILTER_NAME, TYPE,
VALIDATOR, CONVERTER, HELPER, VISIBILITY, SETTER, ORDER_SEQ, TABLE_NAME, FOOTER_SETTER,
HEADER_SETTER ) VALUES ( 
116717, 10243, 'PerMillion', 'Per Million', 'Per Million', 'Double', 'double', NULL
, NULL, NULL, 'double8', 30, 'PER_MILLION', NULL, NULL); 
INSERT INTO ARCH_REPORT_COLUMN ( ID, REPORT_ID, LOGICAL_NAME, VISIBLE_NAME, FILTER_NAME, TYPE,
VALIDATOR, CONVERTER, HELPER, VISIBILITY, SETTER, ORDER_SEQ, TABLE_NAME, FOOTER_SETTER,
HEADER_SETTER ) VALUES ( 
116718, 10243, 'AccountId', 'Account Id', 'Account Id', 'Long', 'long', NULL, NULL
, 'reportHidden', NULL, 40, 'ACCOUNT_ID', NULL, NULL); 
INSERT INTO ARCH_REPORT_COLUMN ( ID, REPORT_ID, LOGICAL_NAME, VISIBLE_NAME, FILTER_NAME, TYPE,
VALIDATOR, CONVERTER, HELPER, VISIBILITY, SETTER, ORDER_SEQ, TABLE_NAME, FOOTER_SETTER,
HEADER_SETTER ) VALUES ( 
116719, 10243, 'PerMillionId', 'Per Million Id', 'Per Million Id', 'Long', 'long'
, NULL, NULL, 'reportHidden', NULL, 50, 'PER_MILLION_ID', NULL, NULL); 
INSERT INTO ARCH_REPORT_COLUMN ( ID, REPORT_ID, LOGICAL_NAME, VISIBLE_NAME, FILTER_NAME, TYPE,
VALIDATOR, CONVERTER, HELPER, VISIBILITY, SETTER, ORDER_SEQ, TABLE_NAME, FOOTER_SETTER,
HEADER_SETTER ) VALUES ( 
116720, 10244, 'AccountId', 'Account Id', 'Account Id', 'Long', 'long', NULL, NULL
, 'reportHidden', NULL, 10, 'ACCOUNT_ID', NULL, NULL); 
INSERT INTO ARCH_REPORT_COLUMN ( ID, REPORT_ID, LOGICAL_NAME, VISIBLE_NAME, FILTER_NAME, TYPE,
VALIDATOR, CONVERTER, HELPER, VISIBILITY, SETTER, ORDER_SEQ, TABLE_NAME, FOOTER_SETTER,
HEADER_SETTER ) VALUES ( 
116721, 10244, 'CcyPair', 'Currency Pair', 'Currency Pair', 'String', 'string', NULL
, NULL, NULL, 'copyRow', 20, 'CURRENCY_PAIR', NULL, NULL); 
INSERT INTO ARCH_REPORT_COLUMN ( ID, REPORT_ID, LOGICAL_NAME, VISIBLE_NAME, FILTER_NAME, TYPE,
VALIDATOR, CONVERTER, HELPER, VISIBILITY, SETTER, ORDER_SEQ, TABLE_NAME, FOOTER_SETTER,
HEADER_SETTER ) VALUES ( 
116722, 10244, 'PerMillionFee', 'Per Million', 'Per Million', 'Long', 'long', NULL
, NULL, NULL, 'double8', 30, 'PER_MILLION', NULL, NULL); 
INSERT INTO ARCH_REPORT_COLUMN ( ID, REPORT_ID, LOGICAL_NAME, VISIBLE_NAME, FILTER_NAME, TYPE,
VALIDATOR, CONVERTER, HELPER, VISIBILITY, SETTER, ORDER_SEQ, TABLE_NAME, FOOTER_SETTER,
HEADER_SETTER ) VALUES ( 
116723, 10244, 'FromRange', 'From Range', 'From Range', 'String', 'string', NULL, NULL
, NULL, NULL, 40, 'FROM_LIMIT', NULL, NULL); 
INSERT INTO ARCH_REPORT_COLUMN ( ID, REPORT_ID, LOGICAL_NAME, VISIBLE_NAME, FILTER_NAME, TYPE,
VALIDATOR, CONVERTER, HELPER, VISIBILITY, SETTER, ORDER_SEQ, TABLE_NAME, FOOTER_SETTER,
HEADER_SETTER ) VALUES ( 
116724, 10244, 'ToRange', 'To Range', 'To Range', 'String', 'string', NULL, NULL, NULL
, NULL, 50, 'TO_LIMIT', NULL, NULL); 
INSERT INTO ARCH_REPORT_COLUMN ( ID, REPORT_ID, LOGICAL_NAME, VISIBLE_NAME, FILTER_NAME, TYPE,
VALIDATOR, CONVERTER, HELPER, VISIBILITY, SETTER, ORDER_SEQ, TABLE_NAME, FOOTER_SETTER,
HEADER_SETTER ) VALUES ( 
116725, 10244, 'PeriodTypeId', 'Rule Name', 'Rule Name', 'String', 'string', NULL
, NULL, 'reportHidden', NULL, 60, 'RULE_NAME', NULL, NULL); 
INSERT INTO ARCH_REPORT_COLUMN ( ID, REPORT_ID, LOGICAL_NAME, VISIBLE_NAME, FILTER_NAME, TYPE,
VALIDATOR, CONVERTER, HELPER, VISIBILITY, SETTER, ORDER_SEQ, TABLE_NAME, FOOTER_SETTER,
HEADER_SETTER ) VALUES ( 
116726, 10244, 'CcyPairId', 'Currency Pair Id', 'Currency Pair Id', 'Long', 'long'
, NULL, NULL, 'reportHidden', NULL, 70, 'CURRENCY_PAIR_ID', NULL, NULL); 
INSERT INTO ARCH_REPORT_COLUMN ( ID, REPORT_ID, LOGICAL_NAME, VISIBLE_NAME, FILTER_NAME, TYPE,
VALIDATOR, CONVERTER, HELPER, VISIBILITY, SETTER, ORDER_SEQ, TABLE_NAME, FOOTER_SETTER,
HEADER_SETTER ) VALUES ( 
116727, 10244, 'DiscountId', 'Discount Id', 'Discount Id', 'String', 'string', NULL
, NULL, 'reportHidden', NULL, 80, 'DISCOUNT_ID', NULL, NULL); 
INSERT INTO ARCH_REPORT_COLUMN ( ID, REPORT_ID, LOGICAL_NAME, VISIBLE_NAME, FILTER_NAME, TYPE,
VALIDATOR, CONVERTER, HELPER, VISIBILITY, SETTER, ORDER_SEQ, TABLE_NAME, FOOTER_SETTER,
HEADER_SETTER ) VALUES ( 
17120, 10250, 'ACCOUNT_NAME', 'Account Name', 'Account Name', 'String', 'string', NULL
, NULL, NULL, 'copyRow', 11, 'ACCOUNT_NAME', NULL, 'nosort'); 
INSERT INTO ARCH_REPORT_COLUMN ( ID, REPORT_ID, LOGICAL_NAME, VISIBLE_NAME, FILTER_NAME, TYPE,
VALIDATOR, CONVERTER, HELPER, VISIBILITY, SETTER, ORDER_SEQ, TABLE_NAME, FOOTER_SETTER,
HEADER_SETTER ) VALUES ( 
17121, 10250, 'NAMER_ID', 'Namer Id', 'Namer Id', 'Long', 'long', NULL, NULL, 'none'
, NULL, 200, 'NAMER_ID', NULL, NULL); 
INSERT INTO ARCH_REPORT_COLUMN ( ID, REPORT_ID, LOGICAL_NAME, VISIBLE_NAME, FILTER_NAME, TYPE,
VALIDATOR, CONVERTER, HELPER, VISIBILITY, SETTER, ORDER_SEQ, TABLE_NAME, FOOTER_SETTER,
HEADER_SETTER ) VALUES ( 
17101, 10250, 'AccountId2', 'Account Id', 'Account Id', 'Long', 'long', NULL, NULL
, 'reportHidden', NULL, 10, 'ACCOUNT_ID', NULL, NULL); 
INSERT INTO ARCH_REPORT_COLUMN ( ID, REPORT_ID, LOGICAL_NAME, VISIBLE_NAME, FILTER_NAME, TYPE,
VALIDATOR, CONVERTER, HELPER, VISIBILITY, SETTER, ORDER_SEQ, TABLE_NAME, FOOTER_SETTER,
HEADER_SETTER ) VALUES ( 
17102, 10250, 'PositionCallId', 'Combination Id', 'Position Call', 'Integer', 'int'
, NULL, NULL, 'reportHidden', NULL, 20, 'POSITION_CALL_ID', NULL, NULL); 
INSERT INTO ARCH_REPORT_COLUMN ( ID, REPORT_ID, LOGICAL_NAME, VISIBLE_NAME, FILTER_NAME, TYPE,
VALIDATOR, CONVERTER, HELPER, VISIBILITY, SETTER, ORDER_SEQ, TABLE_NAME, FOOTER_SETTER,
HEADER_SETTER ) VALUES ( 
17103, 10250, 'UcmId', 'Ucm Id', 'Ucm Id', 'Long', 'long', NULL, NULL, 'reportHidden'
, NULL, 30, 'UCM_ID', NULL, NULL); 
INSERT INTO ARCH_REPORT_COLUMN ( ID, REPORT_ID, LOGICAL_NAME, VISIBLE_NAME, FILTER_NAME, TYPE,
VALIDATOR, CONVERTER, HELPER, VISIBILITY, SETTER, ORDER_SEQ, TABLE_NAME, FOOTER_SETTER,
HEADER_SETTER ) VALUES ( 
17104, 10250, 'UCM_NAME', 'Credit Line', 'Ucm Name', 'String', 'string', NULL, NULL
, NULL, NULL, 40, 'UCM_NAME', NULL, 'nosort'); 
INSERT INTO ARCH_REPORT_COLUMN ( ID, REPORT_ID, LOGICAL_NAME, VISIBLE_NAME, FILTER_NAME, TYPE,
VALIDATOR, CONVERTER, HELPER, VISIBILITY, SETTER, ORDER_SEQ, TABLE_NAME, FOOTER_SETTER,
HEADER_SETTER ) VALUES ( 
17105, 10250, 'CreditLineId', 'Credit Line Id', 'Credit Line Id', 'Long', 'long', NULL
, NULL, 'reportHidden', NULL, 50, 'CREDIT_LINE_ID', NULL, NULL); 
INSERT INTO ARCH_REPORT_COLUMN ( ID, REPORT_ID, LOGICAL_NAME, VISIBLE_NAME, FILTER_NAME, TYPE,
VALIDATOR, CONVERTER, HELPER, VISIBILITY, SETTER, ORDER_SEQ, TABLE_NAME, FOOTER_SETTER,
HEADER_SETTER ) VALUES ( 
17106, 10250, 'CREDIT_LINE_NAME', 'Limit Type', 'Credit Line Name', 'String', 'string'
, NULL, NULL, NULL, NULL, 60, 'CREDIT_LINE_NAME', NULL, 'nosort'); 
INSERT INTO ARCH_REPORT_COLUMN ( ID, REPORT_ID, LOGICAL_NAME, VISIBLE_NAME, FILTER_NAME, TYPE,
VALIDATOR, CONVERTER, HELPER, VISIBILITY, SETTER, ORDER_SEQ, TABLE_NAME, FOOTER_SETTER,
HEADER_SETTER ) VALUES ( 
17107, 10250, 'STATUS_NAME', 'Status', 'StatusName', 'String', 'string', NULL, NULL
, NULL, NULL, 70, 'STATUS_NAME', NULL, 'nosort'); 
INSERT INTO ARCH_REPORT_COLUMN ( ID, REPORT_ID, LOGICAL_NAME, VISIBLE_NAME, FILTER_NAME, TYPE,
VALIDATOR, CONVERTER, HELPER, VISIBILITY, SETTER, ORDER_SEQ, TABLE_NAME, FOOTER_SETTER,
HEADER_SETTER ) VALUES ( 
17108, 10250, 'Limit', 'Limit', 'Limit', 'Long', 'long', NULL, NULL, NULL, 'double8'
, 80, 'LIMIT', NULL, NULL); 
INSERT INTO ARCH_REPORT_COLUMN ( ID, REPORT_ID, LOGICAL_NAME, VISIBLE_NAME, FILTER_NAME, TYPE,
VALIDATOR, CONVERTER, HELPER, VISIBILITY, SETTER, ORDER_SEQ, TABLE_NAME, FOOTER_SETTER,
HEADER_SETTER ) VALUES ( 
17119, 10250, 'Name', 'Name', 'Name', 'String', 'string', NULL, NULL, 'reportHidden'
, NULL, 90, 'NAME', NULL, NULL); 
INSERT INTO ARCH_REPORT_COLUMN ( ID, REPORT_ID, LOGICAL_NAME, VISIBLE_NAME, FILTER_NAME, TYPE,
VALIDATOR, CONVERTER, HELPER, VISIBILITY, SETTER, ORDER_SEQ, TABLE_NAME, FOOTER_SETTER,
HEADER_SETTER ) VALUES ( 
17110, 10250, 'Mandatory', 'Mandatory', 'Mandatory', 'Boolean', 'booelan', NULL, NULL
, 'reportHidden', NULL, 100, 'MANDATORY', NULL, NULL); 
INSERT INTO ARCH_REPORT_COLUMN ( ID, REPORT_ID, LOGICAL_NAME, VISIBLE_NAME, FILTER_NAME, TYPE,
VALIDATOR, CONVERTER, HELPER, VISIBILITY, SETTER, ORDER_SEQ, TABLE_NAME, FOOTER_SETTER,
HEADER_SETTER ) VALUES ( 
17117, 10250, 'MANDATORY_IMG', 'Mandatory', 'Mandatory', 'String', 'string', NULL
, NULL, NULL, 'IMAGE:img src=images/${MANDATORY_IMG}.gif', 101, 'MANDATORY_IMG', NULL
, 'nosort'); 
INSERT INTO ARCH_REPORT_COLUMN ( ID, REPORT_ID, LOGICAL_NAME, VISIBLE_NAME, FILTER_NAME, TYPE,
VALIDATOR, CONVERTER, HELPER, VISIBILITY, SETTER, ORDER_SEQ, TABLE_NAME, FOOTER_SETTER,
HEADER_SETTER ) VALUES ( 
17111, 10250, 'StatusId', 'Status Id', 'Status Id', 'Integer', 'int', NULL, NULL, 'reportHidden'
, NULL, 75, 'STATUS_ID', NULL, NULL); 
INSERT INTO ARCH_REPORT_COLUMN ( ID, REPORT_ID, LOGICAL_NAME, VISIBLE_NAME, FILTER_NAME, TYPE,
VALIDATOR, CONVERTER, HELPER, VISIBILITY, SETTER, ORDER_SEQ, TABLE_NAME, FOOTER_SETTER,
HEADER_SETTER ) VALUES ( 
17112, 10250, 'POSITION_CALL_NAME', 'Combination Name', 'Combination Name', 'String'
, 'string', NULL, NULL, NULL, NULL, 25, 'POSITION_CALL_NAME', NULL, 'nosort'); 
INSERT INTO ARCH_REPORT_COLUMN ( ID, REPORT_ID, LOGICAL_NAME, VISIBLE_NAME, FILTER_NAME, TYPE,
VALIDATOR, CONVERTER, HELPER, VISIBILITY, SETTER, ORDER_SEQ, TABLE_NAME, FOOTER_SETTER,
HEADER_SETTER ) VALUES ( 
17113, 10250, 'Indicatory', 'Indicatory', 'Indicatory', 'Boolean', 'boolean', NULL
, NULL, 'reportHidden', NULL, 110, 'INDICATORY', NULL, NULL); 
INSERT INTO ARCH_REPORT_COLUMN ( ID, REPORT_ID, LOGICAL_NAME, VISIBLE_NAME, FILTER_NAME, TYPE,
VALIDATOR, CONVERTER, HELPER, VISIBILITY, SETTER, ORDER_SEQ, TABLE_NAME, FOOTER_SETTER,
HEADER_SETTER ) VALUES ( 
17118, 10250, 'INDICATORY_IMG', 'Indicatory', 'Indicatory', 'String', 'string', NULL
, NULL, NULL, 'IMAGE:img src=images/${INDICATORY_IMG}.gif', 111, 'INDICATORY_IMG'
, NULL, 'nosort'); 
INSERT INTO ARCH_REPORT_COLUMN ( ID, REPORT_ID, LOGICAL_NAME, VISIBLE_NAME, FILTER_NAME, TYPE,
VALIDATOR, CONVERTER, HELPER, VISIBILITY, SETTER, ORDER_SEQ, TABLE_NAME, FOOTER_SETTER,
HEADER_SETTER ) VALUES ( 
17114, 10250, 'PositionTypeId', 'PositionTypeId', 'PositionTypeId', 'Integer', 'int'
, NULL, NULL, 'reportHidden', NULL, 120, 'POSITION_TYPE_ID', NULL, NULL); 
INSERT INTO ARCH_REPORT_COLUMN ( ID, REPORT_ID, LOGICAL_NAME, VISIBLE_NAME, FILTER_NAME, TYPE,
VALIDATOR, CONVERTER, HELPER, VISIBILITY, SETTER, ORDER_SEQ, TABLE_NAME, FOOTER_SETTER,
HEADER_SETTER ) VALUES ( 
17115, 10250, 'POSITION_TYPE_NAME', 'POSITION_TYPE_NAME', 'POSITION_TYPE_NAME', 'String'
, 'string', NULL, NULL, NULL, NULL, 130, 'POSITION_TYPE_NAME', NULL, 'nosort'); 
INSERT INTO ARCH_REPORT_COLUMN ( ID, REPORT_ID, LOGICAL_NAME, VISIBLE_NAME, FILTER_NAME, TYPE,
VALIDATOR, CONVERTER, HELPER, VISIBILITY, SETTER, ORDER_SEQ, TABLE_NAME, FOOTER_SETTER,
HEADER_SETTER ) VALUES ( 
17116, 10250, 'CLIENT_ID', 'Client Id', 'Client Id', 'Long', 'long', NULL, NULL, 'none'
, NULL, 130, 'CLIENT_ID', NULL, NULL); 
INSERT INTO ARCH_REPORT_COLUMN ( ID, REPORT_ID, LOGICAL_NAME, VISIBLE_NAME, FILTER_NAME, TYPE,
VALIDATOR, CONVERTER, HELPER, VISIBILITY, SETTER, ORDER_SEQ, TABLE_NAME, FOOTER_SETTER,
HEADER_SETTER ) VALUES ( 
116782, 10252, 'Date', 'Date', 'Date', 'Date', 'dateOrToday', NULL, NULL, NULL, NULL
, 10, 'Date', NULL, 'nosort'); 
INSERT INTO ARCH_REPORT_COLUMN ( ID, REPORT_ID, LOGICAL_NAME, VISIBLE_NAME, FILTER_NAME, TYPE,
VALIDATOR, CONVERTER, HELPER, VISIBILITY, SETTER, ORDER_SEQ, TABLE_NAME, FOOTER_SETTER,
HEADER_SETTER ) VALUES ( 
116783, 10252, 'AccountId', 'Account Id', 'Account Id', 'Long', 'long', NULL, 'AccountsList;2'
, 'filters', NULL, 20, 'AccountId', NULL, NULL); 
INSERT INTO ARCH_REPORT_COLUMN ( ID, REPORT_ID, LOGICAL_NAME, VISIBLE_NAME, FILTER_NAME, TYPE,
VALIDATOR, CONVERTER, HELPER, VISIBILITY, SETTER, ORDER_SEQ, TABLE_NAME, FOOTER_SETTER,
HEADER_SETTER ) VALUES ( 
116784, 10252, 'Currency', 'Currency', 'Currency', 'String', 'string', NULL, NULL
, NULL, NULL, 30, 'Currency', NULL, NULL); 
INSERT INTO ARCH_REPORT_COLUMN ( ID, REPORT_ID, LOGICAL_NAME, VISIBLE_NAME, FILTER_NAME, TYPE,
VALIDATOR, CONVERTER, HELPER, VISIBILITY, SETTER, ORDER_SEQ, TABLE_NAME, FOOTER_SETTER,
HEADER_SETTER ) VALUES ( 
116785, 10252, 'SourceId', 'SourceId', 'SourceId', 'Long', 'long', NULL, NULL, NULL
, 'DYNLINK:(PositionDefaultReportLinks,SourceId)', 40, 'SourceId', NULL, NULL); 
INSERT INTO ARCH_REPORT_COLUMN ( ID, REPORT_ID, LOGICAL_NAME, VISIBLE_NAME, FILTER_NAME, TYPE,
VALIDATOR, CONVERTER, HELPER, VISIBILITY, SETTER, ORDER_SEQ, TABLE_NAME, FOOTER_SETTER,
HEADER_SETTER ) VALUES ( 
116786, 10252, 'ShortAmount', 'Short amount', 'Short amount', 'Double', 'double', NULL
, NULL, NULL, 'double', 50, 'ShortAmount', NULL, 'nosort'); 
INSERT INTO ARCH_REPORT_COLUMN ( ID, REPORT_ID, LOGICAL_NAME, VISIBLE_NAME, FILTER_NAME, TYPE,
VALIDATOR, CONVERTER, HELPER, VISIBILITY, SETTER, ORDER_SEQ, TABLE_NAME, FOOTER_SETTER,
HEADER_SETTER ) VALUES ( 
116787, 10252, 'LongAmount', 'Long amount', 'Long amount', 'Double', 'double', NULL
, NULL, NULL, 'double', 60, 'LongAmount', NULL, 'nosort'); 
INSERT INTO ARCH_REPORT_COLUMN ( ID, REPORT_ID, LOGICAL_NAME, VISIBLE_NAME, FILTER_NAME, TYPE,
VALIDATOR, CONVERTER, HELPER, VISIBILITY, SETTER, ORDER_SEQ, TABLE_NAME, FOOTER_SETTER,
HEADER_SETTER ) VALUES ( 
116788, 10252, 'Net', 'Net', 'Net', 'Double', 'double', NULL, NULL, NULL, 'double'
, 70, 'Net', NULL, 'nosort'); 
INSERT INTO ARCH_REPORT_COLUMN ( ID, REPORT_ID, LOGICAL_NAME, VISIBLE_NAME, FILTER_NAME, TYPE,
VALIDATOR, CONVERTER, HELPER, VISIBILITY, SETTER, ORDER_SEQ, TABLE_NAME, FOOTER_SETTER,
HEADER_SETTER ) VALUES ( 
116681, 10181, 'PARENT_ORG_ID', 'Parent org id', 'Parent org', 'String', 'string'
, NULL, NULL, 'none', NULL, 100, 'PARENT_ORG_ID', NULL, NULL); 
INSERT INTO ARCH_REPORT_COLUMN ( ID, REPORT_ID, LOGICAL_NAME, VISIBLE_NAME, FILTER_NAME, TYPE,
VALIDATOR, CONVERTER, HELPER, VISIBILITY, SETTER, ORDER_SEQ, TABLE_NAME, FOOTER_SETTER,
HEADER_SETTER ) VALUES ( 
8416, 8401, 'MANAGES_ORG_ID', 'Org ID', 'MANAGES_ORG_ID', NULL, NULL, NULL, NULL, 'none'
, NULL, 9, 'MANAGES_ORG_ID', NULL, NULL); 
INSERT INTO ARCH_REPORT_COLUMN ( ID, REPORT_ID, LOGICAL_NAME, VISIBLE_NAME, FILTER_NAME, TYPE,
VALIDATOR, CONVERTER, HELPER, VISIBILITY, SETTER, ORDER_SEQ, TABLE_NAME, FOOTER_SETTER,
HEADER_SETTER ) VALUES ( 
8417, 8401, 'MANAGES_ORG_NAME', 'Org Name', 'MANAGES_ORG_NAME', NULL, NULL, NULL, NULL
, 'none', NULL, 9, 'MANAGES_ORG_NAME', NULL, NULL); 
INSERT INTO ARCH_REPORT_COLUMN ( ID, REPORT_ID, LOGICAL_NAME, VISIBLE_NAME, FILTER_NAME, TYPE,
VALIDATOR, CONVERTER, HELPER, VISIBILITY, SETTER, ORDER_SEQ, TABLE_NAME, FOOTER_SETTER,
HEADER_SETTER ) VALUES ( 
8415, 8401, 'STATUS', 'Status', 'STATUS', NULL, NULL, NULL, NULL, NULL, NULL, 4, 'STATUS'
, NULL, NULL); 
INSERT INTO ARCH_REPORT_COLUMN ( ID, REPORT_ID, LOGICAL_NAME, VISIBLE_NAME, FILTER_NAME, TYPE,
VALIDATOR, CONVERTER, HELPER, VISIBILITY, SETTER, ORDER_SEQ, TABLE_NAME, FOOTER_SETTER,
HEADER_SETTER ) VALUES ( 
8414, 8401, 'DATA_MODE', 'Data mode', 'DATA_MODE', NULL, NULL, NULL, NULL, NULL, NULL
, 6, 'DATA_MODE', NULL, NULL); 
INSERT INTO ARCH_REPORT_COLUMN ( ID, REPORT_ID, LOGICAL_NAME, VISIBLE_NAME, FILTER_NAME, TYPE,
VALIDATOR, CONVERTER, HELPER, VISIBILITY, SETTER, ORDER_SEQ, TABLE_NAME, FOOTER_SETTER,
HEADER_SETTER ) VALUES ( 
8241, 8036, 'ANSWER', 'Answer', 'Answer', 'String', 'string', NULL, NULL, NULL, NULL
, 5, 'ANSWER', NULL, NULL); 
INSERT INTO ARCH_REPORT_COLUMN ( ID, REPORT_ID, LOGICAL_NAME, VISIBLE_NAME, FILTER_NAME, TYPE,
VALIDATOR, CONVERTER, HELPER, VISIBILITY, SETTER, ORDER_SEQ, TABLE_NAME, FOOTER_SETTER,
HEADER_SETTER ) VALUES ( 
8317, 8305, 'ID', 'Id', 'Id', NULL, NULL, NULL, NULL, NULL, NULL, 1, 'ID', NULL, NULL); 
INSERT INTO ARCH_REPORT_COLUMN ( ID, REPORT_ID, LOGICAL_NAME, VISIBLE_NAME, FILTER_NAME, TYPE,
VALIDATOR, CONVERTER, HELPER, VISIBILITY, SETTER, ORDER_SEQ, TABLE_NAME, FOOTER_SETTER,
HEADER_SETTER ) VALUES ( 
8318, 8305, 'MSG_ID', 'Message Id', 'Message Id', NULL, NULL, NULL, NULL, NULL, NULL
, 2, 'MSG_ID', NULL, NULL); 
INSERT INTO ARCH_REPORT_COLUMN ( ID, REPORT_ID, LOGICAL_NAME, VISIBLE_NAME, FILTER_NAME, TYPE,
VALIDATOR, CONVERTER, HELPER, VISIBILITY, SETTER, ORDER_SEQ, TABLE_NAME, FOOTER_SETTER,
HEADER_SETTER ) VALUES ( 
8319, 8305, 'MSG', 'Message', 'Message', 'blob', NULL, NULL, NULL, 'report', NULL
, 3, 'MSG', NULL, NULL); 
INSERT INTO ARCH_REPORT_COLUMN ( ID, REPORT_ID, LOGICAL_NAME, VISIBLE_NAME, FILTER_NAME, TYPE,
VALIDATOR, CONVERTER, HELPER, VISIBILITY, SETTER, ORDER_SEQ, TABLE_NAME, FOOTER_SETTER,
HEADER_SETTER ) VALUES ( 
8320, 8305, 'REF', 'Ref', 'Ref', 'String', 'string', NULL, NULL, NULL, NULL, 4, 'REF'
, NULL, NULL); 
INSERT INTO ARCH_REPORT_COLUMN ( ID, REPORT_ID, LOGICAL_NAME, VISIBLE_NAME, FILTER_NAME, TYPE,
VALIDATOR, CONVERTER, HELPER, VISIBILITY, SETTER, ORDER_SEQ, TABLE_NAME, FOOTER_SETTER,
HEADER_SETTER ) VALUES ( 
8321, 8305, 'SEVERITY', 'Severity', 'Severity', 'String', 'string', NULL, 'LogSeverity'
, NULL, NULL, 5, 'SEVERITY', NULL, NULL); 
INSERT INTO ARCH_REPORT_COLUMN ( ID, REPORT_ID, LOGICAL_NAME, VISIBLE_NAME, FILTER_NAME, TYPE,
VALIDATOR, CONVERTER, HELPER, VISIBILITY, SETTER, ORDER_SEQ, TABLE_NAME, FOOTER_SETTER,
HEADER_SETTER ) VALUES ( 
8322, 8305, 'TIME', 'Time', 'Time', 'Date', 'dateOrToday', NULL, NULL, NULL, NULL
, 6, 'TIME', NULL, NULL); 
INSERT INTO ARCH_REPORT_COLUMN ( ID, REPORT_ID, LOGICAL_NAME, VISIBLE_NAME, FILTER_NAME, TYPE,
VALIDATOR, CONVERTER, HELPER, VISIBILITY, SETTER, ORDER_SEQ, TABLE_NAME, FOOTER_SETTER,
HEADER_SETTER ) VALUES ( 
8323, 8305, 'OBJECT', 'Object', 'Object', 'String', 'string', NULL, NULL, NULL, NULL
, 7, 'OBJECT', NULL, NULL); 
INSERT INTO ARCH_REPORT_COLUMN ( ID, REPORT_ID, LOGICAL_NAME, VISIBLE_NAME, FILTER_NAME, TYPE,
VALIDATOR, CONVERTER, HELPER, VISIBILITY, SETTER, ORDER_SEQ, TABLE_NAME, FOOTER_SETTER,
HEADER_SETTER ) VALUES ( 
8324, 8305, 'EXCEPTION_NAME', 'Exception Name', 'Exception Name', 'String', 'string'
, NULL, NULL, 'none', NULL, 10, 'EXCEPTION_NAME', NULL, NULL); 
INSERT INTO ARCH_REPORT_COLUMN ( ID, REPORT_ID, LOGICAL_NAME, VISIBLE_NAME, FILTER_NAME, TYPE,
VALIDATOR, CONVERTER, HELPER, VISIBILITY, SETTER, ORDER_SEQ, TABLE_NAME, FOOTER_SETTER,
HEADER_SETTER ) VALUES ( 
8325, 8305, 'EXCEPTION_MSG', 'Exception Msg', 'Exception Msg', 'String', 'string'
, NULL, NULL, 'none', NULL, 11, 'EXCEPTION_MSG', NULL, NULL); 
INSERT INTO ARCH_REPORT_COLUMN ( ID, REPORT_ID, LOGICAL_NAME, VISIBLE_NAME, FILTER_NAME, TYPE,
VALIDATOR, CONVERTER, HELPER, VISIBILITY, SETTER, ORDER_SEQ, TABLE_NAME, FOOTER_SETTER,
HEADER_SETTER ) VALUES ( 
8326, 8305, 'EXCEPTION_MORE', 'More Info', 'More Info', 'String', 'string', NULL, NULL
, 'report', NULL, 12, 'EXCEPTION_MORE', NULL, NULL); 
INSERT INTO ARCH_REPORT_COLUMN ( ID, REPORT_ID, LOGICAL_NAME, VISIBLE_NAME, FILTER_NAME, TYPE,
VALIDATOR, CONVERTER, HELPER, VISIBILITY, SETTER, ORDER_SEQ, TABLE_NAME, FOOTER_SETTER,
HEADER_SETTER ) VALUES ( 
8327, 8305, 'IP', 'Ip', 'Ip', 'String', 'string', NULL, NULL, NULL, NULL, 8, 'IP'
, NULL, NULL); 
INSERT INTO ARCH_REPORT_COLUMN ( ID, REPORT_ID, LOGICAL_NAME, VISIBLE_NAME, FILTER_NAME, TYPE,
VALIDATOR, CONVERTER, HELPER, VISIBILITY, SETTER, ORDER_SEQ, TABLE_NAME, FOOTER_SETTER,
HEADER_SETTER ) VALUES ( 
8328, 8305, 'SERVER', 'Server', 'Server', 'String', 'string', NULL, NULL, NULL, NULL
, 9, 'SERVER', NULL, NULL); 
INSERT INTO ARCH_REPORT_COLUMN ( ID, REPORT_ID, LOGICAL_NAME, VISIBLE_NAME, FILTER_NAME, TYPE,
VALIDATOR, CONVERTER, HELPER, VISIBILITY, SETTER, ORDER_SEQ, TABLE_NAME, FOOTER_SETTER,
HEADER_SETTER ) VALUES ( 
8304, 8303, 'ID', 'ID', 'ID', 'Long', 'long', NULL, NULL, NULL, NULL, 0, 'ID', NULL
, NULL); 
INSERT INTO ARCH_REPORT_COLUMN ( ID, REPORT_ID, LOGICAL_NAME, VISIBLE_NAME, FILTER_NAME, TYPE,
VALIDATOR, CONVERTER, HELPER, VISIBILITY, SETTER, ORDER_SEQ, TABLE_NAME, FOOTER_SETTER,
HEADER_SETTER ) VALUES ( 
8305, 8303, 'DIRECTION', 'Direction', 'Direction', 'String', 'string', NULL, NULL
, NULL, NULL, 0, 'DIRECTION', NULL, NULL); 
INSERT INTO ARCH_REPORT_COLUMN ( ID, REPORT_ID, LOGICAL_NAME, VISIBLE_NAME, FILTER_NAME, TYPE,
VALIDATOR, CONVERTER, HELPER, VISIBILITY, SETTER, ORDER_SEQ, TABLE_NAME, FOOTER_SETTER,
HEADER_SETTER ) VALUES ( 
8306, 8303, 'PARTNER_ID', 'Sender ID', 'Sender ID', 'Long', 'long', NULL, NULL, 'none'
, NULL, 0, 'PARTNER_ID', NULL, NULL); 
INSERT INTO ARCH_REPORT_COLUMN ( ID, REPORT_ID, LOGICAL_NAME, VISIBLE_NAME, FILTER_NAME, TYPE,
VALIDATOR, CONVERTER, HELPER, VISIBILITY, SETTER, ORDER_SEQ, TABLE_NAME, FOOTER_SETTER,
HEADER_SETTER ) VALUES ( 
8307, 8303, 'PARTNER_NAME', 'Sender Name', 'Sender Name', 'String', 'string', NULL
, NULL, NULL, NULL, 0, 'PARTNER_NAME', NULL, NULL); 
INSERT INTO ARCH_REPORT_COLUMN ( ID, REPORT_ID, LOGICAL_NAME, VISIBLE_NAME, FILTER_NAME, TYPE,
VALIDATOR, CONVERTER, HELPER, VISIBILITY, SETTER, ORDER_SEQ, TABLE_NAME, FOOTER_SETTER,
HEADER_SETTER ) VALUES ( 
8308, 8303, 'AUDIT_TIME', 'Audit Time', 'Audit Time', 'Date', 'dateOrToday', NULL
, NULL, NULL, NULL, 0, 'AUDIT_TIME', NULL, NULL); 
INSERT INTO ARCH_REPORT_COLUMN ( ID, REPORT_ID, LOGICAL_NAME, VISIBLE_NAME, FILTER_NAME, TYPE,
VALIDATOR, CONVERTER, HELPER, VISIBILITY, SETTER, ORDER_SEQ, TABLE_NAME, FOOTER_SETTER,
HEADER_SETTER ) VALUES ( 
8309, 8303, 'UUID', 'Process UID', 'Process UID', 'String', 'string', NULL, NULL, NULL
, NULL, 0, 'UUID', NULL, NULL); 
INSERT INTO ARCH_REPORT_COLUMN ( ID, REPORT_ID, LOGICAL_NAME, VISIBLE_NAME, FILTER_NAME, TYPE,
VALIDATOR, CONVERTER, HELPER, VISIBILITY, SETTER, ORDER_SEQ, TABLE_NAME, FOOTER_SETTER,
HEADER_SETTER ) VALUES ( 
8311, 8304, 'ID', 'Id', 'ID', 'Long', 'long', NULL, NULL, NULL, NULL, 1, 'ID', NULL
, NULL); 
INSERT INTO ARCH_REPORT_COLUMN ( ID, REPORT_ID, LOGICAL_NAME, VISIBLE_NAME, FILTER_NAME, TYPE,
VALIDATOR, CONVERTER, HELPER, VISIBILITY, SETTER, ORDER_SEQ, TABLE_NAME, FOOTER_SETTER,
HEADER_SETTER ) VALUES ( 
8500, 8307, 'ID', 'Id', 'ID', 'Long', 'long', NULL, NULL, NULL, NULL, 1, 'ID', NULL
, NULL); 
INSERT INTO ARCH_REPORT_COLUMN ( ID, REPORT_ID, LOGICAL_NAME, VISIBLE_NAME, FILTER_NAME, TYPE,
VALIDATOR, CONVERTER, HELPER, VISIBILITY, SETTER, ORDER_SEQ, TABLE_NAME, FOOTER_SETTER,
HEADER_SETTER ) VALUES ( 
8501, 8307, 'CONTENT', 'Content', 'Content', 'blob', NULL, NULL, NULL, NULL, 'preString'
, 2, 'CONTENT', NULL, NULL); 
INSERT INTO ARCH_REPORT_COLUMN ( ID, REPORT_ID, LOGICAL_NAME, VISIBLE_NAME, FILTER_NAME, TYPE,
VALIDATOR, CONVERTER, HELPER, VISIBILITY, SETTER, ORDER_SEQ, TABLE_NAME, FOOTER_SETTER,
HEADER_SETTER ) VALUES ( 
8502, 8307, 'ATTR', 'Attr', 'Attr', 'Long', 'long', NULL, NULL, NULL, NULL, 3, 'ATTR'
, NULL, NULL); 
INSERT INTO ARCH_REPORT_COLUMN ( ID, REPORT_ID, LOGICAL_NAME, VISIBLE_NAME, FILTER_NAME, TYPE,
VALIDATOR, CONVERTER, HELPER, VISIBILITY, SETTER, ORDER_SEQ, TABLE_NAME, FOOTER_SETTER,
HEADER_SETTER ) VALUES ( 
8503, 8307, 'ORG_NAME', 'Organization', 'Organization', 'String', 'string', NULL, NULL
, NULL, NULL, 4, 'ORG_NAME', NULL, NULL); 
INSERT INTO ARCH_REPORT_COLUMN ( ID, REPORT_ID, LOGICAL_NAME, VISIBLE_NAME, FILTER_NAME, TYPE,
VALIDATOR, CONVERTER, HELPER, VISIBILITY, SETTER, ORDER_SEQ, TABLE_NAME, FOOTER_SETTER,
HEADER_SETTER ) VALUES ( 
8504, 8307, 'USER_NAME', 'User', 'User', 'String', 'string', NULL, NULL, NULL, NULL
, 5, 'USER_NAME', NULL, NULL); 
INSERT INTO ARCH_REPORT_COLUMN ( ID, REPORT_ID, LOGICAL_NAME, VISIBLE_NAME, FILTER_NAME, TYPE,
VALIDATOR, CONVERTER, HELPER, VISIBILITY, SETTER, ORDER_SEQ, TABLE_NAME, FOOTER_SETTER,
HEADER_SETTER ) VALUES ( 
8505, 8307, 'TIME', 'Date Time', 'Date Time', 'Date', 'dateOrToday', NULL, NULL, NULL
, NULL, 6, 'TIME', NULL, NULL); 
INSERT INTO ARCH_REPORT_COLUMN ( ID, REPORT_ID, LOGICAL_NAME, VISIBLE_NAME, FILTER_NAME, TYPE,
VALIDATOR, CONVERTER, HELPER, VISIBILITY, SETTER, ORDER_SEQ, TABLE_NAME, FOOTER_SETTER,
HEADER_SETTER ) VALUES ( 
8506, 8307, 'STATUS', 'Status', 'Status', 'Long', 'long', NULL, NULL, NULL, NULL, 7
, 'STATUS', NULL, NULL); 
INSERT INTO ARCH_REPORT_COLUMN ( ID, REPORT_ID, LOGICAL_NAME, VISIBLE_NAME, FILTER_NAME, TYPE,
VALIDATOR, CONVERTER, HELPER, VISIBILITY, SETTER, ORDER_SEQ, TABLE_NAME, FOOTER_SETTER,
HEADER_SETTER ) VALUES ( 
8800, 8620, 'DATA', 'Data', 'Data', 'blob', NULL, NULL, NULL, NULL, 'preString', 150
, 'DATA', NULL, NULL); 
INSERT INTO ARCH_REPORT_COLUMN ( ID, REPORT_ID, LOGICAL_NAME, VISIBLE_NAME, FILTER_NAME, TYPE,
VALIDATOR, CONVERTER, HELPER, VISIBILITY, SETTER, ORDER_SEQ, TABLE_NAME, FOOTER_SETTER,
HEADER_SETTER ) VALUES ( 
8760, 8620, 'EXEC_TIME', 'Execute Time', 'Execute Time', 'Date', 'dateOrToday', NULL
, NULL, NULL, NULL, 60, 'EXEC_TIME', NULL, NULL); 
INSERT INTO ARCH_REPORT_COLUMN ( ID, REPORT_ID, LOGICAL_NAME, VISIBLE_NAME, FILTER_NAME, TYPE,
VALIDATOR, CONVERTER, HELPER, VISIBILITY, SETTER, ORDER_SEQ, TABLE_NAME, FOOTER_SETTER,
HEADER_SETTER ) VALUES ( 
8770, 8620, 'UID_TRIGGER', 'UId Trigger', 'UId Trigger', 'String', 'string', NULL
, NULL, NULL, 'LINK:logviewer.lwp?ExecuteFromLink=ExecuteFromLink&g0_fCond==&g0_fId=0&g0_fName=REF&g0_fParentId=-1&g0_fltr=0&g0_fValue=$UID_TRIGGER'
, 90, 'UID_TRIGGER', NULL, NULL); 
INSERT INTO ARCH_REPORT_COLUMN ( ID, REPORT_ID, LOGICAL_NAME, VISIBLE_NAME, FILTER_NAME, TYPE,
VALIDATOR, CONVERTER, HELPER, VISIBILITY, SETTER, ORDER_SEQ, TABLE_NAME, FOOTER_SETTER,
HEADER_SETTER ) VALUES ( 
8780, 8620, 'UID_OUT', 'UId Out', 'UId Out', 'String', 'string', NULL, NULL, NULL
, 'LINK:logviewer.lwp?ExecuteFromLink=ExecuteFromLink&g0_fCond==&g0_fId=0&g0_fName=REF&g0_fParentId=-1&g0_fltr=0&g0_fValue=$UID_OUT'
, 10, 'UID_OUT', NULL, NULL); 
INSERT INTO ARCH_REPORT_COLUMN ( ID, REPORT_ID, LOGICAL_NAME, VISIBLE_NAME, FILTER_NAME, TYPE,
VALIDATOR, CONVERTER, HELPER, VISIBILITY, SETTER, ORDER_SEQ, TABLE_NAME, FOOTER_SETTER,
HEADER_SETTER ) VALUES ( 
8790, 8620, 'STATUS_REASON', 'Status Reason', 'Status Reason', 'String', 'string'
, NULL, NULL, NULL, 'preString', 80, 'STATUS_REASON', NULL, NULL); 
INSERT INTO ARCH_REPORT_COLUMN ( ID, REPORT_ID, LOGICAL_NAME, VISIBLE_NAME, FILTER_NAME, TYPE,
VALIDATOR, CONVERTER, HELPER, VISIBILITY, SETTER, ORDER_SEQ, TABLE_NAME, FOOTER_SETTER,
HEADER_SETTER ) VALUES ( 
8810, 8620, 'ADDRESS_NAME', 'Address', 'Address', 'String', 'string', NULL, NULL, NULL
, NULL, 30, 'ADDRESS_NAME', NULL, NULL); 
INSERT INTO ARCH_REPORT_COLUMN ( ID, REPORT_ID, LOGICAL_NAME, VISIBLE_NAME, FILTER_NAME, TYPE,
VALIDATOR, CONVERTER, HELPER, VISIBILITY, SETTER, ORDER_SEQ, TABLE_NAME, FOOTER_SETTER,
HEADER_SETTER ) VALUES ( 
8820, 8620, 'CONV_ID', 'Conversation Id', 'Conversation Id', 'Long', 'long', NULL
, NULL, NULL, NULL, 130, 'CONV_ID', NULL, NULL); 
INSERT INTO ARCH_REPORT_COLUMN ( ID, REPORT_ID, LOGICAL_NAME, VISIBLE_NAME, FILTER_NAME, TYPE,
VALIDATOR, CONVERTER, HELPER, VISIBILITY, SETTER, ORDER_SEQ, TABLE_NAME, FOOTER_SETTER,
HEADER_SETTER ) VALUES ( 
8830, 8620, 'ADDITIONAL_REF', 'Additional Reference', 'Additional Reference', 'String'
, 'string', NULL, NULL, NULL, NULL, 40, 'ADDITIONAL_REF', NULL, NULL); 
INSERT INTO ARCH_REPORT_COLUMN ( ID, REPORT_ID, LOGICAL_NAME, VISIBLE_NAME, FILTER_NAME, TYPE,
VALIDATOR, CONVERTER, HELPER, VISIBILITY, SETTER, ORDER_SEQ, TABLE_NAME, FOOTER_SETTER,
HEADER_SETTER ) VALUES ( 
8840, 8620, 'REPOSITORY', 'Repository', 'Repository', 'String', 'string', NULL, NULL
, 'none', NULL, 160, 'REPOSITORY', NULL, NULL); 
INSERT INTO ARCH_REPORT_COLUMN ( ID, REPORT_ID, LOGICAL_NAME, VISIBLE_NAME, FILTER_NAME, TYPE,
VALIDATOR, CONVERTER, HELPER, VISIBILITY, SETTER, ORDER_SEQ, TABLE_NAME, FOOTER_SETTER,
HEADER_SETTER ) VALUES ( 
8850, 8620, 'ID', 'Id', 'Id', 'Long', 'long', NULL, NULL, NULL, NULL, 100, 'ID', NULL
, NULL); 
INSERT INTO ARCH_REPORT_COLUMN ( ID, REPORT_ID, LOGICAL_NAME, VISIBLE_NAME, FILTER_NAME, TYPE,
VALIDATOR, CONVERTER, HELPER, VISIBILITY, SETTER, ORDER_SEQ, TABLE_NAME, FOOTER_SETTER,
HEADER_SETTER ) VALUES ( 
8860, 8620, 'BP_ID', 'Business Process Id', 'Business Process Id', 'Long', 'long'
, NULL, NULL, NULL, NULL, 120, 'BP_ID', NULL, NULL); 
INSERT INTO ARCH_REPORT_COLUMN ( ID, REPORT_ID, LOGICAL_NAME, VISIBLE_NAME, FILTER_NAME, TYPE,
VALIDATOR, CONVERTER, HELPER, VISIBILITY, SETTER, ORDER_SEQ, TABLE_NAME, FOOTER_SETTER,
HEADER_SETTER ) VALUES ( 
8870, 8620, 'EVENT_NAME', 'Event', 'Event', 'String', 'string', NULL, 'EventNameList'
, NULL, NULL, 20, 'EVENT_NAME', NULL, NULL); 
INSERT INTO ARCH_REPORT_COLUMN ( ID, REPORT_ID, LOGICAL_NAME, VISIBLE_NAME, FILTER_NAME, TYPE,
VALIDATOR, CONVERTER, HELPER, VISIBILITY, SETTER, ORDER_SEQ, TABLE_NAME, FOOTER_SETTER,
HEADER_SETTER ) VALUES ( 
8880, 8620, 'DATA_TYPE', 'Data Type', 'Data Type', 'String', 'string', NULL, NULL
, NULL, NULL, 140, 'DATA_TYPE', NULL, NULL); 
INSERT INTO ARCH_REPORT_COLUMN ( ID, REPORT_ID, LOGICAL_NAME, VISIBLE_NAME, FILTER_NAME, TYPE,
VALIDATOR, CONVERTER, HELPER, VISIBILITY, SETTER, ORDER_SEQ, TABLE_NAME, FOOTER_SETTER,
HEADER_SETTER ) VALUES ( 
8890, 8620, 'STATUS', 'Status', 'Status', 'String', 'string', NULL, 'EngineOperationStatus'
, NULL, NULL, 70, 'STATUS', NULL, NULL); 
INSERT INTO ARCH_REPORT_COLUMN ( ID, REPORT_ID, LOGICAL_NAME, VISIBLE_NAME, FILTER_NAME, TYPE,
VALIDATOR, CONVERTER, HELPER, VISIBILITY, SETTER, ORDER_SEQ, TABLE_NAME, FOOTER_SETTER,
HEADER_SETTER ) VALUES ( 
8750, 8620, 'REQUEST_TIME', 'Request Time', 'Request Time', 'Date', 'dateOrToday'
, NULL, NULL, NULL, NULL, 50, 'REQUEST_TIME', NULL, NULL); 
INSERT INTO ARCH_REPORT_COLUMN ( ID, REPORT_ID, LOGICAL_NAME, VISIBLE_NAME, FILTER_NAME, TYPE,
VALIDATOR, CONVERTER, HELPER, VISIBILITY, SETTER, ORDER_SEQ, TABLE_NAME, FOOTER_SETTER,
HEADER_SETTER ) VALUES ( 
8849, 8620, 'CHECKBOX', 'Resend', 'Resend', 'String', 'string', NULL, NULL, 'report'
, 'Checkbox', 5, 'CHECKBOX', NULL, NULL); 
INSERT INTO ARCH_REPORT_COLUMN ( ID, REPORT_ID, LOGICAL_NAME, VISIBLE_NAME, FILTER_NAME, TYPE,
VALIDATOR, CONVERTER, HELPER, VISIBILITY, SETTER, ORDER_SEQ, TABLE_NAME, FOOTER_SETTER,
HEADER_SETTER ) VALUES ( 
13120, 9170, 'NAME', 'Name', 'Name', 'String', 'string', NULL, NULL, 'none', NULL
, 10, 'NAME', NULL, NULL); 
INSERT INTO ARCH_REPORT_COLUMN ( ID, REPORT_ID, LOGICAL_NAME, VISIBLE_NAME, FILTER_NAME, TYPE,
VALIDATOR, CONVERTER, HELPER, VISIBILITY, SETTER, ORDER_SEQ, TABLE_NAME, FOOTER_SETTER,
HEADER_SETTER ) VALUES ( 
13130, 9170, 'TRANSPORT_TYPE', 'Transport Type', 'Transport Type', 'Long', 'long'
, NULL, NULL, 'none', NULL, 20, 'TRANSPORT_TYPE', NULL, NULL); 
INSERT INTO ARCH_REPORT_COLUMN ( ID, REPORT_ID, LOGICAL_NAME, VISIBLE_NAME, FILTER_NAME, TYPE,
VALIDATOR, CONVERTER, HELPER, VISIBILITY, SETTER, ORDER_SEQ, TABLE_NAME, FOOTER_SETTER,
HEADER_SETTER ) VALUES ( 
13140, 9170, 'TRANSPORT_TYPE_NAME', 'Transport Type Name', 'Transport Type Name', 'String'
, 'string', NULL, NULL, 'none', NULL, 30, 'TRANSPORT_TYPE_NAME', NULL, NULL); 
INSERT INTO ARCH_REPORT_COLUMN ( ID, REPORT_ID, LOGICAL_NAME, VISIBLE_NAME, FILTER_NAME, TYPE,
VALIDATOR, CONVERTER, HELPER, VISIBILITY, SETTER, ORDER_SEQ, TABLE_NAME, FOOTER_SETTER,
HEADER_SETTER ) VALUES ( 
13150, 9170, 'DIRECTION', 'Direction', 'Direction', 'String', 'string', NULL, NULL
, 'none', NULL, 40, 'DIRECTION', NULL, NULL); 
INSERT INTO ARCH_REPORT_COLUMN ( ID, REPORT_ID, LOGICAL_NAME, VISIBLE_NAME, FILTER_NAME, TYPE,
VALIDATOR, CONVERTER, HELPER, VISIBILITY, SETTER, ORDER_SEQ, TABLE_NAME, FOOTER_SETTER,
HEADER_SETTER ) VALUES ( 
13160, 9170, 'ADDR_ID', 'Addr Id', 'Addr Id', 'Long', 'long', NULL, NULL, 'none', NULL
, 50, 'ADDR_ID', NULL, NULL); 
INSERT INTO ARCH_REPORT_COLUMN ( ID, REPORT_ID, LOGICAL_NAME, VISIBLE_NAME, FILTER_NAME, TYPE,
VALIDATOR, CONVERTER, HELPER, VISIBILITY, SETTER, ORDER_SEQ, TABLE_NAME, FOOTER_SETTER,
HEADER_SETTER ) VALUES ( 
13170, 9170, 'DATA_MODE', 'Data Mode', 'Data Mode', 'String', 'string', NULL, NULL
, 'none', NULL, 60, 'DATA_MODE', NULL, NULL); 
INSERT INTO ARCH_REPORT_COLUMN ( ID, REPORT_ID, LOGICAL_NAME, VISIBLE_NAME, FILTER_NAME, TYPE,
VALIDATOR, CONVERTER, HELPER, VISIBILITY, SETTER, ORDER_SEQ, TABLE_NAME, FOOTER_SETTER,
HEADER_SETTER ) VALUES ( 
13180, 9170, 'STATUS', 'Status', 'Status', 'String', 'string', NULL, NULL, 'none'
, NULL, 70, 'STATUS', NULL, NULL); 
INSERT INTO ARCH_REPORT_COLUMN ( ID, REPORT_ID, LOGICAL_NAME, VISIBLE_NAME, FILTER_NAME, TYPE,
VALIDATOR, CONVERTER, HELPER, VISIBILITY, SETTER, ORDER_SEQ, TABLE_NAME, FOOTER_SETTER,
HEADER_SETTER ) VALUES ( 
13190, 9170, 'MANAGES_ORG_ID', 'Org Id', 'Org Id', 'Long', 'long', NULL, NULL, 'none'
, NULL, 80, 'MANAGES_ORG_ID', NULL, NULL); 
INSERT INTO ARCH_REPORT_COLUMN ( ID, REPORT_ID, LOGICAL_NAME, VISIBLE_NAME, FILTER_NAME, TYPE,
VALIDATOR, CONVERTER, HELPER, VISIBILITY, SETTER, ORDER_SEQ, TABLE_NAME, FOOTER_SETTER,
HEADER_SETTER ) VALUES ( 
13200, 9170, 'MANAGES_ORG_NAME', 'Org Name', 'Org Name', 'String', 'string', NULL
, NULL, NULL, NULL, 90, 'MANAGES_ORG_NAME', NULL, NULL); 
INSERT INTO ARCH_REPORT_COLUMN ( ID, REPORT_ID, LOGICAL_NAME, VISIBLE_NAME, FILTER_NAME, TYPE,
VALIDATOR, CONVERTER, HELPER, VISIBILITY, SETTER, ORDER_SEQ, TABLE_NAME, FOOTER_SETTER,
HEADER_SETTER ) VALUES ( 
15100, 10000, 'ShortArch', 'ShortArch', 'ShortArch', 'Long', 'long', NULL, NULL, NULL
, NULL, 10, 'ShortArch', NULL, NULL); 
INSERT INTO ARCH_REPORT_COLUMN ( ID, REPORT_ID, LOGICAL_NAME, VISIBLE_NAME, FILTER_NAME, TYPE,
VALIDATOR, CONVERTER, HELPER, VISIBILITY, SETTER, ORDER_SEQ, TABLE_NAME, FOOTER_SETTER,
HEADER_SETTER ) VALUES ( 
15101, 10000, 'LongArch', 'LongArch', 'LongArch', 'Long', 'long', NULL, NULL, NULL
, NULL, 11, 'LongArch', NULL, NULL); 
INSERT INTO ARCH_REPORT_COLUMN ( ID, REPORT_ID, LOGICAL_NAME, VISIBLE_NAME, FILTER_NAME, TYPE,
VALIDATOR, CONVERTER, HELPER, VISIBILITY, SETTER, ORDER_SEQ, TABLE_NAME, FOOTER_SETTER,
HEADER_SETTER ) VALUES ( 
15102, 10000, 'NetArch', 'NetArch', 'NetArch', 'Long', 'long', NULL, NULL, NULL, NULL
, 12, 'NetArch', NULL, NULL); 
INSERT INTO ARCH_REPORT_COLUMN ( ID, REPORT_ID, LOGICAL_NAME, VISIBLE_NAME, FILTER_NAME, TYPE,
VALIDATOR, CONVERTER, HELPER, VISIBILITY, SETTER, ORDER_SEQ, TABLE_NAME, FOOTER_SETTER,
HEADER_SETTER ) VALUES ( 
15103, 10000, 'GrossArch', 'GrossArch', 'GrossArch', 'Long', 'long', NULL, NULL, NULL
, NULL, 13, 'GrossArch', NULL, NULL); 
INSERT INTO ARCH_REPORT_COLUMN ( ID, REPORT_ID, LOGICAL_NAME, VISIBLE_NAME, FILTER_NAME, TYPE,
VALIDATOR, CONVERTER, HELPER, VISIBILITY, SETTER, ORDER_SEQ, TABLE_NAME, FOOTER_SETTER,
HEADER_SETTER ) VALUES ( 
15104, 10000, 'Date', 'Date', 'Date', 'Date', 'dateOrToday', NULL, NULL, NULL, NULL
, 1, 'Date', NULL, NULL); 
INSERT INTO ARCH_REPORT_COLUMN ( ID, REPORT_ID, LOGICAL_NAME, VISIBLE_NAME, FILTER_NAME, TYPE,
VALIDATOR, CONVERTER, HELPER, VISIBILITY, SETTER, ORDER_SEQ, TABLE_NAME, FOOTER_SETTER,
HEADER_SETTER ) VALUES ( 
15105, 10000, 'InstrumentId', 'InstrumentId', 'InstrumentId', 'Long', 'long', NULL
, 'Instrument2CcyName;2', NULL, NULL, 3, 'InstrumentId', NULL, NULL); 
INSERT INTO ARCH_REPORT_COLUMN ( ID, REPORT_ID, LOGICAL_NAME, VISIBLE_NAME, FILTER_NAME, TYPE,
VALIDATOR, CONVERTER, HELPER, VISIBILITY, SETTER, ORDER_SEQ, TABLE_NAME, FOOTER_SETTER,
HEADER_SETTER ) VALUES ( 
15106, 10000, 'AccountId', 'AccountId', 'AccountId', 'Long', 'long', NULL, NULL, 'none'
, NULL, 100, 'AccountId', NULL, NULL); 
INSERT INTO ARCH_REPORT_COLUMN ( ID, REPORT_ID, LOGICAL_NAME, VISIBLE_NAME, FILTER_NAME, TYPE,
VALIDATOR, CONVERTER, HELPER, VISIBILITY, SETTER, ORDER_SEQ, TABLE_NAME, FOOTER_SETTER,
HEADER_SETTER ) VALUES ( 
15107, 10000, 'PositionType', 'PositionType', 'PositionType', 'Long', 'long', NULL
, NULL, 'none', NULL, 4, 'PositionType', NULL, NULL); 
INSERT INTO ARCH_REPORT_COLUMN ( ID, REPORT_ID, LOGICAL_NAME, VISIBLE_NAME, FILTER_NAME, TYPE,
VALIDATOR, CONVERTER, HELPER, VISIBILITY, SETTER, ORDER_SEQ, TABLE_NAME, FOOTER_SETTER,
HEADER_SETTER ) VALUES ( 
15108, 10000, 'Status', 'Status', 'Status', 'Long', 'long', NULL, 'PositionDiffStatus;2'
, NULL, NULL, 2, 'Status', NULL, NULL); 
INSERT INTO ARCH_REPORT_COLUMN ( ID, REPORT_ID, LOGICAL_NAME, VISIBLE_NAME, FILTER_NAME, TYPE,
VALIDATOR, CONVERTER, HELPER, VISIBILITY, SETTER, ORDER_SEQ, TABLE_NAME, FOOTER_SETTER,
HEADER_SETTER ) VALUES ( 
15121, 10000, 'ShortImported', 'ShortImported', 'ShortImported', 'Long', 'long', NULL
, NULL, NULL, NULL, 21, 'ShortImported', NULL, NULL); 
INSERT INTO ARCH_REPORT_COLUMN ( ID, REPORT_ID, LOGICAL_NAME, VISIBLE_NAME, FILTER_NAME, TYPE,
VALIDATOR, CONVERTER, HELPER, VISIBILITY, SETTER, ORDER_SEQ, TABLE_NAME, FOOTER_SETTER,
HEADER_SETTER ) VALUES ( 
15122, 10000, 'LongImported', 'LongImported', 'LongImported', 'Long', 'long', NULL
, NULL, NULL, NULL, 22, 'LongImported', NULL, NULL); 
INSERT INTO ARCH_REPORT_COLUMN ( ID, REPORT_ID, LOGICAL_NAME, VISIBLE_NAME, FILTER_NAME, TYPE,
VALIDATOR, CONVERTER, HELPER, VISIBILITY, SETTER, ORDER_SEQ, TABLE_NAME, FOOTER_SETTER,
HEADER_SETTER ) VALUES ( 
15123, 10000, 'NetImported', 'NetImported', 'NetImported', 'Long', 'long', NULL, NULL
, NULL, NULL, 23, 'NetImported', NULL, NULL); 
INSERT INTO ARCH_REPORT_COLUMN ( ID, REPORT_ID, LOGICAL_NAME, VISIBLE_NAME, FILTER_NAME, TYPE,
VALIDATOR, CONVERTER, HELPER, VISIBILITY, SETTER, ORDER_SEQ, TABLE_NAME, FOOTER_SETTER,
HEADER_SETTER ) VALUES ( 
15124, 10000, 'GrossImported', 'GrossImported', 'GrossImported', 'Long', 'long', NULL
, NULL, NULL, NULL, 24, 'GrossImported', NULL, NULL); 
INSERT INTO ARCH_REPORT_COLUMN ( ID, REPORT_ID, LOGICAL_NAME, VISIBLE_NAME, FILTER_NAME, TYPE,
VALIDATOR, CONVERTER, HELPER, VISIBILITY, SETTER, ORDER_SEQ, TABLE_NAME, FOOTER_SETTER,
HEADER_SETTER ) VALUES ( 
15111, 10000, 'ShortEquals', 'ShortEquals', 'ShortEquals', 'Boolean', 'boolean', NULL
, NULL, NULL, NULL, 99, 'ShortEquals', NULL, NULL); 
INSERT INTO ARCH_REPORT_COLUMN ( ID, REPORT_ID, LOGICAL_NAME, VISIBLE_NAME, FILTER_NAME, TYPE,
VALIDATOR, CONVERTER, HELPER, VISIBILITY, SETTER, ORDER_SEQ, TABLE_NAME, FOOTER_SETTER,
HEADER_SETTER ) VALUES ( 
15112, 10000, 'LongEquals', 'LongEquals', 'LongEquals', 'Boolean', 'boolean', NULL
, NULL, NULL, NULL, 99, 'LongEquals', NULL, NULL); 
INSERT INTO ARCH_REPORT_COLUMN ( ID, REPORT_ID, LOGICAL_NAME, VISIBLE_NAME, FILTER_NAME, TYPE,
VALIDATOR, CONVERTER, HELPER, VISIBILITY, SETTER, ORDER_SEQ, TABLE_NAME, FOOTER_SETTER,
HEADER_SETTER ) VALUES ( 
15113, 10000, 'NetEquals', 'NetEquals', 'NetEquals', 'Boolean', 'boolean', NULL, NULL
, NULL, NULL, 99, 'NetEquals', NULL, NULL); 
INSERT INTO ARCH_REPORT_COLUMN ( ID, REPORT_ID, LOGICAL_NAME, VISIBLE_NAME, FILTER_NAME, TYPE,
VALIDATOR, CONVERTER, HELPER, VISIBILITY, SETTER, ORDER_SEQ, TABLE_NAME, FOOTER_SETTER,
HEADER_SETTER ) VALUES ( 
15114, 10000, 'GrossEquals', 'GrossEquals', 'GrossEquals', 'Boolean', 'boolean', NULL
, NULL, NULL, NULL, 99, 'GrossEquals', NULL, NULL); 
INSERT INTO ARCH_REPORT_COLUMN ( ID, REPORT_ID, LOGICAL_NAME, VISIBLE_NAME, FILTER_NAME, TYPE,
VALIDATOR, CONVERTER, HELPER, VISIBILITY, SETTER, ORDER_SEQ, TABLE_NAME, FOOTER_SETTER,
HEADER_SETTER ) VALUES ( 
16172, 10061, 'PositionType', 'PositionType', 'PositionType', 'Integer', 'int', NULL
, 'PositionTypes;2', NULL, NULL, 20, 'PositionType', NULL, NULL); 
INSERT INTO ARCH_REPORT_COLUMN ( ID, REPORT_ID, LOGICAL_NAME, VISIBLE_NAME, FILTER_NAME, TYPE,
VALIDATOR, CONVERTER, HELPER, VISIBILITY, SETTER, ORDER_SEQ, TABLE_NAME, FOOTER_SETTER,
HEADER_SETTER ) VALUES ( 
16173, 10061, 'Ccy1Value', 'Ccy1Value', 'Ccy1Value', 'Double', 'double', NULL, NULL
, NULL, NULL, 20, 'Ccy1Value', NULL, NULL); 
INSERT INTO ARCH_REPORT_COLUMN ( ID, REPORT_ID, LOGICAL_NAME, VISIBLE_NAME, FILTER_NAME, TYPE,
VALIDATOR, CONVERTER, HELPER, VISIBILITY, SETTER, ORDER_SEQ, TABLE_NAME, FOOTER_SETTER,
HEADER_SETTER ) VALUES ( 
16175, 10061, 'Ccy2Value', 'Ccy2Value', 'Ccy2Value', 'Double', 'double', NULL, NULL
, NULL, NULL, 20, 'Ccy2Value', NULL, NULL); 
INSERT INTO ARCH_REPORT_COLUMN ( ID, REPORT_ID, LOGICAL_NAME, VISIBLE_NAME, FILTER_NAME, TYPE,
VALIDATOR, CONVERTER, HELPER, VISIBILITY, SETTER, ORDER_SEQ, TABLE_NAME, FOOTER_SETTER,
HEADER_SETTER ) VALUES ( 
16171, 10061, 'Date', 'Date', 'Date', 'Date', 'dateOrToday', NULL, NULL, NULL, NULL
, 20, 'Date', NULL, NULL); 
INSERT INTO ARCH_REPORT_COLUMN ( ID, REPORT_ID, LOGICAL_NAME, VISIBLE_NAME, FILTER_NAME, TYPE,
VALIDATOR, CONVERTER, HELPER, VISIBILITY, SETTER, ORDER_SEQ, TABLE_NAME, FOOTER_SETTER,
HEADER_SETTER ) VALUES ( 
16177, 10061, 'CurrencyPair', 'CurrencyPair', 'CurrencyPair', 'String', 'string', NULL
, NULL, NULL, NULL, 20, 'CurrencyPair', NULL, NULL); 
INSERT INTO ARCH_REPORT_COLUMN ( ID, REPORT_ID, LOGICAL_NAME, VISIBLE_NAME, FILTER_NAME, TYPE,
VALIDATOR, CONVERTER, HELPER, VISIBILITY, SETTER, ORDER_SEQ, TABLE_NAME, FOOTER_SETTER,
HEADER_SETTER ) VALUES ( 
16174, 10061, 'Ccy1Name', 'Ccy1Name', 'Ccy1Name', 'String', 'string', NULL, NULL, NULL
, NULL, 20, 'Ccy1Name', NULL, NULL); 
INSERT INTO ARCH_REPORT_COLUMN ( ID, REPORT_ID, LOGICAL_NAME, VISIBLE_NAME, FILTER_NAME, TYPE,
VALIDATOR, CONVERTER, HELPER, VISIBILITY, SETTER, ORDER_SEQ, TABLE_NAME, FOOTER_SETTER,
HEADER_SETTER ) VALUES ( 
16176, 10061, 'Ccy2Name', 'Ccy2Name', 'Ccy2Name', 'String', 'string', NULL, NULL, NULL
, NULL, 20, 'Ccy2Name', NULL, NULL); 
INSERT INTO ARCH_REPORT_COLUMN ( ID, REPORT_ID, LOGICAL_NAME, VISIBLE_NAME, FILTER_NAME, TYPE,
VALIDATOR, CONVERTER, HELPER, VISIBILITY, SETTER, ORDER_SEQ, TABLE_NAME, FOOTER_SETTER,
HEADER_SETTER ) VALUES ( 
16170, 10061, 'AccountId', 'AccountId', 'AccountId', 'Long', 'long', NULL, 'AccountsList;2'
, NULL, NULL, 20, 'AccountId', NULL, NULL); 
INSERT INTO ARCH_REPORT_COLUMN ( ID, REPORT_ID, LOGICAL_NAME, VISIBLE_NAME, FILTER_NAME, TYPE,
VALIDATOR, CONVERTER, HELPER, VISIBILITY, SETTER, ORDER_SEQ, TABLE_NAME, FOOTER_SETTER,
HEADER_SETTER ) VALUES ( 
16178, 10061, 'AsOfDate', 'AsOfDate', 'AsOfDate', 'Date', 'dateOrToday', NULL, NULL
, NULL, NULL, 20, 'AsOfDate', NULL, NULL); 
INSERT INTO ARCH_REPORT_COLUMN ( ID, REPORT_ID, LOGICAL_NAME, VISIBLE_NAME, FILTER_NAME, TYPE,
VALIDATOR, CONVERTER, HELPER, VISIBILITY, SETTER, ORDER_SEQ, TABLE_NAME, FOOTER_SETTER,
HEADER_SETTER ) VALUES ( 
16610, 10181, 'CREDIT_ID', 'Credit Id', 'Credit Id', 'Long', 'long', NULL, NULL, 'none'
, NULL, 20, 'CREDIT_ID', NULL, NULL); 
INSERT INTO ARCH_REPORT_COLUMN ( ID, REPORT_ID, LOGICAL_NAME, VISIBLE_NAME, FILTER_NAME, TYPE,
VALIDATOR, CONVERTER, HELPER, VISIBILITY, SETTER, ORDER_SEQ, TABLE_NAME, FOOTER_SETTER,
HEADER_SETTER ) VALUES ( 
16620, 10181, 'NAME', 'Name', 'Name', 'String', 'string', NULL, NULL, NULL, 'LINK:account.lwp?DisplayCredit=DisplayCredit&CreditId=$CREDIT_ID&AccId=$ACCOUNT_ID&DetailsCurTab=CreditTab&OwnerId=$PARENT_ORG_ID&OwnerRelType=$PARENT_ORG_REL_TYPE'
, 30, 'NAME', NULL, NULL); 
INSERT INTO ARCH_REPORT_COLUMN ( ID, REPORT_ID, LOGICAL_NAME, VISIBLE_NAME, FILTER_NAME, TYPE,
VALIDATOR, CONVERTER, HELPER, VISIBILITY, SETTER, ORDER_SEQ, TABLE_NAME, FOOTER_SETTER,
HEADER_SETTER ) VALUES ( 
8418, 8401, 'TRANSPORT_TYPE_NAME', 'Transport type', 'TRANSPORT_TYPE_NAME', NULL, NULL
, NULL, NULL, NULL, NULL, 3, 'TRANSPORT_TYPE_NAME', NULL, NULL); 
INSERT INTO ARCH_REPORT_COLUMN ( ID, REPORT_ID, LOGICAL_NAME, VISIBLE_NAME, FILTER_NAME, TYPE,
VALIDATOR, CONVERTER, HELPER, VISIBILITY, SETTER, ORDER_SEQ, TABLE_NAME, FOOTER_SETTER,
HEADER_SETTER ) VALUES ( 
16630, 10181, 'CREDIT_UCM', 'Credit Ucm', 'Credit Ucm', 'String', 'string', NULL, NULL
, NULL, NULL, 40, 'CREDIT_UCM', NULL, NULL); 
INSERT INTO ARCH_REPORT_COLUMN ( ID, REPORT_ID, LOGICAL_NAME, VISIBLE_NAME, FILTER_NAME, TYPE,
VALIDATOR, CONVERTER, HELPER, VISIBILITY, SETTER, ORDER_SEQ, TABLE_NAME, FOOTER_SETTER,
HEADER_SETTER ) VALUES ( 
16640, 10181, 'CREDIT_LINE', 'Credit Line', 'Credit Line', 'String', 'string', NULL
, NULL, NULL, NULL, 50, 'CREDIT_LINE', NULL, NULL); 
INSERT INTO ARCH_REPORT_COLUMN ( ID, REPORT_ID, LOGICAL_NAME, VISIBLE_NAME, FILTER_NAME, TYPE,
VALIDATOR, CONVERTER, HELPER, VISIBILITY, SETTER, ORDER_SEQ, TABLE_NAME, FOOTER_SETTER,
HEADER_SETTER ) VALUES ( 
16650, 10181, 'LIMIT', 'Limit', 'Limit', 'Long', 'long', NULL, NULL, NULL, NULL, 60
, 'LIMIT', NULL, NULL); 
INSERT INTO ARCH_REPORT_COLUMN ( ID, REPORT_ID, LOGICAL_NAME, VISIBLE_NAME, FILTER_NAME, TYPE,
VALIDATOR, CONVERTER, HELPER, VISIBILITY, SETTER, ORDER_SEQ, TABLE_NAME, FOOTER_SETTER,
HEADER_SETTER ) VALUES ( 
16660, 10181, 'REQUEST_TYPE', 'Request Type', 'Request Type', 'String', 'string', NULL
, NULL, NULL, NULL, 70, 'REQUEST_TYPE', NULL, NULL); 
INSERT INTO ARCH_REPORT_COLUMN ( ID, REPORT_ID, LOGICAL_NAME, VISIBLE_NAME, FILTER_NAME, TYPE,
VALIDATOR, CONVERTER, HELPER, VISIBILITY, SETTER, ORDER_SEQ, TABLE_NAME, FOOTER_SETTER,
HEADER_SETTER ) VALUES ( 
16670, 10181, 'POSITION_TYPE', 'Position Type', 'Position Type', 'String', 'string'
, NULL, NULL, NULL, NULL, 80, 'POSITION_TYPE', NULL, NULL); 
INSERT INTO ARCH_REPORT_COLUMN ( ID, REPORT_ID, LOGICAL_NAME, VISIBLE_NAME, FILTER_NAME, TYPE,
VALIDATOR, CONVERTER, HELPER, VISIBILITY, SETTER, ORDER_SEQ, TABLE_NAME, FOOTER_SETTER,
HEADER_SETTER ) VALUES ( 
16680, 10181, 'POSITION_CALL', 'Position Call', 'Position Call', 'String', 'string'
, NULL, NULL, NULL, NULL, 90, 'POSITION_CALL', NULL, NULL); 
INSERT INTO ARCH_REPORT_COLUMN ( ID, REPORT_ID, LOGICAL_NAME, VISIBLE_NAME, FILTER_NAME, TYPE,
VALIDATOR, CONVERTER, HELPER, VISIBILITY, SETTER, ORDER_SEQ, TABLE_NAME, FOOTER_SETTER,
HEADER_SETTER ) VALUES ( 
16690, 10181, 'STATUS', 'Status', 'Status', 'String', 'string', NULL, NULL, NULL, NULL
, 100, 'STATUS', NULL, NULL); 
INSERT INTO ARCH_REPORT_COLUMN ( ID, REPORT_ID, LOGICAL_NAME, VISIBLE_NAME, FILTER_NAME, TYPE,
VALIDATOR, CONVERTER, HELPER, VISIBILITY, SETTER, ORDER_SEQ, TABLE_NAME, FOOTER_SETTER,
HEADER_SETTER ) VALUES ( 
16600, 10181, 'ACCOUNT_ID', 'Account Id', 'Account Id', 'Long', 'long', NULL, NULL
, 'none', NULL, 10, 'ACCOUNT_ID', NULL, NULL); 
INSERT INTO ARCH_REPORT_COLUMN ( ID, REPORT_ID, LOGICAL_NAME, VISIBLE_NAME, FILTER_NAME, TYPE,
VALIDATOR, CONVERTER, HELPER, VISIBILITY, SETTER, ORDER_SEQ, TABLE_NAME, FOOTER_SETTER,
HEADER_SETTER ) VALUES ( 
8232, 8036, 'BUSINESS_PROCESS_ID', 'BP ID', 'BP ID', 'Long', 'long', NULL, NULL, NULL
, NULL, 7, 'BUSINESS_PROCESS_ID', NULL, NULL); 
INSERT INTO ARCH_REPORT_COLUMN ( ID, REPORT_ID, LOGICAL_NAME, VISIBLE_NAME, FILTER_NAME, TYPE,
VALIDATOR, CONVERTER, HELPER, VISIBILITY, SETTER, ORDER_SEQ, TABLE_NAME, FOOTER_SETTER,
HEADER_SETTER ) VALUES ( 
8233, 8036, 'CONVERSATION_ID', 'Conversation ID', 'Conversation ID', 'Long', 'long'
, NULL, NULL, NULL, NULL, 8, 'CONVERSATION_ID', NULL, NULL); 
INSERT INTO ARCH_REPORT_COLUMN ( ID, REPORT_ID, LOGICAL_NAME, VISIBLE_NAME, FILTER_NAME, TYPE,
VALIDATOR, CONVERTER, HELPER, VISIBILITY, SETTER, ORDER_SEQ, TABLE_NAME, FOOTER_SETTER,
HEADER_SETTER ) VALUES ( 
8234, 8036, 'UUID', 'Process UID', 'Process UID', 'String', 'string', NULL, NULL, NULL
, NULL, 9, 'UUID', NULL, NULL); 
INSERT INTO ARCH_REPORT_COLUMN ( ID, REPORT_ID, LOGICAL_NAME, VISIBLE_NAME, FILTER_NAME, TYPE,
VALIDATOR, CONVERTER, HELPER, VISIBILITY, SETTER, ORDER_SEQ, TABLE_NAME, FOOTER_SETTER,
HEADER_SETTER ) VALUES ( 
8235, 8036, 'START_TIME', 'Start Time', 'Start Time', 'Date', 'dateOrToday', NULL
, NULL, NULL, NULL, 9, 'START_TIME', NULL, NULL); 
INSERT INTO ARCH_REPORT_COLUMN ( ID, REPORT_ID, LOGICAL_NAME, VISIBLE_NAME, FILTER_NAME, TYPE,
VALIDATOR, CONVERTER, HELPER, VISIBILITY, SETTER, ORDER_SEQ, TABLE_NAME, FOOTER_SETTER,
HEADER_SETTER ) VALUES ( 
8236, 8036, 'END_TIME', 'End Time', 'End Time', 'Date', 'dateOrToday', NULL, NULL
, NULL, NULL, 10, 'END_TIME', NULL, NULL); 
INSERT INTO ARCH_REPORT_COLUMN ( ID, REPORT_ID, LOGICAL_NAME, VISIBLE_NAME, FILTER_NAME, TYPE,
VALIDATOR, CONVERTER, HELPER, VISIBILITY, SETTER, ORDER_SEQ, TABLE_NAME, FOOTER_SETTER,
HEADER_SETTER ) VALUES ( 
8237, 8036, 'FLOW_NAME', 'Flow Name', 'Flow Name', 'String', 'string', NULL, NULL
, NULL, NULL, 2, 'FLOW_NAME', NULL, NULL); 
INSERT INTO ARCH_REPORT_COLUMN ( ID, REPORT_ID, LOGICAL_NAME, VISIBLE_NAME, FILTER_NAME, TYPE,
VALIDATOR, CONVERTER, HELPER, VISIBILITY, SETTER, ORDER_SEQ, TABLE_NAME, FOOTER_SETTER,
HEADER_SETTER ) VALUES ( 
8238, 8036, 'FLOW_TYPE', 'Flow Type', 'Flow Type', 'String', 'string', NULL, NULL
, NULL, NULL, 3, 'FLOW_TYPE', NULL, NULL); 
INSERT INTO ARCH_REPORT_COLUMN ( ID, REPORT_ID, LOGICAL_NAME, VISIBLE_NAME, FILTER_NAME, TYPE,
VALIDATOR, CONVERTER, HELPER, VISIBILITY, SETTER, ORDER_SEQ, TABLE_NAME, FOOTER_SETTER,
HEADER_SETTER ) VALUES ( 
8239, 8036, 'FLOW_MODE', 'Flow Mode', 'Flow Mode', 'String', 'string', NULL, 'FlowMode'
, NULL, NULL, 4, 'FLOW_MODE', NULL, NULL); 
INSERT INTO ARCH_REPORT_COLUMN ( ID, REPORT_ID, LOGICAL_NAME, VISIBLE_NAME, FILTER_NAME, TYPE,
VALIDATOR, CONVERTER, HELPER, VISIBILITY, SETTER, ORDER_SEQ, TABLE_NAME, FOOTER_SETTER,
HEADER_SETTER ) VALUES ( 
8240, 8036, 'ADDITIONAL_REF', 'Additional Ref', 'Additional Ref', 'String', 'string'
, NULL, NULL, NULL, NULL, 6, 'ADDITIONAL_REF', NULL, NULL); 
INSERT INTO ARCH_REPORT_COLUMN ( ID, REPORT_ID, LOGICAL_NAME, VISIBLE_NAME, FILTER_NAME, TYPE,
VALIDATOR, CONVERTER, HELPER, VISIBILITY, SETTER, ORDER_SEQ, TABLE_NAME, FOOTER_SETTER,
HEADER_SETTER ) VALUES ( 
8242, 8036, 'MESSAGE', 'Message', 'Message', 'String', 'string', NULL, NULL, NULL
, NULL, 6, 'MESSAGE', NULL, NULL); 
INSERT INTO ARCH_REPORT_COLUMN ( ID, REPORT_ID, LOGICAL_NAME, VISIBLE_NAME, FILTER_NAME, TYPE,
VALIDATOR, CONVERTER, HELPER, VISIBILITY, SETTER, ORDER_SEQ, TABLE_NAME, FOOTER_SETTER,
HEADER_SETTER ) VALUES ( 
8243, 8036, 'FLOW_CLASS', 'Flow Class', 'Flow Class', 'String', 'string', NULL, NULL
, 'none', NULL, 11, 'FLOW_CLASS', NULL, NULL); 
INSERT INTO ARCH_REPORT_COLUMN ( ID, REPORT_ID, LOGICAL_NAME, VISIBLE_NAME, FILTER_NAME, TYPE,
VALIDATOR, CONVERTER, HELPER, VISIBILITY, SETTER, ORDER_SEQ, TABLE_NAME, FOOTER_SETTER,
HEADER_SETTER ) VALUES ( 
8244, 8037, 'ID', 'Id', 'Id', NULL, NULL, NULL, NULL, NULL, NULL, 1, 'ID', NULL, NULL); 
INSERT INTO ARCH_REPORT_COLUMN ( ID, REPORT_ID, LOGICAL_NAME, VISIBLE_NAME, FILTER_NAME, TYPE,
VALIDATOR, CONVERTER, HELPER, VISIBILITY, SETTER, ORDER_SEQ, TABLE_NAME, FOOTER_SETTER,
HEADER_SETTER ) VALUES ( 
8245, 8037, 'MSG_ID', 'Msg Id', 'Message Id', NULL, NULL, NULL, NULL, NULL, NULL, 4
, 'MSG_ID', NULL, NULL); 
INSERT INTO ARCH_REPORT_COLUMN ( ID, REPORT_ID, LOGICAL_NAME, VISIBLE_NAME, FILTER_NAME, TYPE,
VALIDATOR, CONVERTER, HELPER, VISIBILITY, SETTER, ORDER_SEQ, TABLE_NAME, FOOTER_SETTER,
HEADER_SETTER ) VALUES ( 
8246, 8037, 'MSG', 'Msg', 'Message', 'blob', NULL, NULL, NULL, NULL, 'preString', 6
, 'MSG', NULL, NULL); 
INSERT INTO ARCH_REPORT_COLUMN ( ID, REPORT_ID, LOGICAL_NAME, VISIBLE_NAME, FILTER_NAME, TYPE,
VALIDATOR, CONVERTER, HELPER, VISIBILITY, SETTER, ORDER_SEQ, TABLE_NAME, FOOTER_SETTER,
HEADER_SETTER ) VALUES ( 
8247, 8037, 'REF', 'Reference', 'Reference', 'String', 'string', NULL, NULL, NULL
, NULL, 3, 'REF', NULL, NULL); 
INSERT INTO ARCH_REPORT_COLUMN ( ID, REPORT_ID, LOGICAL_NAME, VISIBLE_NAME, FILTER_NAME, TYPE,
VALIDATOR, CONVERTER, HELPER, VISIBILITY, SETTER, ORDER_SEQ, TABLE_NAME, FOOTER_SETTER,
HEADER_SETTER ) VALUES ( 
8248, 8037, 'SEVERITY', 'Severity', 'Severity Name', 'String', 'string', NULL, 'LogSeverity'
, NULL, NULL, 5, 'SEVERITY', NULL, NULL); 
INSERT INTO ARCH_REPORT_COLUMN ( ID, REPORT_ID, LOGICAL_NAME, VISIBLE_NAME, FILTER_NAME, TYPE,
VALIDATOR, CONVERTER, HELPER, VISIBILITY, SETTER, ORDER_SEQ, TABLE_NAME, FOOTER_SETTER,
HEADER_SETTER ) VALUES ( 
8249, 8037, 'TIME', 'Date Time', 'Time', 'Date', 'dateOrToday', NULL, NULL, NULL, NULL
, 2, 'TIME', NULL, NULL); 
INSERT INTO ARCH_REPORT_COLUMN ( ID, REPORT_ID, LOGICAL_NAME, VISIBLE_NAME, FILTER_NAME, TYPE,
VALIDATOR, CONVERTER, HELPER, VISIBILITY, SETTER, ORDER_SEQ, TABLE_NAME, FOOTER_SETTER,
HEADER_SETTER ) VALUES ( 
8250, 8037, 'OBJECT', 'Object', 'Object', 'String', 'string', NULL, NULL, NULL, NULL
, 10, 'OBJECT', NULL, NULL); 
INSERT INTO ARCH_REPORT_COLUMN ( ID, REPORT_ID, LOGICAL_NAME, VISIBLE_NAME, FILTER_NAME, TYPE,
VALIDATOR, CONVERTER, HELPER, VISIBILITY, SETTER, ORDER_SEQ, TABLE_NAME, FOOTER_SETTER,
HEADER_SETTER ) VALUES ( 
8251, 8037, 'EXCEPTION', 'Exception', 'Exception', 'String', 'string', NULL, NULL
, NULL, 'preString', 9, 'EXCEPTION', NULL, NULL); 
INSERT INTO ARCH_REPORT_COLUMN ( ID, REPORT_ID, LOGICAL_NAME, VISIBLE_NAME, FILTER_NAME, TYPE,
VALIDATOR, CONVERTER, HELPER, VISIBILITY, SETTER, ORDER_SEQ, TABLE_NAME, FOOTER_SETTER,
HEADER_SETTER ) VALUES ( 
8254, 8037, 'IP', 'Ip', 'IP', 'String', 'string', NULL, NULL, NULL, NULL, 7, 'IP'
, NULL, NULL); 
INSERT INTO ARCH_REPORT_COLUMN ( ID, REPORT_ID, LOGICAL_NAME, VISIBLE_NAME, FILTER_NAME, TYPE,
VALIDATOR, CONVERTER, HELPER, VISIBILITY, SETTER, ORDER_SEQ, TABLE_NAME, FOOTER_SETTER,
HEADER_SETTER ) VALUES ( 
8255, 8037, 'SERVER', 'SERVER', 'Server', 'String', 'string', NULL, NULL, NULL, NULL
, 8, 'SERVER', NULL, NULL); 
INSERT INTO ARCH_REPORT_COLUMN ( ID, REPORT_ID, LOGICAL_NAME, VISIBLE_NAME, FILTER_NAME, TYPE,
VALIDATOR, CONVERTER, HELPER, VISIBILITY, SETTER, ORDER_SEQ, TABLE_NAME, FOOTER_SETTER,
HEADER_SETTER ) VALUES ( 
8256, 8038, 'ID', 'ID', 'ID', 'Long', 'long', NULL, NULL, 'filters', NULL, 0, 'ID'
, NULL, NULL); 
INSERT INTO ARCH_REPORT_COLUMN ( ID, REPORT_ID, LOGICAL_NAME, VISIBLE_NAME, FILTER_NAME, TYPE,
VALIDATOR, CONVERTER, HELPER, VISIBILITY, SETTER, ORDER_SEQ, TABLE_NAME, FOOTER_SETTER,
HEADER_SETTER ) VALUES ( 
8257, 8038, 'NAME', 'Name', 'Name', 'String', 'string', NULL, NULL, NULL, 'LINK:org.lwp?Display=Display&OrgId=$ID&ChildrenCurTab=PersonsTab&DetailsCurTab=BaseTab'
, 0, 'NAME', NULL, NULL); 
INSERT INTO ARCH_REPORT_COLUMN ( ID, REPORT_ID, LOGICAL_NAME, VISIBLE_NAME, FILTER_NAME, TYPE,
VALIDATOR, CONVERTER, HELPER, VISIBILITY, SETTER, ORDER_SEQ, TABLE_NAME, FOOTER_SETTER,
HEADER_SETTER ) VALUES ( 
8258, 8038, 'TYPE', 'Type', 'Type', 'String', 'string', NULL, NULL, 'none', NULL, 0
, 'TYPE', NULL, NULL); 
INSERT INTO ARCH_REPORT_COLUMN ( ID, REPORT_ID, LOGICAL_NAME, VISIBLE_NAME, FILTER_NAME, TYPE,
VALIDATOR, CONVERTER, HELPER, VISIBILITY, SETTER, ORDER_SEQ, TABLE_NAME, FOOTER_SETTER,
HEADER_SETTER ) VALUES ( 
8259, 8038, 'STATUS', 'Status', 'Status', 'String', 'string', NULL, 'State', NULL
, NULL, 0, 'STATUS', NULL, NULL); 
INSERT INTO ARCH_REPORT_COLUMN ( ID, REPORT_ID, LOGICAL_NAME, VISIBLE_NAME, FILTER_NAME, TYPE,
VALIDATOR, CONVERTER, HELPER, VISIBILITY, SETTER, ORDER_SEQ, TABLE_NAME, FOOTER_SETTER,
HEADER_SETTER ) VALUES ( 
8260, 8038, 'ROLE_NAME', 'Role', 'Role', 'String', 'string', NULL, 'OrganizationRoles'
, NULL, NULL, 0, 'ROLE_NAME', NULL, NULL); 
INSERT INTO ARCH_REPORT_COLUMN ( ID, REPORT_ID, LOGICAL_NAME, VISIBLE_NAME, FILTER_NAME, TYPE,
VALIDATOR, CONVERTER, HELPER, VISIBILITY, SETTER, ORDER_SEQ, TABLE_NAME, FOOTER_SETTER,
HEADER_SETTER ) VALUES ( 
8261, 8038, 'ROLE_KEY', 'Role Key', 'ROLE_KEY', NULL, NULL, NULL, NULL, 'none', NULL
, 0, 'ROLE_KEY', NULL, NULL); 
INSERT INTO ARCH_REPORT_COLUMN ( ID, REPORT_ID, LOGICAL_NAME, VISIBLE_NAME, FILTER_NAME, TYPE,
VALIDATOR, CONVERTER, HELPER, VISIBILITY, SETTER, ORDER_SEQ, TABLE_NAME, FOOTER_SETTER,
HEADER_SETTER ) VALUES ( 
8262, 8038, 'DOMAIN', 'Domain', 'DOMAIN', NULL, NULL, NULL, NULL, 'none', NULL, 0
, 'DOMAIN', NULL, NULL); 
INSERT INTO ARCH_REPORT_COLUMN ( ID, REPORT_ID, LOGICAL_NAME, VISIBLE_NAME, FILTER_NAME, TYPE,
VALIDATOR, CONVERTER, HELPER, VISIBILITY, SETTER, ORDER_SEQ, TABLE_NAME, FOOTER_SETTER,
HEADER_SETTER ) VALUES ( 
8300, 8300, 'DOMAIN_ID', 'DOMAIN_ID', 'DOMAIN_ID', NULL, NULL, NULL, NULL, 'none'
, NULL, 0, 'DOMAIN_ID', NULL, NULL); 
INSERT INTO ARCH_REPORT_COLUMN ( ID, REPORT_ID, LOGICAL_NAME, VISIBLE_NAME, FILTER_NAME, TYPE,
VALIDATOR, CONVERTER, HELPER, VISIBILITY, SETTER, ORDER_SEQ, TABLE_NAME, FOOTER_SETTER,
HEADER_SETTER ) VALUES ( 
8301, 8300, 'AUTHO_NAME', 'AUTHO_NAME', 'AUTHO_NAME', NULL, NULL, NULL, NULL, NULL
, NULL, 0, 'AUTHO_NAME', NULL, NULL); 
INSERT INTO ARCH_REPORT_COLUMN ( ID, REPORT_ID, LOGICAL_NAME, VISIBLE_NAME, FILTER_NAME, TYPE,
VALIDATOR, CONVERTER, HELPER, VISIBILITY, SETTER, ORDER_SEQ, TABLE_NAME, FOOTER_SETTER,
HEADER_SETTER ) VALUES ( 
8302, 8300, 'GROUP_ID', 'GROUP_ID', 'GROUP_ID', NULL, NULL, NULL, NULL, NULL, NULL
, 0, 'GROUP_ID', NULL, NULL); 
INSERT INTO ARCH_REPORT_COLUMN ( ID, REPORT_ID, LOGICAL_NAME, VISIBLE_NAME, FILTER_NAME, TYPE,
VALIDATOR, CONVERTER, HELPER, VISIBILITY, SETTER, ORDER_SEQ, TABLE_NAME, FOOTER_SETTER,
HEADER_SETTER ) VALUES ( 
8303, 8300, 'RELATION', 'RELATION', 'RELATION', NULL, NULL, NULL, NULL, NULL, NULL
, 0, 'RELATION', NULL, NULL); 
INSERT INTO ARCH_REPORT_COLUMN ( ID, REPORT_ID, LOGICAL_NAME, VISIBLE_NAME, FILTER_NAME, TYPE,
VALIDATOR, CONVERTER, HELPER, VISIBILITY, SETTER, ORDER_SEQ, TABLE_NAME, FOOTER_SETTER,
HEADER_SETTER ) VALUES ( 
8310, 8303, 'DATA', 'Data', 'Data', 'blob', NULL, NULL, NULL, 'report', 'preString'
, 0, 'DATA', NULL, 'nosort'); 
INSERT INTO ARCH_REPORT_COLUMN ( ID, REPORT_ID, LOGICAL_NAME, VISIBLE_NAME, FILTER_NAME, TYPE,
VALIDATOR, CONVERTER, HELPER, VISIBILITY, SETTER, ORDER_SEQ, TABLE_NAME, FOOTER_SETTER,
HEADER_SETTER ) VALUES ( 
8312, 8304, 'TITLE', 'Title', 'Title', 'String', 'string', NULL, NULL, NULL, NULL
, 5, 'TITLE', NULL, NULL); 
INSERT INTO ARCH_REPORT_COLUMN ( ID, REPORT_ID, LOGICAL_NAME, VISIBLE_NAME, FILTER_NAME, TYPE,
VALIDATOR, CONVERTER, HELPER, VISIBILITY, SETTER, ORDER_SEQ, TABLE_NAME, FOOTER_SETTER,
HEADER_SETTER ) VALUES ( 
8313, 8304, 'FIRST_NAME', 'First Name', 'First Name', 'String', 'string', NULL, NULL
, NULL, 'LINK:person.lwp?Display=Display&PersonId=$ID&DetailsCurTab=BaseTab&OrgId=$ORG_ID&OrgRelType=$ORG_REL_TYPE_NUM'
, 2, 'FIRST_NAME', NULL, NULL); 
INSERT INTO ARCH_REPORT_COLUMN ( ID, REPORT_ID, LOGICAL_NAME, VISIBLE_NAME, FILTER_NAME, TYPE,
VALIDATOR, CONVERTER, HELPER, VISIBILITY, SETTER, ORDER_SEQ, TABLE_NAME, FOOTER_SETTER,
HEADER_SETTER ) VALUES ( 
8314, 8304, 'LAST_NAME', 'Last Name', 'Last Name', 'String', 'string', NULL, NULL
, NULL, NULL, 3, 'LAST_NAME', NULL, NULL); 
INSERT INTO ARCH_REPORT_COLUMN ( ID, REPORT_ID, LOGICAL_NAME, VISIBLE_NAME, FILTER_NAME, TYPE,
VALIDATOR, CONVERTER, HELPER, VISIBILITY, SETTER, ORDER_SEQ, TABLE_NAME, FOOTER_SETTER,
HEADER_SETTER ) VALUES ( 
8315, 8304, 'USER_NAME', 'User Name', 'User Name', 'String', 'string', NULL, NULL
, NULL, NULL, 4, 'USER_NAME', NULL, NULL); 
INSERT INTO ARCH_REPORT_COLUMN ( ID, REPORT_ID, LOGICAL_NAME, VISIBLE_NAME, FILTER_NAME, TYPE,
VALIDATOR, CONVERTER, HELPER, VISIBILITY, SETTER, ORDER_SEQ, TABLE_NAME, FOOTER_SETTER,
HEADER_SETTER ) VALUES ( 
8316, 8304, 'STATUS', 'Status', 'Status', 'String', 'string', NULL, 'State', NULL
, NULL, 7, 'STATUS', NULL, NULL); 
INSERT INTO ARCH_REPORT_COLUMN ( ID, REPORT_ID, LOGICAL_NAME, VISIBLE_NAME, FILTER_NAME, TYPE,
VALIDATOR, CONVERTER, HELPER, VISIBILITY, SETTER, ORDER_SEQ, TABLE_NAME, FOOTER_SETTER,
HEADER_SETTER ) VALUES ( 
8329, 8306, 'ID', 'Id', 'ID', 'Long', 'long', NULL, NULL, NULL, NULL, 1, 'ID', NULL
, NULL); 
INSERT INTO ARCH_REPORT_COLUMN ( ID, REPORT_ID, LOGICAL_NAME, VISIBLE_NAME, FILTER_NAME, TYPE,
VALIDATOR, CONVERTER, HELPER, VISIBILITY, SETTER, ORDER_SEQ, TABLE_NAME, FOOTER_SETTER,
HEADER_SETTER ) VALUES ( 
8331, 8306, 'EXTERNAL_REF', 'External Ref', 'External Ref', 'String', 'string', NULL
, NULL, NULL, 'LINK:account.lwp?Display=Display&AccId=$ID&DetailsCurTab=BaseTab&ChildrenCurTab=AccountsTab&OwnerId=$ORG_ID&OwnerRelType=$ORG_REL_TYPE_NUM'
, 2, 'EXTERNAL_REF', NULL, NULL); 
INSERT INTO ARCH_REPORT_COLUMN ( ID, REPORT_ID, LOGICAL_NAME, VISIBLE_NAME, FILTER_NAME, TYPE,
VALIDATOR, CONVERTER, HELPER, VISIBILITY, SETTER, ORDER_SEQ, TABLE_NAME, FOOTER_SETTER,
HEADER_SETTER ) VALUES ( 
8332, 8306, 'USER_COMMENT', 'User Comment', 'User Comment', 'String', 'string', NULL
, NULL, NULL, NULL, 4, 'USER_COMMENT', NULL, NULL); 
INSERT INTO ARCH_REPORT_COLUMN ( ID, REPORT_ID, LOGICAL_NAME, VISIBLE_NAME, FILTER_NAME, TYPE,
VALIDATOR, CONVERTER, HELPER, VISIBILITY, SETTER, ORDER_SEQ, TABLE_NAME, FOOTER_SETTER,
HEADER_SETTER ) VALUES ( 
8333, 8306, 'VALUE_INSTRUMENT_ID', 'Value Inst. ID', 'Value Inst. ID', 'Long', 'long'
, NULL, NULL, NULL, NULL, 6, 'VALUE_INSTRUMENT_ID', NULL, NULL); 
INSERT INTO ARCH_REPORT_COLUMN ( ID, REPORT_ID, LOGICAL_NAME, VISIBLE_NAME, FILTER_NAME, TYPE,
VALIDATOR, CONVERTER, HELPER, VISIBILITY, SETTER, ORDER_SEQ, TABLE_NAME, FOOTER_SETTER,
HEADER_SETTER ) VALUES ( 
8334, 8306, 'STATUS', 'Status', 'Status', 'String', 'string', NULL, 'State', NULL
, NULL, 5, 'STATUS', NULL, NULL); 
INSERT INTO ARCH_REPORT_COLUMN ( ID, REPORT_ID, LOGICAL_NAME, VISIBLE_NAME, FILTER_NAME, TYPE,
VALIDATOR, CONVERTER, HELPER, VISIBILITY, SETTER, ORDER_SEQ, TABLE_NAME, FOOTER_SETTER,
HEADER_SETTER ) VALUES ( 
8335, 8306, 'ORG_ID', 'Org ID', 'Org ID', 'Long', 'long', NULL, NULL, NULL, NULL, 7
, 'ORG_ID', NULL, NULL); 
INSERT INTO ARCH_REPORT_COLUMN ( ID, REPORT_ID, LOGICAL_NAME, VISIBLE_NAME, FILTER_NAME, TYPE,
VALIDATOR, CONVERTER, HELPER, VISIBILITY, SETTER, ORDER_SEQ, TABLE_NAME, FOOTER_SETTER,
HEADER_SETTER ) VALUES ( 
8336, 8306, 'ORG_REL_TYPE', 'Relation Type', 'Relation Type', 'String', 'string', NULL
, NULL, NULL, NULL, 8, 'ORG_REL_TYPE', NULL, NULL); 
INSERT INTO ARCH_REPORT_COLUMN ( ID, REPORT_ID, LOGICAL_NAME, VISIBLE_NAME, FILTER_NAME, TYPE,
VALIDATOR, CONVERTER, HELPER, VISIBILITY, SETTER, ORDER_SEQ, TABLE_NAME, FOOTER_SETTER,
HEADER_SETTER ) VALUES ( 
8337, 8306, 'ORG_REL_TYPE_NUM', 'ORG_REL_TYPE_NUM', 'ORG_REL_TYPE_NUM', 'Long', 'long'
, NULL, NULL, 'none', NULL, 8, 'ORG_REL_TYPE_NUM', NULL, NULL); 
INSERT INTO ARCH_REPORT_COLUMN ( ID, REPORT_ID, LOGICAL_NAME, VISIBLE_NAME, FILTER_NAME, TYPE,
VALIDATOR, CONVERTER, HELPER, VISIBILITY, SETTER, ORDER_SEQ, TABLE_NAME, FOOTER_SETTER,
HEADER_SETTER ) VALUES ( 
8338, 8306, 'ORG_NAME', 'Org Name', 'Org Name', 'String', 'string', NULL, NULL, NULL
, NULL, 3, 'ORG_NAME', NULL, NULL); 
INSERT INTO ARCH_REPORT_COLUMN ( ID, REPORT_ID, LOGICAL_NAME, VISIBLE_NAME, FILTER_NAME, TYPE,
VALIDATOR, CONVERTER, HELPER, VISIBILITY, SETTER, ORDER_SEQ, TABLE_NAME, FOOTER_SETTER,
HEADER_SETTER ) VALUES ( 
8340, 8304, 'ORG_ID', 'Parent Org ID', 'Organization ID', 'Long', 'long', NULL, NULL
, 'report', NULL, 9, 'ORG_ID', NULL, NULL); 
INSERT INTO ARCH_REPORT_COLUMN ( ID, REPORT_ID, LOGICAL_NAME, VISIBLE_NAME, FILTER_NAME, TYPE,
VALIDATOR, CONVERTER, HELPER, VISIBILITY, SETTER, ORDER_SEQ, TABLE_NAME, FOOTER_SETTER,
HEADER_SETTER ) VALUES ( 
8341, 8304, 'ORG_REL_TYPE', 'Relation Type', 'Relation Type', 'String', 'string', NULL
, 'FinancialOrgToChildRel', NULL, NULL, 8, 'ORG_REL_TYPE', NULL, NULL); 
INSERT INTO ARCH_REPORT_COLUMN ( ID, REPORT_ID, LOGICAL_NAME, VISIBLE_NAME, FILTER_NAME, TYPE,
VALIDATOR, CONVERTER, HELPER, VISIBILITY, SETTER, ORDER_SEQ, TABLE_NAME, FOOTER_SETTER,
HEADER_SETTER ) VALUES ( 
8342, 8304, 'ORG_REL_TYPE_NUM', 'ORG_REL_TYPE_NUM', 'ORG_REL_TYPE_NUM', 'Long', 'long'
, NULL, NULL, 'none', NULL, 10, 'ORG_REL_TYPE_NUM', NULL, NULL); 
INSERT INTO ARCH_REPORT_COLUMN ( ID, REPORT_ID, LOGICAL_NAME, VISIBLE_NAME, FILTER_NAME, TYPE,
VALIDATOR, CONVERTER, HELPER, VISIBILITY, SETTER, ORDER_SEQ, TABLE_NAME, FOOTER_SETTER,
HEADER_SETTER ) VALUES ( 
8343, 8304, 'ORG_NAME', 'Owner Org', 'Owner Org', 'String', 'string', NULL, NULL, NULL
, NULL, 6, 'ORG_NAME', NULL, NULL); 
INSERT INTO ARCH_REPORT_COLUMN ( ID, REPORT_ID, LOGICAL_NAME, VISIBLE_NAME, FILTER_NAME, TYPE,
VALIDATOR, CONVERTER, HELPER, VISIBILITY, SETTER, ORDER_SEQ, TABLE_NAME, FOOTER_SETTER,
HEADER_SETTER ) VALUES ( 
8420, 8316, 'ID', 'Id', 'ID', NULL, NULL, NULL, NULL, NULL, 'LINK:account.lwp?Display=Display&AccId=$ID&DetailsCurTab=BaseTab&ChildrenCurTab=AccountsTab&OwnerId=$MANAGES_ORG_ID&OwnerRelType=$ORG_REL_TYPE'
, 10, 'ID', NULL, 'nosort'); 
INSERT INTO ARCH_REPORT_COLUMN ( ID, REPORT_ID, LOGICAL_NAME, VISIBLE_NAME, FILTER_NAME, TYPE,
VALIDATOR, CONVERTER, HELPER, VISIBILITY, SETTER, ORDER_SEQ, TABLE_NAME, FOOTER_SETTER,
HEADER_SETTER ) VALUES ( 
8421, 8316, 'EXTERNAL_REF', 'External ref', 'External Ref', NULL, NULL, NULL, NULL
, NULL, NULL, 20, 'EXTERNAL_REF', NULL, 'nosort'); 
INSERT INTO ARCH_REPORT_COLUMN ( ID, REPORT_ID, LOGICAL_NAME, VISIBLE_NAME, FILTER_NAME, TYPE,
VALIDATOR, CONVERTER, HELPER, VISIBILITY, SETTER, ORDER_SEQ, TABLE_NAME, FOOTER_SETTER,
HEADER_SETTER ) VALUES ( 
8422, 8316, 'USER_COMMENT', 'Comment', 'User Comment', NULL, NULL, NULL, NULL, 'none'
, NULL, 30, 'USER_COMMENT', NULL, 'nosort'); 
INSERT INTO ARCH_REPORT_COLUMN ( ID, REPORT_ID, LOGICAL_NAME, VISIBLE_NAME, FILTER_NAME, TYPE,
VALIDATOR, CONVERTER, HELPER, VISIBILITY, SETTER, ORDER_SEQ, TABLE_NAME, FOOTER_SETTER,
HEADER_SETTER ) VALUES ( 
8423, 8316, 'TRIPARTY_BANK', 'Triparty Bank', 'Triparty Bank', NULL, NULL, NULL, NULL
, NULL, NULL, 40, 'TRIPARTY_BANK', NULL, 'nosort'); 
INSERT INTO ARCH_REPORT_COLUMN ( ID, REPORT_ID, LOGICAL_NAME, VISIBLE_NAME, FILTER_NAME, TYPE,
VALIDATOR, CONVERTER, HELPER, VISIBILITY, SETTER, ORDER_SEQ, TABLE_NAME, FOOTER_SETTER,
HEADER_SETTER ) VALUES ( 
8424, 8316, 'MANAGES_ORG_ID', 'Parent Org', 'Parent Org', NULL, NULL, NULL, NULL, NULL
, NULL, 50, 'MANAGES_ORG_ID', NULL, 'nosort'); 
INSERT INTO ARCH_REPORT_COLUMN ( ID, REPORT_ID, LOGICAL_NAME, VISIBLE_NAME, FILTER_NAME, TYPE,
VALIDATOR, CONVERTER, HELPER, VISIBILITY, SETTER, ORDER_SEQ, TABLE_NAME, FOOTER_SETTER,
HEADER_SETTER ) VALUES ( 
8425, 8316, 'ORG_REL_TYPE', 'ORG_REL_TYPE', 'ORG_REL_TYPE', NULL, NULL, NULL, NULL
, 'none', NULL, 60, 'ORG_REL_TYPE', NULL, 'nosort'); 
INSERT INTO ARCH_REPORT_COLUMN ( ID, REPORT_ID, LOGICAL_NAME, VISIBLE_NAME, FILTER_NAME, TYPE,
VALIDATOR, CONVERTER, HELPER, VISIBILITY, SETTER, ORDER_SEQ, TABLE_NAME, FOOTER_SETTER,
HEADER_SETTER ) VALUES ( 
8426, 8316, 'AGREEMENT_TYPE', 'Agreement Type', 'Agreement Type', NULL, NULL, NULL
, NULL, NULL, NULL, 70, 'AGREEMENT_TYPE', NULL, 'nosort'); 
INSERT INTO ARCH_REPORT_COLUMN ( ID, REPORT_ID, LOGICAL_NAME, VISIBLE_NAME, FILTER_NAME, TYPE,
VALIDATOR, CONVERTER, HELPER, VISIBILITY, SETTER, ORDER_SEQ, TABLE_NAME, FOOTER_SETTER,
HEADER_SETTER ) VALUES ( 
8427, 8316, 'PB_ORG_NAME', 'PB Name', 'PB Name', NULL, NULL, NULL, NULL, NULL, NULL
, 80, 'PB_ORG_NAME', NULL, 'nosort'); 
INSERT INTO ARCH_REPORT_COLUMN ( ID, REPORT_ID, LOGICAL_NAME, VISIBLE_NAME, FILTER_NAME, TYPE,
VALIDATOR, CONVERTER, HELPER, VISIBILITY, SETTER, ORDER_SEQ, TABLE_NAME, FOOTER_SETTER,
HEADER_SETTER ) VALUES ( 
8428, 8316, 'NAMER_ID', 'Namer Id', 'Namer Id', NULL, NULL, NULL, NULL, 'none', NULL
, 90, 'NAMER_ID', NULL, 'nosort'); 
INSERT INTO ARCH_REPORT_COLUMN ( ID, REPORT_ID, LOGICAL_NAME, VISIBLE_NAME, FILTER_NAME, TYPE,
VALIDATOR, CONVERTER, HELPER, VISIBILITY, SETTER, ORDER_SEQ, TABLE_NAME, FOOTER_SETTER,
HEADER_SETTER ) VALUES ( 
8429, 8316, 'STATUS', 'Status', 'Status', NULL, NULL, NULL, 'State', NULL, NULL, 100
, 'STATUS', NULL, 'nosort'); 
INSERT INTO ARCH_REPORT_COLUMN ( ID, REPORT_ID, LOGICAL_NAME, VISIBLE_NAME, FILTER_NAME, TYPE,
VALIDATOR, CONVERTER, HELPER, VISIBILITY, SETTER, ORDER_SEQ, TABLE_NAME, FOOTER_SETTER,
HEADER_SETTER ) VALUES ( 
8372, 8317, 'ID', 'Id', 'ID', NULL, NULL, NULL, NULL, NULL, 'LINK:account.lwp?Display=Display&AccId=$ID&DetailsCurTab=BaseTab&ChildrenCurTab=AccountsTab&OwnerId=$MANAGES_ORG_ID&OwnerRelType=$ORG_REL_TYPE'
, 1, 'ID', NULL, 'nosort'); 
INSERT INTO ARCH_REPORT_COLUMN ( ID, REPORT_ID, LOGICAL_NAME, VISIBLE_NAME, FILTER_NAME, TYPE,
VALIDATOR, CONVERTER, HELPER, VISIBILITY, SETTER, ORDER_SEQ, TABLE_NAME, FOOTER_SETTER,
HEADER_SETTER ) VALUES ( 
8373, 8317, 'EXTERNAL_REF', 'External ref', 'External Ref', NULL, NULL, NULL, NULL
, NULL, NULL, 6, 'EXTERNAL_REF', NULL, 'nosort'); 
INSERT INTO ARCH_REPORT_COLUMN ( ID, REPORT_ID, LOGICAL_NAME, VISIBLE_NAME, FILTER_NAME, TYPE,
VALIDATOR, CONVERTER, HELPER, VISIBILITY, SETTER, ORDER_SEQ, TABLE_NAME, FOOTER_SETTER,
HEADER_SETTER ) VALUES ( 
8374, 8317, 'USER_COMMENT', 'Comment', 'User Comment', NULL, NULL, NULL, NULL, 'none'
, NULL, 8, 'USER_COMMENT', NULL, 'nosort'); 
INSERT INTO ARCH_REPORT_COLUMN ( ID, REPORT_ID, LOGICAL_NAME, VISIBLE_NAME, FILTER_NAME, TYPE,
VALIDATOR, CONVERTER, HELPER, VISIBILITY, SETTER, ORDER_SEQ, TABLE_NAME, FOOTER_SETTER,
HEADER_SETTER ) VALUES ( 
8375, 8317, 'VALUE_INSTRUMENT_ID', 'Value Instrument ID', 'Value Instrument ID', NULL
, NULL, NULL, NULL, NULL, NULL, 10, 'VALUE_INSTRUMENT_ID', NULL, 'nosort'); 
INSERT INTO ARCH_REPORT_COLUMN ( ID, REPORT_ID, LOGICAL_NAME, VISIBLE_NAME, FILTER_NAME, TYPE,
VALIDATOR, CONVERTER, HELPER, VISIBILITY, SETTER, ORDER_SEQ, TABLE_NAME, FOOTER_SETTER,
HEADER_SETTER ) VALUES ( 
8376, 8317, 'STATUS', 'Status', 'Status', NULL, NULL, NULL, 'State', NULL, NULL, 12
, 'STATUS', NULL, 'nosort'); 
INSERT INTO ARCH_REPORT_COLUMN ( ID, REPORT_ID, LOGICAL_NAME, VISIBLE_NAME, FILTER_NAME, TYPE,
VALIDATOR, CONVERTER, HELPER, VISIBILITY, SETTER, ORDER_SEQ, TABLE_NAME, FOOTER_SETTER,
HEADER_SETTER ) VALUES ( 
8377, 8317, 'ORG_REL_TYPE_STR', 'Relation type', 'Relation Type', NULL, NULL, NULL
, 'FinancialOrgToChildRel', NULL, NULL, 16, 'ORG_REL_TYPE_STR', NULL, 'nosort'); 
INSERT INTO ARCH_REPORT_COLUMN ( ID, REPORT_ID, LOGICAL_NAME, VISIBLE_NAME, FILTER_NAME, TYPE,
VALIDATOR, CONVERTER, HELPER, VISIBILITY, SETTER, ORDER_SEQ, TABLE_NAME, FOOTER_SETTER,
HEADER_SETTER ) VALUES ( 
8378, 8317, 'ORG_REL_TYPE', 'ORG_REL_TYPE', 'ORG_REL_TYPE', NULL, NULL, NULL, NULL
, 'none', NULL, 18, 'ORG_REL_TYPE', NULL, 'nosort'); 
INSERT INTO ARCH_REPORT_COLUMN ( ID, REPORT_ID, LOGICAL_NAME, VISIBLE_NAME, FILTER_NAME, TYPE,
VALIDATOR, CONVERTER, HELPER, VISIBILITY, SETTER, ORDER_SEQ, TABLE_NAME, FOOTER_SETTER,
HEADER_SETTER ) VALUES ( 
8379, 8317, 'MANAGES_ORG_ID', 'Parent Org', 'Parent Org', NULL, NULL, NULL, NULL, NULL
, NULL, 14, 'MANAGES_ORG_ID', NULL, 'nosort'); 
INSERT INTO ARCH_REPORT_COLUMN ( ID, REPORT_ID, LOGICAL_NAME, VISIBLE_NAME, FILTER_NAME, TYPE,
VALIDATOR, CONVERTER, HELPER, VISIBILITY, SETTER, ORDER_SEQ, TABLE_NAME, FOOTER_SETTER,
HEADER_SETTER ) VALUES ( 
8380, 8318, 'ID', 'Id', 'ID', NULL, NULL, NULL, NULL, NULL, 'LINK:person.lwp?Display=Display&PersonId=$ID&DetailsCurTab=BaseTab&OrgId=$MANAGES_ORG_ID&OrgRelType=$ORG_REL_TYPE'
, 1, 'ID', NULL, 'nosort'); 
INSERT INTO ARCH_REPORT_COLUMN ( ID, REPORT_ID, LOGICAL_NAME, VISIBLE_NAME, FILTER_NAME, TYPE,
VALIDATOR, CONVERTER, HELPER, VISIBILITY, SETTER, ORDER_SEQ, TABLE_NAME, FOOTER_SETTER,
HEADER_SETTER ) VALUES ( 
8381, 8318, 'TITLE', 'Title', 'TITLE', NULL, NULL, NULL, NULL, NULL, NULL, 2, 'TITLE'
, NULL, 'nosort'); 
INSERT INTO ARCH_REPORT_COLUMN ( ID, REPORT_ID, LOGICAL_NAME, VISIBLE_NAME, FILTER_NAME, TYPE,
VALIDATOR, CONVERTER, HELPER, VISIBILITY, SETTER, ORDER_SEQ, TABLE_NAME, FOOTER_SETTER,
HEADER_SETTER ) VALUES ( 
8382, 8318, 'FIRST_NAME', 'First name', 'FIRST_NAME', NULL, NULL, NULL, NULL, NULL
, NULL, 3, 'FIRST_NAME', NULL, 'nosort'); 
INSERT INTO ARCH_REPORT_COLUMN ( ID, REPORT_ID, LOGICAL_NAME, VISIBLE_NAME, FILTER_NAME, TYPE,
VALIDATOR, CONVERTER, HELPER, VISIBILITY, SETTER, ORDER_SEQ, TABLE_NAME, FOOTER_SETTER,
HEADER_SETTER ) VALUES ( 
8383, 8318, 'LAST_NAME', 'Last name', 'LAST_NAME', NULL, NULL, NULL, NULL, NULL, NULL
, 4, 'LAST_NAME', NULL, 'nosort'); 
INSERT INTO ARCH_REPORT_COLUMN ( ID, REPORT_ID, LOGICAL_NAME, VISIBLE_NAME, FILTER_NAME, TYPE,
VALIDATOR, CONVERTER, HELPER, VISIBILITY, SETTER, ORDER_SEQ, TABLE_NAME, FOOTER_SETTER,
HEADER_SETTER ) VALUES ( 
8384, 8318, 'USER_NAME', 'User name', 'USER_NAME', NULL, NULL, NULL, NULL, NULL, NULL
, 5, 'USER_NAME', NULL, 'nosort'); 
INSERT INTO ARCH_REPORT_COLUMN ( ID, REPORT_ID, LOGICAL_NAME, VISIBLE_NAME, FILTER_NAME, TYPE,
VALIDATOR, CONVERTER, HELPER, VISIBILITY, SETTER, ORDER_SEQ, TABLE_NAME, FOOTER_SETTER,
HEADER_SETTER ) VALUES ( 
8385, 8318, 'STATUS', 'Status', 'STATUS', NULL, NULL, NULL, 'State', NULL, NULL, 6
, 'STATUS', NULL, 'nosort'); 
INSERT INTO ARCH_REPORT_COLUMN ( ID, REPORT_ID, LOGICAL_NAME, VISIBLE_NAME, FILTER_NAME, TYPE,
VALIDATOR, CONVERTER, HELPER, VISIBILITY, SETTER, ORDER_SEQ, TABLE_NAME, FOOTER_SETTER,
HEADER_SETTER ) VALUES ( 
8387, 8318, 'ORG_REL_TYPE_STR', 'Relation type', 'ORG_REL_TYPE_STR', NULL, NULL, NULL
, NULL, NULL, NULL, 9, 'ORG_REL_TYPE_STR', NULL, 'nosort'); 
INSERT INTO ARCH_REPORT_COLUMN ( ID, REPORT_ID, LOGICAL_NAME, VISIBLE_NAME, FILTER_NAME, TYPE,
VALIDATOR, CONVERTER, HELPER, VISIBILITY, SETTER, ORDER_SEQ, TABLE_NAME, FOOTER_SETTER,
HEADER_SETTER ) VALUES ( 
8388, 8318, 'ORG_REL_TYPE', 'ORG_REL_TYPE', 'ORG_REL_TYPE', NULL, NULL, NULL, NULL
, 'none', NULL, 10, 'ORG_REL_TYPE', NULL, 'nosort'); 
INSERT INTO ARCH_REPORT_COLUMN ( ID, REPORT_ID, LOGICAL_NAME, VISIBLE_NAME, FILTER_NAME, TYPE,
VALIDATOR, CONVERTER, HELPER, VISIBILITY, SETTER, ORDER_SEQ, TABLE_NAME, FOOTER_SETTER,
HEADER_SETTER ) VALUES ( 
8389, 8318, 'MANAGES_ORG_ID', 'Parent Org', 'MANAGES_ORG_ID', NULL, NULL, NULL, NULL
, NULL, NULL, 8, 'MANAGES_ORG_ID', NULL, 'nosort'); 
INSERT INTO ARCH_REPORT_COLUMN ( ID, REPORT_ID, LOGICAL_NAME, VISIBLE_NAME, FILTER_NAME, TYPE,
VALIDATOR, CONVERTER, HELPER, VISIBILITY, SETTER, ORDER_SEQ, TABLE_NAME, FOOTER_SETTER,
HEADER_SETTER ) VALUES ( 
8390, 8318, 'PERSON_TYPE', 'Person type', 'PERSON_TYPE', NULL, NULL, NULL, NULL, 'none'
, NULL, 11, 'PERSON_TYPE', NULL, 'nosort'); 
INSERT INTO ARCH_REPORT_COLUMN ( ID, REPORT_ID, LOGICAL_NAME, VISIBLE_NAME, FILTER_NAME, TYPE,
VALIDATOR, CONVERTER, HELPER, VISIBILITY, SETTER, ORDER_SEQ, TABLE_NAME, FOOTER_SETTER,
HEADER_SETTER ) VALUES ( 
8397, 8320, 'ID', 'Id', 'ID', NULL, NULL, NULL, NULL, NULL, 'LINK:org.lwp?Display=Display&OrgId=$ID&ParentId=$MANAGES_ORG_ID&ParentRelType=$ORG_REL_TYPE'
, 1, 'ID', NULL, 'nosort'); 
INSERT INTO ARCH_REPORT_COLUMN ( ID, REPORT_ID, LOGICAL_NAME, VISIBLE_NAME, FILTER_NAME, TYPE,
VALIDATOR, CONVERTER, HELPER, VISIBILITY, SETTER, ORDER_SEQ, TABLE_NAME, FOOTER_SETTER,
HEADER_SETTER ) VALUES ( 
8398, 8320, 'NAME', 'Name', 'NAME', NULL, NULL, NULL, NULL, NULL, NULL, 2, 'NAME'
, NULL, 'nosort'); 
INSERT INTO ARCH_REPORT_COLUMN ( ID, REPORT_ID, LOGICAL_NAME, VISIBLE_NAME, FILTER_NAME, TYPE,
VALIDATOR, CONVERTER, HELPER, VISIBILITY, SETTER, ORDER_SEQ, TABLE_NAME, FOOTER_SETTER,
HEADER_SETTER ) VALUES ( 
8399, 8320, 'TYPE', 'Type', 'TYPE', NULL, NULL, NULL, NULL, NULL, NULL, 3, 'TYPE'
, NULL, 'nosort'); 
INSERT INTO ARCH_REPORT_COLUMN ( ID, REPORT_ID, LOGICAL_NAME, VISIBLE_NAME, FILTER_NAME, TYPE,
VALIDATOR, CONVERTER, HELPER, VISIBILITY, SETTER, ORDER_SEQ, TABLE_NAME, FOOTER_SETTER,
HEADER_SETTER ) VALUES ( 
8400, 8320, 'STATUS', 'Status', 'STATUS', NULL, NULL, NULL, NULL, NULL, NULL, 4, 'STATUS'
, NULL, 'nosort'); 
INSERT INTO ARCH_REPORT_COLUMN ( ID, REPORT_ID, LOGICAL_NAME, VISIBLE_NAME, FILTER_NAME, TYPE,
VALIDATOR, CONVERTER, HELPER, VISIBILITY, SETTER, ORDER_SEQ, TABLE_NAME, FOOTER_SETTER,
HEADER_SETTER ) VALUES ( 
8401, 8320, 'ROLE_NAME', 'Role Name', 'ROLE_NAME', NULL, NULL, NULL, NULL, NULL, NULL
, 5, 'ROLE_NAME', NULL, 'nosort'); 
INSERT INTO ARCH_REPORT_COLUMN ( ID, REPORT_ID, LOGICAL_NAME, VISIBLE_NAME, FILTER_NAME, TYPE,
VALIDATOR, CONVERTER, HELPER, VISIBILITY, SETTER, ORDER_SEQ, TABLE_NAME, FOOTER_SETTER,
HEADER_SETTER ) VALUES ( 
8402, 8320, 'ROLE_KEY', 'ROLE_KEY', 'ROLE_KEY', NULL, NULL, NULL, NULL, 'none', NULL
, 10, 'ROLE_KEY', NULL, 'nosort'); 
INSERT INTO ARCH_REPORT_COLUMN ( ID, REPORT_ID, LOGICAL_NAME, VISIBLE_NAME, FILTER_NAME, TYPE,
VALIDATOR, CONVERTER, HELPER, VISIBILITY, SETTER, ORDER_SEQ, TABLE_NAME, FOOTER_SETTER,
HEADER_SETTER ) VALUES ( 
8403, 8320, 'ORG_REL_TYPE_STR', 'Relation Type', 'ORG_REL_TYPE_STR', NULL, NULL, NULL
, NULL, NULL, NULL, 7, 'ORG_REL_TYPE_STR', NULL, 'nosort'); 
INSERT INTO ARCH_REPORT_COLUMN ( ID, REPORT_ID, LOGICAL_NAME, VISIBLE_NAME, FILTER_NAME, TYPE,
VALIDATOR, CONVERTER, HELPER, VISIBILITY, SETTER, ORDER_SEQ, TABLE_NAME, FOOTER_SETTER,
HEADER_SETTER ) VALUES ( 
8231, 8036, 'FLOW_ID', 'Flow ID', 'Flow ID', 'Long', 'long', NULL, NULL, NULL, NULL
, 1, 'FLOW_ID', NULL, NULL); 
INSERT INTO ARCH_REPORT_COLUMN ( ID, REPORT_ID, LOGICAL_NAME, VISIBLE_NAME, FILTER_NAME, TYPE,
VALIDATOR, CONVERTER, HELPER, VISIBILITY, SETTER, ORDER_SEQ, TABLE_NAME, FOOTER_SETTER,
HEADER_SETTER ) VALUES ( 
8404, 8320, 'ORG_REL_TYPE', 'ORG_REL_TYPE', 'ORG_REL_TYPE', NULL, NULL, NULL, NULL
, 'none', NULL, 10, 'ORG_REL_TYPE', NULL, 'nosort'); 
INSERT INTO ARCH_REPORT_COLUMN ( ID, REPORT_ID, LOGICAL_NAME, VISIBLE_NAME, FILTER_NAME, TYPE,
VALIDATOR, CONVERTER, HELPER, VISIBILITY, SETTER, ORDER_SEQ, TABLE_NAME, FOOTER_SETTER,
HEADER_SETTER ) VALUES ( 
8405, 8320, 'MANAGES_ORG_ID', 'Parent Org', 'MANAGES_ORG_ID', NULL, NULL, NULL, NULL
, NULL, NULL, 6, 'MANAGES_ORG_ID', NULL, 'nosort'); 
INSERT INTO ARCH_REPORT_COLUMN ( ID, REPORT_ID, LOGICAL_NAME, VISIBLE_NAME, FILTER_NAME, TYPE,
VALIDATOR, CONVERTER, HELPER, VISIBILITY, SETTER, ORDER_SEQ, TABLE_NAME, FOOTER_SETTER,
HEADER_SETTER ) VALUES ( 
8410, 8401, 'NAME', 'Name', 'NAME', NULL, NULL, NULL, NULL, NULL, NULL, 2, 'NAME'
, NULL, NULL); 
INSERT INTO ARCH_REPORT_COLUMN ( ID, REPORT_ID, LOGICAL_NAME, VISIBLE_NAME, FILTER_NAME, TYPE,
VALIDATOR, CONVERTER, HELPER, VISIBILITY, SETTER, ORDER_SEQ, TABLE_NAME, FOOTER_SETTER,
HEADER_SETTER ) VALUES ( 
8411, 8401, 'TRANSPORT_TYPE', 'TRANSPORT_TYPE', 'TRANSPORT_TYPE', NULL, NULL, NULL
, NULL, 'none', NULL, 9, 'TRANSPORT_TYPE', NULL, NULL); 
INSERT INTO ARCH_REPORT_COLUMN ( ID, REPORT_ID, LOGICAL_NAME, VISIBLE_NAME, FILTER_NAME, TYPE,
VALIDATOR, CONVERTER, HELPER, VISIBILITY, SETTER, ORDER_SEQ, TABLE_NAME, FOOTER_SETTER,
HEADER_SETTER ) VALUES ( 
8412, 8401, 'DIRECTION', 'Direction', 'DIRECTION', NULL, NULL, NULL, NULL, NULL, NULL
, 5, 'DIRECTION', NULL, NULL); 
INSERT INTO ARCH_REPORT_COLUMN ( ID, REPORT_ID, LOGICAL_NAME, VISIBLE_NAME, FILTER_NAME, TYPE,
VALIDATOR, CONVERTER, HELPER, VISIBILITY, SETTER, ORDER_SEQ, TABLE_NAME, FOOTER_SETTER,
HEADER_SETTER ) VALUES ( 
8413, 8401, 'ADDR_ID', 'Address ID', 'ADDR_ID', NULL, NULL, NULL, NULL, NULL, 'LINK:connectivity.lwp?Display=Display&AddrId=$ADDR_ID&TransportType=$TRANSPORT_TYPE&OrgId=$MANAGES_ORG_ID&OrgName=$MANAGES_ORG_NAME'
, 1, 'ADDR_ID', NULL, NULL); 
		
------------end: ARCH_REPORT_COLUMN 

delete ARCH_CODE_GROUP where id in (1100048,4050,4031);
INSERT INTO ARCH_CODE_GROUP ( ID, NAME, STATUS, DOMAIN_ID, ATTR, SOURCE, SOLUTION_NAME,GROUP_COMMENT, KEYS_DATA_TYPE, VALUES_DATA_TYPE, CODES_CLASS ) 
	VALUES ( 1100048, 'MessageGroupNames', 1, 1000000, 0, NULL, 'JPMC', 'Message Group Names for connectivity', 'String', 'String', NULL); 
INSERT INTO ARCH_CODE_GROUP ( ID, NAME, STATUS, DOMAIN_ID, ATTR, SOURCE, SOLUTION_NAME,GROUP_COMMENT, KEYS_DATA_TYPE, VALUES_DATA_TYPE, CODES_CLASS ) 
	VALUES (4050, 'DashBoardFormat', 1, 100, 0, NULL, 'ALL', 'dashboard types', 'int', 'String', 'com.traiana.web.core.codes.ArchDashBoardFormatConstsInterface'); 
INSERT INTO ARCH_CODE_GROUP ( ID, NAME, STATUS, DOMAIN_ID, ATTR, SOURCE, SOLUTION_NAME,GROUP_COMMENT, KEYS_DATA_TYPE, VALUES_DATA_TYPE, CODES_CLASS ) 
	VALUES (4031, 'DashboardImpl', 1, '0', '0', NULL, 'ALL', NULL, 'int', 'String', 'com.traiana.core.codes.DashboardImplConstsInterface'); 

delete ARCH_CODE_MEMBER where group_id=1100048 and code_key='1000200';
delete ARCH_CODE_MEMBER where group_id=4050 and code_key='1';
delete ARCH_CODE_MEMBER where group_id=4050 and code_key='2';
delete ARCH_CODE_MEMBER where group_id=4050 and code_key='3';
delete ARCH_CODE_MEMBER where group_id=4050 and code_key='4';
delete ARCH_CODE_MEMBER where group_id=4031 and code_key='1';
INSERT INTO ARCH_CODE_MEMBER ( GROUP_ID, CODE_KEY, DATA, NAME, CODE_COMMENT,STATUS ) 
	VALUES ( 1100048, '1000200', 'FX and Options', 'FX and Options', 'Forth Code Group', 1); 
INSERT INTO ARCH_CODE_MEMBER ( GROUP_ID, CODE_KEY, DATA, NAME, CODE_COMMENT,STATUS ) 
	VALUES (4050, '1', 'Pie', 'Pie', NULL, 1); 
INSERT INTO ARCH_CODE_MEMBER ( GROUP_ID, CODE_KEY, DATA, NAME, CODE_COMMENT,STATUS ) 
	VALUES (4050, '2', 'Bar', 'Bar', NULL, 1); 
INSERT INTO ARCH_CODE_MEMBER ( GROUP_ID, CODE_KEY, DATA, NAME, CODE_COMMENT,STATUS ) 
	VALUES (4050, '3', 'Graph', 'Graph', NULL, 1); 
INSERT INTO ARCH_CODE_MEMBER ( GROUP_ID, CODE_KEY, DATA, NAME, CODE_COMMENT,STATUS ) 
	VALUES (4050, '4', 'Table', 'Table', NULL, 1); 
INSERT INTO ARCH_CODE_MEMBER ( GROUP_ID, CODE_KEY, DATA, NAME, CODE_COMMENT,STATUS ) 
	VALUES (4031, '1', 'com.traiana.core.admin.dynfinobj.beans.report.SvgReportBean', 'SvgReportBean', NULL, 1); 

delete ARCH_LOG_MESSAGES where msg_id in (50109,50107,50108,50110,50601,50602,50701,50111);
INSERT INTO ARCH_LOG_MESSAGES ( MSG_ID, MESSAGE, LOG_MSG_DEVISION,LANG ) 
	VALUES (50109, 'The new password you select is already exist in passwords history list. Please select other password!', 23, NULL); 
INSERT INTO ARCH_LOG_MESSAGES ( MSG_ID, MESSAGE, LOG_MSG_DEVISION,LANG ) 
	VALUES (50107, 'Password quality error - {0}. Please select a valid password!', 23, NULL); 
INSERT INTO ARCH_LOG_MESSAGES ( MSG_ID, MESSAGE, LOG_MSG_DEVISION,LANG ) 
	VALUES (50108, 'Password mismatch error! The old password supplied, is not equal to user''s password.', 23, NULL); 
INSERT INTO ARCH_LOG_MESSAGES ( MSG_ID, MESSAGE, LOG_MSG_DEVISION,LANG ) 
	VALUES (50110, 'Password is not yet changeable error! The minimum amount of days, prior to possible replacement of password, was not yet established.', 23, NULL); 
INSERT INTO ARCH_LOG_MESSAGES ( MSG_ID, MESSAGE, LOG_MSG_DEVISION,LANG ) 
	VALUES ( 50111, 'The user is not ARCH user. Therefore you will not be able to change the password', 23, NULL); 
INSERT INTO ARCH_LOG_MESSAGES ( MSG_ID, MESSAGE, LOG_MSG_DEVISION,LANG ) 
	VALUES (50601, 'Error while Associating message groups for this client', 23, NULL); 
INSERT INTO ARCH_LOG_MESSAGES ( MSG_ID, MESSAGE, LOG_MSG_DEVISION,LANG ) 
	VALUES (50602, 'This client has more then one message group associated', 23, NULL); 
INSERT INTO ARCH_LOG_MESSAGES ( MSG_ID, MESSAGE, LOG_MSG_DEVISION,LANG ) 
	VALUES (50701, 'Unable to initialize the VelocityTemplateEngine', 23, NULL); 

---57 rows to update
UPDATE ARCH_REPORT_COLUMN
	set HEADER_SETTER = 'nosort'
WHERE ID in (8310,8372,8373,8374,8375,8376,8377,8378,8379,8380,8381,8382,8383,8384,8385,8387,8388,8389,8390,8397,8398,8399,8400,8401,8402,8403,8404,8405,17104,17106,17107,17112,17115,17117,17118,17120,116782,116786,116787,116788,116789,116850,116851,116852,116853,116856,116857,116858,116859,116860,116957,116958,116959,116960,116961,116962,116963);

delete ARCH_REPORT_INSTANCE where id in (10008,10009,10012,10013,10250,10291);
insert into ARCH_REPORT_INSTANCE( ID,REPORT_ID,SORT_COLUMNS,SORT_ORDER,FILTER_ROOT ) 
	values (10008,10231,'Name','ASC',8051);
insert into ARCH_REPORT_INSTANCE( ID,REPORT_ID,SORT_COLUMNS,SORT_ORDER,FILTER_ROOT ) 
	values (10009,10241,'CcyPair','ASC',8053);
INSERT INTO ARCH_REPORT_INSTANCE ( ID, REPORT_ID, SORT_COLUMNS, SORT_ORDER,FILTER_ROOT ) 
	VALUES ( 10012, 10243, 'Ccypair', 'ASC', '10510'); 
INSERT INTO ARCH_REPORT_INSTANCE ( ID, REPORT_ID, SORT_COLUMNS, SORT_ORDER,FILTER_ROOT ) 
	VALUES ( 10013, 10244, 'CcyPair', 'ASC', '10512'); 
insert into ARCH_REPORT_INSTANCE( ID,REPORT_ID,SORT_COLUMNS,SORT_ORDER,FILTER_ROOT ) 
	values (10250,10250,'AccountId2','ASC',10700);
INSERT INTO ARCH_REPORT_INSTANCE ( ID, REPORT_ID, SORT_COLUMNS, SORT_ORDER,FILTER_ROOT ) 
	VALUES (10291, 10328, 'EbOrgName,ClientOrgName', 'ASC,ASC', 10742);

delete ARCH_WEB_JSP_PAGES where id=6;
INSERT INTO ARCH_WEB_JSP_PAGES ( ID, FULL_FILE_NAME ) 
	VALUES ( 6, '/views/svgview.jsp');  

delete ARCH_WEB_URI where id=10020;
INSERT INTO ARCH_WEB_URI ( ID, URI, OBJECT, HISTORY_LABEL, APP_ID, IS_ACTIVE, PERMISSION, VIEW_ID,HISTORY_OPERATIONS, DEFAULT_WEB_URI_ID, HISTORY_URI ) 
	VALUES ( 10020, '/archadm/svg.lwp', 'com.traiana.core.admin.report.SvgReportForm', NULL, 1, 1, 4294967295, 6, NULL, 100, NULL); 

CREATE OR REPLACE FORCE VIEW V_ARCH_DASHBOARD_COMPONENT
(ID, OBJECT_NAME, FORMAT, REFRESH_TIME, URI, 
 ORDER_SEQ, BEAN_NAME, TEMPLATE_SIZE, TOTALS_ONLY, FILTER, 
 IMPLEMENTATION_CLASS_ID)
AS 
SELECT ADTD.ID ID,
AR.NAME OBJECT_NAME,
ADTD.FORMAT FORMAT,
ADTD.REFRESH_TIME REFRESH_TIME,
AWU.URI URI,
ADTD.ORDER_SEQ ORDER_SEQ,
ADTD.BEAN_NAME BEAN_NAME,
ADTD.TEMPLATE_SIZE,
ADTD.TOTALS_ONLY,
ADTD.FILTER,
ADTD.IMPLEMENTATION_CLASS_ID
FROM
ARCH_DASHBOARD_COMPONENT ADC,
ARCH_DASHBOARD_TMPLT_DEFAULT ADTD,
ARCH_wEB_URI AWU,
ARCH_REPORT AR
WHERE
ADC.ID=ADTD.DASHBOARD_COMPONENT_ID AND
AWU.ID = ADC.WEB_URI_ID AND
AR.ID = ADC.OBJECT_ID;


CREATE OR REPLACE VIEW V_ARCH_SAVED_FILTERS ( ID, 
PERSON_ID, REPORT_ID, DATA, NAME
 ) AS SELECT A.ID ID,
A.PERSON_ID PERSON_ID,
A.REPORT_ID REPORT_ID,
B.DATA DATA,
A.NAME
FROM ARCH_SAVED_FILTERS A,
           ARCH_BINARY_DATA B
WHERE A.ID=B.ID AND
A.STATUS=1;

-------------------------------------------------- SOLUTION CHANGES -----------------------------------

------------start option flat protocol report ------------
delete ARCH_REPORT  where id=1102100;
INSERT INTO ARCH_REPORT ( ID, NAME, CATALOG_NAME, REPORT_NAME, REPORTING_ENGINE ) 
    VALUES ( 1102100, 'Option Flat Protocol Monitor Report', 'arch-admin', 'V_FXPB_OPTION_FLAT_REPORT', 'com.traiana.core.service.infra.report.imp.archreport.ArchReportService'); 

delete ARCH_REPORT_COLUMN where report_id=1102100;
INSERT INTO ARCH_REPORT_COLUMN ( ID, REPORT_ID, LOGICAL_NAME, VISIBLE_NAME, FILTER_NAME, TYPE,VALIDATOR, CONVERTER, HELPER, VISIBILITY, SETTER, ORDER_SEQ, TABLE_NAME, FOOTER_SETTER,HEADER_SETTER ) 
	VALUES ( 1102100, 1102100, 'ID', 'Id', 'Id', 'Long', 'long', NULL, NULL, NULL, NULL, 10, 'ID', NULL, NULL); 
INSERT INTO ARCH_REPORT_COLUMN ( ID, REPORT_ID, LOGICAL_NAME, VISIBLE_NAME, FILTER_NAME, TYPE,VALIDATOR, CONVERTER, HELPER, VISIBILITY, SETTER, ORDER_SEQ, TABLE_NAME, FOOTER_SETTER,HEADER_SETTER ) 
	VALUES ( 1102101, 1102100, 'PARTNER_NAME', 'Partner Name', 'Partner Name', 'String', 'string', NULL, NULL, NULL, NULL, 20, 'PARTNER_NAME', NULL, NULL); 
INSERT INTO ARCH_REPORT_COLUMN ( ID, REPORT_ID, LOGICAL_NAME, VISIBLE_NAME, FILTER_NAME, TYPE,VALIDATOR, CONVERTER, HELPER, VISIBILITY, SETTER, ORDER_SEQ, TABLE_NAME, FOOTER_SETTER,HEADER_SETTER ) 
	VALUES ( 1102102, 1102100, 'STATUS', 'Status', 'Status', 'Long', 'long', NULL, NULL, NULL, NULL, 30, 'STATUS', NULL, NULL); 
INSERT INTO ARCH_REPORT_COLUMN ( ID, REPORT_ID, LOGICAL_NAME, VISIBLE_NAME, FILTER_NAME, TYPE,VALIDATOR, CONVERTER, HELPER, VISIBILITY, SETTER, ORDER_SEQ, TABLE_NAME, FOOTER_SETTER,HEADER_SETTER ) 
	VALUES ( 1102103, 1102100, 'REQUEST_ID', 'Request Id', 'Request Id', 'String', 'string', NULL, NULL, NULL, NULL, 40, 'REQUEST_ID', NULL, NULL); 
INSERT INTO ARCH_REPORT_COLUMN ( ID, REPORT_ID, LOGICAL_NAME, VISIBLE_NAME, FILTER_NAME, TYPE,VALIDATOR, CONVERTER, HELPER, VISIBILITY, SETTER, ORDER_SEQ, TABLE_NAME, FOOTER_SETTER,HEADER_SETTER ) 
	VALUES ( 1102104, 1102100, 'REASON', 'Reason', 'Reason', 'String', 'string', NULL, NULL, NULL, NULL, 50, 'REASON', NULL, NULL); 
INSERT INTO ARCH_REPORT_COLUMN ( ID, REPORT_ID, LOGICAL_NAME, VISIBLE_NAME, FILTER_NAME, TYPE,VALIDATOR, CONVERTER, HELPER, VISIBILITY, SETTER, ORDER_SEQ, TABLE_NAME, FOOTER_SETTER,HEADER_SETTER ) 
	VALUES ( 1102105, 1102100, 'TIME', 'Time', 'Time', 'Date', 'todayOrSysdate', NULL, NULL, NULL, NULL, 60, 'TIME', NULL, NULL); 
INSERT INTO ARCH_REPORT_COLUMN ( ID, REPORT_ID, LOGICAL_NAME, VISIBLE_NAME, FILTER_NAME, TYPE,VALIDATOR, CONVERTER, HELPER, VISIBILITY, SETTER, ORDER_SEQ, TABLE_NAME, FOOTER_SETTER,HEADER_SETTER ) 
	VALUES ( 1102106, 1102100, 'UUID', 'Uuid', 'Uuid', 'String', 'string', NULL, NULL, NULL, NULL, 70, 'UUID', NULL, NULL); 
INSERT INTO ARCH_REPORT_COLUMN ( ID, REPORT_ID, LOGICAL_NAME, VISIBLE_NAME, FILTER_NAME, TYPE,VALIDATOR, CONVERTER, HELPER, VISIBILITY, SETTER, ORDER_SEQ, TABLE_NAME, FOOTER_SETTER,HEADER_SETTER ) 
	VALUES ( 1102107, 1102100, 'GIVEUP_REF', 'Giveup Ref', 'Giveup Ref', 'String', 'string', NULL, NULL, NULL, NULL, 80, 'GIVEUP_REF', NULL, NULL); 
INSERT INTO ARCH_REPORT_COLUMN ( ID, REPORT_ID, LOGICAL_NAME, VISIBLE_NAME, FILTER_NAME, TYPE,VALIDATOR, CONVERTER, HELPER, VISIBILITY, SETTER, ORDER_SEQ, TABLE_NAME, FOOTER_SETTER,HEADER_SETTER ) 
	VALUES ( 1102108, 1102100, 'OPERATION', 'Operation', 'Operation', 'String', 'string', NULL, NULL, NULL, NULL, 90, 'OPERATION', NULL, NULL); 
INSERT INTO ARCH_REPORT_COLUMN ( ID, REPORT_ID, LOGICAL_NAME, VISIBLE_NAME, FILTER_NAME, TYPE,VALIDATOR, CONVERTER, HELPER, VISIBILITY, SETTER, ORDER_SEQ, TABLE_NAME, FOOTER_SETTER,HEADER_SETTER ) 
	VALUES ( 1102109, 1102100, 'TRADING_PARTY', 'Trading Party', 'Trading Party', 'String', 'string', NULL, NULL, NULL, NULL, 100, 'TRADING_PARTY', NULL, NULL); 
INSERT INTO ARCH_REPORT_COLUMN ( ID, REPORT_ID, LOGICAL_NAME, VISIBLE_NAME, FILTER_NAME, TYPE,VALIDATOR, CONVERTER, HELPER, VISIBILITY, SETTER, ORDER_SEQ, TABLE_NAME, FOOTER_SETTER,HEADER_SETTER ) 
	VALUES ( 1102110, 1102100, 'SUBMITTER', 'Submitter', 'Submitter', 'String', 'string', NULL, NULL, NULL, NULL, 110, 'SUBMITTER', NULL, NULL); 
INSERT INTO ARCH_REPORT_COLUMN ( ID, REPORT_ID, LOGICAL_NAME, VISIBLE_NAME, FILTER_NAME, TYPE,VALIDATOR, CONVERTER, HELPER, VISIBILITY, SETTER, ORDER_SEQ, TABLE_NAME, FOOTER_SETTER,HEADER_SETTER ) 
	VALUES ( 1102111, 1102100, 'COUNTER_PARTY', 'Counter Party', 'Counter Party', 'String', 'string', NULL, NULL, NULL, NULL, 120, 'COUNTER_PARTY', NULL, NULL); 
INSERT INTO ARCH_REPORT_COLUMN ( ID, REPORT_ID, LOGICAL_NAME, VISIBLE_NAME, FILTER_NAME, TYPE,VALIDATOR, CONVERTER, HELPER, VISIBILITY, SETTER, ORDER_SEQ, TABLE_NAME, FOOTER_SETTER,HEADER_SETTER ) 
	VALUES ( 1102112, 1102100, 'VALUE_DATE', 'Value Date', 'Value Date', 'String', 'string', NULL, NULL, NULL, NULL, 130, 'VALUE_DATE', NULL, NULL); 
INSERT INTO ARCH_REPORT_COLUMN ( ID, REPORT_ID, LOGICAL_NAME, VISIBLE_NAME, FILTER_NAME, TYPE,VALIDATOR, CONVERTER, HELPER, VISIBILITY, SETTER, ORDER_SEQ, TABLE_NAME, FOOTER_SETTER,HEADER_SETTER ) 
	VALUES ( 1102113, 1102100, 'CCY1', 'CCY1', 'CCY1', 'String', 'string', NULL, NULL, NULL, NULL, 140, 'CCY1', NULL, NULL); 
INSERT INTO ARCH_REPORT_COLUMN ( ID, REPORT_ID, LOGICAL_NAME, VISIBLE_NAME, FILTER_NAME, TYPE,VALIDATOR, CONVERTER, HELPER, VISIBILITY, SETTER, ORDER_SEQ, TABLE_NAME, FOOTER_SETTER,HEADER_SETTER ) 
	VALUES ( 1102114, 1102100, 'QTY1', 'Qty', 'Qty', 'String', 'string', NULL, NULL, NULL, 'double8', 150, 'QTY1', NULL, NULL); 
INSERT INTO ARCH_REPORT_COLUMN ( ID, REPORT_ID, LOGICAL_NAME, VISIBLE_NAME, FILTER_NAME, TYPE,VALIDATOR, CONVERTER, HELPER, VISIBILITY, SETTER, ORDER_SEQ, TABLE_NAME, FOOTER_SETTER,HEADER_SETTER ) 
	VALUES ( 1102115, 1102100, 'CCY2', 'CCY2', 'CCY2', 'String', 'string', NULL, NULL, NULL, NULL, 160, 'CCY2', NULL, NULL); 
INSERT INTO ARCH_REPORT_COLUMN ( ID, REPORT_ID, LOGICAL_NAME, VISIBLE_NAME, FILTER_NAME, TYPE,VALIDATOR, CONVERTER, HELPER, VISIBILITY, SETTER, ORDER_SEQ, TABLE_NAME, FOOTER_SETTER,HEADER_SETTER ) 
	VALUES ( 1102116, 1102100, 'RATE', 'Rate', 'Rate', 'String', 'string', NULL, NULL, NULL, NULL, 170, 'RATE', NULL, NULL); 
INSERT INTO ARCH_REPORT_COLUMN ( ID, REPORT_ID, LOGICAL_NAME, VISIBLE_NAME, FILTER_NAME, TYPE,VALIDATOR, CONVERTER, HELPER, VISIBILITY, SETTER, ORDER_SEQ, TABLE_NAME, FOOTER_SETTER,HEADER_SETTER ) 
	VALUES ( 1102117, 1102100, 'STRIKE_QUOTE_MODE', 'Strike Quote Mode', 'Strike Quote Mode', 'String', 'string', NULL, NULL, NULL, NULL, 180, 'STRIKE_QUOTE_MODE', NULL, NULL); 
INSERT INTO ARCH_REPORT_COLUMN ( ID, REPORT_ID, LOGICAL_NAME, VISIBLE_NAME, FILTER_NAME, TYPE,VALIDATOR, CONVERTER, HELPER, VISIBILITY, SETTER, ORDER_SEQ, TABLE_NAME, FOOTER_SETTER,HEADER_SETTER ) 
	VALUES ( 1102118, 1102100, 'PREMIUM_AMOUNT', 'Premium Amount', 'Premium Amount', 'String', 'string', NULL, NULL, NULL, 'double8', 190, 'PREMIUM_AMOUNT', NULL, NULL); 
INSERT INTO ARCH_REPORT_COLUMN ( ID, REPORT_ID, LOGICAL_NAME, VISIBLE_NAME, FILTER_NAME, TYPE,VALIDATOR, CONVERTER, HELPER, VISIBILITY, SETTER, ORDER_SEQ, TABLE_NAME, FOOTER_SETTER,HEADER_SETTER ) 
	VALUES ( 1102119, 1102100, 'PREMIUM_CCY', 'Premium Currency', 'Premium Currency', 'String', 'string', NULL, NULL, NULL, NULL, 200, 'PREMIUM_CCY', NULL, NULL); 
INSERT INTO ARCH_REPORT_COLUMN ( ID, REPORT_ID, LOGICAL_NAME, VISIBLE_NAME, FILTER_NAME, TYPE,VALIDATOR, CONVERTER, HELPER, VISIBILITY, SETTER, ORDER_SEQ, TABLE_NAME, FOOTER_SETTER,HEADER_SETTER ) 
	VALUES ( 1102120, 1102100, 'PREMIUM_DATE', 'Premium Date', 'Premium Date', 'String', 'string', NULL, NULL, NULL, NULL, 210, 'PREMIUM_DATE', NULL, NULL); 
INSERT INTO ARCH_REPORT_COLUMN ( ID, REPORT_ID, LOGICAL_NAME, VISIBLE_NAME, FILTER_NAME, TYPE,VALIDATOR, CONVERTER, HELPER, VISIBILITY, SETTER, ORDER_SEQ, TABLE_NAME, FOOTER_SETTER,HEADER_SETTER ) 
	VALUES ( 1102121, 1102100, 'OPTION_TYPE', 'Option Type', 'Option Type', 'String', 'string', NULL, NULL, NULL, NULL, 220, 'OPTION_TYPE', NULL, NULL); 
INSERT INTO ARCH_REPORT_COLUMN ( ID, REPORT_ID, LOGICAL_NAME, VISIBLE_NAME, FILTER_NAME, TYPE,VALIDATOR, CONVERTER, HELPER, VISIBILITY, SETTER, ORDER_SEQ, TABLE_NAME, FOOTER_SETTER,HEADER_SETTER ) 
	VALUES ( 1102122, 1102100, 'DIRECTION', 'Direction', 'Direction', 'String', 'string', NULL, NULL, NULL, NULL, 230, 'DIRECTION', NULL, NULL); 
INSERT INTO ARCH_REPORT_COLUMN ( ID, REPORT_ID, LOGICAL_NAME, VISIBLE_NAME, FILTER_NAME, TYPE,VALIDATOR, CONVERTER, HELPER, VISIBILITY, SETTER, ORDER_SEQ, TABLE_NAME, FOOTER_SETTER,HEADER_SETTER ) 
	VALUES ( 1102123, 1102100, 'CONTRACT_TYPE', 'Contract Type', 'Contract Type', 'String', 'string', NULL, NULL, NULL, NULL, 240, 'CONTRACT_TYPE', NULL, NULL); 
INSERT INTO ARCH_REPORT_COLUMN ( ID, REPORT_ID, LOGICAL_NAME, VISIBLE_NAME, FILTER_NAME, TYPE,VALIDATOR, CONVERTER, HELPER, VISIBILITY, SETTER, ORDER_SEQ, TABLE_NAME, FOOTER_SETTER,HEADER_SETTER ) 
	VALUES ( 1102124, 1102100, 'OPTION_STYLE', 'Option Style', 'Option Style', 'String', 'string', NULL, NULL, NULL, NULL, 250, 'OPTION_STYLE', NULL, NULL); 
INSERT INTO ARCH_REPORT_COLUMN ( ID, REPORT_ID, LOGICAL_NAME, VISIBLE_NAME, FILTER_NAME, TYPE,VALIDATOR, CONVERTER, HELPER, VISIBILITY, SETTER, ORDER_SEQ, TABLE_NAME, FOOTER_SETTER,HEADER_SETTER ) 
	VALUES ( 1102125, 1102100, 'EXPIRY_DATE', 'Expiry Date', 'Expiry Date', 'String', 'string', NULL, NULL, NULL, NULL, 260, 'EXPIRY_DATE', NULL, NULL); 
INSERT INTO ARCH_REPORT_COLUMN ( ID, REPORT_ID, LOGICAL_NAME, VISIBLE_NAME, FILTER_NAME, TYPE,VALIDATOR, CONVERTER, HELPER, VISIBILITY, SETTER, ORDER_SEQ, TABLE_NAME, FOOTER_SETTER,HEADER_SETTER ) 
	VALUES ( 1102126, 1102100, 'EXPIRY_ZONE', 'Expiry Time Zone', 'Expiry Time Zone', 'String', 'string', NULL, NULL, NULL, NULL, 270, 'EXPIRY_ZONE', NULL, NULL); 
INSERT INTO ARCH_REPORT_COLUMN ( ID, REPORT_ID, LOGICAL_NAME, VISIBLE_NAME, FILTER_NAME, TYPE,VALIDATOR, CONVERTER, HELPER, VISIBILITY, SETTER, ORDER_SEQ, TABLE_NAME, FOOTER_SETTER,HEADER_SETTER ) 
	VALUES ( 1102127, 1102100, 'EXPIRY_TIME', 'Expiry Time', 'Expiry Time', 'String', 'string', NULL, NULL, NULL, NULL, 280, 'EXPIRY_TIME', NULL, NULL); 
INSERT INTO ARCH_REPORT_COLUMN ( ID, REPORT_ID, LOGICAL_NAME, VISIBLE_NAME, FILTER_NAME, TYPE,VALIDATOR, CONVERTER, HELPER, VISIBILITY, SETTER, ORDER_SEQ, TABLE_NAME, FOOTER_SETTER,HEADER_SETTER ) 
	VALUES ( 1102128, 1102100, 'BARRIER_TYPE', 'Barrier Type', 'Barrier Type', 'String', 'string', NULL, NULL, NULL, NULL, 290, 'BARRIER_TYPE', NULL, NULL); 
INSERT INTO ARCH_REPORT_COLUMN ( ID, REPORT_ID, LOGICAL_NAME, VISIBLE_NAME, FILTER_NAME, TYPE,VALIDATOR, CONVERTER, HELPER, VISIBILITY, SETTER, ORDER_SEQ, TABLE_NAME, FOOTER_SETTER,HEADER_SETTER ) 
	VALUES ( 1102129, 1102100, 'BARRIER_1', 'Barrier 1', 'Barrier 1', 'String', 'string', NULL, NULL, NULL, 'double8', 300, 'BARRIER_1', NULL, NULL); 
INSERT INTO ARCH_REPORT_COLUMN ( ID, REPORT_ID, LOGICAL_NAME, VISIBLE_NAME, FILTER_NAME, TYPE,VALIDATOR, CONVERTER, HELPER, VISIBILITY, SETTER, ORDER_SEQ, TABLE_NAME, FOOTER_SETTER,HEADER_SETTER ) 
	VALUES ( 1102130, 1102100, 'BARRIER_2', 'Barrier 2', 'Barrier 2', 'String', 'string', NULL, NULL, NULL, 'double8', 310, 'BARRIER_2', NULL, NULL); 
INSERT INTO ARCH_REPORT_COLUMN ( ID, REPORT_ID, LOGICAL_NAME, VISIBLE_NAME, FILTER_NAME, TYPE,VALIDATOR, CONVERTER, HELPER, VISIBILITY, SETTER, ORDER_SEQ, TABLE_NAME, FOOTER_SETTER,HEADER_SETTER ) 
	VALUES ( 1102131, 1102100, 'REBATE_CCY', 'Rebate CCY', 'Rebate CCY', 'String', 'string', NULL, NULL, NULL, NULL, 320, 'REBATE_CCY', NULL, NULL); 
INSERT INTO ARCH_REPORT_COLUMN ( ID, REPORT_ID, LOGICAL_NAME, VISIBLE_NAME, FILTER_NAME, TYPE,VALIDATOR, CONVERTER, HELPER, VISIBILITY, SETTER, ORDER_SEQ, TABLE_NAME, FOOTER_SETTER,HEADER_SETTER ) 
	VALUES ( 1102132, 1102100, 'REBATE_PERCENT_1', 'Rebate % 1', 'Rebate % 1', 'String', 'string', NULL, NULL, NULL, NULL, 330, 'REBATE_PERCENT_1', NULL, NULL); 
INSERT INTO ARCH_REPORT_COLUMN ( ID, REPORT_ID, LOGICAL_NAME, VISIBLE_NAME, FILTER_NAME, TYPE,VALIDATOR, CONVERTER, HELPER, VISIBILITY, SETTER, ORDER_SEQ, TABLE_NAME, FOOTER_SETTER,HEADER_SETTER ) 
	VALUES ( 1102133, 1102100, 'REBATE_PERCENT_2', 'Rebate % 2', 'Rebate % 2', 'String', 'string', NULL, NULL, NULL, NULL, 340, 'REBATE_PERCENT_2', NULL, NULL); 
INSERT INTO ARCH_REPORT_COLUMN ( ID, REPORT_ID, LOGICAL_NAME, VISIBLE_NAME, FILTER_NAME, TYPE,VALIDATOR, CONVERTER, HELPER, VISIBILITY, SETTER, ORDER_SEQ, TABLE_NAME, FOOTER_SETTER,HEADER_SETTER ) 
	VALUES ( 1102134, 1102100, 'REBATE_TIME', 'Rebate Time', 'Rebate Time', 'String', 'string', NULL, NULL, NULL, NULL, 350, 'REBATE_TIME', NULL, NULL); 
INSERT INTO ARCH_REPORT_COLUMN ( ID, REPORT_ID, LOGICAL_NAME, VISIBLE_NAME, FILTER_NAME, TYPE,VALIDATOR, CONVERTER, HELPER, VISIBILITY, SETTER, ORDER_SEQ, TABLE_NAME, FOOTER_SETTER,HEADER_SETTER ) 
	VALUES ( 1102135, 1102100, 'PAYOUT_CCY', 'Payout CCY', 'Payout CCY', 'String', 'string', NULL, NULL, NULL, NULL, 360, 'PAYOUT_CCY', NULL, NULL); 
INSERT INTO ARCH_REPORT_COLUMN ( ID, REPORT_ID, LOGICAL_NAME, VISIBLE_NAME, FILTER_NAME, TYPE,VALIDATOR, CONVERTER, HELPER, VISIBILITY, SETTER, ORDER_SEQ, TABLE_NAME, FOOTER_SETTER,HEADER_SETTER ) 
	VALUES ( 1102136, 1102100, 'PAYOUT_AMOUNT', 'Payout Amt', 'Payout Amt', 'String', 'string', NULL, NULL, NULL, 'double8', 370, 'PAYOUT_AMOUNT', NULL, NULL); 
INSERT INTO ARCH_REPORT_COLUMN ( ID, REPORT_ID, LOGICAL_NAME, VISIBLE_NAME, FILTER_NAME, TYPE,VALIDATOR, CONVERTER, HELPER, VISIBILITY, SETTER, ORDER_SEQ, TABLE_NAME, FOOTER_SETTER,HEADER_SETTER ) 
	VALUES ( 1102137, 1102100, 'TRADE_TYPE', 'Trade Type', 'Trade Type', 'String', 'string', NULL, NULL, NULL, NULL, 380, 'TRADE_TYPE', NULL, NULL); 
INSERT INTO ARCH_REPORT_COLUMN ( ID, REPORT_ID, LOGICAL_NAME, VISIBLE_NAME, FILTER_NAME, TYPE,VALIDATOR, CONVERTER, HELPER, VISIBILITY, SETTER, ORDER_SEQ, TABLE_NAME, FOOTER_SETTER,HEADER_SETTER ) 
	VALUES ( 1102138, 1102100, 'CLIENT_REF', 'Client Ref', 'Client Ref', 'String', 'string', NULL, NULL, NULL, NULL, 390, 'CLIENT_REF', NULL, NULL); 
INSERT INTO ARCH_REPORT_COLUMN ( ID, REPORT_ID, LOGICAL_NAME, VISIBLE_NAME, FILTER_NAME, TYPE,VALIDATOR, CONVERTER, HELPER, VISIBILITY, SETTER, ORDER_SEQ, TABLE_NAME, FOOTER_SETTER,HEADER_SETTER ) 
	VALUES ( 1102139, 1102100, 'TRADER', 'Trader', 'Trader', 'String', 'string', NULL, NULL, NULL, NULL, 400, 'TRADER', NULL, NULL); 
INSERT INTO ARCH_REPORT_COLUMN ( ID, REPORT_ID, LOGICAL_NAME, VISIBLE_NAME, FILTER_NAME, TYPE,VALIDATOR, CONVERTER, HELPER, VISIBILITY, SETTER, ORDER_SEQ, TABLE_NAME, FOOTER_SETTER,HEADER_SETTER ) 
	VALUES ( 1102140, 1102100, 'PORTFOLIO', 'Portfolio', 'Portfolio', 'String', 'string', NULL, NULL, NULL, NULL, 410, 'PORTFOLIO', NULL, NULL); 
INSERT INTO ARCH_REPORT_COLUMN ( ID, REPORT_ID, LOGICAL_NAME, VISIBLE_NAME, FILTER_NAME, TYPE,VALIDATOR, CONVERTER, HELPER, VISIBILITY, SETTER, ORDER_SEQ, TABLE_NAME, FOOTER_SETTER,HEADER_SETTER ) 
	VALUES ( 1102141, 1102100, 'DESCRIPTION', 'Description', 'Description', 'String', 'string', NULL, NULL, NULL, NULL, 420, 'DESCRIPTION', NULL, NULL); 
INSERT INTO ARCH_REPORT_COLUMN ( ID, REPORT_ID, LOGICAL_NAME, VISIBLE_NAME, FILTER_NAME, TYPE,VALIDATOR, CONVERTER, HELPER, VISIBILITY, SETTER, ORDER_SEQ, TABLE_NAME, FOOTER_SETTER,HEADER_SETTER ) 
	VALUES ( 1102142, 1102100, 'PB', 'PB', 'PB', 'String', 'string', NULL, NULL, NULL, NULL, 430, 'PB', NULL, NULL); 
INSERT INTO ARCH_REPORT_COLUMN ( ID, REPORT_ID, LOGICAL_NAME, VISIBLE_NAME, FILTER_NAME, TYPE,VALIDATOR, CONVERTER, HELPER, VISIBILITY, SETTER, ORDER_SEQ, TABLE_NAME, FOOTER_SETTER,HEADER_SETTER ) 
	VALUES ( 1102143, 1102100, 'EXECUTION_PLATFORM', 'Ex Platform', 'Ex Platform', 'String', 'string', NULL, NULL, NULL, NULL, 440, 'EXECUTION_PLATFORM', NULL, NULL); 
INSERT INTO ARCH_REPORT_COLUMN ( ID, REPORT_ID, LOGICAL_NAME, VISIBLE_NAME, FILTER_NAME, TYPE,VALIDATOR, CONVERTER, HELPER, VISIBILITY, SETTER, ORDER_SEQ, TABLE_NAME, FOOTER_SETTER,HEADER_SETTER ) 
	VALUES ( 1102144, 1102100, 'LINKED_TRADE', 'Linked Trade', 'Linked Trade', 'String', 'string', NULL, NULL, NULL, NULL, 450, 'LINKED_TRADE', NULL, NULL); 

delete ARCH_REPORT_INSTANCE where id=1102100;
INSERT INTO ARCH_REPORT_INSTANCE ( ID, REPORT_ID, SORT_COLUMNS, SORT_ORDER, FILTER_ROOT ) 
    VALUES ( 1102100, 1102100, 'ID', 'DESC', 1102100); 

delete ARCH_REPORT_2_RECEIVER  where id=1102100;
INSERT INTO ARCH_REPORT_2_RECEIVER ( ID, REPORT_INSTANCE_ID, RECEIVER_ID, REPORT_ID, RECEIVER_TYPE ) 
    VALUES ( 1102100, 1102100, 200, 1102100, 2); 

delete ARCH_CORE_REPORT  where report_id=1102100;
INSERT INTO ARCH_CORE_REPORT ( REPORT_ID, TITLE, XSL_URI, TYPE ) 
    VALUES ( 1102100, 'Option Flat Protocol Monitor Report', '/config/arch/xsl/reports/html.xsl', 1); 

delete ARCH_FILTER where id in (1102100,1102101);
INSERT INTO ARCH_FILTER ( ID, PARENT_ID, ROOT_GROUP, OPERATION, BROTHER_ID, COLUMN_ID, CONDITION, VALUE, CONDITION_CHANGEABLE, VALUE_CHANGEABLE, REQUIRES_BINDING, VISIBILITY, CONDITION_OVERRIDE_GROUP ) 
    VALUES ( 1102100, 0, 1102100, NULL, 1, 0, NULL, NULL, 1, 1, 0, 0, 0); 
INSERT INTO ARCH_FILTER ( ID, PARENT_ID, ROOT_GROUP, OPERATION, BROTHER_ID, COLUMN_ID, CONDITION, VALUE, CONDITION_CHANGEABLE, VALUE_CHANGEABLE, REQUIRES_BINDING, VISIBILITY, CONDITION_OVERRIDE_GROUP ) 
    VALUES ( 1102101, 1102100, 1102100, NULL, 1, 1102105, '=', 'today', 1, 1, 0, 0, 0); 
------------end: option flat protocol report ------------

-----------start: Linear Position Report ----------------
--ARCH_REPORT
delete ARCH_REPORT  where id=1102300;
INSERT INTO ARCH_REPORT ( ID, NAME, CATALOG_NAME, REPORT_NAME, REPORTING_ENGINE )
    VALUES ( 1102300, 'LPR FCF CCY', 'arch-admin', 'com.traiana.sol.fxpb.web.report.linearposition.reportbuilder.LinearPositionReportFwdCashFlowsCcyBuilder', 'com.traiana.core.service.infra.report.imp.archreport.ArchReportService');
-- ARCH_CORE_REPORT
delete ARCH_CORE_REPORT  where report_id=1102300;
INSERT INTO ARCH_CORE_REPORT ( REPORT_ID, TITLE, XSL_URI, TYPE )
    VALUES ( 1102300, 'LPR FCF CCY', '/config/jpmc/xsl/linearPositionReportFwdCashFlowsCcy.xsl', 2);
-- ARCH_REPORT_COLUMN
delete ARCH_REPORT_COLUMN where report_id=1102300;
INSERT INTO ARCH_REPORT_COLUMN ( ID, REPORT_ID, LOGICAL_NAME, VISIBLE_NAME, FILTER_NAME, TYPE,VALIDATOR, CONVERTER, HELPER, VISIBILITY, SETTER, ORDER_SEQ, TABLE_NAME, FOOTER_SETTER,HEADER_SETTER ) 
	VALUES ( 1102300, 1102300, 'ORDER', 'ORDER', 'ORDER', 'Long', 'long', NULL, NULL, 'none', NULL, 10, 'ORDER', NULL, 'nosort'); 
INSERT INTO ARCH_REPORT_COLUMN ( ID, REPORT_ID, LOGICAL_NAME, VISIBLE_NAME, FILTER_NAME, TYPE,VALIDATOR, CONVERTER, HELPER, VISIBILITY, SETTER, ORDER_SEQ, TABLE_NAME, FOOTER_SETTER,HEADER_SETTER ) 
	VALUES (1102301, 1102300, 'ROW_TYPE', ' ', NULL, 'Long', 'long', NULL, NULL, 'none', NULL, 20, 'ROW_TYPE', NULL, 'nosort'); 
INSERT INTO ARCH_REPORT_COLUMN ( ID, REPORT_ID, LOGICAL_NAME, VISIBLE_NAME, FILTER_NAME, TYPE,VALIDATOR, CONVERTER, HELPER, VISIBILITY, SETTER, ORDER_SEQ, TABLE_NAME, FOOTER_SETTER,HEADER_SETTER ) 
	VALUES (1102302, 1102300, 'POSITION_DATE', 'Value Date', 'Value Date', 'Date', 'dateOrToday', NULL, NULL, NULL, 'obalance_str', 30, 'trunc(POSITION_DATE)', NULL, 'nosort'); 
INSERT INTO ARCH_REPORT_COLUMN ( ID, REPORT_ID, LOGICAL_NAME, VISIBLE_NAME, FILTER_NAME, TYPE,VALIDATOR, CONVERTER, HELPER, VISIBILITY, SETTER, ORDER_SEQ, TABLE_NAME, FOOTER_SETTER,HEADER_SETTER ) 
	VALUES (1102303, 1102300, 'CCY_NAME', 'Ccy', 'Ccy', 'String', 'string', NULL, NULL, NULL, 'obalance', 40, 'CCY_NAME', NULL, 'nosort'); 
INSERT INTO ARCH_REPORT_COLUMN ( ID, REPORT_ID, LOGICAL_NAME, VISIBLE_NAME, FILTER_NAME, TYPE,VALIDATOR, CONVERTER, HELPER, VISIBILITY, SETTER, ORDER_SEQ, TABLE_NAME, FOOTER_SETTER,HEADER_SETTER ) 
	VALUES (1102304, 1102300, 'CCY_QTY', 'Ccy Amt', 'Ccy Amt', 'Double', 'double', NULL, NULL, NULL, 'rpnl_noval', 50, 'CCY_QTY', NULL, 'nosort'); 
INSERT INTO ARCH_REPORT_COLUMN ( ID, REPORT_ID, LOGICAL_NAME, VISIBLE_NAME, FILTER_NAME, TYPE,VALIDATOR, CONVERTER, HELPER, VISIBILITY, SETTER, ORDER_SEQ, TABLE_NAME, FOOTER_SETTER,HEADER_SETTER ) 
	VALUES (1102305, 1102300, 'CUMULATIVE_FWD', 'Forward Cumulative', 'Forward Cumulative', 'Double', 'double', NULL, NULL, NULL, 'rpnl_noval', 60, 'CUMULATIVE_FWD', NULL, 'nosort'); 
INSERT INTO ARCH_REPORT_COLUMN ( ID, REPORT_ID, LOGICAL_NAME, VISIBLE_NAME, FILTER_NAME, TYPE,VALIDATOR, CONVERTER, HELPER, VISIBILITY, SETTER, ORDER_SEQ, TABLE_NAME, FOOTER_SETTER,HEADER_SETTER ) 
	VALUES (1102306, 1102300, 'CUMULATIVE_REV', 'Reverse Cumulative', 'Reverse Cumulative', 'Double', 'double', NULL, NULL, NULL, 'rpnl_noval', 70, 'CUMULATIVE_REV', NULL, 'nosort'); 
-- ARCH_REPORT_INSTANCE
delete ARCH_REPORT_INSTANCE where id=1102300;
INSERT INTO ARCH_REPORT_INSTANCE ( ID, REPORT_ID, SORT_COLUMNS, SORT_ORDER, FILTER_ROOT )
    VALUES ( 1102300, 1102300, 'ORDER', 'ASC', 1102300);
-- ARCH_FILTER
delete ARCH_FILTER where id in (1102300,1102301);
INSERT INTO ARCH_FILTER ( ID, PARENT_ID, ROOT_GROUP, OPERATION, BROTHER_ID, COLUMN_ID, CONDITION, VALUE, CONDITION_CHANGEABLE, VALUE_CHANGEABLE, REQUIRES_BINDING, VISIBILITY, CONDITION_OVERRIDE_GROUP )
    VALUES ( 1102300, 0, 1102300, NULL, 1, 0, NULL, NULL, 1, 1, 0, 0, 0);
INSERT INTO ARCH_FILTER ( ID, PARENT_ID, ROOT_GROUP, OPERATION, BROTHER_ID, COLUMN_ID, CONDITION, VALUE, CONDITION_CHANGEABLE, VALUE_CHANGEABLE, REQUIRES_BINDING, VISIBILITY, CONDITION_OVERRIDE_GROUP )
    VALUES ( 1102301, 1102300, 1102300, NULL, 1, 1102301, 'IS NOT NULL', NULL, 1, 1, 0, 0, 0);
-- ARCH_REPORT_2_RECEIVER
delete ARCH_REPORT_2_RECEIVER where id=1102300;
INSERT INTO ARCH_REPORT_2_RECEIVER ( ID, REPORT_INSTANCE_ID, RECEIVER_ID, REPORT_ID, RECEIVER_TYPE )
    VALUES ( 1102300, 1102300, 200, 1102300, 2);
-----------end: Linear Position Report ----------------

-----------start: Option Suspect Report ----------------
--ARCH_REPORT
delete ARCH_REPORT where id=1100900;
INSERT INTO ARCH_REPORT ( ID, NAME, CATALOG_NAME, REPORT_NAME, REPORTING_ENGINE )
    VALUES ( 1100900, 'Suspect Option Report', 'arch-admin', 'com.traiana.sol.fxpb.web.option.builder.OptionSuspectReportBuilder', 'com.traiana.core.service.infra.report.imp.archreport.ArchReportService');
-- ARCH_CORE_REPORT
delete ARCH_CORE_REPORT where report_id=1100900;
INSERT INTO ARCH_CORE_REPORT ( REPORT_ID, TITLE, XSL_URI, TYPE )
    VALUES ( 1100900, 'Option Suspect Report', '/config/jpmc/xsl/suspectOptionReport.xsl', 2);
-- ARCH_REPORT_COLUMN
delete ARCH_REPORT_COLUMN where report_id=1100900;
INSERT INTO ARCH_REPORT_COLUMN ( ID, REPORT_ID, LOGICAL_NAME, VISIBLE_NAME, FILTER_NAME, TYPE,VALIDATOR, CONVERTER, HELPER, VISIBILITY, SETTER, ORDER_SEQ, TABLE_NAME, FOOTER_SETTER,HEADER_SETTER ) 
	VALUES ( 1100900, 1100900, 'ID', 'Id', 'Id', 'Long', 'long', NULL, NULL, NULL, 'LINK:new_option.lwp?optionId=$ID&RetrieveOptionNoe=RetrieveOptionNoe', 10, 'ID', NULL, NULL); 
INSERT INTO ARCH_REPORT_COLUMN ( ID, REPORT_ID, LOGICAL_NAME, VISIBLE_NAME, FILTER_NAME, TYPE,VALIDATOR, CONVERTER, HELPER, VISIBILITY, SETTER, ORDER_SEQ, TABLE_NAME, FOOTER_SETTER,HEADER_SETTER ) 
	VALUES ( 1100901, 1100900, 'ALLOC', 'Alloc', 'Alloc', 'String', 'string', NULL, NULL, NULL, 'noeAllocation', 20, 'ALLOC', NULL, NULL); 
INSERT INTO ARCH_REPORT_COLUMN ( ID, REPORT_ID, LOGICAL_NAME, VISIBLE_NAME, FILTER_NAME, TYPE,VALIDATOR, CONVERTER, HELPER, VISIBILITY, SETTER, ORDER_SEQ, TABLE_NAME, FOOTER_SETTER,HEADER_SETTER ) 
	VALUES ( 1100902, 1100900, 'RECON', 'Recon', 'Recon', 'String', 'string', NULL, NULL, NULL, 'noeRecon', 30, 'RECON', NULL, NULL); 
INSERT INTO ARCH_REPORT_COLUMN ( ID, REPORT_ID, LOGICAL_NAME, VISIBLE_NAME, FILTER_NAME, TYPE,VALIDATOR, CONVERTER, HELPER, VISIBILITY, SETTER, ORDER_SEQ, TABLE_NAME, FOOTER_SETTER,HEADER_SETTER ) 
	VALUES ( 1100903, 1100900, 'APPROVAL', 'Approval', 'Approval', 'String', 'string', NULL, NULL, NULL, 'noeApproval', 40, 'APPROVAL', NULL, NULL); 
INSERT INTO ARCH_REPORT_COLUMN ( ID, REPORT_ID, LOGICAL_NAME, VISIBLE_NAME, FILTER_NAME, TYPE,VALIDATOR, CONVERTER, HELPER, VISIBILITY, SETTER, ORDER_SEQ, TABLE_NAME, FOOTER_SETTER,HEADER_SETTER ) 
	VALUES ( 1100904, 1100900, 'APPR_REASON', 'Appr Reason', 'Appr Reason', 'String', 'string', NULL, NULL, 'reportHidden', NULL, 50, 'APPR_REASON', NULL, NULL); 
INSERT INTO ARCH_REPORT_COLUMN ( ID, REPORT_ID, LOGICAL_NAME, VISIBLE_NAME, FILTER_NAME, TYPE,VALIDATOR, CONVERTER, HELPER, VISIBILITY, SETTER, ORDER_SEQ, TABLE_NAME, FOOTER_SETTER,HEADER_SETTER ) 
	VALUES ( 1100905, 1100900, 'LIFECYCLE', 'Lifecycle', 'Lifecycle', 'String', 'string', NULL, NULL, NULL, 'noeLifecycle', 60, 'LIFECYCLE', NULL, NULL); 
INSERT INTO ARCH_REPORT_COLUMN ( ID, REPORT_ID, LOGICAL_NAME, VISIBLE_NAME, FILTER_NAME, TYPE,VALIDATOR, CONVERTER, HELPER, VISIBILITY, SETTER, ORDER_SEQ, TABLE_NAME, FOOTER_SETTER,HEADER_SETTER ) 
	VALUES ( 1100906, 1100900, 'SIDE_A', 'Side A', 'Side A', 'String', 'string', NULL, NULL, NULL, NULL, 70, 'SIDE_A', NULL, NULL); 
INSERT INTO ARCH_REPORT_COLUMN ( ID, REPORT_ID, LOGICAL_NAME, VISIBLE_NAME, FILTER_NAME, TYPE,VALIDATOR, CONVERTER, HELPER, VISIBILITY, SETTER, ORDER_SEQ, TABLE_NAME, FOOTER_SETTER,HEADER_SETTER ) 
	VALUES ( 1100907, 1100900, 'SIDE_B', 'Side B', 'Side B', 'String', 'string', NULL, NULL, NULL, NULL, 80, 'SIDE_B', NULL, NULL); 
INSERT INTO ARCH_REPORT_COLUMN ( ID, REPORT_ID, LOGICAL_NAME, VISIBLE_NAME, FILTER_NAME, TYPE,VALIDATOR, CONVERTER, HELPER, VISIBILITY, SETTER, ORDER_SEQ, TABLE_NAME, FOOTER_SETTER,HEADER_SETTER ) 
	VALUES ( 1100908, 1100900, 'OPTION_TYPE', 'Option Type', 'Option Type', 'String', 'string', NULL, NULL, NULL, NULL, 90, 'OPTION_TYPE', NULL, NULL); 
INSERT INTO ARCH_REPORT_COLUMN ( ID, REPORT_ID, LOGICAL_NAME, VISIBLE_NAME, FILTER_NAME, TYPE,VALIDATOR, CONVERTER, HELPER, VISIBILITY, SETTER, ORDER_SEQ, TABLE_NAME, FOOTER_SETTER,HEADER_SETTER ) 
	VALUES ( 1100909, 1100900, 'DIRECTION', 'Direction', 'Direction', 'String', 'string', NULL, NULL, NULL, NULL, 100, 'DIRECTION', NULL, NULL); 
INSERT INTO ARCH_REPORT_COLUMN ( ID, REPORT_ID, LOGICAL_NAME, VISIBLE_NAME, FILTER_NAME, TYPE,VALIDATOR, CONVERTER, HELPER, VISIBILITY, SETTER, ORDER_SEQ, TABLE_NAME, FOOTER_SETTER,HEADER_SETTER ) 
	VALUES ( 1100910, 1100900, 'EXPIRY_DATE', 'Expiry Date', 'Expiry Date', 'Date', 'todayOrSysdate', NULL, NULL, NULL, NULL, 110, 'trunc(EXPIRY_DATE)', NULL, NULL); 
INSERT INTO ARCH_REPORT_COLUMN ( ID, REPORT_ID, LOGICAL_NAME, VISIBLE_NAME, FILTER_NAME, TYPE,VALIDATOR, CONVERTER, HELPER, VISIBILITY, SETTER, ORDER_SEQ, TABLE_NAME, FOOTER_SETTER,HEADER_SETTER ) 
	VALUES ( 1100911, 1100900, 'SETTLEMENT_DATE', 'Settlement Date', 'Settlement Date', 'Date', 'todayOrSysdate', NULL, NULL, 'none', NULL, 120, 'trunc(SETTLEMENT_DATE)', NULL, NULL); 
INSERT INTO ARCH_REPORT_COLUMN ( ID, REPORT_ID, LOGICAL_NAME, VISIBLE_NAME, FILTER_NAME, TYPE,VALIDATOR, CONVERTER, HELPER, VISIBILITY, SETTER, ORDER_SEQ, TABLE_NAME, FOOTER_SETTER,HEADER_SETTER ) 
	VALUES ( 1100912, 1100900, 'VALUE_DATE', 'Value Date', 'Value Date', 'Date', 'todayOrSysdate', NULL, NULL, NULL, NULL, 130, 'trunc(VALUE_DATE)', NULL, NULL); 
INSERT INTO ARCH_REPORT_COLUMN ( ID, REPORT_ID, LOGICAL_NAME, VISIBLE_NAME, FILTER_NAME, TYPE,VALIDATOR, CONVERTER, HELPER, VISIBILITY, SETTER, ORDER_SEQ, TABLE_NAME, FOOTER_SETTER,HEADER_SETTER ) 
	VALUES ( 1100913, 1100900, 'CONTRACT_TYPE', 'Contract Type', 'Contract Type', 'String', 'string', NULL, NULL, NULL, NULL, 140, 'CONTRACT_TYPE', NULL, NULL); 
INSERT INTO ARCH_REPORT_COLUMN ( ID, REPORT_ID, LOGICAL_NAME, VISIBLE_NAME, FILTER_NAME, TYPE,VALIDATOR, CONVERTER, HELPER, VISIBILITY, SETTER, ORDER_SEQ, TABLE_NAME, FOOTER_SETTER,HEADER_SETTER ) 
	VALUES ( 1100914, 1100900, 'SECONDARY_CCY', 'Secondary Ccy', 'Secondary Ccy', 'String', 'string', NULL, NULL, NULL, NULL, 150, 'SECONDARY_CCY', NULL, NULL); 
INSERT INTO ARCH_REPORT_COLUMN ( ID, REPORT_ID, LOGICAL_NAME, VISIBLE_NAME, FILTER_NAME, TYPE,VALIDATOR, CONVERTER, HELPER, VISIBILITY, SETTER, ORDER_SEQ, TABLE_NAME, FOOTER_SETTER,HEADER_SETTER ) 
	VALUES ( 1100915, 1100900, 'QUANTITY', 'Quantity', 'Quantity', 'Double', 'double', NULL, NULL, NULL, NULL, 160, 'QUANTITY', NULL, NULL); 
INSERT INTO ARCH_REPORT_COLUMN ( ID, REPORT_ID, LOGICAL_NAME, VISIBLE_NAME, FILTER_NAME, TYPE,VALIDATOR, CONVERTER, HELPER, VISIBILITY, SETTER, ORDER_SEQ, TABLE_NAME, FOOTER_SETTER,HEADER_SETTER ) 
	VALUES ( 1100916, 1100900, 'BASE_CCY', 'Base Ccy', 'Base Ccy', 'String', 'string', NULL, NULL, NULL, NULL, 170, 'BASE_CCY', NULL, NULL); 
INSERT INTO ARCH_REPORT_COLUMN ( ID, REPORT_ID, LOGICAL_NAME, VISIBLE_NAME, FILTER_NAME, TYPE,VALIDATOR, CONVERTER, HELPER, VISIBILITY, SETTER, ORDER_SEQ, TABLE_NAME, FOOTER_SETTER,HEADER_SETTER ) 
	VALUES ( 1100917, 1100900, 'QUANTITY2', 'Quantity2', 'Quantity2', 'Double', 'double', NULL, NULL, NULL, 'double8', 180, 'QUANTITY2', NULL, NULL); 
INSERT INTO ARCH_REPORT_COLUMN ( ID, REPORT_ID, LOGICAL_NAME, VISIBLE_NAME, FILTER_NAME, TYPE,VALIDATOR, CONVERTER, HELPER, VISIBILITY, SETTER, ORDER_SEQ, TABLE_NAME, FOOTER_SETTER,HEADER_SETTER ) 
	VALUES ( 1100918, 1100900, 'STRIKE', 'Strike', 'Strike', 'Double', 'double', NULL, NULL, NULL, NULL, 190, 'STRIKE', NULL, NULL); 
INSERT INTO ARCH_REPORT_COLUMN ( ID, REPORT_ID, LOGICAL_NAME, VISIBLE_NAME, FILTER_NAME, TYPE,VALIDATOR, CONVERTER, HELPER, VISIBILITY, SETTER, ORDER_SEQ, TABLE_NAME, FOOTER_SETTER,HEADER_SETTER ) 
	VALUES ( 1100919, 1100900, 'STRIKE_QUOTE_MODE', 'Strike Quote Mode', 'Strike Quote Mode', 'String', 'string', NULL, NULL, NULL, NULL, 200, 'STRIKE_QUOTE_MODE', NULL, NULL); 
INSERT INTO ARCH_REPORT_COLUMN ( ID, REPORT_ID, LOGICAL_NAME, VISIBLE_NAME, FILTER_NAME, TYPE,VALIDATOR, CONVERTER, HELPER, VISIBILITY, SETTER, ORDER_SEQ, TABLE_NAME, FOOTER_SETTER,HEADER_SETTER ) 
	VALUES ( 1100920, 1100900, 'OPTION_STYLE', 'Option Style', 'Option Style', 'String', 'string', NULL, NULL, NULL, NULL, 210, 'OPTION_STYLE', NULL, NULL); 
INSERT INTO ARCH_REPORT_COLUMN ( ID, REPORT_ID, LOGICAL_NAME, VISIBLE_NAME, FILTER_NAME, TYPE,VALIDATOR, CONVERTER, HELPER, VISIBILITY, SETTER, ORDER_SEQ, TABLE_NAME, FOOTER_SETTER,HEADER_SETTER ) 
	VALUES ( 1100921, 1100900, 'PRICE_PAID', 'Price Paid', 'Price Paid', 'Double', 'double', NULL, NULL, NULL, NULL, 220, 'PRICE_PAID', NULL, NULL); 
INSERT INTO ARCH_REPORT_COLUMN ( ID, REPORT_ID, LOGICAL_NAME, VISIBLE_NAME, FILTER_NAME, TYPE,VALIDATOR, CONVERTER, HELPER, VISIBILITY, SETTER, ORDER_SEQ, TABLE_NAME, FOOTER_SETTER,HEADER_SETTER ) 
	VALUES ( 1100922, 1100900, 'PREMIUM_TYPE', 'Premium Type', 'Premium Type', 'String', 'string', NULL, NULL, NULL, NULL, 230, 'PREMIUM_TYPE', NULL, NULL); 
INSERT INTO ARCH_REPORT_COLUMN ( ID, REPORT_ID, LOGICAL_NAME, VISIBLE_NAME, FILTER_NAME, TYPE,VALIDATOR, CONVERTER, HELPER, VISIBILITY, SETTER, ORDER_SEQ, TABLE_NAME, FOOTER_SETTER,HEADER_SETTER ) 
	VALUES ( 1100923, 1100900, 'PREMIUM_AMOUNT', 'Premium Amount', 'Premium Amount', 'Double', 'double', NULL, NULL, NULL, NULL, 240, 'PREMIUM_AMOUNT', NULL, NULL); 
INSERT INTO ARCH_REPORT_COLUMN ( ID, REPORT_ID, LOGICAL_NAME, VISIBLE_NAME, FILTER_NAME, TYPE,VALIDATOR, CONVERTER, HELPER, VISIBILITY, SETTER, ORDER_SEQ, TABLE_NAME, FOOTER_SETTER,HEADER_SETTER ) 
	VALUES ( 1100924, 1100900, 'PREMIUM_CCY', 'Premium Ccy', 'Premium Ccy', 'String', 'string', NULL, NULL, NULL, NULL, 250, 'PREMIUM_CCY', NULL, NULL); 
INSERT INTO ARCH_REPORT_COLUMN ( ID, REPORT_ID, LOGICAL_NAME, VISIBLE_NAME, FILTER_NAME, TYPE,VALIDATOR, CONVERTER, HELPER, VISIBILITY, SETTER, ORDER_SEQ, TABLE_NAME, FOOTER_SETTER,HEADER_SETTER ) 
	VALUES ( 1100925, 1100900, 'PREMIUM_DATE', 'Premium Date', 'Premium Date', 'Date', 'todayOrSysdate', NULL, NULL, NULL, NULL, 260, 'trunc(PREMIUM_DATE)', NULL, NULL); 
INSERT INTO ARCH_REPORT_COLUMN ( ID, REPORT_ID, LOGICAL_NAME, VISIBLE_NAME, FILTER_NAME, TYPE,VALIDATOR, CONVERTER, HELPER, VISIBILITY, SETTER, ORDER_SEQ, TABLE_NAME, FOOTER_SETTER,HEADER_SETTER ) 
	VALUES ( 1100926, 1100900, 'BARRIER_TYPE', 'Barrier Type', 'Barrier Type', 'Integer', 'int', NULL, NULL, NULL, NULL, 270, 'BARRIER_TYPE', NULL, NULL); 
INSERT INTO ARCH_REPORT_COLUMN ( ID, REPORT_ID, LOGICAL_NAME, VISIBLE_NAME, FILTER_NAME, TYPE,VALIDATOR, CONVERTER, HELPER, VISIBILITY, SETTER, ORDER_SEQ, TABLE_NAME, FOOTER_SETTER,HEADER_SETTER ) 
	VALUES ( 1100927, 1100900, 'BARRIER_LEVEL', 'Barrier Level', 'Barrier Level', 'Double', 'double', NULL, NULL, NULL, NULL, 280, 'BARRIER_LEVEL', NULL, NULL); 
INSERT INTO ARCH_REPORT_COLUMN ( ID, REPORT_ID, LOGICAL_NAME, VISIBLE_NAME, FILTER_NAME, TYPE,VALIDATOR, CONVERTER, HELPER, VISIBILITY, SETTER, ORDER_SEQ, TABLE_NAME, FOOTER_SETTER,HEADER_SETTER ) 
	VALUES ( 1100928, 1100900, 'LOWER_BARRIER_LEVEL', 'Lower Barrier Level', 'Lower Barrier Level', 'Double', 'double', NULL, NULL, NULL, NULL, 290, 'LOWER_BARRIER_LEVEL', NULL, NULL); 
INSERT INTO ARCH_REPORT_COLUMN ( ID, REPORT_ID, LOGICAL_NAME, VISIBLE_NAME, FILTER_NAME, TYPE,VALIDATOR, CONVERTER, HELPER, VISIBILITY, SETTER, ORDER_SEQ, TABLE_NAME, FOOTER_SETTER,HEADER_SETTER ) 
	VALUES ( 1100929, 1100900, 'UPPER_BARRIER_LEVEL', 'Upper Barrier Level', 'Upper Barrier Level', 'Double', 'double', NULL, NULL, NULL, NULL, 300, 'UPPER_BARRIER_LEVEL', NULL, NULL); 
INSERT INTO ARCH_REPORT_COLUMN ( ID, REPORT_ID, LOGICAL_NAME, VISIBLE_NAME, FILTER_NAME, TYPE,VALIDATOR, CONVERTER, HELPER, VISIBILITY, SETTER, ORDER_SEQ, TABLE_NAME, FOOTER_SETTER,HEADER_SETTER ) 
	VALUES ( 1100930, 1100900, 'REBATE_PERCENT_1', 'Rebate Percent 1', 'Rebate Percent 1', 'Double', 'double', NULL, NULL, NULL, NULL, 310, 'REBATE_PERCENT_1', NULL, NULL); 
INSERT INTO ARCH_REPORT_COLUMN ( ID, REPORT_ID, LOGICAL_NAME, VISIBLE_NAME, FILTER_NAME, TYPE,VALIDATOR, CONVERTER, HELPER, VISIBILITY, SETTER, ORDER_SEQ, TABLE_NAME, FOOTER_SETTER,HEADER_SETTER ) 
	VALUES ( 1100931, 1100900, 'REBATE_PERCENT_2', 'Rebate Percent 2', 'Rebate Percent 2', 'Double', 'double', NULL, NULL, NULL, NULL, 320, 'REBATE_PERCENT_2', NULL, NULL); 
INSERT INTO ARCH_REPORT_COLUMN ( ID, REPORT_ID, LOGICAL_NAME, VISIBLE_NAME, FILTER_NAME, TYPE,VALIDATOR, CONVERTER, HELPER, VISIBILITY, SETTER, ORDER_SEQ, TABLE_NAME, FOOTER_SETTER,HEADER_SETTER ) 
	VALUES ( 1100932, 1100900, 'REBATE_QUOTE_MODE', 'Rebate Quote Mode', 'Rebate Quote Mode', 'String', 'string', NULL, NULL, NULL, NULL, 330, 'REBATE_QUOTE_MODE', NULL, NULL); 
INSERT INTO ARCH_REPORT_COLUMN ( ID, REPORT_ID, LOGICAL_NAME, VISIBLE_NAME, FILTER_NAME, TYPE,VALIDATOR, CONVERTER, HELPER, VISIBILITY, SETTER, ORDER_SEQ, TABLE_NAME, FOOTER_SETTER,HEADER_SETTER ) 
	VALUES ( 1100933, 1100900, 'REBATE_TYPE', 'Rebate Type', 'Rebate Type', 'String', 'string', NULL, NULL, NULL, NULL, 340, 'REBATE_TYPE', NULL, NULL); 
INSERT INTO ARCH_REPORT_COLUMN ( ID, REPORT_ID, LOGICAL_NAME, VISIBLE_NAME, FILTER_NAME, TYPE,VALIDATOR, CONVERTER, HELPER, VISIBILITY, SETTER, ORDER_SEQ, TABLE_NAME, FOOTER_SETTER,HEADER_SETTER ) 
	VALUES ( 1100934, 1100900, 'PAYOUT_AMOUNT', 'Payout Amount', 'Payout Amount', 'Double', 'double', NULL, NULL, NULL, NULL, 350, 'PAYOUT_AMOUNT', NULL, NULL); 
INSERT INTO ARCH_REPORT_COLUMN ( ID, REPORT_ID, LOGICAL_NAME, VISIBLE_NAME, FILTER_NAME, TYPE,VALIDATOR, CONVERTER, HELPER, VISIBILITY, SETTER, ORDER_SEQ, TABLE_NAME, FOOTER_SETTER,HEADER_SETTER ) 
	VALUES ( 1100935, 1100900, 'PAYOUT_CCY', 'Payout Ccy', 'Payout Ccy', 'String', 'string', NULL, NULL, NULL, NULL, 360, 'PAYOUT_CCY', NULL, NULL); 
INSERT INTO ARCH_REPORT_COLUMN ( ID, REPORT_ID, LOGICAL_NAME, VISIBLE_NAME, FILTER_NAME, TYPE,VALIDATOR, CONVERTER, HELPER, VISIBILITY, SETTER, ORDER_SEQ, TABLE_NAME, FOOTER_SETTER,HEADER_SETTER ) 
	VALUES ( 1100936, 1100900, 'TRADER', 'Trader', 'Trader', 'String', 'string', NULL, NULL, NULL, NULL, 370, 'TRADER', NULL, NULL); 
INSERT INTO ARCH_REPORT_COLUMN ( ID, REPORT_ID, LOGICAL_NAME, VISIBLE_NAME, FILTER_NAME, TYPE,VALIDATOR, CONVERTER, HELPER, VISIBILITY, SETTER, ORDER_SEQ, TABLE_NAME, FOOTER_SETTER,HEADER_SETTER ) 
	VALUES ( 1100937, 1100900, 'TRADE_DATE', 'Trade Date', 'Trade Date', 'Date', 'todayOrSysdate', NULL, NULL, NULL, NULL, 380, 'trunc(TRADE_DATE)', NULL, NULL); 
INSERT INTO ARCH_REPORT_COLUMN ( ID, REPORT_ID, LOGICAL_NAME, VISIBLE_NAME, FILTER_NAME, TYPE,VALIDATOR, CONVERTER, HELPER, VISIBILITY, SETTER, ORDER_SEQ, TABLE_NAME, FOOTER_SETTER,HEADER_SETTER ) 
	VALUES ( 1100938, 1100900, 'CREATION_DATE', 'Creation Date', 'Creation Date', 'Date', 'todayOrSysdate', NULL, NULL, NULL, NULL, 390, 'CREATION_DATE', NULL, NULL); 
INSERT INTO ARCH_REPORT_COLUMN ( ID, REPORT_ID, LOGICAL_NAME, VISIBLE_NAME, FILTER_NAME, TYPE,VALIDATOR, CONVERTER, HELPER, VISIBILITY, SETTER, ORDER_SEQ, TABLE_NAME, FOOTER_SETTER,HEADER_SETTER ) 
	VALUES ( 1100939, 1100900, 'EXTERNAL_REF', 'External Ref', 'External Ref', 'String', 'string', NULL, NULL, NULL, NULL, 400, 'EXTERNAL_REF', NULL, NULL); 
INSERT INTO ARCH_REPORT_COLUMN ( ID, REPORT_ID, LOGICAL_NAME, VISIBLE_NAME, FILTER_NAME, TYPE,VALIDATOR, CONVERTER, HELPER, VISIBILITY, SETTER, ORDER_SEQ, TABLE_NAME, FOOTER_SETTER,HEADER_SETTER ) 
	VALUES ( 1100940, 1100900, 'TRADE_TYPE', 'Trade Type', 'Trade Type', 'String', 'string', NULL, NULL, NULL, NULL, 410, 'TRADE_TYPE', NULL, NULL); 
INSERT INTO ARCH_REPORT_COLUMN ( ID, REPORT_ID, LOGICAL_NAME, VISIBLE_NAME, FILTER_NAME, TYPE,VALIDATOR, CONVERTER, HELPER, VISIBILITY, SETTER, ORDER_SEQ, TABLE_NAME, FOOTER_SETTER,HEADER_SETTER ) 
	VALUES ( 1100941, 1100900, 'PORTFOLIO_ID', 'Portfolio Id', 'Portfolio Id', 'Long', 'long', NULL, NULL, NULL, NULL, 420, 'PORTFOLIO_ID', NULL, NULL); 
INSERT INTO ARCH_REPORT_COLUMN ( ID, REPORT_ID, LOGICAL_NAME, VISIBLE_NAME, FILTER_NAME, TYPE,VALIDATOR, CONVERTER, HELPER, VISIBILITY, SETTER, ORDER_SEQ, TABLE_NAME, FOOTER_SETTER,HEADER_SETTER ) 
	VALUES ( 1100942, 1100900, 'IS_DUMMY', 'Is Dummy', 'Is Dummy', 'String', 'string', NULL, NULL, NULL, NULL, 430, 'IS_DUMMY', NULL, NULL); 
INSERT INTO ARCH_REPORT_COLUMN ( ID, REPORT_ID, LOGICAL_NAME, VISIBLE_NAME, FILTER_NAME, TYPE,VALIDATOR, CONVERTER, HELPER, VISIBILITY, SETTER, ORDER_SEQ, TABLE_NAME, FOOTER_SETTER,HEADER_SETTER ) 
	VALUES ( 1100943, 1100900, 'AGREEMENT', 'Agreement', 'Agreement', 'String', 'string', NULL, NULL, NULL, NULL, 440, 'AGREEMENT', NULL, NULL); 
INSERT INTO ARCH_REPORT_COLUMN ( ID, REPORT_ID, LOGICAL_NAME, VISIBLE_NAME, FILTER_NAME, TYPE,VALIDATOR, CONVERTER, HELPER, VISIBILITY, SETTER, ORDER_SEQ, TABLE_NAME, FOOTER_SETTER,HEADER_SETTER ) 
	VALUES ( 1100944, 1100900, 'SUBMITTER_PERSON', 'Submitter Person', 'Submitter Person', 'String', 'string', NULL, NULL, 'reportHidden', NULL, 450, 'SUBMITTER_PERSON', NULL, NULL); 
INSERT INTO ARCH_REPORT_COLUMN ( ID, REPORT_ID, LOGICAL_NAME, VISIBLE_NAME, FILTER_NAME, TYPE,VALIDATOR, CONVERTER, HELPER, VISIBILITY, SETTER, ORDER_SEQ, TABLE_NAME, FOOTER_SETTER,HEADER_SETTER ) 
	VALUES ( 1100945, 1100900, 'ENTERING_ORG', 'Entering Org', 'Entering Org', 'String', 'string', NULL, NULL, 'reportHidden', NULL, 460, 'ENTERING_ORG', NULL, NULL); 
INSERT INTO ARCH_REPORT_COLUMN ( ID, REPORT_ID, LOGICAL_NAME, VISIBLE_NAME, FILTER_NAME, TYPE,VALIDATOR, CONVERTER, HELPER, VISIBILITY, SETTER, ORDER_SEQ, TABLE_NAME, FOOTER_SETTER,HEADER_SETTER ) 
	VALUES ( 1100946, 1100900, 'CUT_OFF_ZONE', 'Cut Off Zone', 'Cut Off Zone', 'String', 'string', NULL, NULL, 'reportHidden', NULL, 470, 'CUT_OFF_ZONE', NULL, NULL); 
INSERT INTO ARCH_REPORT_COLUMN ( ID, REPORT_ID, LOGICAL_NAME, VISIBLE_NAME, FILTER_NAME, TYPE,VALIDATOR, CONVERTER, HELPER, VISIBILITY, SETTER, ORDER_SEQ, TABLE_NAME, FOOTER_SETTER,HEADER_SETTER ) 
	VALUES ( 1100947, 1100900, 'UNDERLYING_CLIENT_REF', 'Underlying Client Ref', 'Underlying Client Ref', 'String', 'string', NULL, NULL, 'reportHidden', NULL, 480, 'UNDERLYING_CLIENT_REF', NULL, NULL); 
INSERT INTO ARCH_REPORT_COLUMN ( ID, REPORT_ID, LOGICAL_NAME, VISIBLE_NAME, FILTER_NAME, TYPE,VALIDATOR, CONVERTER, HELPER, VISIBILITY, SETTER, ORDER_SEQ, TABLE_NAME, FOOTER_SETTER,HEADER_SETTER ) 
	VALUES ( 1100948, 1100900, 'DELIVERY_METHOD', 'Delivery Method', 'Delivery Method', 'String', 'string', NULL, NULL, 'reportHidden', NULL, 490, 'DELIVERY_METHOD', NULL, NULL); 
INSERT INTO ARCH_REPORT_COLUMN ( ID, REPORT_ID, LOGICAL_NAME, VISIBLE_NAME, FILTER_NAME, TYPE,VALIDATOR, CONVERTER, HELPER, VISIBILITY, SETTER, ORDER_SEQ, TABLE_NAME, FOOTER_SETTER,HEADER_SETTER ) 
	VALUES ( 1100949, 1100900, 'REPORTER', 'Reporter', 'Reporter', 'String', 'string', NULL, NULL, 'reportHidden', NULL, 500, 'REPORTER', NULL, NULL); 
INSERT INTO ARCH_REPORT_COLUMN ( ID, REPORT_ID, LOGICAL_NAME, VISIBLE_NAME, FILTER_NAME, TYPE,VALIDATOR, CONVERTER, HELPER, VISIBILITY, SETTER, ORDER_SEQ, TABLE_NAME, FOOTER_SETTER,HEADER_SETTER ) 
	VALUES ( 1100950, 1100900, 'NEW_NOE', 'New Giveup', 'New Giveup', 'Long', 'long', NULL, NULL, 'reportHidden', NULL, 510, 'NEW_NOE', NULL, NULL); 
INSERT INTO ARCH_REPORT_COLUMN ( ID, REPORT_ID, LOGICAL_NAME, VISIBLE_NAME, FILTER_NAME, TYPE,VALIDATOR, CONVERTER, HELPER, VISIBILITY, SETTER, ORDER_SEQ, TABLE_NAME, FOOTER_SETTER,HEADER_SETTER ) 
	VALUES ( 1100951, 1100900, 'OLD_NOE', 'Old Giveup', 'Old Giveup', 'Long', 'long', NULL, NULL, 'reportHidden', NULL, 520, 'OLD_NOE', NULL, NULL); 
INSERT INTO ARCH_REPORT_COLUMN ( ID, REPORT_ID, LOGICAL_NAME, VISIBLE_NAME, FILTER_NAME, TYPE,VALIDATOR, CONVERTER, HELPER, VISIBILITY, SETTER, ORDER_SEQ, TABLE_NAME, FOOTER_SETTER,HEADER_SETTER ) 
	VALUES ( 1100952, 1100900, 'OPTION_CONTRACT_TYPE', 'Option Contract Type', 'Option Contract Type', 'String', 'string', NULL, NULL, 'reportHidden', NULL, 530, 'OPTION_CONTRACT_TYPE', NULL, NULL); 
INSERT INTO ARCH_REPORT_COLUMN ( ID, REPORT_ID, LOGICAL_NAME, VISIBLE_NAME, FILTER_NAME, TYPE,VALIDATOR, CONVERTER, HELPER, VISIBILITY, SETTER, ORDER_SEQ, TABLE_NAME, FOOTER_SETTER,HEADER_SETTER ) 
	VALUES ( 1100953, 1100900, 'EXPIRY_TIME', 'Expiry Time', 'Expiry Time', 'String', 'string', NULL, NULL, 'reportHidden', NULL, 540, 'EXPIRY_TIME', NULL, NULL); 
INSERT INTO ARCH_REPORT_COLUMN ( ID, REPORT_ID, LOGICAL_NAME, VISIBLE_NAME, FILTER_NAME, TYPE,VALIDATOR, CONVERTER, HELPER, VISIBILITY, SETTER, ORDER_SEQ, TABLE_NAME, FOOTER_SETTER,HEADER_SETTER ) 
	VALUES ( 1100954, 1100900, 'DATE_TERMINATED', 'Date Terminated', 'Date Terminated', 'Date', 'todayOrSysdate', NULL, NULL, 'reportHidden', NULL, 550, 'DATE_TERMINATED', NULL, NULL); 
INSERT INTO ARCH_REPORT_COLUMN ( ID, REPORT_ID, LOGICAL_NAME, VISIBLE_NAME, FILTER_NAME, TYPE,VALIDATOR, CONVERTER, HELPER, VISIBILITY, SETTER, ORDER_SEQ, TABLE_NAME, FOOTER_SETTER,HEADER_SETTER ) 
	VALUES ( 1100955, 1100900, 'NDF', 'Ndf', 'Ndf', 'String', 'string', NULL, NULL, 'reportHidden', NULL, 560, 'NDF', NULL, NULL); 
INSERT INTO ARCH_REPORT_COLUMN ( ID, REPORT_ID, LOGICAL_NAME, VISIBLE_NAME, FILTER_NAME, TYPE,VALIDATOR, CONVERTER, HELPER, VISIBILITY, SETTER, ORDER_SEQ, TABLE_NAME, FOOTER_SETTER,HEADER_SETTER ) 
	VALUES ( 1100956, 1100900, 'NDF_FIXING_DATE', 'Ndf Fixing Date', 'Ndf Fixing Date', 'Date', 'todayOrSysdate', NULL, NULL, 'reportHidden', NULL, 570, 'NDF_FIXING_DATE', NULL, NULL); 
INSERT INTO ARCH_REPORT_COLUMN ( ID, REPORT_ID, LOGICAL_NAME, VISIBLE_NAME, FILTER_NAME, TYPE,VALIDATOR, CONVERTER, HELPER, VISIBILITY, SETTER, ORDER_SEQ, TABLE_NAME, FOOTER_SETTER,HEADER_SETTER ) 
	VALUES ( 1100957, 1100900, 'NDF_LINKED_TRADE', 'Ndf Linked Trade', 'Ndf Linked Trade', 'String', 'string', NULL, NULL, 'reportHidden', NULL, 580, 'NDF_LINKED_TRADE', NULL, NULL); 
-- ARCH_REPORT_INSTANCE
delete ARCH_REPORT_INSTANCE where id=1100900;
INSERT INTO ARCH_REPORT_INSTANCE ( ID, REPORT_ID, SORT_COLUMNS, SORT_ORDER, FILTER_ROOT )
    VALUES ( 1100900, 1100900, 'EXPIRY_DATE', 'ASC', 1100900);
-- ARCH_FILTER
delete ARCH_FILTER where id in (1100900,1100901);
INSERT INTO ARCH_FILTER ( ID, PARENT_ID, ROOT_GROUP, OPERATION, BROTHER_ID, COLUMN_ID, CONDITION, VALUE, CONDITION_CHANGEABLE, VALUE_CHANGEABLE, REQUIRES_BINDING, VISIBILITY, CONDITION_OVERRIDE_GROUP )
    VALUES ( 1100900, 0, 1100900, NULL, 1, 0, NULL, NULL, 1, 1, 0, 0, 0);
INSERT INTO ARCH_FILTER ( ID, PARENT_ID, ROOT_GROUP, OPERATION, BROTHER_ID, COLUMN_ID, CONDITION, VALUE, CONDITION_CHANGEABLE, VALUE_CHANGEABLE, REQUIRES_BINDING, VISIBILITY, CONDITION_OVERRIDE_GROUP )
    VALUES ( 1100901, 1100900, 1100900, NULL, 1, 1100916, '<>', ' ', 1, 1, 0, 0, 0);
-- ARCH_REPORT_2_RECEIVER
delete ARCH_REPORT_2_RECEIVER  where id=1100900;
INSERT INTO ARCH_REPORT_2_RECEIVER ( ID, REPORT_INSTANCE_ID, RECEIVER_ID, REPORT_ID, RECEIVER_TYPE )
    VALUES ( 1100900, 1100900, 200, 1100900, 2);
-----------END: Option Suspect Report ----------------

-----------START: Linear Position Report - Sum All Ccy ----------------
--ARCH_REPORT
delete ARCH_REPORT where id=1101900;
INSERT INTO ARCH_REPORT ( ID, NAME, CATALOG_NAME, REPORT_NAME, REPORTING_ENGINE )
    VALUES ( 1101900, 'LPR Sum All Ccy', 'arch-admin', 'com.traiana.sol.fxpb.web.report.linearposition.reportbuilder.LinearPositionReportSumAllCcyBuilder', 'com.traiana.core.service.infra.report.imp.archreport.ArchReportService');
-- ARCH_CORE_REPORT
delete ARCH_CORE_REPORT where report_id=1101900;
INSERT INTO ARCH_CORE_REPORT ( REPORT_ID, TITLE, XSL_URI, TYPE )
    VALUES ( 1101900, 'LPR Sum All Ccy', '/config/jpmc/xsl/linearPositionReportSumAllCcy.xsl', 2);
-- ARCH_REPORT_COLUMN
delete ARCH_REPORT_COLUMN where report_id=1101900;
INSERT INTO ARCH_REPORT_COLUMN ( ID, REPORT_ID, LOGICAL_NAME, VISIBLE_NAME, FILTER_NAME, TYPE,VALIDATOR, CONVERTER, HELPER, VISIBILITY, SETTER, ORDER_SEQ, TABLE_NAME, FOOTER_SETTER,HEADER_SETTER ) 
	VALUES ( 1101900, 1101900, 'ORDER', 'ORDER', 'ORDER', 'Long', 'long', NULL, NULL, 'none', NULL, 10, 'ORDER', NULL, 'nosort'); 
INSERT INTO ARCH_REPORT_COLUMN ( ID, REPORT_ID, LOGICAL_NAME, VISIBLE_NAME, FILTER_NAME, TYPE,VALIDATOR, CONVERTER, HELPER, VISIBILITY, SETTER, ORDER_SEQ, TABLE_NAME, FOOTER_SETTER,HEADER_SETTER ) 
	VALUES (1101901, 1101900, 'CCY_NAME', ' ', NULL, 'String', 'string', NULL, NULL, 'report', 'LINK:javascript:doChangeCcy("$CCY_NAME")', 20, 'CCY_NAME', NULL, 'nosort'); 
INSERT INTO ARCH_REPORT_COLUMN ( ID, REPORT_ID, LOGICAL_NAME, VISIBLE_NAME, FILTER_NAME, TYPE,VALIDATOR, CONVERTER, HELPER, VISIBILITY, SETTER, ORDER_SEQ, TABLE_NAME, FOOTER_SETTER,HEADER_SETTER ) 
	VALUES (1101902, 1101900, 'CCY_QTY', 'Ccy', 'Ccy', 'Double', 'double', NULL, NULL, NULL, 'rccy', 30, 'CCY_QTY', NULL, 'nosort'); 
INSERT INTO ARCH_REPORT_COLUMN ( ID, REPORT_ID, LOGICAL_NAME, VISIBLE_NAME, FILTER_NAME, TYPE,VALIDATOR, CONVERTER, HELPER, VISIBILITY, SETTER, ORDER_SEQ, TABLE_NAME, FOOTER_SETTER,HEADER_SETTER ) 
	VALUES (1101903, 1101900, 'USD_EQUIV', '$ Equiv', '$ Equiv', 'Double', 'double', NULL, NULL, NULL, 'rpnl_noval', 40, 'USD_EQUIV', NULL, 'nosort'); 
INSERT INTO ARCH_REPORT_COLUMN ( ID, REPORT_ID, LOGICAL_NAME, VISIBLE_NAME, FILTER_NAME, TYPE,VALIDATOR, CONVERTER, HELPER, VISIBILITY, SETTER, ORDER_SEQ, TABLE_NAME, FOOTER_SETTER,HEADER_SETTER ) 
	VALUES (1101904, 1101900, 'SPOT', 'Closing Spot', 'Closing Spot', 'Double', 'double', NULL, NULL, NULL, 'spot5', 50, 'SPOT', NULL, 'nosort'); 
INSERT INTO ARCH_REPORT_COLUMN ( ID, REPORT_ID, LOGICAL_NAME, VISIBLE_NAME, FILTER_NAME, TYPE,VALIDATOR, CONVERTER, HELPER, VISIBILITY, SETTER, ORDER_SEQ, TABLE_NAME, FOOTER_SETTER,HEADER_SETTER ) 
	VALUES (1101905, 1101900, 'UPL_DAILY', 'Daily $ PnL', 'Daily $ PnL', 'Double', 'double', NULL, NULL, NULL, 'rpnl_noval', 60, 'UPL_DAILY', NULL, 'nosort'); 
INSERT INTO ARCH_REPORT_COLUMN ( ID, REPORT_ID, LOGICAL_NAME, VISIBLE_NAME, FILTER_NAME, TYPE,VALIDATOR, CONVERTER, HELPER, VISIBILITY, SETTER, ORDER_SEQ, TABLE_NAME, FOOTER_SETTER,HEADER_SETTER ) 
	VALUES (1101906, 1101900, 'UPL_MTD', 'MTD $ PnL', 'MTD $ PnL', 'Double', 'double', NULL, NULL, NULL, 'rpnl_noval', 70, 'UPL_MTD', NULL, 'nosort'); 
INSERT INTO ARCH_REPORT_COLUMN ( ID, REPORT_ID, LOGICAL_NAME, VISIBLE_NAME, FILTER_NAME, TYPE,VALIDATOR, CONVERTER, HELPER, VISIBILITY, SETTER, ORDER_SEQ, TABLE_NAME, FOOTER_SETTER,HEADER_SETTER ) 
	VALUES (1101907, 1101900, 'RPL_MTM', '$ MTM', '$ MTM', 'Double', 'double', NULL, NULL, NULL, 'rpnl_noval', 80, 'RPL_MTM', NULL, 'nosort'); 
INSERT INTO ARCH_REPORT_COLUMN ( ID, REPORT_ID, LOGICAL_NAME, VISIBLE_NAME, FILTER_NAME, TYPE,VALIDATOR, CONVERTER, HELPER, VISIBILITY, SETTER, ORDER_SEQ, TABLE_NAME, FOOTER_SETTER,HEADER_SETTER ) 
	VALUES (1101908, 1101900, 'RPL_DAILY', 'Daily $ PnL', 'Daily $ PnL', 'Double', 'double', NULL, NULL, NULL, 'rpnl_noval', 90, 'RPL_DAILY', NULL, 'nosort'); 
INSERT INTO ARCH_REPORT_COLUMN ( ID, REPORT_ID, LOGICAL_NAME, VISIBLE_NAME, FILTER_NAME, TYPE,VALIDATOR, CONVERTER, HELPER, VISIBILITY, SETTER, ORDER_SEQ, TABLE_NAME, FOOTER_SETTER,HEADER_SETTER ) 
	VALUES (1101909, 1101900, 'RPL_MTD', 'MTD $ PnL', 'MTD $ PnL', 'Double', 'double', NULL, NULL, NULL, 'rpnl_noval', 100, 'RPL_MTD', NULL, 'nosort'); 
INSERT INTO ARCH_REPORT_COLUMN ( ID, REPORT_ID, LOGICAL_NAME, VISIBLE_NAME, FILTER_NAME, TYPE,VALIDATOR, CONVERTER, HELPER, VISIBILITY, SETTER, ORDER_SEQ, TABLE_NAME, FOOTER_SETTER,HEADER_SETTER ) 
	VALUES (1101910, 1101900, 'TPL_DAILY', 'Daily $ PnL', 'Daily $ PnL', 'Double', 'double', NULL, NULL, NULL, 'rpnl_noval', 110, 'TPL_DAILY', NULL, 'nosort'); 
INSERT INTO ARCH_REPORT_COLUMN ( ID, REPORT_ID, LOGICAL_NAME, VISIBLE_NAME, FILTER_NAME, TYPE,VALIDATOR, CONVERTER, HELPER, VISIBILITY, SETTER, ORDER_SEQ, TABLE_NAME, FOOTER_SETTER,HEADER_SETTER ) 
	VALUES (1101911, 1101900, 'TPL_MTD', 'MTD $ PnL', 'MTD $ PnL', 'Double', 'double', NULL, NULL, NULL, 'rpnl_noval', 120, 'TPL_MTD', NULL, 'nosort'); 
-- ARCH_REPORT_INSTANCE
delete ARCH_REPORT_INSTANCE where id=1101900;
INSERT INTO ARCH_REPORT_INSTANCE ( ID, REPORT_ID, SORT_COLUMNS, SORT_ORDER, FILTER_ROOT )
    VALUES ( 1101900, 1101900, 'ORDER', 'ASC', 1101900);
-- ARCH_FILTER
delete ARCH_FILTER where id in (1101900,1101901);
INSERT INTO ARCH_FILTER ( ID, PARENT_ID, ROOT_GROUP, OPERATION, BROTHER_ID, COLUMN_ID, CONDITION, VALUE, CONDITION_CHANGEABLE, VALUE_CHANGEABLE, REQUIRES_BINDING, VISIBILITY, CONDITION_OVERRIDE_GROUP )
    VALUES ( 1101900, 0, 1101900, NULL, 1, 0, NULL, NULL, 1, 1, 0, 0, 0);
INSERT INTO ARCH_FILTER ( ID, PARENT_ID, ROOT_GROUP, OPERATION, BROTHER_ID, COLUMN_ID, CONDITION, VALUE, CONDITION_CHANGEABLE, VALUE_CHANGEABLE, REQUIRES_BINDING, VISIBILITY, CONDITION_OVERRIDE_GROUP )
    VALUES ( 1101901, 1101900, 1101900, NULL, 1, 1101901, 'IS NOT NULL', NULL, 1, 1, 0, 0, 0);
-- ARCH_REPORT_2_RECEIVER
delete ARCH_REPORT_2_RECEIVER where id=1101900;
INSERT INTO ARCH_REPORT_2_RECEIVER ( ID, REPORT_INSTANCE_ID, RECEIVER_ID, REPORT_ID, RECEIVER_TYPE )
    VALUES ( 1101900, 1101900, 200, 1101900, 2);
-----------END: Linear Position Report - Sum All Ccy ----------------

-----------START: option noe blotter report ----------------
delete ARCH_REPORT where id=1101800;
INSERT INTO ARCH_REPORT (ID, NAME, CATALOG_NAME, REPORT_NAME, REPORTING_ENGINE)
    VALUES (1101800, 'Option NOE Blotter Report', 'arch-admin', 'V_FXPB_REPORT_OPTION_NOE_FP', 'com.traiana.core.service.infra.report.imp.archreport.ArchReportService');

delete ARCH_REPORT_COLUMN where report_id=1101800;
INSERT INTO ARCH_REPORT_COLUMN ( ID, REPORT_ID, LOGICAL_NAME, VISIBLE_NAME, FILTER_NAME, TYPE,VALIDATOR, CONVERTER, HELPER, VISIBILITY, SETTER, ORDER_SEQ, TABLE_NAME, FOOTER_SETTER,HEADER_SETTER ) 
	VALUES ( 1101801, 1101800, 'ALLOC', 'Status', 'Status', 'String', 'string', NULL, 'VFXPBNOEAllocStatus', 'report', 'noeAllocation', 20, 'ALLOC', NULL, 'nosort'); 
INSERT INTO ARCH_REPORT_COLUMN ( ID, REPORT_ID, LOGICAL_NAME, VISIBLE_NAME, FILTER_NAME, TYPE,VALIDATOR, CONVERTER, HELPER, VISIBILITY, SETTER, ORDER_SEQ, TABLE_NAME, FOOTER_SETTER,HEADER_SETTER ) 
	VALUES (1101802, 1101800, 'RECON', 'Recon', 'Recon', 'String', 'string', NULL, 'VFXPBNOEReconStatus', 'filters', NULL, 30, 'RECON', NULL, 'nosort'); 
INSERT INTO ARCH_REPORT_COLUMN ( ID, REPORT_ID, LOGICAL_NAME, VISIBLE_NAME, FILTER_NAME, TYPE,VALIDATOR, CONVERTER, HELPER, VISIBILITY, SETTER, ORDER_SEQ, TABLE_NAME, FOOTER_SETTER,HEADER_SETTER ) 
	VALUES (1101803, 1101800, 'APPROVAL', 'Approval', 'Approval', 'String', 'string', NULL, 'VFXPBNOEApprovalStatus', 'filters', NULL, 40, 'APPROVAL', NULL, 'nosort'); 
INSERT INTO ARCH_REPORT_COLUMN ( ID, REPORT_ID, LOGICAL_NAME, VISIBLE_NAME, FILTER_NAME, TYPE,VALIDATOR, CONVERTER, HELPER, VISIBILITY, SETTER, ORDER_SEQ, TABLE_NAME, FOOTER_SETTER,HEADER_SETTER ) 
	VALUES (1101804, 1101800, 'APPR_REASON', 'Appr Reason', 'Appr Reason', 'String', 'string', NULL, NULL, 'reportHidden', NULL, 50, 'APPR_REASON', NULL, 'nosort'); 
INSERT INTO ARCH_REPORT_COLUMN ( ID, REPORT_ID, LOGICAL_NAME, VISIBLE_NAME, FILTER_NAME, TYPE,VALIDATOR, CONVERTER, HELPER, VISIBILITY, SETTER, ORDER_SEQ, TABLE_NAME, FOOTER_SETTER,HEADER_SETTER ) 
	VALUES (1101805, 1101800, 'LIFECYCLE', 'Lifecycle', 'Lifecycle', 'String', 'string', NULL, 'VFXPBNOELifeStatus', 'filters', 'noeLifecycle', 60, 'LIFECYCLE', NULL, NULL); 
INSERT INTO ARCH_REPORT_COLUMN ( ID, REPORT_ID, LOGICAL_NAME, VISIBLE_NAME, FILTER_NAME, TYPE,VALIDATOR, CONVERTER, HELPER, VISIBILITY, SETTER, ORDER_SEQ, TABLE_NAME, FOOTER_SETTER,HEADER_SETTER ) 
	VALUES (1101806, 1101800, 'SIDE_A', 'Trading Firm', 'Trading Firm', 'String', 'string', NULL, NULL, NULL, NULL, 70, 'SIDE_A', NULL, 'nosort'); 
INSERT INTO ARCH_REPORT_COLUMN ( ID, REPORT_ID, LOGICAL_NAME, VISIBLE_NAME, FILTER_NAME, TYPE,VALIDATOR, CONVERTER, HELPER, VISIBILITY, SETTER, ORDER_SEQ, TABLE_NAME, FOOTER_SETTER,HEADER_SETTER ) 
	VALUES (1101807, 1101800, 'SIDE_B', 'Counter Party', 'Counter Party', 'String', 'string', NULL, NULL, NULL, NULL, 80, 'SIDE_B', NULL, 'nosort'); 
INSERT INTO ARCH_REPORT_COLUMN ( ID, REPORT_ID, LOGICAL_NAME, VISIBLE_NAME, FILTER_NAME, TYPE,VALIDATOR, CONVERTER, HELPER, VISIBILITY, SETTER, ORDER_SEQ, TABLE_NAME, FOOTER_SETTER,HEADER_SETTER ) 
	VALUES (1101808, 1101800, 'OPTION_TYPE', 'Option Type', 'Option Type', 'String', 'string', NULL, 'FXPBOptionType', NULL, NULL, 90, 'OPTION_TYPE', NULL, 'nosort'); 
INSERT INTO ARCH_REPORT_COLUMN ( ID, REPORT_ID, LOGICAL_NAME, VISIBLE_NAME, FILTER_NAME, TYPE,VALIDATOR, CONVERTER, HELPER, VISIBILITY, SETTER, ORDER_SEQ, TABLE_NAME, FOOTER_SETTER,HEADER_SETTER ) 
	VALUES (1101809, 1101800, 'DIRECTION', 'Direction', 'Direction', 'String', 'string', NULL, 'FXPBNOEDirection', NULL, NULL, 100, 'DIRECTION', NULL, 'nosort'); 
INSERT INTO ARCH_REPORT_COLUMN ( ID, REPORT_ID, LOGICAL_NAME, VISIBLE_NAME, FILTER_NAME, TYPE,VALIDATOR, CONVERTER, HELPER, VISIBILITY, SETTER, ORDER_SEQ, TABLE_NAME, FOOTER_SETTER,HEADER_SETTER ) 
	VALUES (1101810, 1101800, 'EXPIRY_DATE', 'Expiry Date', 'Expiry Date', 'Date', 'todayOrSysdate', NULL, NULL, NULL, NULL, 110, 'trunc(EXPIRY_DATE)', NULL, 'nosort'); 
INSERT INTO ARCH_REPORT_COLUMN ( ID, REPORT_ID, LOGICAL_NAME, VISIBLE_NAME, FILTER_NAME, TYPE,VALIDATOR, CONVERTER, HELPER, VISIBILITY, SETTER, ORDER_SEQ, TABLE_NAME, FOOTER_SETTER,HEADER_SETTER ) 
	VALUES (1101811, 1101800, 'SETTLEMENT_DATE', 'Settlement Date', 'Settlement Date', 'Date', 'todayOrSysdate', NULL, NULL, 'none', NULL, 120, 'trunc(SETTLEMENT_DATE)', NULL, NULL); 
INSERT INTO ARCH_REPORT_COLUMN ( ID, REPORT_ID, LOGICAL_NAME, VISIBLE_NAME, FILTER_NAME, TYPE,VALIDATOR, CONVERTER, HELPER, VISIBILITY, SETTER, ORDER_SEQ, TABLE_NAME, FOOTER_SETTER,HEADER_SETTER ) 
	VALUES (1101812, 1101800, 'VALUE_DATE', 'Value Date', 'Value Date', 'Date', 'todayOrSysdate', NULL, NULL, NULL, NULL, 130, 'trunc(VALUE_DATE)', NULL, 'nosort'); 
INSERT INTO ARCH_REPORT_COLUMN ( ID, REPORT_ID, LOGICAL_NAME, VISIBLE_NAME, FILTER_NAME, TYPE,VALIDATOR, CONVERTER, HELPER, VISIBILITY, SETTER, ORDER_SEQ, TABLE_NAME, FOOTER_SETTER,HEADER_SETTER ) 
	VALUES (1101813, 1101800, 'CONTRACT_TYPE', 'Contract Type', 'Contract Type', 'String', 'string', NULL, 'FXPBOptionContractType', NULL, NULL, 140, 'CONTRACT_TYPE', NULL, 'nosort'); 
INSERT INTO ARCH_REPORT_COLUMN ( ID, REPORT_ID, LOGICAL_NAME, VISIBLE_NAME, FILTER_NAME, TYPE,VALIDATOR, CONVERTER, HELPER, VISIBILITY, SETTER, ORDER_SEQ, TABLE_NAME, FOOTER_SETTER,HEADER_SETTER ) 
	VALUES (1101814, 1101800, 'SECONDARY_CCY', 'CCY1', 'Secondary Ccy', 'String', 'string', NULL, 'FXPBCurrency', NULL, NULL, 150, 'SECONDARY_CCY', NULL, 'nosort'); 
INSERT INTO ARCH_REPORT_COLUMN ( ID, REPORT_ID, LOGICAL_NAME, VISIBLE_NAME, FILTER_NAME, TYPE,VALIDATOR, CONVERTER, HELPER, VISIBILITY, SETTER, ORDER_SEQ, TABLE_NAME, FOOTER_SETTER,HEADER_SETTER ) 
	VALUES (1101815, 1101800, 'QUANTITY', 'Quantity', 'Quantity', 'Double', 'double', NULL, NULL, NULL, 'double8', 160, 'QUANTITY', NULL, 'nosort'); 
INSERT INTO ARCH_REPORT_COLUMN ( ID, REPORT_ID, LOGICAL_NAME, VISIBLE_NAME, FILTER_NAME, TYPE,VALIDATOR, CONVERTER, HELPER, VISIBILITY, SETTER, ORDER_SEQ, TABLE_NAME, FOOTER_SETTER,HEADER_SETTER ) 
	VALUES (1101816, 1101800, 'BASE_CCY', 'CCY2', 'Base Ccy', 'String', 'string', NULL, 'FXPBCurrency', NULL, NULL, 170, 'BASE_CCY', NULL, 'nosort'); 
INSERT INTO ARCH_REPORT_COLUMN ( ID, REPORT_ID, LOGICAL_NAME, VISIBLE_NAME, FILTER_NAME, TYPE,VALIDATOR, CONVERTER, HELPER, VISIBILITY, SETTER, ORDER_SEQ, TABLE_NAME, FOOTER_SETTER,HEADER_SETTER ) 
	VALUES (1101817, 1101800, 'QUANTITY2', 'Quantity2', 'Quantity2', 'Double', 'double', NULL, NULL, NULL, 'double8', 180, 'QUANTITY2', NULL, 'nosort'); 
INSERT INTO ARCH_REPORT_COLUMN ( ID, REPORT_ID, LOGICAL_NAME, VISIBLE_NAME, FILTER_NAME, TYPE,VALIDATOR, CONVERTER, HELPER, VISIBILITY, SETTER, ORDER_SEQ, TABLE_NAME, FOOTER_SETTER,HEADER_SETTER ) 
	VALUES (1101818, 1101800, 'STRIKE', 'Strike', 'Strike', 'Double', 'double', NULL, NULL, NULL, NULL, 190, 'STRIKE', NULL, 'nosort'); 
INSERT INTO ARCH_REPORT_COLUMN ( ID, REPORT_ID, LOGICAL_NAME, VISIBLE_NAME, FILTER_NAME, TYPE,VALIDATOR, CONVERTER, HELPER, VISIBILITY, SETTER, ORDER_SEQ, TABLE_NAME, FOOTER_SETTER,HEADER_SETTER ) 
	VALUES (1101819, 1101800, 'STRIKE_QUOTE_MODE', 'Strike Quote Mode', 'Strike Quote Mode', 'String', 'string', NULL, 'FXPBOptionStrikeQuoteMode', NULL, NULL, 200, 'STRIKE_QUOTE_MODE', NULL, 'nosort'); 
INSERT INTO ARCH_REPORT_COLUMN ( ID, REPORT_ID, LOGICAL_NAME, VISIBLE_NAME, FILTER_NAME, TYPE,VALIDATOR, CONVERTER, HELPER, VISIBILITY, SETTER, ORDER_SEQ, TABLE_NAME, FOOTER_SETTER,HEADER_SETTER ) 
	VALUES (1101820, 1101800, 'OPTION_STYLE', 'Option Style', 'Option Style', 'String', 'string', NULL, 'FXPBOptionStyle', NULL, NULL, 210, 'OPTION_STYLE', NULL, 'nosort'); 
INSERT INTO ARCH_REPORT_COLUMN ( ID, REPORT_ID, LOGICAL_NAME, VISIBLE_NAME, FILTER_NAME, TYPE,VALIDATOR, CONVERTER, HELPER, VISIBILITY, SETTER, ORDER_SEQ, TABLE_NAME, FOOTER_SETTER,HEADER_SETTER ) 
	VALUES (1101821, 1101800, 'PRICE_PAID', 'Price Paid', 'Price Paid', 'Double', 'double', NULL, NULL, NULL, NULL, 220, 'PRICE_PAID', NULL, 'nosort'); 
INSERT INTO ARCH_REPORT_COLUMN ( ID, REPORT_ID, LOGICAL_NAME, VISIBLE_NAME, FILTER_NAME, TYPE,VALIDATOR, CONVERTER, HELPER, VISIBILITY, SETTER, ORDER_SEQ, TABLE_NAME, FOOTER_SETTER,HEADER_SETTER ) 
	VALUES (1101822, 1101800, 'PREMIUM_TYPE', 'Premium Type', 'Premium Type', 'String', 'string', NULL, 'FXPBOptionPremiumType', NULL, NULL, 230, 'PREMIUM_TYPE', NULL, 'nosort'); 
INSERT INTO ARCH_REPORT_COLUMN ( ID, REPORT_ID, LOGICAL_NAME, VISIBLE_NAME, FILTER_NAME, TYPE,VALIDATOR, CONVERTER, HELPER, VISIBILITY, SETTER, ORDER_SEQ, TABLE_NAME, FOOTER_SETTER,HEADER_SETTER ) 
	VALUES (1101823, 1101800, 'PREMIUM_AMOUNT', 'Premium Amount', 'Premium Amount', 'Double', 'double', NULL, NULL, NULL, 'double8', 240, 'PREMIUM_AMOUNT', NULL, 'nosort'); 
INSERT INTO ARCH_REPORT_COLUMN ( ID, REPORT_ID, LOGICAL_NAME, VISIBLE_NAME, FILTER_NAME, TYPE,VALIDATOR, CONVERTER, HELPER, VISIBILITY, SETTER, ORDER_SEQ, TABLE_NAME, FOOTER_SETTER,HEADER_SETTER ) 
	VALUES (1101824, 1101800, 'PREMIUM_CCY', 'Premium Ccy', 'Premium Ccy', 'String', 'string', NULL, 'FXPBCurrency', NULL, NULL, 250, 'PREMIUM_CCY', NULL, 'nosort'); 
INSERT INTO ARCH_REPORT_COLUMN ( ID, REPORT_ID, LOGICAL_NAME, VISIBLE_NAME, FILTER_NAME, TYPE,VALIDATOR, CONVERTER, HELPER, VISIBILITY, SETTER, ORDER_SEQ, TABLE_NAME, FOOTER_SETTER,HEADER_SETTER ) 
	VALUES (1101825, 1101800, 'PREMIUM_DATE', 'Premium Date', 'Premium Date', 'Date', 'todayOrSysdate', NULL, NULL, NULL, NULL, 260, 'trunc(PREMIUM_DATE)', NULL, 'nosort'); 
INSERT INTO ARCH_REPORT_COLUMN ( ID, REPORT_ID, LOGICAL_NAME, VISIBLE_NAME, FILTER_NAME, TYPE,VALIDATOR, CONVERTER, HELPER, VISIBILITY, SETTER, ORDER_SEQ, TABLE_NAME, FOOTER_SETTER,HEADER_SETTER ) 
	VALUES (1101826, 1101800, 'BARRIER_TYPE', 'Barrier Type', 'Barrier Type', 'Integer', 'int', NULL, NULL, NULL, NULL, 270, 'BARRIER_TYPE', NULL, 'nosort'); 
INSERT INTO ARCH_REPORT_COLUMN ( ID, REPORT_ID, LOGICAL_NAME, VISIBLE_NAME, FILTER_NAME, TYPE,VALIDATOR, CONVERTER, HELPER, VISIBILITY, SETTER, ORDER_SEQ, TABLE_NAME, FOOTER_SETTER,HEADER_SETTER ) 
	VALUES (1101827, 1101800, 'BARRIER_LEVEL', 'Barrier Level', 'Barrier Level', 'Double', 'double', NULL, NULL, NULL, NULL, 280, 'BARRIER_LEVEL', NULL, 'nosort'); 
INSERT INTO ARCH_REPORT_COLUMN ( ID, REPORT_ID, LOGICAL_NAME, VISIBLE_NAME, FILTER_NAME, TYPE,VALIDATOR, CONVERTER, HELPER, VISIBILITY, SETTER, ORDER_SEQ, TABLE_NAME, FOOTER_SETTER,HEADER_SETTER ) 
	VALUES (1101828, 1101800, 'LOWER_BARRIER_LEVEL', 'Lower Barrier Level', 'Lower Barrier Level', 'Double', 'double', NULL, NULL, NULL, NULL, 290, 'LOWER_BARRIER_LEVEL', NULL, 'nosort'); 
INSERT INTO ARCH_REPORT_COLUMN ( ID, REPORT_ID, LOGICAL_NAME, VISIBLE_NAME, FILTER_NAME, TYPE,VALIDATOR, CONVERTER, HELPER, VISIBILITY, SETTER, ORDER_SEQ, TABLE_NAME, FOOTER_SETTER,HEADER_SETTER ) 
	VALUES (1101829, 1101800, 'UPPER_BARRIER_LEVEL', 'Upper Barrier Level', 'Upper Barrier Level', 'Double', 'double', NULL, NULL, NULL, NULL, 300, 'UPPER_BARRIER_LEVEL', NULL, 'nosort'); 
INSERT INTO ARCH_REPORT_COLUMN ( ID, REPORT_ID, LOGICAL_NAME, VISIBLE_NAME, FILTER_NAME, TYPE,VALIDATOR, CONVERTER, HELPER, VISIBILITY, SETTER, ORDER_SEQ, TABLE_NAME, FOOTER_SETTER,HEADER_SETTER ) 
	VALUES (1101800, 1101800, 'ID', 'Id', 'Id', 'Long', 'long', NULL, NULL, NULL, 'LINK:new_option.lwp?optionId=$ID&RetrieveOptionNoe=RetrieveOptionNoe', 10, 'ID', NULL, 'nosort'); 
INSERT INTO ARCH_REPORT_COLUMN ( ID, REPORT_ID, LOGICAL_NAME, VISIBLE_NAME, FILTER_NAME, TYPE,VALIDATOR, CONVERTER, HELPER, VISIBILITY, SETTER, ORDER_SEQ, TABLE_NAME, FOOTER_SETTER,HEADER_SETTER ) 
	VALUES (1101830, 1101800, 'REBATE_PERCENT_1', 'Rebate Percent 1', 'Rebate Percent 1', 'Double', 'double', NULL, NULL, NULL, NULL, 310, 'REBATE_PERCENT_1', NULL, 'nosort'); 
INSERT INTO ARCH_REPORT_COLUMN ( ID, REPORT_ID, LOGICAL_NAME, VISIBLE_NAME, FILTER_NAME, TYPE,VALIDATOR, CONVERTER, HELPER, VISIBILITY, SETTER, ORDER_SEQ, TABLE_NAME, FOOTER_SETTER,HEADER_SETTER ) 
	VALUES (1101831, 1101800, 'REBATE_PERCENT_2', 'Rebate Percent 2', 'Rebate Percent 2', 'Double', 'double', NULL, NULL, NULL, NULL, 320, 'REBATE_PERCENT_2', NULL, 'nosort'); 
INSERT INTO ARCH_REPORT_COLUMN ( ID, REPORT_ID, LOGICAL_NAME, VISIBLE_NAME, FILTER_NAME, TYPE,VALIDATOR, CONVERTER, HELPER, VISIBILITY, SETTER, ORDER_SEQ, TABLE_NAME, FOOTER_SETTER,HEADER_SETTER ) 
	VALUES (1101832, 1101800, 'REBATE_QUOTE_MODE', 'Rebate Quote Mode', 'Rebate Quote Mode', 'String', 'string', NULL, NULL, NULL, NULL, 330, 'REBATE_QUOTE_MODE', NULL, 'nosort'); 
INSERT INTO ARCH_REPORT_COLUMN ( ID, REPORT_ID, LOGICAL_NAME, VISIBLE_NAME, FILTER_NAME, TYPE,VALIDATOR, CONVERTER, HELPER, VISIBILITY, SETTER, ORDER_SEQ, TABLE_NAME, FOOTER_SETTER,HEADER_SETTER ) 
	VALUES (1101833, 1101800, 'REBATE_TYPE', 'Rebate Type', 'Rebate Type', 'String', 'string', NULL, NULL, NULL, NULL, 340, 'REBATE_TYPE', NULL, 'nosort'); 
INSERT INTO ARCH_REPORT_COLUMN ( ID, REPORT_ID, LOGICAL_NAME, VISIBLE_NAME, FILTER_NAME, TYPE,VALIDATOR, CONVERTER, HELPER, VISIBILITY, SETTER, ORDER_SEQ, TABLE_NAME, FOOTER_SETTER,HEADER_SETTER ) 
	VALUES (1101834, 1101800, 'PAYOUT_AMOUNT', 'Payout Amount', 'Payout Amount', 'Double', 'double', NULL, NULL, NULL, NULL, 350, 'PAYOUT_AMOUNT', NULL, 'nosort'); 
INSERT INTO ARCH_REPORT_COLUMN ( ID, REPORT_ID, LOGICAL_NAME, VISIBLE_NAME, FILTER_NAME, TYPE,VALIDATOR, CONVERTER, HELPER, VISIBILITY, SETTER, ORDER_SEQ, TABLE_NAME, FOOTER_SETTER,HEADER_SETTER ) 
	VALUES (1101835, 1101800, 'PAYOUT_CCY', 'Payout Ccy', 'Payout Ccy', 'String', 'string', NULL, 'FXPBCurrency', NULL, NULL, 360, 'PAYOUT_CCY', NULL, 'nosort'); 
INSERT INTO ARCH_REPORT_COLUMN ( ID, REPORT_ID, LOGICAL_NAME, VISIBLE_NAME, FILTER_NAME, TYPE,VALIDATOR, CONVERTER, HELPER, VISIBILITY, SETTER, ORDER_SEQ, TABLE_NAME, FOOTER_SETTER,HEADER_SETTER ) 
	VALUES (1101836, 1101800, 'TRADER', 'Trader', 'Trader', 'String', 'string', NULL, NULL, NULL, NULL, 370, 'TRADER', NULL, 'nosort'); 
INSERT INTO ARCH_REPORT_COLUMN ( ID, REPORT_ID, LOGICAL_NAME, VISIBLE_NAME, FILTER_NAME, TYPE,VALIDATOR, CONVERTER, HELPER, VISIBILITY, SETTER, ORDER_SEQ, TABLE_NAME, FOOTER_SETTER,HEADER_SETTER ) 
	VALUES (1101837, 1101800, 'TRADE_DATE', 'Trade Date', 'Trade Date', 'Date', 'todayOrSysdate', NULL, NULL, NULL, NULL, 380, 'trunc(TRADE_DATE)', NULL, 'nosort'); 
INSERT INTO ARCH_REPORT_COLUMN ( ID, REPORT_ID, LOGICAL_NAME, VISIBLE_NAME, FILTER_NAME, TYPE,VALIDATOR, CONVERTER, HELPER, VISIBILITY, SETTER, ORDER_SEQ, TABLE_NAME, FOOTER_SETTER,HEADER_SETTER ) 
	VALUES (1101838, 1101800, 'CREATION_DATE', 'Creation Date', 'Creation Date', 'Date', 'todayOrSysdate', NULL, NULL, NULL, NULL, 390, 'CREATION_DATE', NULL, 'nosort'); 
INSERT INTO ARCH_REPORT_COLUMN ( ID, REPORT_ID, LOGICAL_NAME, VISIBLE_NAME, FILTER_NAME, TYPE,VALIDATOR, CONVERTER, HELPER, VISIBILITY, SETTER, ORDER_SEQ, TABLE_NAME, FOOTER_SETTER,HEADER_SETTER ) 
	VALUES (1101839, 1101800, 'EXTERNAL_REF', 'External Ref', 'External Ref', 'String', 'string', NULL, NULL, NULL, NULL, 400, 'EXTERNAL_REF', NULL, 'nosort'); 
INSERT INTO ARCH_REPORT_COLUMN ( ID, REPORT_ID, LOGICAL_NAME, VISIBLE_NAME, FILTER_NAME, TYPE,VALIDATOR, CONVERTER, HELPER, VISIBILITY, SETTER, ORDER_SEQ, TABLE_NAME, FOOTER_SETTER,HEADER_SETTER ) 
	VALUES (1101840, 1101800, 'TRADE_TYPE', 'Trade Type', 'Trade Type', 'String', 'string', NULL, 'FXPBOptionTradeType', NULL, NULL, 410, 'TRADE_TYPE', NULL, 'nosort'); 
INSERT INTO ARCH_REPORT_COLUMN ( ID, REPORT_ID, LOGICAL_NAME, VISIBLE_NAME, FILTER_NAME, TYPE,VALIDATOR, CONVERTER, HELPER, VISIBILITY, SETTER, ORDER_SEQ, TABLE_NAME, FOOTER_SETTER,HEADER_SETTER ) 
	VALUES (1101841, 1101800, 'PORTFOLIO_ID', 'Portfolio Id', 'Portfolio Id', 'Long', 'long', NULL, NULL, NULL, NULL, 420, 'PORTFOLIO_ID', NULL, 'nosort'); 
INSERT INTO ARCH_REPORT_COLUMN ( ID, REPORT_ID, LOGICAL_NAME, VISIBLE_NAME, FILTER_NAME, TYPE,VALIDATOR, CONVERTER, HELPER, VISIBILITY, SETTER, ORDER_SEQ, TABLE_NAME, FOOTER_SETTER,HEADER_SETTER ) 
	VALUES (1101842, 1101800, 'IS_DUMMY', 'Is Dummy', 'Is Dummy', 'String', 'string', NULL, NULL, NULL, NULL, 430, 'IS_DUMMY', NULL, 'nosort'); 
INSERT INTO ARCH_REPORT_COLUMN ( ID, REPORT_ID, LOGICAL_NAME, VISIBLE_NAME, FILTER_NAME, TYPE,VALIDATOR, CONVERTER, HELPER, VISIBILITY, SETTER, ORDER_SEQ, TABLE_NAME, FOOTER_SETTER,HEADER_SETTER ) 
	VALUES (1101843, 1101800, 'AGREEMENT', 'Agreement', 'Agreement', 'String', 'string', NULL, 'FXPBAgreement', NULL, NULL, 440, 'AGREEMENT', NULL, 'nosort'); 
INSERT INTO ARCH_REPORT_COLUMN ( ID, REPORT_ID, LOGICAL_NAME, VISIBLE_NAME, FILTER_NAME, TYPE,VALIDATOR, CONVERTER, HELPER, VISIBILITY, SETTER, ORDER_SEQ, TABLE_NAME, FOOTER_SETTER,HEADER_SETTER ) 
	VALUES (1101844, 1101800, 'SUBMITTER_PERSON', 'Submitter Person', 'Submitter Person', 'String', 'string', NULL, NULL, 'reportHidden', NULL, 450, 'SUBMITTER_PERSON', NULL, 'nosort'); 
INSERT INTO ARCH_REPORT_COLUMN ( ID, REPORT_ID, LOGICAL_NAME, VISIBLE_NAME, FILTER_NAME, TYPE,VALIDATOR, CONVERTER, HELPER, VISIBILITY, SETTER, ORDER_SEQ, TABLE_NAME, FOOTER_SETTER,HEADER_SETTER ) 
	VALUES (1101845, 1101800, 'ENTERING_ORG', 'Entering Org', 'Entering Org', 'String', 'string', NULL, NULL, 'reportHidden', NULL, 460, 'ENTERING_ORG', NULL, 'nosort'); 
INSERT INTO ARCH_REPORT_COLUMN ( ID, REPORT_ID, LOGICAL_NAME, VISIBLE_NAME, FILTER_NAME, TYPE,VALIDATOR, CONVERTER, HELPER, VISIBILITY, SETTER, ORDER_SEQ, TABLE_NAME, FOOTER_SETTER,HEADER_SETTER ) 
	VALUES (1101846, 1101800, 'CUT_OFF_ZONE', 'Cut Off Zone', 'Cut Off Zone', 'String', 'string', NULL, NULL, 'reportHidden', NULL, 470, 'CUT_OFF_ZONE', NULL, 'nosort'); 
INSERT INTO ARCH_REPORT_COLUMN ( ID, REPORT_ID, LOGICAL_NAME, VISIBLE_NAME, FILTER_NAME, TYPE,VALIDATOR, CONVERTER, HELPER, VISIBILITY, SETTER, ORDER_SEQ, TABLE_NAME, FOOTER_SETTER,HEADER_SETTER ) 
	VALUES (1101847, 1101800, 'UNDERLYING_CLIENT_REF', 'Underlying Client Ref', 'Underlying Client Ref', 'String', 'string', NULL, NULL, 'reportHidden', NULL, 480, 'UNDERLYING_CLIENT_REF', NULL, 'nosort'); 
INSERT INTO ARCH_REPORT_COLUMN ( ID, REPORT_ID, LOGICAL_NAME, VISIBLE_NAME, FILTER_NAME, TYPE,VALIDATOR, CONVERTER, HELPER, VISIBILITY, SETTER, ORDER_SEQ, TABLE_NAME, FOOTER_SETTER,HEADER_SETTER ) 
	VALUES (1101848, 1101800, 'DELIVERY_METHOD', 'Delivery Method', 'Delivery Method', 'String', 'string', NULL, 'FXPBOptionDeliveryMethod', 'reportHidden', NULL, 490, 'DELIVERY_METHOD', NULL, 'nosort'); 
INSERT INTO ARCH_REPORT_COLUMN ( ID, REPORT_ID, LOGICAL_NAME, VISIBLE_NAME, FILTER_NAME, TYPE,VALIDATOR, CONVERTER, HELPER, VISIBILITY, SETTER, ORDER_SEQ, TABLE_NAME, FOOTER_SETTER,HEADER_SETTER ) 
	VALUES (1101849, 1101800, 'REPORTER', 'Reporter', 'Reporter', 'String', 'string', NULL, NULL, 'reportHidden', NULL, 500, 'REPORTER', NULL, 'nosort'); 
INSERT INTO ARCH_REPORT_COLUMN ( ID, REPORT_ID, LOGICAL_NAME, VISIBLE_NAME, FILTER_NAME, TYPE,VALIDATOR, CONVERTER, HELPER, VISIBILITY, SETTER, ORDER_SEQ, TABLE_NAME, FOOTER_SETTER,HEADER_SETTER ) 
	VALUES (1101850, 1101800, 'NEW_NOE', 'New Giveup', 'New Giveup', 'Long', 'long', NULL, NULL, 'reportHidden', NULL, 510, 'NEW_NOE', NULL, 'nosort'); 
INSERT INTO ARCH_REPORT_COLUMN ( ID, REPORT_ID, LOGICAL_NAME, VISIBLE_NAME, FILTER_NAME, TYPE,VALIDATOR, CONVERTER, HELPER, VISIBILITY, SETTER, ORDER_SEQ, TABLE_NAME, FOOTER_SETTER,HEADER_SETTER ) 
	VALUES (1101851, 1101800, 'OLD_NOE', 'Old Giveup', 'Old Giveup', 'Long', 'long', NULL, NULL, 'reportHidden', NULL, 520, 'OLD_NOE', NULL, 'nosort'); 
INSERT INTO ARCH_REPORT_COLUMN ( ID, REPORT_ID, LOGICAL_NAME, VISIBLE_NAME, FILTER_NAME, TYPE,VALIDATOR, CONVERTER, HELPER, VISIBILITY, SETTER, ORDER_SEQ, TABLE_NAME, FOOTER_SETTER,HEADER_SETTER ) 
	VALUES (1101852, 1101800, 'OPTION_CONTRACT_TYPE', 'Option Contract Type', 'Option Contract Type', 'String', 'string', NULL, 'FXPBOptionContractType', 'reportHidden', NULL, 530, 'OPTION_CONTRACT_TYPE', NULL, 'nosort'); 
INSERT INTO ARCH_REPORT_COLUMN ( ID, REPORT_ID, LOGICAL_NAME, VISIBLE_NAME, FILTER_NAME, TYPE,VALIDATOR, CONVERTER, HELPER, VISIBILITY, SETTER, ORDER_SEQ, TABLE_NAME, FOOTER_SETTER,HEADER_SETTER ) 
	VALUES (1101853, 1101800, 'EXPIRY_TIME', 'Expiry Time', 'Expiry Time', 'String', 'string', NULL, NULL, 'reportHidden', NULL, 540, 'EXPIRY_TIME', NULL, 'nosort'); 
INSERT INTO ARCH_REPORT_COLUMN ( ID, REPORT_ID, LOGICAL_NAME, VISIBLE_NAME, FILTER_NAME, TYPE,VALIDATOR, CONVERTER, HELPER, VISIBILITY, SETTER, ORDER_SEQ, TABLE_NAME, FOOTER_SETTER,HEADER_SETTER ) 
	VALUES (1101854, 1101800, 'DATE_TERMINATED', 'Date Terminated', 'Date Terminated', 'Date', 'todayOrSysdate', NULL, NULL, 'reportHidden', NULL, 550, 'DATE_TERMINATED', NULL, 'nosort'); 
INSERT INTO ARCH_REPORT_COLUMN ( ID, REPORT_ID, LOGICAL_NAME, VISIBLE_NAME, FILTER_NAME, TYPE,VALIDATOR, CONVERTER, HELPER, VISIBILITY, SETTER, ORDER_SEQ, TABLE_NAME, FOOTER_SETTER,HEADER_SETTER ) 
	VALUES (1101855, 1101800, 'NDF', 'Ndf', 'Ndf', 'String', 'string', NULL, NULL, 'reportHidden', NULL, 560, 'NDF', NULL, 'nosort'); 
INSERT INTO ARCH_REPORT_COLUMN ( ID, REPORT_ID, LOGICAL_NAME, VISIBLE_NAME, FILTER_NAME, TYPE,VALIDATOR, CONVERTER, HELPER, VISIBILITY, SETTER, ORDER_SEQ, TABLE_NAME, FOOTER_SETTER,HEADER_SETTER ) 
	VALUES (1101856, 1101800, 'NDF_FIXING_DATE', 'Ndf Fixing Date', 'Ndf Fixing Date', 'Date', 'todayOrSysdate', NULL, NULL, 'reportHidden', NULL, 570, 'NDF_FIXING_DATE', NULL, 'nosort'); 
INSERT INTO ARCH_REPORT_COLUMN ( ID, REPORT_ID, LOGICAL_NAME, VISIBLE_NAME, FILTER_NAME, TYPE,VALIDATOR, CONVERTER, HELPER, VISIBILITY, SETTER, ORDER_SEQ, TABLE_NAME, FOOTER_SETTER,HEADER_SETTER ) 
	VALUES (1101857, 1101800, 'NDF_LINKED_TRADE', 'Ndf Linked Trade', 'Ndf Linked Trade', 'String', 'string', NULL, NULL, 'reportHidden', NULL, 580, 'NDF_LINKED_TRADE', NULL, 'nosort'); 

delete ARCH_CORE_REPORT  where report_id=1101800;
INSERT INTO ARCH_CORE_REPORT (REPORT_ID, TITLE, XSL_URI, TYPE)
    VALUES (1101800, 'Option NOE Blotter Report', '/config/jpmc/xsl/blotters/fpNoeBlotter.xsl', 1);

delete ARCH_REPORT_INSTANCE where id=1101800;
INSERT INTO ARCH_REPORT_INSTANCE (ID, REPORT_ID, SORT_COLUMNS, SORT_ORDER, FILTER_ROOT)
    VALUES (1101800, 1101800, 'ID', 'DESC', 1101800);

delete ARCH_REPORT_2_RECEIVER  where id=1101800;
INSERT INTO ARCH_REPORT_2_RECEIVER (ID, REPORT_INSTANCE_ID, RECEIVER_ID, REPORT_ID, RECEIVER_TYPE)
    VALUES (1101800, 1101800, 200, 1101800, 2);

delete ARCH_FILTER where id in (1101800,1101801,1101802,1101803,1101804);
INSERT INTO ARCH_FILTER ( ID, PARENT_ID, ROOT_GROUP, OPERATION, BROTHER_ID, COLUMN_ID, CONDITION, VALUE, CONDITION_CHANGEABLE, VALUE_CHANGEABLE, REQUIRES_BINDING, VISIBILITY, CONDITION_OVERRIDE_GROUP )
   VALUES ( 1101800, 0, 1101800, NULL, 1, NULL, NULL, NULL, 1, 1, 0, 0, NULL);
INSERT INTO ARCH_FILTER ( ID, PARENT_ID, ROOT_GROUP, OPERATION, BROTHER_ID, COLUMN_ID, CONDITION, VALUE, CONDITION_CHANGEABLE, VALUE_CHANGEABLE, REQUIRES_BINDING, VISIBILITY, CONDITION_OVERRIDE_GROUP )
   VALUES ( 1101801, 1101800, 1101800, 'AND_GROUP', 1, NULL, NULL, NULL, 1, 1, 0, 1, NULL);
INSERT INTO ARCH_FILTER ( ID, PARENT_ID, ROOT_GROUP, OPERATION, BROTHER_ID, COLUMN_ID, CONDITION, VALUE, CONDITION_CHANGEABLE, VALUE_CHANGEABLE, REQUIRES_BINDING, VISIBILITY, CONDITION_OVERRIDE_GROUP )
   VALUES ( 1101802, 1101800, 1101800, 'NONE', 2, NULL, NULL, NULL, 1, 1, 0, 0, NULL);
INSERT INTO ARCH_FILTER ( ID, PARENT_ID, ROOT_GROUP, OPERATION, BROTHER_ID, COLUMN_ID, CONDITION, VALUE, CONDITION_CHANGEABLE, VALUE_CHANGEABLE, REQUIRES_BINDING, VISIBILITY, CONDITION_OVERRIDE_GROUP )
   VALUES ( 1101803, 1101801, 1101800, 'NONE', 1, 1101806, 'like', '$TParty', 1, 1, 1, 1, NULL);
INSERT INTO ARCH_FILTER ( ID, PARENT_ID, ROOT_GROUP, OPERATION, BROTHER_ID, COLUMN_ID, CONDITION, VALUE, CONDITION_CHANGEABLE, VALUE_CHANGEABLE, REQUIRES_BINDING, VISIBILITY, CONDITION_OVERRIDE_GROUP )
   VALUES ( 1101804, 1101802, 1101800, 'AND', 1, 1101800, '>', '0', 1, 1, 0, 0, NULL);
-----------END: option noe blotter report ----------------

-----------START: Option NOE Deals Report ----------------
--ARCH_REPORT
delete ARCH_REPORT  where id=1101700;
INSERT INTO ARCH_REPORT ( ID, NAME, CATALOG_NAME, REPORT_NAME, REPORTING_ENGINE )
    VALUES ( 1101700, 'Giveup Option Deals', 'arch-admin', 'V_FXPB_REPORT_OPTION_NOE_DEALS', 'com.traiana.core.service.infra.report.imp.archreport.ArchReportService');
-- ARCH_CORE_REPORT
delete ARCH_CORE_REPORT where report_id=1101700;
INSERT INTO ARCH_CORE_REPORT ( REPORT_ID, TITLE, XSL_URI, TYPE )
    VALUES ( 1101700, 'Giveup Option Deals', '/config/jpmc/xsl/giveupOptionDeals.xsl', 1);
-- ARCH_REPORT_COLUMN
delete ARCH_REPORT_COLUMN where report_id=1101700;
INSERT INTO ARCH_REPORT_COLUMN ( ID, REPORT_ID, LOGICAL_NAME, VISIBLE_NAME, FILTER_NAME, TYPE,VALIDATOR, CONVERTER, HELPER, VISIBILITY, SETTER, ORDER_SEQ, TABLE_NAME, FOOTER_SETTER,HEADER_SETTER ) 
	VALUES ( 1101700, 1101700, 'ID', 'ID', 'ID', 'Long', 'long', NULL, NULL, NULL, NULL, 10, 'ID', NULL, NULL); 
INSERT INTO ARCH_REPORT_COLUMN ( ID, REPORT_ID, LOGICAL_NAME, VISIBLE_NAME, FILTER_NAME, TYPE,VALIDATOR, CONVERTER, HELPER, VISIBILITY, SETTER, ORDER_SEQ, TABLE_NAME, FOOTER_SETTER,HEADER_SETTER ) 
	VALUES (1101701, 1101700, 'PARTNER_NAME', 'Partner Name', 'Partner Name', 'String', 'string', NULL, NULL, NULL, NULL, 20, 'PARTNER_NAME', NULL, NULL); 
INSERT INTO ARCH_REPORT_COLUMN ( ID, REPORT_ID, LOGICAL_NAME, VISIBLE_NAME, FILTER_NAME, TYPE,VALIDATOR, CONVERTER, HELPER, VISIBILITY, SETTER, ORDER_SEQ, TABLE_NAME, FOOTER_SETTER,HEADER_SETTER ) 
	VALUES (1101702, 1101700, 'STATUS', 'Status', 'Status', 'String', 'string', NULL, NULL, NULL, NULL, 30, 'STATUS', NULL, NULL); 
INSERT INTO ARCH_REPORT_COLUMN ( ID, REPORT_ID, LOGICAL_NAME, VISIBLE_NAME, FILTER_NAME, TYPE,VALIDATOR, CONVERTER, HELPER, VISIBILITY, SETTER, ORDER_SEQ, TABLE_NAME, FOOTER_SETTER,HEADER_SETTER ) 
	VALUES (1101703, 1101700, 'REQUEST_ID', 'Request ID', 'Request ID', 'Double', 'double', NULL, NULL, NULL, NULL, 40, 'REQUEST_ID', NULL, NULL); 
INSERT INTO ARCH_REPORT_COLUMN ( ID, REPORT_ID, LOGICAL_NAME, VISIBLE_NAME, FILTER_NAME, TYPE,VALIDATOR, CONVERTER, HELPER, VISIBILITY, SETTER, ORDER_SEQ, TABLE_NAME, FOOTER_SETTER,HEADER_SETTER ) 
	VALUES (1101704, 1101700, 'REASON', 'Reason', 'Reason', 'String', 'string', NULL, NULL, NULL, NULL, 50, 'REASON', NULL, NULL); 
INSERT INTO ARCH_REPORT_COLUMN ( ID, REPORT_ID, LOGICAL_NAME, VISIBLE_NAME, FILTER_NAME, TYPE,VALIDATOR, CONVERTER, HELPER, VISIBILITY, SETTER, ORDER_SEQ, TABLE_NAME, FOOTER_SETTER,HEADER_SETTER ) 
	VALUES (1101705, 1101700, 'TIME', 'Time', 'Time', 'Date', 'todayOrSysdate', NULL, NULL, NULL, NULL, 60, 'TIME', NULL, NULL); 
INSERT INTO ARCH_REPORT_COLUMN ( ID, REPORT_ID, LOGICAL_NAME, VISIBLE_NAME, FILTER_NAME, TYPE,VALIDATOR, CONVERTER, HELPER, VISIBILITY, SETTER, ORDER_SEQ, TABLE_NAME, FOOTER_SETTER,HEADER_SETTER ) 
	VALUES (1101706, 1101700, 'UUID', 'Uuid', 'Uuid', 'String', 'string', NULL, NULL, NULL, NULL, 70, 'UUID', NULL, NULL); 
INSERT INTO ARCH_REPORT_COLUMN ( ID, REPORT_ID, LOGICAL_NAME, VISIBLE_NAME, FILTER_NAME, TYPE,VALIDATOR, CONVERTER, HELPER, VISIBILITY, SETTER, ORDER_SEQ, TABLE_NAME, FOOTER_SETTER,HEADER_SETTER ) 
	VALUES (1101707, 1101700, 'CLIENT_NOE_ID', 'Client NOE', 'Client NOE', 'Long', 'long', NULL, NULL, NULL, 'dnoelink', 80, 'CLIENT_NOE_ID', NULL, NULL); 
INSERT INTO ARCH_REPORT_COLUMN ( ID, REPORT_ID, LOGICAL_NAME, VISIBLE_NAME, FILTER_NAME, TYPE,VALIDATOR, CONVERTER, HELPER, VISIBILITY, SETTER, ORDER_SEQ, TABLE_NAME, FOOTER_SETTER,HEADER_SETTER ) 
	VALUES (1101708, 1101700, 'BANK_NOE_ID', 'Bank NOE', 'Bank NOE', 'Long', 'long', NULL, NULL, NULL, 'dnoelink', 90, 'BANK_NOE_ID', NULL, NULL); 
INSERT INTO ARCH_REPORT_COLUMN ( ID, REPORT_ID, LOGICAL_NAME, VISIBLE_NAME, FILTER_NAME, TYPE,VALIDATOR, CONVERTER, HELPER, VISIBILITY, SETTER, ORDER_SEQ, TABLE_NAME, FOOTER_SETTER,HEADER_SETTER ) 
	VALUES (1101709, 1101700, 'TRADE_REF_ID', 'Trade Ref', 'Trade Ref', 'Long', 'long', NULL, NULL, NULL, 'LINK:optionctrep.lwp?g0_fCond==&g0_fName=TRADE_ID&g0_fOp=NONE&g0_fValue=$TRADE_ID&g0_fltr=0&g0_fId=0&g0_fParentId=-1&g0_fVisibility=0&ExecuteFromLink=ExecuteFromLink', 100, 'TRADE_REF_ID', NULL, NULL); 
INSERT INTO ARCH_REPORT_COLUMN ( ID, REPORT_ID, LOGICAL_NAME, VISIBLE_NAME, FILTER_NAME, TYPE,VALIDATOR, CONVERTER, HELPER, VISIBILITY, SETTER, ORDER_SEQ, TABLE_NAME, FOOTER_SETTER,HEADER_SETTER ) 
	VALUES (1101710, 1101700, 'OPERATION', 'Operation', 'Operation', 'String', 'string', NULL, NULL, NULL, NULL, 110, 'OPERATION', NULL, NULL); 
INSERT INTO ARCH_REPORT_COLUMN ( ID, REPORT_ID, LOGICAL_NAME, VISIBLE_NAME, FILTER_NAME, TYPE,VALIDATOR, CONVERTER, HELPER, VISIBILITY, SETTER, ORDER_SEQ, TABLE_NAME, FOOTER_SETTER,HEADER_SETTER ) 
	VALUES (1101711, 1101700, 'TRADING_PARTY', 'Trading Party', 'Trading Party', 'Long', 'long', NULL, NULL, NULL, NULL, 120, 'TRADING_PARTY', NULL, NULL); 
INSERT INTO ARCH_REPORT_COLUMN ( ID, REPORT_ID, LOGICAL_NAME, VISIBLE_NAME, FILTER_NAME, TYPE,VALIDATOR, CONVERTER, HELPER, VISIBILITY, SETTER, ORDER_SEQ, TABLE_NAME, FOOTER_SETTER,HEADER_SETTER ) 
	VALUES (1101712, 1101700, 'SUBMITER', 'Submiter ID', 'Submiter ID', 'Long', 'long', NULL, NULL, NULL, NULL, 130, 'SUBMITER', NULL, NULL); 
INSERT INTO ARCH_REPORT_COLUMN ( ID, REPORT_ID, LOGICAL_NAME, VISIBLE_NAME, FILTER_NAME, TYPE,VALIDATOR, CONVERTER, HELPER, VISIBILITY, SETTER, ORDER_SEQ, TABLE_NAME, FOOTER_SETTER,HEADER_SETTER ) 
	VALUES (1101713, 1101700, 'COUNTER_PARTY', 'Counter Party', 'Counter Party', 'String', 'string', NULL, NULL, NULL, NULL, 140, 'COUNTER_PARTY', NULL, NULL); 
INSERT INTO ARCH_REPORT_COLUMN ( ID, REPORT_ID, LOGICAL_NAME, VISIBLE_NAME, FILTER_NAME, TYPE,VALIDATOR, CONVERTER, HELPER, VISIBILITY, SETTER, ORDER_SEQ, TABLE_NAME, FOOTER_SETTER,HEADER_SETTER ) 
	VALUES (1101714, 1101700, 'SECONDARY_PARTY', 'Secondary Party', 'Secondary Party', 'String', 'string', NULL, NULL, NULL, NULL, 150, 'SECONDARY_PARTY', NULL, NULL); 
INSERT INTO ARCH_REPORT_COLUMN ( ID, REPORT_ID, LOGICAL_NAME, VISIBLE_NAME, FILTER_NAME, TYPE,VALIDATOR, CONVERTER, HELPER, VISIBILITY, SETTER, ORDER_SEQ, TABLE_NAME, FOOTER_SETTER,HEADER_SETTER ) 
	VALUES (1101715, 1101700, 'VALUE_DATE', 'Value Date', 'Value Date', 'Date', 'todayOrSysdate', NULL, NULL, NULL, NULL, 160, 'trunc(VALUE_DATE)', NULL, NULL); 
INSERT INTO ARCH_REPORT_COLUMN ( ID, REPORT_ID, LOGICAL_NAME, VISIBLE_NAME, FILTER_NAME, TYPE,VALIDATOR, CONVERTER, HELPER, VISIBILITY, SETTER, ORDER_SEQ, TABLE_NAME, FOOTER_SETTER,HEADER_SETTER ) 
	VALUES (1101716, 1101700, 'SECONDARY_CCY', 'Secondary CCY', 'Secondary CCY', 'String', 'string', NULL, NULL, NULL, NULL, 170, 'SECONDARY_CCY', NULL, NULL); 
INSERT INTO ARCH_REPORT_COLUMN ( ID, REPORT_ID, LOGICAL_NAME, VISIBLE_NAME, FILTER_NAME, TYPE,VALIDATOR, CONVERTER, HELPER, VISIBILITY, SETTER, ORDER_SEQ, TABLE_NAME, FOOTER_SETTER,HEADER_SETTER ) 
	VALUES (1101717, 1101700, 'QTY', 'Qty', 'Qty', 'Long', 'long', NULL, NULL, NULL, 'ccy', 180, 'QTY', NULL, NULL); 
INSERT INTO ARCH_REPORT_COLUMN ( ID, REPORT_ID, LOGICAL_NAME, VISIBLE_NAME, FILTER_NAME, TYPE,VALIDATOR, CONVERTER, HELPER, VISIBILITY, SETTER, ORDER_SEQ, TABLE_NAME, FOOTER_SETTER,HEADER_SETTER ) 
	VALUES (1101718, 1101700, 'BASE_CCY', 'Base CCY', 'Base CCY', 'String', 'string', NULL, NULL, NULL, NULL, 190, 'BASE_CCY', NULL, NULL); 
INSERT INTO ARCH_REPORT_COLUMN ( ID, REPORT_ID, LOGICAL_NAME, VISIBLE_NAME, FILTER_NAME, TYPE,VALIDATOR, CONVERTER, HELPER, VISIBILITY, SETTER, ORDER_SEQ, TABLE_NAME, FOOTER_SETTER,HEADER_SETTER ) 
	VALUES (1101719, 1101700, 'RATE', 'Rate', 'Rate', 'Double', 'double', NULL, NULL, NULL, NULL, 200, 'RATE', NULL, NULL); 
INSERT INTO ARCH_REPORT_COLUMN ( ID, REPORT_ID, LOGICAL_NAME, VISIBLE_NAME, FILTER_NAME, TYPE,VALIDATOR, CONVERTER, HELPER, VISIBILITY, SETTER, ORDER_SEQ, TABLE_NAME, FOOTER_SETTER,HEADER_SETTER ) 
	VALUES (1101720, 1101700, 'OPTION_TYPE', 'Option Type', 'Option Type', 'String', 'string', NULL, NULL, NULL, NULL, 210, 'OPTION_TYPE', NULL, NULL); 
INSERT INTO ARCH_REPORT_COLUMN ( ID, REPORT_ID, LOGICAL_NAME, VISIBLE_NAME, FILTER_NAME, TYPE,VALIDATOR, CONVERTER, HELPER, VISIBILITY, SETTER, ORDER_SEQ, TABLE_NAME, FOOTER_SETTER,HEADER_SETTER ) 
	VALUES (1101721, 1101700, 'CONTACT_DIRECTION', 'Contract Direction', 'Contract Direction', 'String', 'string', NULL, NULL, NULL, NULL, 220, 'CONTACT_DIRECTION', NULL, NULL); 
INSERT INTO ARCH_REPORT_COLUMN ( ID, REPORT_ID, LOGICAL_NAME, VISIBLE_NAME, FILTER_NAME, TYPE,VALIDATOR, CONVERTER, HELPER, VISIBILITY, SETTER, ORDER_SEQ, TABLE_NAME, FOOTER_SETTER,HEADER_SETTER ) 
	VALUES (1101722, 1101700, 'CONTRACT_TYPE', 'Contract Type', 'Contract Type', 'String', 'string', NULL, NULL, NULL, NULL, 230, 'CONTRACT_TYPE', NULL, NULL); 
INSERT INTO ARCH_REPORT_COLUMN ( ID, REPORT_ID, LOGICAL_NAME, VISIBLE_NAME, FILTER_NAME, TYPE,VALIDATOR, CONVERTER, HELPER, VISIBILITY, SETTER, ORDER_SEQ, TABLE_NAME, FOOTER_SETTER,HEADER_SETTER ) 
	VALUES (1101723, 1101700, 'OPTION_STYLE', 'Option Style', 'Option Style', 'String', 'string', NULL, NULL, NULL, NULL, 240, 'OPTION_STYLE', NULL, NULL); 
INSERT INTO ARCH_REPORT_COLUMN ( ID, REPORT_ID, LOGICAL_NAME, VISIBLE_NAME, FILTER_NAME, TYPE,VALIDATOR, CONVERTER, HELPER, VISIBILITY, SETTER, ORDER_SEQ, TABLE_NAME, FOOTER_SETTER,HEADER_SETTER ) 
	VALUES (1101724, 1101700, 'TRADE_TYPE', 'Trade Type', 'Trade Type', 'String', 'string', NULL, NULL, NULL, NULL, 250, 'TRADE_TYPE', NULL, NULL); 
INSERT INTO ARCH_REPORT_COLUMN ( ID, REPORT_ID, LOGICAL_NAME, VISIBLE_NAME, FILTER_NAME, TYPE,VALIDATOR, CONVERTER, HELPER, VISIBILITY, SETTER, ORDER_SEQ, TABLE_NAME, FOOTER_SETTER,HEADER_SETTER ) 
	VALUES (1101725, 1101700, 'CLIENT_REF', 'Client Ref', 'Client Ref', 'String', 'string', NULL, NULL, NULL, NULL, 260, 'CLIENT_REF', NULL, NULL); 
INSERT INTO ARCH_REPORT_COLUMN ( ID, REPORT_ID, LOGICAL_NAME, VISIBLE_NAME, FILTER_NAME, TYPE,VALIDATOR, CONVERTER, HELPER, VISIBILITY, SETTER, ORDER_SEQ, TABLE_NAME, FOOTER_SETTER,HEADER_SETTER ) 
	VALUES (1101726, 1101700, 'TRADER', 'Trader', 'Trader', 'String', 'string', NULL, NULL, NULL, NULL, 270, 'TRADER', NULL, NULL); 
INSERT INTO ARCH_REPORT_COLUMN ( ID, REPORT_ID, LOGICAL_NAME, VISIBLE_NAME, FILTER_NAME, TYPE,VALIDATOR, CONVERTER, HELPER, VISIBILITY, SETTER, ORDER_SEQ, TABLE_NAME, FOOTER_SETTER,HEADER_SETTER ) 
	VALUES (1101727, 1101700, 'REPORTER', 'Reporter', 'Reporter', 'String', 'string', NULL, NULL, NULL, NULL, 280, 'REPORTER', NULL, NULL); 
INSERT INTO ARCH_REPORT_COLUMN ( ID, REPORT_ID, LOGICAL_NAME, VISIBLE_NAME, FILTER_NAME, TYPE,VALIDATOR, CONVERTER, HELPER, VISIBILITY, SETTER, ORDER_SEQ, TABLE_NAME, FOOTER_SETTER,HEADER_SETTER ) 
	VALUES (1101728, 1101700, 'LINKED_TRADE', 'Linked Trade', 'Linked Trade', 'String', 'string', NULL, NULL, NULL, NULL, 290, 'LINKED_TRADE', NULL, NULL); 
INSERT INTO ARCH_REPORT_COLUMN ( ID, REPORT_ID, LOGICAL_NAME, VISIBLE_NAME, FILTER_NAME, TYPE,VALIDATOR, CONVERTER, HELPER, VISIBILITY, SETTER, ORDER_SEQ, TABLE_NAME, FOOTER_SETTER,HEADER_SETTER ) 
	VALUES (1101729, 1101700, 'TRN_TYPE', 'TRN Type', 'TRN Type', 'String', 'string', NULL, NULL, NULL, NULL, 105, 'TRN_TYPE',NULL,NULL);
-- ARCH_REPORT_INSTANCE
delete ARCH_REPORT_INSTANCE where id=1101700;
INSERT INTO ARCH_REPORT_INSTANCE ( ID, REPORT_ID, SORT_COLUMNS, SORT_ORDER, FILTER_ROOT )
    VALUES ( 1101700, 1101700, 'ID', 'ASC', 1101700);
-- ARCH_FILTER
delete ARCH_FILTER where id in (1101700,1101701);
INSERT INTO ARCH_FILTER ( ID, PARENT_ID, ROOT_GROUP, OPERATION, BROTHER_ID, COLUMN_ID, CONDITION, VALUE, CONDITION_CHANGEABLE, VALUE_CHANGEABLE, REQUIRES_BINDING, VISIBILITY, CONDITION_OVERRIDE_GROUP )
    VALUES ( 1101700, 0, 1101700, NULL, 1, 0, NULL, NULL, 1, 1, 0, 0, 0);
INSERT INTO ARCH_FILTER ( ID, PARENT_ID, ROOT_GROUP, OPERATION, BROTHER_ID, COLUMN_ID, CONDITION, VALUE, CONDITION_CHANGEABLE, VALUE_CHANGEABLE, REQUIRES_BINDING, VISIBILITY, CONDITION_OVERRIDE_GROUP )
    VALUES ( 1101701, 1101700, 1101700, NULL, 1, 1101705, '=', 'today', 1, 1, 0, 0, 0);
-- ARCH_REPORT_2_RECEIVER
delete ARCH_REPORT_2_RECEIVER where id=1101700;
INSERT INTO ARCH_REPORT_2_RECEIVER ( ID, REPORT_INSTANCE_ID, RECEIVER_ID, REPORT_ID, RECEIVER_TYPE )
    VALUES ( 1101700, 1101700, 200, 1101700, 2);
-----------END: Option NOE Deals Report ----------------

-----------START: Option Position Details Report - (CCY1/CCY2 or CCY1/ALL) ----------------
--ARCH_REPORT
delete ARCH_REPORT where id=1100800;
INSERT INTO ARCH_REPORT ( ID, NAME, CATALOG_NAME, REPORT_NAME, REPORTING_ENGINE )
    VALUES ( 1100800, 'Option Position Details Report', 'arch-admin', 'com.traiana.sol.jpmc.web.report.optionposition.builder.OptionPositionDetailsReportBuilder', 'com.traiana.core.service.infra.report.imp.archreport.ArchReportService');
-- ARCH_CORE_REPORT
delete ARCH_CORE_REPORT where report_id=1100800;
INSERT INTO ARCH_CORE_REPORT ( REPORT_ID, TITLE, XSL_URI, TYPE )
    VALUES ( 1100800, 'Option Position Details Report', '/config/jpmc/xsl/optionPositionReport.xsl', 2);
-- ARCH_REPORT_COLUMN
delete ARCH_REPORT_COLUMN where report_id=1100800;
INSERT INTO ARCH_REPORT_COLUMN ( ID, REPORT_ID, LOGICAL_NAME, VISIBLE_NAME, FILTER_NAME, TYPE,VALIDATOR, CONVERTER, HELPER, VISIBILITY, SETTER, ORDER_SEQ, TABLE_NAME, FOOTER_SETTER,HEADER_SETTER ) 
	VALUES ( 1100800, 1100800, 'TRAIANA_ID', 'Traiana Trade ID', 'Traiana Trade ID', 'Long', 'long', NULL, NULL, NULL, 'LINK:javascript:traianaTradeIdRef($TRAIANA_ID)', 10, 'TRAIANA_ID', NULL, 'nosort'); 
INSERT INTO ARCH_REPORT_COLUMN ( ID, REPORT_ID, LOGICAL_NAME, VISIBLE_NAME, FILTER_NAME, TYPE,VALIDATOR, CONVERTER, HELPER, VISIBILITY, SETTER, ORDER_SEQ, TABLE_NAME, FOOTER_SETTER,HEADER_SETTER ) 
	VALUES (1100801, 1100800, 'EXPIRY_DATE', 'Expiry Date', 'Expiry Date', 'Date', 'todayOrSysdate', NULL, NULL, NULL, NULL, 20, 'trunc(EXPIRY_DATE)', NULL, 'nosort'); 
INSERT INTO ARCH_REPORT_COLUMN ( ID, REPORT_ID, LOGICAL_NAME, VISIBLE_NAME, FILTER_NAME, TYPE,VALIDATOR, CONVERTER, HELPER, VISIBILITY, SETTER, ORDER_SEQ, TABLE_NAME, FOOTER_SETTER,HEADER_SETTER ) 
	VALUES (1100802, 1100800, 'FUND', 'Fund', 'Fund', 'String', 'string', NULL, NULL, NULL, NULL, 30, 'FUND', NULL, 'nosort'); 
INSERT INTO ARCH_REPORT_COLUMN ( ID, REPORT_ID, LOGICAL_NAME, VISIBLE_NAME, FILTER_NAME, TYPE,VALIDATOR, CONVERTER, HELPER, VISIBILITY, SETTER, ORDER_SEQ, TABLE_NAME, FOOTER_SETTER,HEADER_SETTER ) 
	VALUES (1100803, 1100800, 'COUNTERPARTY', 'Counterparty', 'Counterparty', 'String', 'string', NULL, NULL, NULL, NULL, 40, 'COUNTERPARTY', NULL, 'nosort'); 
INSERT INTO ARCH_REPORT_COLUMN ( ID, REPORT_ID, LOGICAL_NAME, VISIBLE_NAME, FILTER_NAME, TYPE,VALIDATOR, CONVERTER, HELPER, VISIBILITY, SETTER, ORDER_SEQ, TABLE_NAME, FOOTER_SETTER,HEADER_SETTER ) 
	VALUES (1100804, 1100800, 'OPTION_TYPE', 'Option Type', 'Option Type', 'String', 'string', NULL, NULL, NULL, NULL, 50, 'OPTION_TYPE', NULL, 'nosort'); 
INSERT INTO ARCH_REPORT_COLUMN ( ID, REPORT_ID, LOGICAL_NAME, VISIBLE_NAME, FILTER_NAME, TYPE,VALIDATOR, CONVERTER, HELPER, VISIBILITY, SETTER, ORDER_SEQ, TABLE_NAME, FOOTER_SETTER,HEADER_SETTER ) 
	VALUES (1100805, 1100800, 'DIRECTION', 'Buy/Sell', 'Buy/Sell', 'String', 'string', NULL, NULL, NULL, NULL, 60, 'DIRECTION', NULL, 'nosort'); 
INSERT INTO ARCH_REPORT_COLUMN ( ID, REPORT_ID, LOGICAL_NAME, VISIBLE_NAME, FILTER_NAME, TYPE,VALIDATOR, CONVERTER, HELPER, VISIBILITY, SETTER, ORDER_SEQ, TABLE_NAME, FOOTER_SETTER,HEADER_SETTER ) 
	VALUES (1100806, 1100800, 'CONTRACT_TYPE', 'Call/Put', 'Call/Put', 'String', 'string', NULL, NULL, NULL, NULL, 70, 'CONTRACT_TYPE', NULL, 'nosort'); 
INSERT INTO ARCH_REPORT_COLUMN ( ID, REPORT_ID, LOGICAL_NAME, VISIBLE_NAME, FILTER_NAME, TYPE,VALIDATOR, CONVERTER, HELPER, VISIBILITY, SETTER, ORDER_SEQ, TABLE_NAME, FOOTER_SETTER,HEADER_SETTER ) 
	VALUES (1100807, 1100800, 'RISK_CCY', 'Risk Ccy', 'Risk Ccy', 'String', 'string', NULL, NULL, NULL, NULL, 80, 'RISK_CCY', NULL, 'nosort'); 
INSERT INTO ARCH_REPORT_COLUMN ( ID, REPORT_ID, LOGICAL_NAME, VISIBLE_NAME, FILTER_NAME, TYPE,VALIDATOR, CONVERTER, HELPER, VISIBILITY, SETTER, ORDER_SEQ, TABLE_NAME, FOOTER_SETTER,HEADER_SETTER ) 
	VALUES (1100808, 1100800, 'RISK_NOTIONAL', 'Risk Notional', 'Risk Notional', 'Double', 'double', NULL, NULL, NULL, 'ccy', 90, 'RISK_NOTIONAL', NULL, 'nosort'); 
INSERT INTO ARCH_REPORT_COLUMN ( ID, REPORT_ID, LOGICAL_NAME, VISIBLE_NAME, FILTER_NAME, TYPE,VALIDATOR, CONVERTER, HELPER, VISIBILITY, SETTER, ORDER_SEQ, TABLE_NAME, FOOTER_SETTER,HEADER_SETTER ) 
	VALUES (1100809, 1100800, 'BASE_CCY', 'Base Ccy', 'Base Ccy', 'String', 'string', NULL, NULL, NULL, NULL, 100, 'BASE_CCY', NULL, 'nosort'); 
INSERT INTO ARCH_REPORT_COLUMN ( ID, REPORT_ID, LOGICAL_NAME, VISIBLE_NAME, FILTER_NAME, TYPE,VALIDATOR, CONVERTER, HELPER, VISIBILITY, SETTER, ORDER_SEQ, TABLE_NAME, FOOTER_SETTER,HEADER_SETTER ) 
	VALUES (1100810, 1100800, 'BASE_NOTIONAL', 'Base Notional', 'Base Notional', 'Double', 'double', NULL, NULL, NULL, 'ccy', 110, 'BASE_NOTIONAL', NULL, 'nosort'); 
INSERT INTO ARCH_REPORT_COLUMN ( ID, REPORT_ID, LOGICAL_NAME, VISIBLE_NAME, FILTER_NAME, TYPE,VALIDATOR, CONVERTER, HELPER, VISIBILITY, SETTER, ORDER_SEQ, TABLE_NAME, FOOTER_SETTER,HEADER_SETTER ) 
	VALUES (1100811, 1100800, 'STRIKE', 'Strike', 'Strike', 'Double', 'double', NULL, NULL, NULL, NULL, 120, 'STRIKE', NULL, 'nosort'); 
INSERT INTO ARCH_REPORT_COLUMN ( ID, REPORT_ID, LOGICAL_NAME, VISIBLE_NAME, FILTER_NAME, TYPE,VALIDATOR, CONVERTER, HELPER, VISIBILITY, SETTER, ORDER_SEQ, TABLE_NAME, FOOTER_SETTER,HEADER_SETTER ) 
	VALUES (1100812, 1100800, 'PRICE', 'Price', 'Price', 'Double', 'double', NULL, NULL, NULL, NULL, 130, 'PRICE', NULL, 'nosort'); 
INSERT INTO ARCH_REPORT_COLUMN ( ID, REPORT_ID, LOGICAL_NAME, VISIBLE_NAME, FILTER_NAME, TYPE,VALIDATOR, CONVERTER, HELPER, VISIBILITY, SETTER, ORDER_SEQ, TABLE_NAME, FOOTER_SETTER,HEADER_SETTER ) 
	VALUES (1100813, 1100800, 'PRICE_NOTIONAL', 'Price Quote Mode', 'Price Quote Mode', 'String', 'string', NULL, NULL, NULL, NULL, 140, 'PRICE_NOTIONAL', NULL, 'nosort'); 
INSERT INTO ARCH_REPORT_COLUMN ( ID, REPORT_ID, LOGICAL_NAME, VISIBLE_NAME, FILTER_NAME, TYPE,VALIDATOR, CONVERTER, HELPER, VISIBILITY, SETTER, ORDER_SEQ, TABLE_NAME, FOOTER_SETTER,HEADER_SETTER ) 
	VALUES (1100814, 1100800, 'VOLATILITY', 'Vol', 'Vol', 'Double', 'double', NULL, NULL, NULL, 'm_spot8', 150, 'VOLATILITY', NULL, 'nosort'); 
INSERT INTO ARCH_REPORT_COLUMN ( ID, REPORT_ID, LOGICAL_NAME, VISIBLE_NAME, FILTER_NAME, TYPE,VALIDATOR, CONVERTER, HELPER, VISIBILITY, SETTER, ORDER_SEQ, TABLE_NAME, FOOTER_SETTER,HEADER_SETTER ) 
	VALUES (1100815, 1100800, 'SPOT', 'Spot', 'Spot', 'Double', 'double', NULL, NULL, NULL, 'm_spot8', 160, 'SPOT', NULL, 'nosort'); 
INSERT INTO ARCH_REPORT_COLUMN ( ID, REPORT_ID, LOGICAL_NAME, VISIBLE_NAME, FILTER_NAME, TYPE,VALIDATOR, CONVERTER, HELPER, VISIBILITY, SETTER, ORDER_SEQ, TABLE_NAME, FOOTER_SETTER,HEADER_SETTER ) 
	VALUES (1100816, 1100800, 'DELTA_CCY', 'Delta Ccy', 'Delta Ccy', 'String', 'string', NULL, NULL, NULL, 'm', 170, 'DELTA_CCY', NULL, 'nosort'); 
INSERT INTO ARCH_REPORT_COLUMN ( ID, REPORT_ID, LOGICAL_NAME, VISIBLE_NAME, FILTER_NAME, TYPE,VALIDATOR, CONVERTER, HELPER, VISIBILITY, SETTER, ORDER_SEQ, TABLE_NAME, FOOTER_SETTER,HEADER_SETTER ) 
	VALUES (1100817, 1100800, 'DELTA', 'Delta', 'Delta', 'Double', 'double', NULL, NULL, NULL, 'ccy', 180, 'DELTA', NULL, 'nosort'); 
INSERT INTO ARCH_REPORT_COLUMN ( ID, REPORT_ID, LOGICAL_NAME, VISIBLE_NAME, FILTER_NAME, TYPE,VALIDATOR, CONVERTER, HELPER, VISIBILITY, SETTER, ORDER_SEQ, TABLE_NAME, FOOTER_SETTER,HEADER_SETTER ) 
	VALUES (1100818, 1100800, 'GAMMA', 'Gamma', 'Gamma', 'Double', 'double', NULL, NULL, NULL, 'm_spot8', 190, 'GAMMA', NULL, 'nosort'); 
INSERT INTO ARCH_REPORT_COLUMN ( ID, REPORT_ID, LOGICAL_NAME, VISIBLE_NAME, FILTER_NAME, TYPE,VALIDATOR, CONVERTER, HELPER, VISIBILITY, SETTER, ORDER_SEQ, TABLE_NAME, FOOTER_SETTER,HEADER_SETTER ) 
	VALUES (1100819, 1100800, 'VEGA', 'Vega', 'Vega', 'Double', 'double', NULL, NULL, NULL, 'm_spot8', 200, 'VEGA', NULL, 'nosort'); 
INSERT INTO ARCH_REPORT_COLUMN ( ID, REPORT_ID, LOGICAL_NAME, VISIBLE_NAME, FILTER_NAME, TYPE,VALIDATOR, CONVERTER, HELPER, VISIBILITY, SETTER, ORDER_SEQ, TABLE_NAME, FOOTER_SETTER,HEADER_SETTER ) 
	VALUES (1100820, 1100800, 'D_DELTA', '$ Delta', '$ Delta', 'Double', 'double', NULL, NULL, NULL, 'ccy', 210, 'D_DELTA', NULL, 'nosort'); 
INSERT INTO ARCH_REPORT_COLUMN ( ID, REPORT_ID, LOGICAL_NAME, VISIBLE_NAME, FILTER_NAME, TYPE,VALIDATOR, CONVERTER, HELPER, VISIBILITY, SETTER, ORDER_SEQ, TABLE_NAME, FOOTER_SETTER,HEADER_SETTER ) 
	VALUES (1100821, 1100800, 'D_GAMMA', '$ Gamma', '$ Gamma', 'Double', 'double', NULL, NULL, NULL, 'm_ccy', 220, 'D_GAMMA', NULL, 'nosort'); 
INSERT INTO ARCH_REPORT_COLUMN ( ID, REPORT_ID, LOGICAL_NAME, VISIBLE_NAME, FILTER_NAME, TYPE,VALIDATOR, CONVERTER, HELPER, VISIBILITY, SETTER, ORDER_SEQ, TABLE_NAME, FOOTER_SETTER,HEADER_SETTER ) 
	VALUES (1100822, 1100800, 'D_VEGA', '$ Vega', '$ Vega', 'Double', 'double', NULL, NULL, NULL, 'm_ccy', 230, 'D_VEGA', NULL, 'nosort'); 
INSERT INTO ARCH_REPORT_COLUMN ( ID, REPORT_ID, LOGICAL_NAME, VISIBLE_NAME, FILTER_NAME, TYPE,VALIDATOR, CONVERTER, HELPER, VISIBILITY, SETTER, ORDER_SEQ, TABLE_NAME, FOOTER_SETTER,HEADER_SETTER ) 
	VALUES (1100823, 1100800, 'TOTAL_DAILY_PNL', '$ Daily PnL', '$ Daily PnL', 'Double', 'double', NULL, NULL, NULL, 'm_ccy', 240, 'TOTAL_DAILY_PNL', NULL, 'nosort'); 
INSERT INTO ARCH_REPORT_COLUMN ( ID, REPORT_ID, LOGICAL_NAME, VISIBLE_NAME, FILTER_NAME, TYPE,VALIDATOR, CONVERTER, HELPER, VISIBILITY, SETTER, ORDER_SEQ, TABLE_NAME, FOOTER_SETTER,HEADER_SETTER ) 
	VALUES (1100824, 1100800, 'TOTAL_MTD_PNL', '$ MTD PnL', '$ MTD PnL', 'Double', 'double', NULL, NULL, NULL, 'm_ccy', 250, 'TOTAL_MTD_PNL', NULL, 'nosort'); 
INSERT INTO ARCH_REPORT_COLUMN ( ID, REPORT_ID, LOGICAL_NAME, VISIBLE_NAME, FILTER_NAME, TYPE,VALIDATOR, CONVERTER, HELPER, VISIBILITY, SETTER, ORDER_SEQ, TABLE_NAME, FOOTER_SETTER,HEADER_SETTER ) 
	VALUES (1100825, 1100800, 'TOTAL_MTM_PNL', '$ MTM', '$ MTM', 'Double', 'double', NULL, NULL, NULL, 'm_ccy', 260, 'TOTAL_MTM_PNL', NULL, 'nosort'); 
INSERT INTO ARCH_REPORT_COLUMN ( ID, REPORT_ID, LOGICAL_NAME, VISIBLE_NAME, FILTER_NAME, TYPE,VALIDATOR, CONVERTER, HELPER, VISIBILITY, SETTER, ORDER_SEQ, TABLE_NAME, FOOTER_SETTER,HEADER_SETTER ) 
	VALUES (1100826, 1100800, 'TRADER', 'Trader', 'Trader', 'String', 'string', NULL, NULL, NULL, NULL, 270, 'TRADER', NULL, 'nosort'); 
INSERT INTO ARCH_REPORT_COLUMN ( ID, REPORT_ID, LOGICAL_NAME, VISIBLE_NAME, FILTER_NAME, TYPE,VALIDATOR, CONVERTER, HELPER, VISIBILITY, SETTER, ORDER_SEQ, TABLE_NAME, FOOTER_SETTER,HEADER_SETTER ) 
	VALUES (1100827, 1100800, 'PORTFOLIO', 'Portfolio', 'Portfolio', 'String', 'string', NULL, NULL, NULL, NULL, 280, 'PORTFOLIO', NULL, 'nosort'); 
INSERT INTO ARCH_REPORT_COLUMN ( ID, REPORT_ID, LOGICAL_NAME, VISIBLE_NAME, FILTER_NAME, TYPE,VALIDATOR, CONVERTER, HELPER, VISIBILITY, SETTER, ORDER_SEQ, TABLE_NAME, FOOTER_SETTER,HEADER_SETTER ) 
	VALUES (1100828, 1100800, 'AGREEMENT', 'Agreement', 'Agreement', 'String', 'string', NULL, NULL, NULL, NULL, 290, 'AGREEMENT', NULL, 'nosort'); 
INSERT INTO ARCH_REPORT_COLUMN ( ID, REPORT_ID, LOGICAL_NAME, VISIBLE_NAME, FILTER_NAME, TYPE,VALIDATOR, CONVERTER, HELPER, VISIBILITY, SETTER, ORDER_SEQ, TABLE_NAME, FOOTER_SETTER,HEADER_SETTER ) 
	VALUES (1100829, 1100800, 'FAKE_ROW', 'FAKE_ROW', 'FAKE_ROW', 'Long', 'long', NULL, NULL, 'none', NULL, 300, 'FAKE_ROW', NULL, NULL); 
INSERT INTO ARCH_REPORT_COLUMN ( ID, REPORT_ID, LOGICAL_NAME, VISIBLE_NAME, FILTER_NAME, TYPE,VALIDATOR, CONVERTER, HELPER, VISIBILITY, SETTER, ORDER_SEQ, TABLE_NAME, FOOTER_SETTER,HEADER_SETTER ) 
	VALUES (1100830, 1100800, 'MUREX_ID', 'Contract ID', 'Contract ID', 'Long', 'long', NULL, NULL, NULL, 'reportnosort', 15, 'MUREX_ID', NULL, NULL); 
-- ARCH_REPORT_INSTANCE
delete ARCH_REPORT_INSTANCE where id=1100800;
INSERT INTO ARCH_REPORT_INSTANCE ( ID, REPORT_ID, SORT_COLUMNS, SORT_ORDER, FILTER_ROOT )
    VALUES ( 1100800, 1100800, 'EXPIRY_DATE', 'ASC', 1100800);
-- ARCH_FILTER
delete ARCH_FILTER where id in (1100800, 1100801);
INSERT INTO ARCH_FILTER ( ID, PARENT_ID, ROOT_GROUP, OPERATION, BROTHER_ID, COLUMN_ID, CONDITION, VALUE, CONDITION_CHANGEABLE, VALUE_CHANGEABLE, REQUIRES_BINDING, VISIBILITY, CONDITION_OVERRIDE_GROUP )
    VALUES ( 1100800, 0, 1100800, NULL, 1, 0, NULL, NULL, 1, 1, 0, 0, 0);
INSERT INTO ARCH_FILTER ( ID, PARENT_ID, ROOT_GROUP, OPERATION, BROTHER_ID, COLUMN_ID, CONDITION, VALUE, CONDITION_CHANGEABLE, VALUE_CHANGEABLE, REQUIRES_BINDING, VISIBILITY, CONDITION_OVERRIDE_GROUP )
    VALUES ( 1100801, 1100800, 1100800, NULL, 1, 1100800, '<>', '0', 1, 1, 0, 0, 0);
-- ARCH_REPORT_2_RECEIVER
delete ARCH_REPORT_2_RECEIVER where id=1100800;
INSERT INTO ARCH_REPORT_2_RECEIVER ( ID, REPORT_INSTANCE_ID, RECEIVER_ID, REPORT_ID, RECEIVER_TYPE )
    VALUES ( 1100800, 1100800, 200, 1100800, 2);
-----------END: Option Position Details Report - (CCY1/CCY2 or CCY1/ALL) ----------------

-----------START: Linear Position Report - Forward Cash Flows by CCY/all ----------------
--ARCH_REPORT
delete ARCH_REPORT  where id=1102500;
INSERT INTO ARCH_REPORT ( ID, NAME, CATALOG_NAME, REPORT_NAME, REPORTING_ENGINE )
    VALUES ( 1102500, 'LPR FCF CCY ALL', 'arch-admin', 'com.traiana.sol.fxpb.web.report.linearposition.reportbuilder.LinearPositionReportFwdCashFlowsCcyAllBuilder', 'com.traiana.core.service.infra.report.imp.archreport.ArchReportService');
-- ARCH_CORE_REPORT
delete ARCH_CORE_REPORT where report_id=1102500;
INSERT INTO ARCH_CORE_REPORT ( REPORT_ID, TITLE, XSL_URI, TYPE )
    VALUES ( 1102500, 'LPR FCF CCY ALL', '/config/jpmc/xsl/linearPositionReportFwdCashFlowsCcyAll.xsl', 2);
-- ARCH_REPORT_COLUMN
delete ARCH_REPORT_COLUMN where report_id=1102500;
INSERT INTO ARCH_REPORT_COLUMN ( ID, REPORT_ID, LOGICAL_NAME, VISIBLE_NAME, FILTER_NAME, TYPE,VALIDATOR, CONVERTER, HELPER, VISIBILITY, SETTER, ORDER_SEQ, TABLE_NAME, FOOTER_SETTER,HEADER_SETTER ) 
	VALUES ( 1102500, 1102500, 'ORDER', 'ORDER', 'ORDER', 'Long', 'long', NULL, NULL, 'none', NULL, 10, 'ORDER', NULL, 'nosort'); 
INSERT INTO ARCH_REPORT_COLUMN ( ID, REPORT_ID, LOGICAL_NAME, VISIBLE_NAME, FILTER_NAME, TYPE,VALIDATOR, CONVERTER, HELPER, VISIBILITY, SETTER, ORDER_SEQ, TABLE_NAME, FOOTER_SETTER,HEADER_SETTER ) 
	VALUES ( 1102501, 1102500, 'ROW_TYPE', ' ', NULL, 'Long', 'long', NULL, NULL, 'none', NULL, 20, 'ROW_TYPE', NULL, 'nosort'); 
INSERT INTO ARCH_REPORT_COLUMN ( ID, REPORT_ID, LOGICAL_NAME, VISIBLE_NAME, FILTER_NAME, TYPE,VALIDATOR, CONVERTER, HELPER, VISIBILITY, SETTER, ORDER_SEQ, TABLE_NAME, FOOTER_SETTER,HEADER_SETTER ) 
	VALUES ( 1102502, 1102500, 'POSITION_DATE', 'Value Date', 'Value Date', 'Date', 'dateOrToday', NULL, NULL, NULL, 'obalance_str', 30, 'trunc(POSITION_DATE)', NULL, 'nosort'); 
INSERT INTO ARCH_REPORT_COLUMN ( ID, REPORT_ID, LOGICAL_NAME, VISIBLE_NAME, FILTER_NAME, TYPE,VALIDATOR, CONVERTER, HELPER, VISIBILITY, SETTER, ORDER_SEQ, TABLE_NAME, FOOTER_SETTER,HEADER_SETTER ) 
	VALUES ( 1102503, 1102500, 'CCY1_NAME', 'CCY1', 'CCY1', 'String', 'string', NULL, NULL, NULL, 'obalance', 40, 'CCY1_NAME', NULL, 'nosort'); 
INSERT INTO ARCH_REPORT_COLUMN ( ID, REPORT_ID, LOGICAL_NAME, VISIBLE_NAME, FILTER_NAME, TYPE,VALIDATOR, CONVERTER, HELPER, VISIBILITY, SETTER, ORDER_SEQ, TABLE_NAME, FOOTER_SETTER,HEADER_SETTER ) 
	VALUES ( 1102504, 1102500, 'CCY1_QTY', 'CCY1 Amt', 'CCY1 Amt', 'Double', 'double', NULL, NULL, NULL, 'rpnl_noval', 50, 'CCY1_QTY', NULL, 'nosort'); 
INSERT INTO ARCH_REPORT_COLUMN ( ID, REPORT_ID, LOGICAL_NAME, VISIBLE_NAME, FILTER_NAME, TYPE,VALIDATOR, CONVERTER, HELPER, VISIBILITY, SETTER, ORDER_SEQ, TABLE_NAME, FOOTER_SETTER,HEADER_SETTER ) 
	VALUES ( 1102505, 1102500, 'CCY2_NAME', 'CCY2', 'CCY2', 'String', 'string', NULL, NULL, NULL, 'obalance', 60, 'CCY2_NAME', NULL, 'nosort'); 
INSERT INTO ARCH_REPORT_COLUMN ( ID, REPORT_ID, LOGICAL_NAME, VISIBLE_NAME, FILTER_NAME, TYPE,VALIDATOR, CONVERTER, HELPER, VISIBILITY, SETTER, ORDER_SEQ, TABLE_NAME, FOOTER_SETTER,HEADER_SETTER ) 
	VALUES ( 1102506, 1102500, 'CCY2_QTY', 'CCY2 Amt', 'CCY2 Amt', 'Double', 'double', NULL, NULL, NULL, 'rpnl_noval', 70, 'CCY2_QTY', NULL, 'nosort'); 
-- ARCH_REPORT_INSTANCE
delete ARCH_REPORT_INSTANCE where id=1102500;
INSERT INTO ARCH_REPORT_INSTANCE ( ID, REPORT_ID, SORT_COLUMNS, SORT_ORDER, FILTER_ROOT )
    VALUES ( 1102500, 1102500, 'ORDER', 'ASC', 1102500);
-- ARCH_FILTER
delete ARCH_FILTER where id in (1102500, 1102501);
INSERT INTO ARCH_FILTER ( ID, PARENT_ID, ROOT_GROUP, OPERATION, BROTHER_ID, COLUMN_ID, CONDITION, VALUE, CONDITION_CHANGEABLE, VALUE_CHANGEABLE, REQUIRES_BINDING, VISIBILITY, CONDITION_OVERRIDE_GROUP )
    VALUES ( 1102500, 0, 1102500, NULL, 1, 0, NULL, NULL, 1, 1, 0, 0, 0);
INSERT INTO ARCH_FILTER ( ID, PARENT_ID, ROOT_GROUP, OPERATION, BROTHER_ID, COLUMN_ID, CONDITION, VALUE, CONDITION_CHANGEABLE, VALUE_CHANGEABLE, REQUIRES_BINDING, VISIBILITY, CONDITION_OVERRIDE_GROUP )
    VALUES ( 1102501, 1102500, 1102500, NULL, 1, 1102501, 'IS NOT NULL', NULL, 1, 1, 0, 0, 0);
-- ARCH_REPORT_2_RECEIVER
delete ARCH_REPORT_2_RECEIVER  where id=1102500;
INSERT INTO ARCH_REPORT_2_RECEIVER ( ID, REPORT_INSTANCE_ID, RECEIVER_ID, REPORT_ID, RECEIVER_TYPE )
    VALUES ( 1102500, 1102500, 200, 1102500, 2);
-----------end: Linear Position Report - Forward Cash Flows by CCY/all ----------------

-----------START: Linear Position Report - Forward Cash Flows by CCY Pair ----------------
--ARCH_REPORT
delete ARCH_REPORT where id=1102400;
INSERT INTO ARCH_REPORT ( ID, NAME, CATALOG_NAME, REPORT_NAME, REPORTING_ENGINE )
    VALUES ( 1102400, 'LPR FCF CCY PAIR', 'arch-admin', 'com.traiana.sol.fxpb.web.report.linearposition.reportbuilder.LinearPositionReportFwdCashFlowsCcyPairBuilder', 'com.traiana.core.service.infra.report.imp.archreport.ArchReportService');
-- ARCH_CORE_REPORT
delete ARCH_CORE_REPORT where report_id=1102400;
INSERT INTO ARCH_CORE_REPORT ( REPORT_ID, TITLE, XSL_URI, TYPE )
    VALUES ( 1102400, 'LPR FCF CCY PAIR', '/config/jpmc/xsl/linearPositionReportFwdCashFlowsCcyPair.xsl', 2);
-- ARCH_REPORT_COLUMN
delete ARCH_REPORT_COLUMN where report_id=1102400;
INSERT INTO ARCH_REPORT_COLUMN ( ID, REPORT_ID, LOGICAL_NAME, VISIBLE_NAME, FILTER_NAME, TYPE,VALIDATOR, CONVERTER, HELPER, VISIBILITY, SETTER, ORDER_SEQ, TABLE_NAME, FOOTER_SETTER,HEADER_SETTER ) 
	VALUES ( 1102400, 1102400, 'ORDER', 'ORDER', 'ORDER', 'Long', 'long', NULL, NULL, 'none', NULL, 10, 'ORDER', NULL, 'nosort'); 
INSERT INTO ARCH_REPORT_COLUMN ( ID, REPORT_ID, LOGICAL_NAME, VISIBLE_NAME, FILTER_NAME, TYPE,VALIDATOR, CONVERTER, HELPER, VISIBILITY, SETTER, ORDER_SEQ, TABLE_NAME, FOOTER_SETTER,HEADER_SETTER ) 
	VALUES ( 1102401, 1102400, 'ROW_TYPE', ' ', NULL, 'Long', 'long', NULL, NULL, 'none', NULL, 20, 'ROW_TYPE', NULL, 'nosort'); 
INSERT INTO ARCH_REPORT_COLUMN ( ID, REPORT_ID, LOGICAL_NAME, VISIBLE_NAME, FILTER_NAME, TYPE,VALIDATOR, CONVERTER, HELPER, VISIBILITY, SETTER, ORDER_SEQ, TABLE_NAME, FOOTER_SETTER,HEADER_SETTER ) 
	VALUES ( 1102402, 1102400, 'POSITION_DATE', 'Value Date', 'Value Date', 'Date', 'dateOrToday', NULL, NULL, NULL, 'obalance_str', 30, 'trunc(POSITION_DATE)', NULL, 'nosort'); 
INSERT INTO ARCH_REPORT_COLUMN ( ID, REPORT_ID, LOGICAL_NAME, VISIBLE_NAME, FILTER_NAME, TYPE,VALIDATOR, CONVERTER, HELPER, VISIBILITY, SETTER, ORDER_SEQ, TABLE_NAME, FOOTER_SETTER,HEADER_SETTER ) 
	VALUES ( 1102403, 1102400, 'CCY1_NAME', 'CCY1', 'CCY1', 'String', 'string', NULL, NULL, NULL, 'obalance', 40, 'CCY1_NAME', NULL, 'nosort'); 
INSERT INTO ARCH_REPORT_COLUMN ( ID, REPORT_ID, LOGICAL_NAME, VISIBLE_NAME, FILTER_NAME, TYPE,VALIDATOR, CONVERTER, HELPER, VISIBILITY, SETTER, ORDER_SEQ, TABLE_NAME, FOOTER_SETTER,HEADER_SETTER ) 
	VALUES ( 1102404, 1102400, 'CCY1_QTY', 'CCY1 Amt', 'CCY1 Amt', 'Double', 'double', NULL, NULL, NULL, 'rpnl_noval', 50, 'CCY1_QTY', NULL, 'nosort'); 
INSERT INTO ARCH_REPORT_COLUMN ( ID, REPORT_ID, LOGICAL_NAME, VISIBLE_NAME, FILTER_NAME, TYPE,VALIDATOR, CONVERTER, HELPER, VISIBILITY, SETTER, ORDER_SEQ, TABLE_NAME, FOOTER_SETTER,HEADER_SETTER ) 
	VALUES ( 1102405, 1102400, 'CCY2_NAME', 'CCY2', 'CCY2', 'String', 'string', NULL, NULL, NULL, 'obalance', 60, 'CCY2_NAME', NULL, 'nosort'); 
INSERT INTO ARCH_REPORT_COLUMN ( ID, REPORT_ID, LOGICAL_NAME, VISIBLE_NAME, FILTER_NAME, TYPE,VALIDATOR, CONVERTER, HELPER, VISIBILITY, SETTER, ORDER_SEQ, TABLE_NAME, FOOTER_SETTER,HEADER_SETTER ) 
	VALUES ( 1102406, 1102400, 'CCY2_QTY', 'CCY2 Amt', 'CCY2 Amt', 'Double', 'double', NULL, NULL, NULL, 'rpnl_noval', 70, 'CCY2_QTY', NULL, 'nosort'); 
INSERT INTO ARCH_REPORT_COLUMN ( ID, REPORT_ID, LOGICAL_NAME, VISIBLE_NAME, FILTER_NAME, TYPE,VALIDATOR, CONVERTER, HELPER, VISIBILITY, SETTER, ORDER_SEQ, TABLE_NAME, FOOTER_SETTER,HEADER_SETTER ) 
	VALUES ( 1102407, 1102400, 'CUMULATIVE_FWD_CCY1', 'CCY1', 'CCY1', 'Double', 'double', NULL, NULL, NULL, 'rpnl_noval', 80, 'CUMULATIVE_FWD_CCY1', NULL, 'nosort'); 
INSERT INTO ARCH_REPORT_COLUMN ( ID, REPORT_ID, LOGICAL_NAME, VISIBLE_NAME, FILTER_NAME, TYPE,VALIDATOR, CONVERTER, HELPER, VISIBILITY, SETTER, ORDER_SEQ, TABLE_NAME, FOOTER_SETTER,HEADER_SETTER ) 
	VALUES ( 1102408, 1102400, 'CUMULATIVE_FWD_CCY2', 'CCY2', 'CCY2', 'Double', 'double', NULL, NULL, NULL, 'rpnl_noval', 90, 'CUMULATIVE_FWD_CCY2', NULL, 'nosort'); 
INSERT INTO ARCH_REPORT_COLUMN ( ID, REPORT_ID, LOGICAL_NAME, VISIBLE_NAME, FILTER_NAME, TYPE,VALIDATOR, CONVERTER, HELPER, VISIBILITY, SETTER, ORDER_SEQ, TABLE_NAME, FOOTER_SETTER,HEADER_SETTER ) 
	VALUES ( 1102409, 1102400, 'CUMULATIVE_REV_CCY1', 'CCY1', 'CCY1', 'Double', 'double', NULL, NULL, NULL, 'rpnl_noval', 100, 'CUMULATIVE_REV_CCY1', NULL, 'nosort'); 
INSERT INTO ARCH_REPORT_COLUMN ( ID, REPORT_ID, LOGICAL_NAME, VISIBLE_NAME, FILTER_NAME, TYPE,VALIDATOR, CONVERTER, HELPER, VISIBILITY, SETTER, ORDER_SEQ, TABLE_NAME, FOOTER_SETTER,HEADER_SETTER ) 
	VALUES ( 1102410, 1102400, 'CUMULATIVE_REV_CCY2', 'CCY2', 'CCY2', 'Double', 'double', NULL, NULL, NULL, 'rpnl_noval', 110, 'CUMULATIVE_REV_CCY2', NULL, 'nosort'); 
-- ARCH_REPORT_INSTANCE
 delete ARCH_REPORT_INSTANCE where report_id=1102400;
INSERT INTO ARCH_REPORT_INSTANCE ( ID, REPORT_ID, SORT_COLUMNS, SORT_ORDER, FILTER_ROOT )
    VALUES ( 1102400, 1102400, 'ORDER', 'ASC', 1102400);
-- ARCH_FILTER
delete ARCH_FILTER where id in (1102400,1102401);
INSERT INTO ARCH_FILTER ( ID, PARENT_ID, ROOT_GROUP, OPERATION, BROTHER_ID, COLUMN_ID, CONDITION, VALUE, CONDITION_CHANGEABLE, VALUE_CHANGEABLE, REQUIRES_BINDING, VISIBILITY, CONDITION_OVERRIDE_GROUP )
    VALUES ( 1102400, 0, 1102400, NULL, 1, 0, NULL, NULL, 1, 1, 0, 0, 0);
INSERT INTO ARCH_FILTER ( ID, PARENT_ID, ROOT_GROUP, OPERATION, BROTHER_ID, COLUMN_ID, CONDITION, VALUE, CONDITION_CHANGEABLE, VALUE_CHANGEABLE, REQUIRES_BINDING, VISIBILITY, CONDITION_OVERRIDE_GROUP )
    VALUES ( 1102401, 1102400, 1102400, NULL, 1, 1102401, 'IS NOT NULL', NULL, 1, 1, 0, 0, 0);
-- ARCH_REPORT_2_RECEIVER
delete ARCH_REPORT_2_RECEIVER where id=1102400;
INSERT INTO ARCH_REPORT_2_RECEIVER ( ID, REPORT_INSTANCE_ID, RECEIVER_ID, REPORT_ID, RECEIVER_TYPE )
    VALUES ( 1102400, 1102400, 200, 1102400, 2);
-----------end: Linear Position Report - Forward Cash Flows by CCY Pair ----------------

-----------START: Option Split Deals Monitor Report ----------------
delete ARCH_REPORT where id=1102200;
INSERT INTO ARCH_REPORT ( ID, NAME, CATALOG_NAME, REPORT_NAME, REPORTING_ENGINE ) 
    VALUES ( 1102200, 'Option Split Deals Monitor Report', 'arch-admin', 'V_FXPB_OPTION_OA_FLAT_REPORT', 'com.traiana.core.service.infra.report.imp.archreport.ArchReportService'); 

delete ARCH_REPORT_COLUMN where report_id=1102200;
INSERT INTO ARCH_REPORT_COLUMN ( ID, REPORT_ID, LOGICAL_NAME, VISIBLE_NAME, FILTER_NAME, TYPE,VALIDATOR, CONVERTER, HELPER, VISIBILITY, SETTER, ORDER_SEQ, TABLE_NAME, FOOTER_SETTER,HEADER_SETTER ) 
	VALUES ( 1102200, 1102200, 'ID', 'Id', 'Id', 'Long', 'long', NULL, NULL, NULL, NULL, 10, 'ID', NULL, NULL); 
INSERT INTO ARCH_REPORT_COLUMN ( ID, REPORT_ID, LOGICAL_NAME, VISIBLE_NAME, FILTER_NAME, TYPE,VALIDATOR, CONVERTER, HELPER, VISIBILITY, SETTER, ORDER_SEQ, TABLE_NAME, FOOTER_SETTER,HEADER_SETTER ) 
	VALUES (1102201, 1102200, 'PARTNER_NAME', 'Partner Name', 'Partner Name', 'String', 'string', NULL, NULL, NULL, NULL, 20, 'PARTNER_NAME', NULL, NULL); 
INSERT INTO ARCH_REPORT_COLUMN ( ID, REPORT_ID, LOGICAL_NAME, VISIBLE_NAME, FILTER_NAME, TYPE,VALIDATOR, CONVERTER, HELPER, VISIBILITY, SETTER, ORDER_SEQ, TABLE_NAME, FOOTER_SETTER,HEADER_SETTER ) 
	VALUES (1102202, 1102200, 'STATUS', 'Status', 'Status', 'Long', 'long', NULL, NULL, NULL, NULL, 30, 'STATUS', NULL, NULL); 
INSERT INTO ARCH_REPORT_COLUMN ( ID, REPORT_ID, LOGICAL_NAME, VISIBLE_NAME, FILTER_NAME, TYPE,VALIDATOR, CONVERTER, HELPER, VISIBILITY, SETTER, ORDER_SEQ, TABLE_NAME, FOOTER_SETTER,HEADER_SETTER ) 
	VALUES (1102203, 1102200, 'REQUEST_ID', 'Request Id', 'Request Id', 'String', 'string', NULL, NULL, NULL, NULL, 40, 'REQUEST_ID', NULL, NULL); 
INSERT INTO ARCH_REPORT_COLUMN ( ID, REPORT_ID, LOGICAL_NAME, VISIBLE_NAME, FILTER_NAME, TYPE,VALIDATOR, CONVERTER, HELPER, VISIBILITY, SETTER, ORDER_SEQ, TABLE_NAME, FOOTER_SETTER,HEADER_SETTER ) 
	VALUES (1102204, 1102200, 'REASON', 'Reason', 'Reason', 'String', 'string', NULL, NULL, NULL, NULL, 50, 'REASON', NULL, NULL); 
INSERT INTO ARCH_REPORT_COLUMN ( ID, REPORT_ID, LOGICAL_NAME, VISIBLE_NAME, FILTER_NAME, TYPE,VALIDATOR, CONVERTER, HELPER, VISIBILITY, SETTER, ORDER_SEQ, TABLE_NAME, FOOTER_SETTER,HEADER_SETTER ) 
	VALUES (1102205, 1102200, 'TIME', 'Time', 'Time', 'Date', 'todayOrSysdate', NULL, NULL, NULL, NULL, 60, 'TIME', NULL, NULL); 
INSERT INTO ARCH_REPORT_COLUMN ( ID, REPORT_ID, LOGICAL_NAME, VISIBLE_NAME, FILTER_NAME, TYPE,VALIDATOR, CONVERTER, HELPER, VISIBILITY, SETTER, ORDER_SEQ, TABLE_NAME, FOOTER_SETTER,HEADER_SETTER ) 
	VALUES (1102206, 1102200, 'UUID', 'Uuid', 'Uuid', 'String', 'string', NULL, NULL, NULL, NULL, 70, 'UUID', NULL, NULL); 
INSERT INTO ARCH_REPORT_COLUMN ( ID, REPORT_ID, LOGICAL_NAME, VISIBLE_NAME, FILTER_NAME, TYPE,VALIDATOR, CONVERTER, HELPER, VISIBILITY, SETTER, ORDER_SEQ, TABLE_NAME, FOOTER_SETTER,HEADER_SETTER ) 
	VALUES (1102207, 1102200, 'SPLIT_REF', 'Split Ref', 'Split Ref', 'String', 'string', NULL, NULL, NULL, NULL, 80, 'SPLIT_REF', NULL, NULL); 
INSERT INTO ARCH_REPORT_COLUMN ( ID, REPORT_ID, LOGICAL_NAME, VISIBLE_NAME, FILTER_NAME, TYPE,VALIDATOR, CONVERTER, HELPER, VISIBILITY, SETTER, ORDER_SEQ, TABLE_NAME, FOOTER_SETTER,HEADER_SETTER ) 
	VALUES (1102208, 1102200, 'OPERATION', 'Operation', 'Operation', 'String', 'string', NULL, NULL, NULL, NULL, 90, 'OPERATION', NULL, NULL); 
INSERT INTO ARCH_REPORT_COLUMN ( ID, REPORT_ID, LOGICAL_NAME, VISIBLE_NAME, FILTER_NAME, TYPE,VALIDATOR, CONVERTER, HELPER, VISIBILITY, SETTER, ORDER_SEQ, TABLE_NAME, FOOTER_SETTER,HEADER_SETTER ) 
	VALUES (1102209, 1102200, 'TRADING_PARTY', 'Trading Party', 'Trading Party', 'String', 'string', NULL, NULL, NULL, NULL, 100, 'TRADING_PARTY', NULL, NULL); 
INSERT INTO ARCH_REPORT_COLUMN ( ID, REPORT_ID, LOGICAL_NAME, VISIBLE_NAME, FILTER_NAME, TYPE,VALIDATOR, CONVERTER, HELPER, VISIBILITY, SETTER, ORDER_SEQ, TABLE_NAME, FOOTER_SETTER,HEADER_SETTER ) 
	VALUES (1102210, 1102200, 'ENTERING_PARTY', 'Entering Party', 'Entering Party', 'String', 'string', NULL, NULL, NULL, NULL, 110, 'ENTERING_PARTY', NULL, NULL); 
INSERT INTO ARCH_REPORT_COLUMN ( ID, REPORT_ID, LOGICAL_NAME, VISIBLE_NAME, FILTER_NAME, TYPE,VALIDATOR, CONVERTER, HELPER, VISIBILITY, SETTER, ORDER_SEQ, TABLE_NAME, FOOTER_SETTER,HEADER_SETTER ) 
	VALUES (1102211, 1102200, 'SUBMITTER', 'Submitter', 'Submitter', 'String', 'string', NULL, NULL, NULL, NULL, 120, 'SUBMITTER', NULL, NULL); 
INSERT INTO ARCH_REPORT_COLUMN ( ID, REPORT_ID, LOGICAL_NAME, VISIBLE_NAME, FILTER_NAME, TYPE,VALIDATOR, CONVERTER, HELPER, VISIBILITY, SETTER, ORDER_SEQ, TABLE_NAME, FOOTER_SETTER,HEADER_SETTER ) 
	VALUES (1102212, 1102200, 'TRADE_DATE', 'Trade Date', 'Trade Date', 'String', 'string', NULL, NULL, NULL, NULL, 130, 'TRADE_DATE', NULL, NULL); 
INSERT INTO ARCH_REPORT_COLUMN ( ID, REPORT_ID, LOGICAL_NAME, VISIBLE_NAME, FILTER_NAME, TYPE,VALIDATOR, CONVERTER, HELPER, VISIBILITY, SETTER, ORDER_SEQ, TABLE_NAME, FOOTER_SETTER,HEADER_SETTER ) 
	VALUES (1102213, 1102200, 'TOTAL_QTY', 'Total Qty', 'Total Qty', 'String', 'string', NULL, NULL, NULL, 'double8', 140, 'TOTAL_QTY', NULL, NULL); 
INSERT INTO ARCH_REPORT_COLUMN ( ID, REPORT_ID, LOGICAL_NAME, VISIBLE_NAME, FILTER_NAME, TYPE,VALIDATOR, CONVERTER, HELPER, VISIBILITY, SETTER, ORDER_SEQ, TABLE_NAME, FOOTER_SETTER,HEADER_SETTER ) 
	VALUES (1102214, 1102200, 'CLIENT_REF', 'Client Ref', 'Client Ref', 'String', 'string', NULL, NULL, NULL, NULL, 150, 'CLIENT_REF', NULL, NULL); 
INSERT INTO ARCH_REPORT_COLUMN ( ID, REPORT_ID, LOGICAL_NAME, VISIBLE_NAME, FILTER_NAME, TYPE,VALIDATOR, CONVERTER, HELPER, VISIBILITY, SETTER, ORDER_SEQ, TABLE_NAME, FOOTER_SETTER,HEADER_SETTER ) 
	VALUES (1102215, 1102200, 'FUND_NAME', 'Fund Name', 'Fund Name', 'String', 'string', NULL, NULL, NULL, NULL, 160, 'FUND_NAME', NULL, NULL); 
INSERT INTO ARCH_REPORT_COLUMN ( ID, REPORT_ID, LOGICAL_NAME, VISIBLE_NAME, FILTER_NAME, TYPE,VALIDATOR, CONVERTER, HELPER, VISIBILITY, SETTER, ORDER_SEQ, TABLE_NAME, FOOTER_SETTER,HEADER_SETTER ) 
	VALUES (1102216, 1102200, 'ALLOCATION_CLIENT_REF', 'Allocation Client Ref', 'Allocation Client Ref', 'String', 'string', NULL, NULL, NULL, NULL, 170, 'ALLOCATION_CLIENT_REF', NULL, NULL); 
INSERT INTO ARCH_REPORT_COLUMN ( ID, REPORT_ID, LOGICAL_NAME, VISIBLE_NAME, FILTER_NAME, TYPE,VALIDATOR, CONVERTER, HELPER, VISIBILITY, SETTER, ORDER_SEQ, TABLE_NAME, FOOTER_SETTER,HEADER_SETTER ) 
	VALUES (1102217, 1102200, 'ALLOCATION_QTY', 'Allocation Qty', 'Allocation Qty', 'String', 'string', NULL, NULL, NULL, 'double8', 180, 'ALLOCATION_QTY', NULL, NULL); 

 delete ARCH_REPORT_INSTANCE where id=1102200;
INSERT INTO ARCH_REPORT_INSTANCE ( ID, REPORT_ID, SORT_COLUMNS, SORT_ORDER, FILTER_ROOT ) 
    VALUES ( 1102200, 1102200, 'ID', 'DESC', 1102200); 

delete ARCH_REPORT_2_RECEIVER where id=1102200;
INSERT INTO ARCH_REPORT_2_RECEIVER ( ID, REPORT_INSTANCE_ID, RECEIVER_ID, REPORT_ID, RECEIVER_TYPE ) 
    VALUES ( 1102200, 1102200, 200, 1102200, 2); 

delete ARCH_CORE_REPORT where report_id=1102200;
INSERT INTO ARCH_CORE_REPORT ( REPORT_ID, TITLE, XSL_URI, TYPE ) 
    VALUES ( 1102200, 'Option Split Deals Monitor Report', '/config/arch/xsl/reports/html.xsl', 1); 

delete ARCH_FILTER where id in (1102200,1102201);
INSERT INTO ARCH_FILTER ( ID, PARENT_ID, ROOT_GROUP, OPERATION, BROTHER_ID, COLUMN_ID, CONDITION, VALUE, CONDITION_CHANGEABLE, VALUE_CHANGEABLE, REQUIRES_BINDING, VISIBILITY, CONDITION_OVERRIDE_GROUP ) 
    VALUES ( 1102200, 0, 1102200, NULL, 1, 0, NULL, NULL, 1, 1, 0, 0, 0); 
INSERT INTO ARCH_FILTER ( ID, PARENT_ID, ROOT_GROUP, OPERATION, BROTHER_ID, COLUMN_ID, CONDITION, VALUE, CONDITION_CHANGEABLE, VALUE_CHANGEABLE, REQUIRES_BINDING, VISIBILITY, CONDITION_OVERRIDE_GROUP ) 
    VALUES ( 1102201, 1102200, 1102200, NULL, 1, 1102205, '=', 'today', 1, 1, 0, 0, 0); 
-----------end: Option Split Deals Monitor Report ----------------

-----------START: Linear Position Report - Forward Cash Flows by CCY/all ----------------
--ARCH_REPORT
delete ARCH_REPORT where id=1102600;
INSERT INTO ARCH_REPORT ( ID, NAME, CATALOG_NAME, REPORT_NAME, REPORTING_ENGINE )
    VALUES ( 1102600, 'LPR DEALS OUTSTANDING', 'arch-admin', 'com.traiana.sol.fxpb.web.report.linearposition.reportbuilder.LinearPositionReportDealsOutstandingBuilder', 'com.traiana.core.service.infra.report.imp.archreport.ArchReportService');
-- ARCH_CORE_REPORT
delete ARCH_CORE_REPORT where report_id=1102600;
INSERT INTO ARCH_CORE_REPORT ( REPORT_ID, TITLE, XSL_URI, TYPE )
    VALUES ( 1102600, 'LPR DEALS OUTSTANDING', '/config/jpmc/xsl/linearPositionReportDealsOutstanding.xsl', 2);
-- ARCH_REPORT_COLUMN
delete ARCH_REPORT_COLUMN where report_id=1102600;
INSERT INTO ARCH_REPORT_COLUMN ( ID, REPORT_ID, LOGICAL_NAME, VISIBLE_NAME, FILTER_NAME, TYPE,VALIDATOR, CONVERTER, HELPER, VISIBILITY, SETTER, ORDER_SEQ, TABLE_NAME, FOOTER_SETTER,HEADER_SETTER ) 
	VALUES ( 1102600, 1102600, 'ORDER', 'ORDER', 'ORDER', 'Long', 'long', NULL, NULL, 'none', NULL, 10, 'ORDER', NULL, 'nosort'); 
INSERT INTO ARCH_REPORT_COLUMN ( ID, REPORT_ID, LOGICAL_NAME, VISIBLE_NAME, FILTER_NAME, TYPE,VALIDATOR, CONVERTER, HELPER, VISIBILITY, SETTER, ORDER_SEQ, TABLE_NAME, FOOTER_SETTER,HEADER_SETTER ) 
	VALUES (1102601, 1102600, 'ROW_TYPE', ' ', NULL, 'Long', 'long', NULL, NULL, 'none', NULL, 20, 'ROW_TYPE', NULL, 'nosort'); 
INSERT INTO ARCH_REPORT_COLUMN ( ID, REPORT_ID, LOGICAL_NAME, VISIBLE_NAME, FILTER_NAME, TYPE,VALIDATOR, CONVERTER, HELPER, VISIBILITY, SETTER, ORDER_SEQ, TABLE_NAME, FOOTER_SETTER,HEADER_SETTER ) 
	VALUES (1102602, 1102600, 'POSITION_DATE', 'Value Date', 'Value Date', 'Date', 'dateOrToday', NULL, NULL, NULL, NULL, 30, 'trunc(POSITION_DATE)', NULL, 'nosort'); 
INSERT INTO ARCH_REPORT_COLUMN ( ID, REPORT_ID, LOGICAL_NAME, VISIBLE_NAME, FILTER_NAME, TYPE,VALIDATOR, CONVERTER, HELPER, VISIBILITY, SETTER, ORDER_SEQ, TABLE_NAME, FOOTER_SETTER,HEADER_SETTER ) 
	VALUES (1102603, 1102600, 'TRADE_DATE', 'Trade Date', 'Trade Date', 'Date', 'dateOrToday', NULL, NULL, NULL, NULL, 40, 'trunc(TRADE_DATE)', NULL, 'nosort'); 
INSERT INTO ARCH_REPORT_COLUMN ( ID, REPORT_ID, LOGICAL_NAME, VISIBLE_NAME, FILTER_NAME, TYPE,VALIDATOR, CONVERTER, HELPER, VISIBILITY, SETTER, ORDER_SEQ, TABLE_NAME, FOOTER_SETTER,HEADER_SETTER ) 
	VALUES (1102604, 1102600, 'REF_ID', 'Reference', 'Reference', 'Long', 'long', NULL, NULL, NULL, 'LINK:ctrep.lwp?g0_fCond==&g0_fName=TRADE_ID&g0_fOp=NONE&g0_fValue=$REF_ID&g0_fltr=0&g0_fId=0&g0_fParentId=-1&g0_fVisibility=0&ExecuteFromLink=ExecuteFromLink', 50, 'REF_ID', NULL, 'nosort'); 
INSERT INTO ARCH_REPORT_COLUMN ( ID, REPORT_ID, LOGICAL_NAME, VISIBLE_NAME, FILTER_NAME, TYPE,VALIDATOR, CONVERTER, HELPER, VISIBILITY, SETTER, ORDER_SEQ, TABLE_NAME, FOOTER_SETTER,HEADER_SETTER ) 
	VALUES (1102605, 1102600, 'REF_TYPE', ' ', NULL, 'Long', 'long', NULL, NULL, 'none', NULL, 60, 'REF_TYPE', NULL, 'nosort'); 
INSERT INTO ARCH_REPORT_COLUMN ( ID, REPORT_ID, LOGICAL_NAME, VISIBLE_NAME, FILTER_NAME, TYPE,VALIDATOR, CONVERTER, HELPER, VISIBILITY, SETTER, ORDER_SEQ, TABLE_NAME, FOOTER_SETTER,HEADER_SETTER ) 
	VALUES (1102606, 1102600, 'CCY1_NAME', 'CCY1', 'CCY1', 'String', 'string', NULL, NULL, NULL, NULL, 70, 'CCY1_NAME', NULL, 'nosort'); 
INSERT INTO ARCH_REPORT_COLUMN ( ID, REPORT_ID, LOGICAL_NAME, VISIBLE_NAME, FILTER_NAME, TYPE,VALIDATOR, CONVERTER, HELPER, VISIBILITY, SETTER, ORDER_SEQ, TABLE_NAME, FOOTER_SETTER,HEADER_SETTER ) 
	VALUES (1102607, 1102600, 'CCY1_QTY', 'CCY1 Amount', 'CCY1 Amount', 'Double', 'double', NULL, NULL, NULL, 'rpnl_noval', 80, 'CCY1_QTY', NULL, 'nosort'); 
INSERT INTO ARCH_REPORT_COLUMN ( ID, REPORT_ID, LOGICAL_NAME, VISIBLE_NAME, FILTER_NAME, TYPE,VALIDATOR, CONVERTER, HELPER, VISIBILITY, SETTER, ORDER_SEQ, TABLE_NAME, FOOTER_SETTER,HEADER_SETTER ) 
	VALUES (1102608, 1102600, 'CCY2_NAME', 'CCY2', 'CCY2', 'String', 'string', NULL, NULL, NULL, NULL, 90, 'CCY2_NAME', NULL, 'nosort'); 
INSERT INTO ARCH_REPORT_COLUMN ( ID, REPORT_ID, LOGICAL_NAME, VISIBLE_NAME, FILTER_NAME, TYPE,VALIDATOR, CONVERTER, HELPER, VISIBILITY, SETTER, ORDER_SEQ, TABLE_NAME, FOOTER_SETTER,HEADER_SETTER ) 
	VALUES (1102609, 1102600, 'CCY2_QTY', 'CCY2 Amount', 'CCY2 Amount', 'Double', 'double', NULL, NULL, NULL, 'rpnl_noval', 100, 'CCY2_QTY', NULL, 'nosort'); 
INSERT INTO ARCH_REPORT_COLUMN ( ID, REPORT_ID, LOGICAL_NAME, VISIBLE_NAME, FILTER_NAME, TYPE,VALIDATOR, CONVERTER, HELPER, VISIBILITY, SETTER, ORDER_SEQ, TABLE_NAME, FOOTER_SETTER,HEADER_SETTER ) 
	VALUES (1102610, 1102600, 'CCY1_USD_REVAL', 'CCY1 USD', 'CCY1 USD', 'Double', 'double', NULL, NULL, 'none', NULL, 110, 'CCY1_USD_REVAL', NULL, 'nosort'); 
INSERT INTO ARCH_REPORT_COLUMN ( ID, REPORT_ID, LOGICAL_NAME, VISIBLE_NAME, FILTER_NAME, TYPE,VALIDATOR, CONVERTER, HELPER, VISIBILITY, SETTER, ORDER_SEQ, TABLE_NAME, FOOTER_SETTER,HEADER_SETTER ) 
	VALUES (1102611, 1102600, 'DEALT_RATE', 'Dealt Rate', 'Dealt Rate', 'Double', 'double', NULL, NULL, NULL, NULL, 120, 'DEALT_RATE', NULL, 'nosort'); 
INSERT INTO ARCH_REPORT_COLUMN ( ID, REPORT_ID, LOGICAL_NAME, VISIBLE_NAME, FILTER_NAME, TYPE,VALIDATOR, CONVERTER, HELPER, VISIBILITY, SETTER, ORDER_SEQ, TABLE_NAME, FOOTER_SETTER,HEADER_SETTER ) 
	VALUES (1102612, 1102600, 'REVAL_RATE', 'Reval Rate', 'Reval Rate', 'Double', 'double', NULL, NULL, NULL, NULL, 130, 'REVAL_RATE', NULL, 'nosort'); 
INSERT INTO ARCH_REPORT_COLUMN ( ID, REPORT_ID, LOGICAL_NAME, VISIBLE_NAME, FILTER_NAME, TYPE,VALIDATOR, CONVERTER, HELPER, VISIBILITY, SETTER, ORDER_SEQ, TABLE_NAME, FOOTER_SETTER,HEADER_SETTER ) 
	VALUES (1102613, 1102600, 'UPL_DAILY', 'Daily PnL', 'Daily PnL', 'Double', 'double', NULL, NULL, NULL, 'rpnl_noval', 140, 'UPL_DAILY', NULL, 'nosort'); 
INSERT INTO ARCH_REPORT_COLUMN ( ID, REPORT_ID, LOGICAL_NAME, VISIBLE_NAME, FILTER_NAME, TYPE,VALIDATOR, CONVERTER, HELPER, VISIBILITY, SETTER, ORDER_SEQ, TABLE_NAME, FOOTER_SETTER,HEADER_SETTER ) 
	VALUES (1102614, 1102600, 'UPL_MTD', 'MTD PnL', 'MTD PnL', 'Double', 'double', NULL, NULL, NULL, 'rpnl_noval', 150, 'UPL_MTD', NULL, 'nosort'); 
INSERT INTO ARCH_REPORT_COLUMN ( ID, REPORT_ID, LOGICAL_NAME, VISIBLE_NAME, FILTER_NAME, TYPE,VALIDATOR, CONVERTER, HELPER, VISIBILITY, SETTER, ORDER_SEQ, TABLE_NAME, FOOTER_SETTER,HEADER_SETTER ) 
	VALUES (1102615, 1102600, 'UPL_MTM', 'MTM PnL', 'MTM PnL', 'Double', 'double', NULL, NULL, NULL, 'rpnl_noval', 160, 'UPL_MTM', NULL, 'nosort'); 
INSERT INTO ARCH_REPORT_COLUMN ( ID, REPORT_ID, LOGICAL_NAME, VISIBLE_NAME, FILTER_NAME, TYPE,VALIDATOR, CONVERTER, HELPER, VISIBILITY, SETTER, ORDER_SEQ, TABLE_NAME, FOOTER_SETTER,HEADER_SETTER ) 
	VALUES (1102616, 1102600, 'TRADE_TYPE', 'Trade Type', 'Trade Type', 'String', 'string', NULL, NULL, NULL, NULL, 170, 'TRADE_TYPE', NULL, 'nosort'); 
INSERT INTO ARCH_REPORT_COLUMN ( ID, REPORT_ID, LOGICAL_NAME, VISIBLE_NAME, FILTER_NAME, TYPE,VALIDATOR, CONVERTER, HELPER, VISIBILITY, SETTER, ORDER_SEQ, TABLE_NAME, FOOTER_SETTER,HEADER_SETTER ) 
	VALUES (1102617, 1102600, 'EB', 'Executing Broker', 'Executing Broker', 'String', 'string', NULL, NULL, NULL, NULL, 180, 'EB', NULL, 'nosort'); 
INSERT INTO ARCH_REPORT_COLUMN ( ID, REPORT_ID, LOGICAL_NAME, VISIBLE_NAME, FILTER_NAME, TYPE,VALIDATOR, CONVERTER, HELPER, VISIBILITY, SETTER, ORDER_SEQ, TABLE_NAME, FOOTER_SETTER,HEADER_SETTER ) 
	VALUES (1102618, 1102600, 'TRADER', 'Trader', 'Trader', 'String', 'string', NULL, NULL, NULL, NULL, 190, 'TRADER', NULL, 'nosort'); 
INSERT INTO ARCH_REPORT_COLUMN ( ID, REPORT_ID, LOGICAL_NAME, VISIBLE_NAME, FILTER_NAME, TYPE,VALIDATOR, CONVERTER, HELPER, VISIBILITY, SETTER, ORDER_SEQ, TABLE_NAME, FOOTER_SETTER,HEADER_SETTER ) 
	VALUES (1102619, 1102600, 'PORTFOLIO', 'Portfolio', 'Portfolio', 'String', 'string', NULL, NULL, NULL, NULL, 200, 'PORTFOLIO', NULL, 'nosort'); 
INSERT INTO ARCH_REPORT_COLUMN ( ID, REPORT_ID, LOGICAL_NAME, VISIBLE_NAME, FILTER_NAME, TYPE,VALIDATOR, CONVERTER, HELPER, VISIBILITY, SETTER, ORDER_SEQ, TABLE_NAME, FOOTER_SETTER,HEADER_SETTER ) 
	VALUES (1102620, 1102600, 'FUND', 'Fund', 'Fund', 'String', 'string', NULL, NULL, NULL, NULL, 210, 'FUND', NULL, 'nosort'); 
INSERT INTO ARCH_REPORT_COLUMN ( ID, REPORT_ID, LOGICAL_NAME, VISIBLE_NAME, FILTER_NAME, TYPE,VALIDATOR, CONVERTER, HELPER, VISIBILITY, SETTER, ORDER_SEQ, TABLE_NAME, FOOTER_SETTER,HEADER_SETTER ) 
	VALUES (1102621, 1102600, 'AGREEMENT', 'Agreement', 'Agreement', 'String', 'string', NULL, NULL, NULL, NULL, 220, 'AGREEMENT', NULL, 'nosort'); 
-- ARCH_REPORT_INSTANCE
delete ARCH_REPORT_INSTANCE where id=1102600;
INSERT INTO ARCH_REPORT_INSTANCE ( ID, REPORT_ID, SORT_COLUMNS, SORT_ORDER, FILTER_ROOT )
    VALUES ( 1102600, 1102600, 'ORDER', 'ASC', 1102600);
-- ARCH_FILTER
delete ARCH_FILTER where id in (1102600,1102601);
INSERT INTO ARCH_FILTER ( ID, PARENT_ID, ROOT_GROUP, OPERATION, BROTHER_ID, COLUMN_ID, CONDITION, VALUE, CONDITION_CHANGEABLE, VALUE_CHANGEABLE, REQUIRES_BINDING, VISIBILITY, CONDITION_OVERRIDE_GROUP )
    VALUES ( 1102600, 0, 1102600, NULL, 1, 0, NULL, NULL, 1, 1, 0, 0, 0);
INSERT INTO ARCH_FILTER ( ID, PARENT_ID, ROOT_GROUP, OPERATION, BROTHER_ID, COLUMN_ID, CONDITION, VALUE, CONDITION_CHANGEABLE, VALUE_CHANGEABLE, REQUIRES_BINDING, VISIBILITY, CONDITION_OVERRIDE_GROUP )
    VALUES ( 1102601, 1102600, 1102600, NULL, 1, 1102601, 'IS NOT NULL', NULL, 1, 1, 0, 0, 0);
-- ARCH_REPORT_2_RECEIVER
delete ARCH_REPORT_2_RECEIVER where id=1102600;
INSERT INTO ARCH_REPORT_2_RECEIVER ( ID, REPORT_INSTANCE_ID, RECEIVER_ID, REPORT_ID, RECEIVER_TYPE )
    VALUES ( 1102600, 1102600, 200, 1102600, 2);
-----------end: Linear Position Report - Forward Cash Flows by CCY/all ----------------

-----------START: Linear Position Report - Sum All Ccy ----------------
--ARCH_REPORT
delete ARCH_REPORT where id=1102000;
INSERT INTO ARCH_REPORT ( ID, NAME, CATALOG_NAME, REPORT_NAME, REPORTING_ENGINE )
    VALUES ( 1102000, 'LPR Sum Ccy Pair', 'arch-admin', 'com.traiana.sol.fxpb.web.report.linearposition.reportbuilder.LinearPositionReportSumCcyPairBuilder', 'com.traiana.core.service.infra.report.imp.archreport.ArchReportService');
-- ARCH_CORE_REPORT
delete ARCH_CORE_REPORT where report_id=1102000;
INSERT INTO ARCH_CORE_REPORT ( REPORT_ID, TITLE, XSL_URI, TYPE )
    VALUES ( 1102000, 'LPR Sum Ccy Pair', '/config/jpmc/xsl/linearPositionReportSumCcyPair.xsl', 2);
-- ARCH_REPORT_COLUMN
delete ARCH_REPORT_COLUMN  where report_id=1102000;
INSERT INTO ARCH_REPORT_COLUMN ( ID, REPORT_ID, LOGICAL_NAME, VISIBLE_NAME, FILTER_NAME, TYPE,VALIDATOR, CONVERTER, HELPER, VISIBILITY, SETTER, ORDER_SEQ, TABLE_NAME, FOOTER_SETTER,HEADER_SETTER ) 
	VALUES (1102000, 1102000, 'ORDER', 'ORDER', 'ORDER', 'Long', 'long', NULL, NULL, 'none', NULL, 10, 'ORDER', NULL, 'nosort'); 
INSERT INTO ARCH_REPORT_COLUMN ( ID, REPORT_ID, LOGICAL_NAME, VISIBLE_NAME, FILTER_NAME, TYPE,VALIDATOR, CONVERTER, HELPER, VISIBILITY, SETTER, ORDER_SEQ, TABLE_NAME, FOOTER_SETTER,HEADER_SETTER ) 
	VALUES (1102001, 1102000, 'CCY_NAME', ' ', NULL, 'String', 'string', NULL, NULL, 'report', 'LINK:javascript:doChangeCcy("$CCY_NAME")', 20, 'CCY_NAME', NULL, 'nosort'); 
INSERT INTO ARCH_REPORT_COLUMN ( ID, REPORT_ID, LOGICAL_NAME, VISIBLE_NAME, FILTER_NAME, TYPE,VALIDATOR, CONVERTER, HELPER, VISIBILITY, SETTER, ORDER_SEQ, TABLE_NAME, FOOTER_SETTER,HEADER_SETTER ) 
	VALUES (1102002, 1102000, 'CCY_QTY1', 'Ccy1', 'Ccy1', 'Double', 'double', NULL, NULL, NULL, 'rccy', 30, 'CCY_QTY1', NULL, 'nosort'); 
INSERT INTO ARCH_REPORT_COLUMN ( ID, REPORT_ID, LOGICAL_NAME, VISIBLE_NAME, FILTER_NAME, TYPE,VALIDATOR, CONVERTER, HELPER, VISIBILITY, SETTER, ORDER_SEQ, TABLE_NAME, FOOTER_SETTER,HEADER_SETTER ) 
	VALUES (1102003, 1102000, 'CCY_QTY2', 'Ccy2', 'Ccy2', 'Double', 'double', NULL, NULL, NULL, 'rccy', 40, 'CCY_QTY2', NULL, 'nosort'); 
INSERT INTO ARCH_REPORT_COLUMN ( ID, REPORT_ID, LOGICAL_NAME, VISIBLE_NAME, FILTER_NAME, TYPE,VALIDATOR, CONVERTER, HELPER, VISIBILITY, SETTER, ORDER_SEQ, TABLE_NAME, FOOTER_SETTER,HEADER_SETTER ) 
	VALUES (1102004, 1102000, 'SPOT', 'Closing Spot', 'Closing Spot', 'Double', 'double', NULL, NULL, NULL, 'spot5', 50, 'SPOT', NULL, 'nosort'); 
INSERT INTO ARCH_REPORT_COLUMN ( ID, REPORT_ID, LOGICAL_NAME, VISIBLE_NAME, FILTER_NAME, TYPE,VALIDATOR, CONVERTER, HELPER, VISIBILITY, SETTER, ORDER_SEQ, TABLE_NAME, FOOTER_SETTER,HEADER_SETTER ) 
	VALUES (1102005, 1102000, 'UPL_DAILY', 'Daily $ PnL', 'Daily $ PnL', 'Double', 'double', NULL, NULL, NULL, 'rpnl_noval', 60, 'UPL_DAILY', NULL, 'nosort'); 
INSERT INTO ARCH_REPORT_COLUMN ( ID, REPORT_ID, LOGICAL_NAME, VISIBLE_NAME, FILTER_NAME, TYPE,VALIDATOR, CONVERTER, HELPER, VISIBILITY, SETTER, ORDER_SEQ, TABLE_NAME, FOOTER_SETTER,HEADER_SETTER ) 
	VALUES (1102006, 1102000, 'UPL_MTD', 'MTD $ PnL', 'MTD $ PnL', 'Double', 'double', NULL, NULL, NULL, 'rpnl_noval', 70, 'UPL_MTD', NULL, 'nosort'); 
INSERT INTO ARCH_REPORT_COLUMN ( ID, REPORT_ID, LOGICAL_NAME, VISIBLE_NAME, FILTER_NAME, TYPE,VALIDATOR, CONVERTER, HELPER, VISIBILITY, SETTER, ORDER_SEQ, TABLE_NAME, FOOTER_SETTER,HEADER_SETTER ) 
	VALUES (1102007, 1102000, 'RPL_MTM', '$ MTM', '$ MTM', 'Double', 'double', NULL, NULL, NULL, 'rpnl_noval', 80, 'RPL_MTM', NULL, 'nosort'); 
INSERT INTO ARCH_REPORT_COLUMN ( ID, REPORT_ID, LOGICAL_NAME, VISIBLE_NAME, FILTER_NAME, TYPE,VALIDATOR, CONVERTER, HELPER, VISIBILITY, SETTER, ORDER_SEQ, TABLE_NAME, FOOTER_SETTER,HEADER_SETTER ) 
	VALUES (1102008, 1102000, 'RPL_DAILY', 'Daily $ PnL', 'Daily $ PnL', 'Double', 'double', NULL, NULL, NULL, 'rpnl_noval', 90, 'RPL_DAILY', NULL, 'nosort'); 
INSERT INTO ARCH_REPORT_COLUMN ( ID, REPORT_ID, LOGICAL_NAME, VISIBLE_NAME, FILTER_NAME, TYPE,VALIDATOR, CONVERTER, HELPER, VISIBILITY, SETTER, ORDER_SEQ, TABLE_NAME, FOOTER_SETTER,HEADER_SETTER ) 
	VALUES (1102009, 1102000, 'RPL_MTD', 'MTD $ PnL', 'MTD $ PnL', 'Double', 'double', NULL, NULL, NULL, 'rpnl_noval', 100, 'RPL_MTD', NULL, 'nosort'); 
INSERT INTO ARCH_REPORT_COLUMN ( ID, REPORT_ID, LOGICAL_NAME, VISIBLE_NAME, FILTER_NAME, TYPE,VALIDATOR, CONVERTER, HELPER, VISIBILITY, SETTER, ORDER_SEQ, TABLE_NAME, FOOTER_SETTER,HEADER_SETTER ) 
	VALUES (1102010, 1102000, 'TPL_DAILY', 'Daily $ PnL', 'Daily $ PnL', 'Double', 'double', NULL, NULL, NULL, 'rpnl_noval', 110, 'TPL_DAILY', NULL, 'nosort'); 
INSERT INTO ARCH_REPORT_COLUMN ( ID, REPORT_ID, LOGICAL_NAME, VISIBLE_NAME, FILTER_NAME, TYPE,VALIDATOR, CONVERTER, HELPER, VISIBILITY, SETTER, ORDER_SEQ, TABLE_NAME, FOOTER_SETTER,HEADER_SETTER ) 
	VALUES ( 1102011, 1102000, 'TPL_MTD', 'MTD $ PnL', 'MTD $ PnL', 'Double', 'double', NULL, NULL, NULL, 'rpnl_noval', 120, 'TPL_MTD', NULL, 'nosort'); 
-- ARCH_REPORT_INSTANCE
delete ARCH_REPORT_INSTANCE where id=1102000;
INSERT INTO ARCH_REPORT_INSTANCE ( ID, REPORT_ID, SORT_COLUMNS, SORT_ORDER, FILTER_ROOT )
    VALUES ( 1102000, 1102000, 'ORDER', 'ASC', 1102000);
-- ARCH_FILTER
delete ARCH_FILTER where id in (1102000,1102001);
INSERT INTO ARCH_FILTER ( ID, PARENT_ID, ROOT_GROUP, OPERATION, BROTHER_ID, COLUMN_ID, CONDITION, VALUE, CONDITION_CHANGEABLE, VALUE_CHANGEABLE, REQUIRES_BINDING, VISIBILITY, CONDITION_OVERRIDE_GROUP )
    VALUES ( 1102000, 0, 1102000, NULL, 1, 0, NULL, NULL, 1, 1, 0, 0, 0);
INSERT INTO ARCH_FILTER ( ID, PARENT_ID, ROOT_GROUP, OPERATION, BROTHER_ID, COLUMN_ID, CONDITION, VALUE, CONDITION_CHANGEABLE, VALUE_CHANGEABLE, REQUIRES_BINDING, VISIBILITY, CONDITION_OVERRIDE_GROUP )
    VALUES ( 1102001, 1102000, 1102000, NULL, 1, 1102001, 'IS NOT NULL', NULL, 1, 1, 0, 0, 0);
-- ARCH_REPORT_2_RECEIVER
delete ARCH_REPORT_2_RECEIVER where id=1102000;
INSERT INTO ARCH_REPORT_2_RECEIVER ( ID, REPORT_INSTANCE_ID, RECEIVER_ID, REPORT_ID, RECEIVER_TYPE )
    VALUES ( 1102000, 1102000, 200, 1102000, 2);
-----------START: Linear Position Report - Sum All Ccy ----------------

ALTER TABLE JPMC_GENERIC_MUREX_DEALS ADD (
		Z_EXR		VARCHAR2 (50),
		TRN_TYPE	VARCHAR2 (255)
);
update JPMC_GENERIC_MUREX_DEALS  set 
	   TRN_TYPE = 'FXD'
where TRADE_TYPE = '2' ;

----------- start: ARCH_REPORT_COLUMN -----------------------
-- insert all data from solution 
INSERT INTO ARCH_REPORT_COLUMN ( ID, REPORT_ID, LOGICAL_NAME, VISIBLE_NAME, FILTER_NAME, TYPE,
VALIDATOR, CONVERTER, HELPER, VISIBILITY, SETTER, ORDER_SEQ, TABLE_NAME, FOOTER_SETTER,
HEADER_SETTER ) VALUES ( 
1000000, 1000000, 'ID', 'ID', 'ID', 'Long', 'long', NULL, NULL, NULL, 'LINK:noe.lwp?hiddenNoeId=$ID&RetrieveNoe=RetrieveNoe&NoeCurTab=SelectNoeTab'
, 10, 'ID', NULL, NULL); 
INSERT INTO ARCH_REPORT_COLUMN ( ID, REPORT_ID, LOGICAL_NAME, VISIBLE_NAME, FILTER_NAME, TYPE,
VALIDATOR, CONVERTER, HELPER, VISIBILITY, SETTER, ORDER_SEQ, TABLE_NAME, FOOTER_SETTER,
HEADER_SETTER ) VALUES ( 
1000001, 1000000, 'APPROVAL', 'Approval', 'Approval', 'String', 'string', NULL, 'VFXPBNOEApprovalStatus'
, NULL, 'noeApproval', 40, 'APPROVAL', NULL, NULL); 
INSERT INTO ARCH_REPORT_COLUMN ( ID, REPORT_ID, LOGICAL_NAME, VISIBLE_NAME, FILTER_NAME, TYPE,
VALIDATOR, CONVERTER, HELPER, VISIBILITY, SETTER, ORDER_SEQ, TABLE_NAME, FOOTER_SETTER,
HEADER_SETTER ) VALUES ( 
1000002, 1000000, 'RECON', 'Recon', 'Recon', 'String', 'string', NULL, NULL, NULL
, 'noeRecon', 30, 'RECON', NULL, NULL); 
INSERT INTO ARCH_REPORT_COLUMN ( ID, REPORT_ID, LOGICAL_NAME, VISIBLE_NAME, FILTER_NAME, TYPE,
VALIDATOR, CONVERTER, HELPER, VISIBILITY, SETTER, ORDER_SEQ, TABLE_NAME, FOOTER_SETTER,
HEADER_SETTER ) VALUES ( 
1000003, 1000000, 'ALLOC', 'Alloc', 'Alloc', 'String', 'string', NULL, NULL, NULL
, 'noeAllocation', 20, 'ALLOC', NULL, NULL); 
INSERT INTO ARCH_REPORT_COLUMN ( ID, REPORT_ID, LOGICAL_NAME, VISIBLE_NAME, FILTER_NAME, TYPE,
VALIDATOR, CONVERTER, HELPER, VISIBILITY, SETTER, ORDER_SEQ, TABLE_NAME, FOOTER_SETTER,
HEADER_SETTER ) VALUES ( 
1000004, 1000000, 'LIFECYCLE', 'Life', 'Life', 'String', 'string', NULL, 'VFXPBNOELifeStatus'
, NULL, 'noeLifecycle', 50, 'LIFECYCLE', NULL, NULL); 
INSERT INTO ARCH_REPORT_COLUMN ( ID, REPORT_ID, LOGICAL_NAME, VISIBLE_NAME, FILTER_NAME, TYPE,
VALIDATOR, CONVERTER, HELPER, VISIBILITY, SETTER, ORDER_SEQ, TABLE_NAME, FOOTER_SETTER,
HEADER_SETTER ) VALUES ( 
1000005, 1000000, 'CREATION_DATE', 'Creation Date', 'Creation Date', 'Date', 'dateOrToday'
, NULL, NULL, NULL, NULL, 210, 'CREATION_DATE', NULL, NULL); 
INSERT INTO ARCH_REPORT_COLUMN ( ID, REPORT_ID, LOGICAL_NAME, VISIBLE_NAME, FILTER_NAME, TYPE,
VALIDATOR, CONVERTER, HELPER, VISIBILITY, SETTER, ORDER_SEQ, TABLE_NAME, FOOTER_SETTER,
HEADER_SETTER ) VALUES ( 
1000007, 1000000, 'SETTLEMENT_DATE', 'Settlement Date', 'Settlement Date', 'Date'
, 'dateOrToday', NULL, NULL, 'none', NULL, 220, 'trunc(SETTLEMENT_DATE)', NULL
, NULL); 
INSERT INTO ARCH_REPORT_COLUMN ( ID, REPORT_ID, LOGICAL_NAME, VISIBLE_NAME, FILTER_NAME, TYPE,
VALIDATOR, CONVERTER, HELPER, VISIBILITY, SETTER, ORDER_SEQ, TABLE_NAME, FOOTER_SETTER,
HEADER_SETTER ) VALUES ( 
1000009, 1000000, 'TRADE_DATE', 'Trade Date', 'Trade Date', 'Date', 'dateOrToday'
, NULL, NULL, NULL, NULL, 200, 'trunc(TRADE_DATE)', NULL, NULL); 
INSERT INTO ARCH_REPORT_COLUMN ( ID, REPORT_ID, LOGICAL_NAME, VISIBLE_NAME, FILTER_NAME, TYPE,
VALIDATOR, CONVERTER, HELPER, VISIBILITY, SETTER, ORDER_SEQ, TABLE_NAME, FOOTER_SETTER,
HEADER_SETTER ) VALUES ( 
1000010, 1000000, 'RATE', 'Near Rate', 'Near Rate', 'Double', 'double', NULL, NULL
, NULL, 'LINK:javascript:breakRateAll($RATE,$SPOT_RATE,$FORWARD_POINTS,$TRADER_MARKUP,$FORWARD_MARKUP);'
, 140, 'RATE', NULL, NULL); 
INSERT INTO ARCH_REPORT_COLUMN ( ID, REPORT_ID, LOGICAL_NAME, VISIBLE_NAME, FILTER_NAME, TYPE,
VALIDATOR, CONVERTER, HELPER, VISIBILITY, SETTER, ORDER_SEQ, TABLE_NAME, FOOTER_SETTER,
HEADER_SETTER ) VALUES ( 
1000011, 1000000, 'SIDE_A', 'TParty', 'TParty', 'String', 'string', NULL, NULL, NULL
, NULL, 60, 'SIDE_A', NULL, NULL); 
INSERT INTO ARCH_REPORT_COLUMN ( ID, REPORT_ID, LOGICAL_NAME, VISIBLE_NAME, FILTER_NAME, TYPE,
VALIDATOR, CONVERTER, HELPER, VISIBILITY, SETTER, ORDER_SEQ, TABLE_NAME, FOOTER_SETTER,
HEADER_SETTER ) VALUES ( 
1000012, 1000000, 'SIDE_B', 'CParty', 'CParty', 'String', 'string', NULL, NULL, NULL
, NULL, 70, 'SIDE_B', NULL, NULL); 
INSERT INTO ARCH_REPORT_COLUMN ( ID, REPORT_ID, LOGICAL_NAME, VISIBLE_NAME, FILTER_NAME, TYPE,
VALIDATOR, CONVERTER, HELPER, VISIBILITY, SETTER, ORDER_SEQ, TABLE_NAME, FOOTER_SETTER,
HEADER_SETTER ) VALUES ( 
1000013, 1000000, 'TRADER', 'Trader', 'Trader', 'String', 'string', NULL, NULL, NULL
, NULL, 190, 'TRADER', NULL, NULL); 
INSERT INTO ARCH_REPORT_COLUMN ( ID, REPORT_ID, LOGICAL_NAME, VISIBLE_NAME, FILTER_NAME, TYPE,
VALIDATOR, CONVERTER, HELPER, VISIBILITY, SETTER, ORDER_SEQ, TABLE_NAME, FOOTER_SETTER,
HEADER_SETTER ) VALUES ( 
1000014, 1000000, 'U_FAR_RATE', 'Far Rate', 'Far Rate', 'Double', 'double', NULL, NULL
, NULL, 'LINK:javascript:breakRateAll($U_FAR_RATE,$FAR_SPOT_RATE,$FAR_FORWARD_POINTS,$FAR_TRADER_MARKUP,$FAR_FORWARD_MARKUP);'
, 170, 'U_FAR_RATE', NULL, NULL); 
INSERT INTO ARCH_REPORT_COLUMN ( ID, REPORT_ID, LOGICAL_NAME, VISIBLE_NAME, FILTER_NAME, TYPE,
VALIDATOR, CONVERTER, HELPER, VISIBILITY, SETTER, ORDER_SEQ, TABLE_NAME, FOOTER_SETTER,
HEADER_SETTER ) VALUES ( 
1000015, 1000000, 'BASE_CCY', 'Ccy2', 'Ccy2', 'String', 'string', NULL, 'FXPBCurrency'
, NULL, NULL, 120, 'BASE_CCY', NULL, NULL); 
INSERT INTO ARCH_REPORT_COLUMN ( ID, REPORT_ID, LOGICAL_NAME, VISIBLE_NAME, FILTER_NAME, TYPE,
VALIDATOR, CONVERTER, HELPER, VISIBILITY, SETTER, ORDER_SEQ, TABLE_NAME, FOOTER_SETTER,
HEADER_SETTER ) VALUES ( 
1000016, 1000000, 'SECONDARY_CCY', 'Ccy1', 'Ccy1', 'String', 'string', NULL, 'FXPBCurrency'
, NULL, NULL, 100, 'SECONDARY_CCY', NULL, NULL); 
INSERT INTO ARCH_REPORT_COLUMN ( ID, REPORT_ID, LOGICAL_NAME, VISIBLE_NAME, FILTER_NAME, TYPE,
VALIDATOR, CONVERTER, HELPER, VISIBILITY, SETTER, ORDER_SEQ, TABLE_NAME, FOOTER_SETTER,
HEADER_SETTER ) VALUES ( 
1000017, 1000000, 'CONTRACT_TYPE', 'Contract type', 'Contract type', 'String', 'string'
, NULL, NULL, NULL, NULL, 90, 'CONTRACT_TYPE', NULL, NULL); 
INSERT INTO ARCH_REPORT_COLUMN ( ID, REPORT_ID, LOGICAL_NAME, VISIBLE_NAME, FILTER_NAME, TYPE,
VALIDATOR, CONVERTER, HELPER, VISIBILITY, SETTER, ORDER_SEQ, TABLE_NAME, FOOTER_SETTER,
HEADER_SETTER ) VALUES ( 
1000018, 1000000, 'DIRECTION', 'B/S', 'B/S', 'String', 'string', NULL, 'FXPBNOEDirection'
, NULL, NULL, 80, 'DIRECTION', NULL, NULL); 
INSERT INTO ARCH_REPORT_COLUMN ( ID, REPORT_ID, LOGICAL_NAME, VISIBLE_NAME, FILTER_NAME, TYPE,
VALIDATOR, CONVERTER, HELPER, VISIBILITY, SETTER, ORDER_SEQ, TABLE_NAME, FOOTER_SETTER,
HEADER_SETTER ) VALUES ( 
1000019, 1000000, 'QUANTITY', 'Qty1', 'Qty1', 'Double', 'double', NULL, NULL, NULL
, 'double8', 110, 'QUANTITY', NULL, NULL); 
INSERT INTO ARCH_REPORT_COLUMN ( ID, REPORT_ID, LOGICAL_NAME, VISIBLE_NAME, FILTER_NAME, TYPE,
VALIDATOR, CONVERTER, HELPER, VISIBILITY, SETTER, ORDER_SEQ, TABLE_NAME, FOOTER_SETTER,
HEADER_SETTER ) VALUES ( 
1000020, 1000000, 'QUANTITY2', 'Near Qty2', 'Near Qty2', 'Double', 'double', NULL
, NULL, NULL, 'double8', 150, 'QUANTITY2', NULL, NULL); 
INSERT INTO ARCH_REPORT_COLUMN ( ID, REPORT_ID, LOGICAL_NAME, VISIBLE_NAME, FILTER_NAME, TYPE,
VALIDATOR, CONVERTER, HELPER, VISIBILITY, SETTER, ORDER_SEQ, TABLE_NAME, FOOTER_SETTER,
HEADER_SETTER ) VALUES ( 
1000021, 1000000, 'VALUE_DATE', 'Near V.Date', 'Near V.Date', 'Date', 'dateOrToday'
, NULL, NULL, NULL, NULL, 130, 'trunc(VALUE_DATE)', NULL, NULL); 
INSERT INTO ARCH_REPORT_COLUMN ( ID, REPORT_ID, LOGICAL_NAME, VISIBLE_NAME, FILTER_NAME, TYPE,
VALIDATOR, CONVERTER, HELPER, VISIBILITY, SETTER, ORDER_SEQ, TABLE_NAME, FOOTER_SETTER,
HEADER_SETTER ) VALUES ( 
1000022, 1000000, 'FAR_QUANTITY', 'Far Qty', 'Far Qty', 'Double', 'double', NULL, NULL
, NULL, 'double8', 175, 'FAR_QUANTITY', NULL, NULL); 
INSERT INTO ARCH_REPORT_COLUMN ( ID, REPORT_ID, LOGICAL_NAME, VISIBLE_NAME, FILTER_NAME, TYPE,
VALIDATOR, CONVERTER, HELPER, VISIBILITY, SETTER, ORDER_SEQ, TABLE_NAME, FOOTER_SETTER,
HEADER_SETTER ) VALUES ( 
1000023, 1000000, 'FAR_QUANTITY2', 'Far Qty2', 'Far Qty2', 'Double', 'double', NULL
, NULL, NULL, 'double8', 180, 'FAR_QUANTITY2', NULL, NULL); 
INSERT INTO ARCH_REPORT_COLUMN ( ID, REPORT_ID, LOGICAL_NAME, VISIBLE_NAME, FILTER_NAME, TYPE,
VALIDATOR, CONVERTER, HELPER, VISIBILITY, SETTER, ORDER_SEQ, TABLE_NAME, FOOTER_SETTER,
HEADER_SETTER ) VALUES ( 
1000024, 1000000, 'FAR_VALUE_DATE', 'Far V.Date', 'Far V.Date', 'Date', 'dateOrToday'
, NULL, NULL, NULL, NULL, 160, 'trunc(FAR_VALUE_DATE)', NULL, NULL); 
INSERT INTO ARCH_REPORT_COLUMN ( ID, REPORT_ID, LOGICAL_NAME, VISIBLE_NAME, FILTER_NAME, TYPE,
VALIDATOR, CONVERTER, HELPER, VISIBILITY, SETTER, ORDER_SEQ, TABLE_NAME, FOOTER_SETTER,
HEADER_SETTER ) VALUES ( 
1000026, 1000000, 'TRADE_TYPE', 'Trade Type', 'Trade Type', 'String', 'string', NULL
, 'FXPBTradeType', NULL, NULL, 240, 'TRADE_TYPE', NULL, NULL); 
INSERT INTO ARCH_REPORT_COLUMN ( ID, REPORT_ID, LOGICAL_NAME, VISIBLE_NAME, FILTER_NAME, TYPE,
VALIDATOR, CONVERTER, HELPER, VISIBILITY, SETTER, ORDER_SEQ, TABLE_NAME, FOOTER_SETTER,
HEADER_SETTER ) VALUES ( 
1000027, 1000000, 'CLIENT_REF', 'Client Ref', 'Client Ref', 'String', 'string', NULL
, NULL, NULL, NULL, 230, 'CLIENT_REF', NULL, NULL); 
INSERT INTO ARCH_REPORT_COLUMN ( ID, REPORT_ID, LOGICAL_NAME, VISIBLE_NAME, FILTER_NAME, TYPE,
VALIDATOR, CONVERTER, HELPER, VISIBILITY, SETTER, ORDER_SEQ, TABLE_NAME, FOOTER_SETTER,
HEADER_SETTER ) VALUES ( 
1000028, 1000000, 'NEW_NOE', 'New Noe ID', 'New Noe ID', 'Long', 'long', NULL, NULL
, 'filters', NULL, 250, 'NEW_NOE', NULL, NULL); 
INSERT INTO ARCH_REPORT_COLUMN ( ID, REPORT_ID, LOGICAL_NAME, VISIBLE_NAME, FILTER_NAME, TYPE,
VALIDATOR, CONVERTER, HELPER, VISIBILITY, SETTER, ORDER_SEQ, TABLE_NAME, FOOTER_SETTER,
HEADER_SETTER ) VALUES ( 
1000029, 1000000, 'OLD_NOE', 'Old Noe ID', 'Old Noe ID', 'Long', 'long', NULL, NULL
, 'filters', NULL, 260, 'OLD_NOE', NULL, NULL); 
INSERT INTO ARCH_REPORT_COLUMN ( ID, REPORT_ID, LOGICAL_NAME, VISIBLE_NAME, FILTER_NAME, TYPE,
VALIDATOR, CONVERTER, HELPER, VISIBILITY, SETTER, ORDER_SEQ, TABLE_NAME, FOOTER_SETTER,
HEADER_SETTER ) VALUES ( 
1000030, 1000000, 'IS_DUMMY', 'Dummy', 'Dummy', 'String', 'string', NULL, NULL, NULL
, NULL, 270, 'IS_DUMMY', NULL, NULL); 
INSERT INTO ARCH_REPORT_COLUMN ( ID, REPORT_ID, LOGICAL_NAME, VISIBLE_NAME, FILTER_NAME, TYPE,
VALIDATOR, CONVERTER, HELPER, VISIBILITY, SETTER, ORDER_SEQ, TABLE_NAME, FOOTER_SETTER,
HEADER_SETTER ) VALUES ( 
1000031, 1000000, 'AGREEMENT', 'Agreement', 'Agreement', 'String', 'string', NULL
, 'FXPBAgreement', NULL, NULL, 280, 'AGREEMENT', NULL, NULL); 
INSERT INTO ARCH_REPORT_COLUMN ( ID, REPORT_ID, LOGICAL_NAME, VISIBLE_NAME, FILTER_NAME, TYPE,
VALIDATOR, CONVERTER, HELPER, VISIBILITY, SETTER, ORDER_SEQ, TABLE_NAME, FOOTER_SETTER,
HEADER_SETTER ) VALUES ( 
1000032, 1000000, 'APPR_REASON', 'Approval status reason', 'Approval status reason'
, 'String', 'string', NULL, NULL, 'reportHidden', NULL, 45, 'APPR_REASON', NULL, NULL); 
INSERT INTO ARCH_REPORT_COLUMN ( ID, REPORT_ID, LOGICAL_NAME, VISIBLE_NAME, FILTER_NAME, TYPE,
VALIDATOR, CONVERTER, HELPER, VISIBILITY, SETTER, ORDER_SEQ, TABLE_NAME, FOOTER_SETTER,
HEADER_SETTER ) VALUES ( 
1000033, 1000000, 'SPOT_RATE', 'Spot Rate', 'Spot Rate', 'String', 'string', NULL
, NULL, 'reportHidden', NULL, 45, 'SPOT_RATE', NULL, NULL); 
INSERT INTO ARCH_REPORT_COLUMN ( ID, REPORT_ID, LOGICAL_NAME, VISIBLE_NAME, FILTER_NAME, TYPE,
VALIDATOR, CONVERTER, HELPER, VISIBILITY, SETTER, ORDER_SEQ, TABLE_NAME, FOOTER_SETTER,
HEADER_SETTER ) VALUES ( 
1000034, 1000000, 'FORWARD_POINTS', 'Forward Points', 'Forward Points', 'String', 'string'
, NULL, NULL, 'reportHidden', NULL, 45, 'FORWARD_POINTS', NULL, NULL); 
INSERT INTO ARCH_REPORT_COLUMN ( ID, REPORT_ID, LOGICAL_NAME, VISIBLE_NAME, FILTER_NAME, TYPE,
VALIDATOR, CONVERTER, HELPER, VISIBILITY, SETTER, ORDER_SEQ, TABLE_NAME, FOOTER_SETTER,
HEADER_SETTER ) VALUES ( 
1000035, 1000000, 'TRADER_MARKUP', 'Trader Markup', 'Trader Markup', 'String', 'string'
, NULL, NULL, 'reportHidden', NULL, 45, 'TRADER_MARKUP', NULL, NULL); 
INSERT INTO ARCH_REPORT_COLUMN ( ID, REPORT_ID, LOGICAL_NAME, VISIBLE_NAME, FILTER_NAME, TYPE,
VALIDATOR, CONVERTER, HELPER, VISIBILITY, SETTER, ORDER_SEQ, TABLE_NAME, FOOTER_SETTER,
HEADER_SETTER ) VALUES ( 
1000036, 1000000, 'FORWARD_MARKUP', 'Forward Markup', 'Forward Markup', 'String', 'string'
, NULL, NULL, 'reportHidden', NULL, 45, 'FORWARD_MARKUP', NULL, NULL); 
INSERT INTO ARCH_REPORT_COLUMN ( ID, REPORT_ID, LOGICAL_NAME, VISIBLE_NAME, FILTER_NAME, TYPE,
VALIDATOR, CONVERTER, HELPER, VISIBILITY, SETTER, ORDER_SEQ, TABLE_NAME, FOOTER_SETTER,
HEADER_SETTER ) VALUES ( 
1000037, 1000000, 'FAR_SPOT_RATE', 'Far Spot Rate', 'Far Spot Rate', 'String', 'string'
, NULL, NULL, 'reportHidden', NULL, 45, 'FAR_SPOT_RATE', NULL, NULL); 
INSERT INTO ARCH_REPORT_COLUMN ( ID, REPORT_ID, LOGICAL_NAME, VISIBLE_NAME, FILTER_NAME, TYPE,
VALIDATOR, CONVERTER, HELPER, VISIBILITY, SETTER, ORDER_SEQ, TABLE_NAME, FOOTER_SETTER,
HEADER_SETTER ) VALUES ( 
1000038, 1000000, 'FAR_FORWARD_POINTS', 'Far Forward Points', 'Far Forward Points'
, 'String', 'string', NULL, NULL, 'reportHidden', NULL, 45, 'FAR_FORWARD_POINTS', NULL
, NULL); 
INSERT INTO ARCH_REPORT_COLUMN ( ID, REPORT_ID, LOGICAL_NAME, VISIBLE_NAME, FILTER_NAME, TYPE,
VALIDATOR, CONVERTER, HELPER, VISIBILITY, SETTER, ORDER_SEQ, TABLE_NAME, FOOTER_SETTER,
HEADER_SETTER ) VALUES ( 
1000039, 1000000, 'FAR_TRADER_MARKUP', 'Far Trader Markup', 'Far Trader Markup', 'String'
, 'string', NULL, NULL, 'reportHidden', NULL, 45, 'FAR_TRADER_MARKUP', NULL, NULL); 
INSERT INTO ARCH_REPORT_COLUMN ( ID, REPORT_ID, LOGICAL_NAME, VISIBLE_NAME, FILTER_NAME, TYPE,
VALIDATOR, CONVERTER, HELPER, VISIBILITY, SETTER, ORDER_SEQ, TABLE_NAME, FOOTER_SETTER,
HEADER_SETTER ) VALUES ( 
1000040, 1000020, 'TRADE_GROUP', 'Trade Group', 'Trade Group', 'Long', 'long', NULL
, NULL, NULL, 'LINK:ctrep.lwp?g0_fCond==&g0_fName=TRADE_GROUP&g0_fOp=NONE&g0_fValue=$TRADE_GROUP&g0_fltr=0&g0_fId=0&g0_fParentId=-1&g0_fVisibility=0&ExecuteFromLink=ExecuteFromLink'
, 10, 'TRADE_GROUP', NULL, NULL); 
INSERT INTO ARCH_REPORT_COLUMN ( ID, REPORT_ID, LOGICAL_NAME, VISIBLE_NAME, FILTER_NAME, TYPE,
VALIDATOR, CONVERTER, HELPER, VISIBILITY, SETTER, ORDER_SEQ, TABLE_NAME, FOOTER_SETTER,
HEADER_SETTER ) VALUES ( 
1000041, 1000020, 'SIDE_A', 'Side A', 'Side A', 'String', 'string', NULL, NULL, NULL
, NULL, 30, 'SIDE_A', NULL, NULL); 
INSERT INTO ARCH_REPORT_COLUMN ( ID, REPORT_ID, LOGICAL_NAME, VISIBLE_NAME, FILTER_NAME, TYPE,
VALIDATOR, CONVERTER, HELPER, VISIBILITY, SETTER, ORDER_SEQ, TABLE_NAME, FOOTER_SETTER,
HEADER_SETTER ) VALUES ( 
1000042, 1000020, 'SIDE_A_NOE_ID', 'Side A Giveup ID', 'Side A Giveup ID', 'Long'
, 'long', NULL, NULL, NULL, 'permCheckSideANoeLink', 40, 'SIDE_A_NOE_ID', NULL, NULL); 
INSERT INTO ARCH_REPORT_COLUMN ( ID, REPORT_ID, LOGICAL_NAME, VISIBLE_NAME, FILTER_NAME, TYPE,
VALIDATOR, CONVERTER, HELPER, VISIBILITY, SETTER, ORDER_SEQ, TABLE_NAME, FOOTER_SETTER,
HEADER_SETTER ) VALUES ( 
1000044, 1000020, 'SIDE_B', 'Side B', 'Side B', 'String', 'string', NULL, NULL, NULL
, NULL, 50, 'SIDE_B', NULL, NULL); 
INSERT INTO ARCH_REPORT_COLUMN ( ID, REPORT_ID, LOGICAL_NAME, VISIBLE_NAME, FILTER_NAME, TYPE,
VALIDATOR, CONVERTER, HELPER, VISIBILITY, SETTER, ORDER_SEQ, TABLE_NAME, FOOTER_SETTER,
HEADER_SETTER ) VALUES ( 
1000045, 1000020, 'SIDE_B_NOE_ID', 'Side B Giveup ID', 'Side B Giveup ID', 'Long'
, 'long', NULL, NULL, NULL, 'permCheckSideBNoeLink', 60, 'SIDE_B_NOE_ID', NULL, NULL); 
INSERT INTO ARCH_REPORT_COLUMN ( ID, REPORT_ID, LOGICAL_NAME, VISIBLE_NAME, FILTER_NAME, TYPE,
VALIDATOR, CONVERTER, HELPER, VISIBILITY, SETTER, ORDER_SEQ, TABLE_NAME, FOOTER_SETTER,
HEADER_SETTER ) VALUES ( 
1000046, 1000020, 'FAR_QUANTITY', 'Far Qty1', 'Far Qty1', 'Double', 'double', NULL
, NULL, NULL, 'double8', 125, 'FAR_QUANTITY', NULL, NULL); 
INSERT INTO ARCH_REPORT_COLUMN ( ID, REPORT_ID, LOGICAL_NAME, VISIBLE_NAME, FILTER_NAME, TYPE,
VALIDATOR, CONVERTER, HELPER, VISIBILITY, SETTER, ORDER_SEQ, TABLE_NAME, FOOTER_SETTER,
HEADER_SETTER ) VALUES ( 
1000047, 1000020, 'CURRENCY1', 'Ccy1', 'Ccy1', 'String', 'string', NULL, 'FXPBCurrency'
, NULL, NULL, 70, 'CURRENCY1', NULL, NULL); 
INSERT INTO ARCH_REPORT_COLUMN ( ID, REPORT_ID, LOGICAL_NAME, VISIBLE_NAME, FILTER_NAME, TYPE,
VALIDATOR, CONVERTER, HELPER, VISIBILITY, SETTER, ORDER_SEQ, TABLE_NAME, FOOTER_SETTER,
HEADER_SETTER ) VALUES ( 
1000048, 1000020, 'QUANTITY1', 'Qty1', 'Qty1', 'Double', 'double', NULL, NULL, NULL
, 'double8', 80, 'QUANTITY1', NULL, NULL); 
INSERT INTO ARCH_REPORT_COLUMN ( ID, REPORT_ID, LOGICAL_NAME, VISIBLE_NAME, FILTER_NAME, TYPE,
VALIDATOR, CONVERTER, HELPER, VISIBILITY, SETTER, ORDER_SEQ, TABLE_NAME, FOOTER_SETTER,
HEADER_SETTER ) VALUES ( 
1000049, 1000020, 'CURRENCY2', 'Ccy2', 'Ccy2', 'String', 'string', NULL, 'FXPBCurrency'
, NULL, NULL, 90, 'CURRENCY2', NULL, NULL); 
INSERT INTO ARCH_REPORT_COLUMN ( ID, REPORT_ID, LOGICAL_NAME, VISIBLE_NAME, FILTER_NAME, TYPE,
VALIDATOR, CONVERTER, HELPER, VISIBILITY, SETTER, ORDER_SEQ, TABLE_NAME, FOOTER_SETTER,
HEADER_SETTER ) VALUES ( 
1000050, 1000020, 'NEAR_QUANTITY', 'Qty2', 'Qty2', 'Double', 'double', NULL, NULL
, NULL, 'double8', 100, 'NEAR_QUANTITY', NULL, NULL); 
INSERT INTO ARCH_REPORT_COLUMN ( ID, REPORT_ID, LOGICAL_NAME, VISIBLE_NAME, FILTER_NAME, TYPE,
VALIDATOR, CONVERTER, HELPER, VISIBILITY, SETTER, ORDER_SEQ, TABLE_NAME, FOOTER_SETTER,
HEADER_SETTER ) VALUES ( 
1000051, 1000020, 'NEAR_DATE', 'Value Date', 'Value Date', 'Date', 'dateOrToday'
, NULL, NULL, NULL, NULL, 110, 'trunc(NEAR_DATE)', NULL, NULL); 
INSERT INTO ARCH_REPORT_COLUMN ( ID, REPORT_ID, LOGICAL_NAME, VISIBLE_NAME, FILTER_NAME, TYPE,
VALIDATOR, CONVERTER, HELPER, VISIBILITY, SETTER, ORDER_SEQ, TABLE_NAME, FOOTER_SETTER,
HEADER_SETTER ) VALUES ( 
1000052, 1000020, 'NEAR_RATE', 'Rate', 'Rate', 'Double', 'double', NULL, NULL, NULL
, 'nearRate', 120, 'NEAR_RATE', NULL, NULL); 
INSERT INTO ARCH_REPORT_COLUMN ( ID, REPORT_ID, LOGICAL_NAME, VISIBLE_NAME, FILTER_NAME, TYPE,
VALIDATOR, CONVERTER, HELPER, VISIBILITY, SETTER, ORDER_SEQ, TABLE_NAME, FOOTER_SETTER,
HEADER_SETTER ) VALUES ( 
1000053, 1000020, 'FAR_QUANTITY2', 'Far Qty2', 'Far Qty2', 'Double', 'double', NULL
, NULL, NULL, 'double8', 130, 'FAR_QUANTITY2', NULL, NULL); 
INSERT INTO ARCH_REPORT_COLUMN ( ID, REPORT_ID, LOGICAL_NAME, VISIBLE_NAME, FILTER_NAME, TYPE,
VALIDATOR, CONVERTER, HELPER, VISIBILITY, SETTER, ORDER_SEQ, TABLE_NAME, FOOTER_SETTER,
HEADER_SETTER ) VALUES ( 
1000054, 1000020, 'FAR_DATE', 'Far Value Date', 'Far Value Date', 'Date', 'dateOrToday'
, NULL, NULL, NULL, NULL, 140, 'trunc(FAR_DATE)', NULL, NULL); 
INSERT INTO ARCH_REPORT_COLUMN ( ID, REPORT_ID, LOGICAL_NAME, VISIBLE_NAME, FILTER_NAME, TYPE,
VALIDATOR, CONVERTER, HELPER, VISIBILITY, SETTER, ORDER_SEQ, TABLE_NAME, FOOTER_SETTER,
HEADER_SETTER ) VALUES ( 
1000055, 1000020, 'FAR_RATE', 'Far Rate', 'Far Rate', 'Double', 'double', NULL, NULL
, NULL, 'farRate', 150, 'FAR_RATE', NULL, NULL); 
INSERT INTO ARCH_REPORT_COLUMN ( ID, REPORT_ID, LOGICAL_NAME, VISIBLE_NAME, FILTER_NAME, TYPE,
VALIDATOR, CONVERTER, HELPER, VISIBILITY, SETTER, ORDER_SEQ, TABLE_NAME, FOOTER_SETTER,
HEADER_SETTER ) VALUES ( 
1000056, 1000020, 'TIME', 'Time', 'Time', 'Date', 'dateOrToday', NULL, NULL, NULL
, NULL, 160, 'TIME', NULL, NULL); 
INSERT INTO ARCH_REPORT_COLUMN ( ID, REPORT_ID, LOGICAL_NAME, VISIBLE_NAME, FILTER_NAME, TYPE,
VALIDATOR, CONVERTER, HELPER, VISIBILITY, SETTER, ORDER_SEQ, TABLE_NAME, FOOTER_SETTER,
HEADER_SETTER ) VALUES ( 
1000057, 1000020, 'STATUS', 'Life', 'Life', 'String', 'string', NULL, 'VFXPBTGLifeStatus'
, NULL, 'tgStatus', 20, 'STATUS', NULL, NULL); 
INSERT INTO ARCH_REPORT_COLUMN ( ID, REPORT_ID, LOGICAL_NAME, VISIBLE_NAME, FILTER_NAME, TYPE,
VALIDATOR, CONVERTER, HELPER, VISIBILITY, SETTER, ORDER_SEQ, TABLE_NAME, FOOTER_SETTER,
HEADER_SETTER ) VALUES ( 
1000058, 1000020, 'TRADE_TYPE', 'Trade Type', 'Trade Type', 'String', 'string', NULL
, 'FXPBTradeType', NULL, NULL, 170, 'TRADE_TYPE', NULL, NULL); 
INSERT INTO ARCH_REPORT_COLUMN ( ID, REPORT_ID, LOGICAL_NAME, VISIBLE_NAME, FILTER_NAME, TYPE,
VALIDATOR, CONVERTER, HELPER, VISIBILITY, SETTER, ORDER_SEQ, TABLE_NAME, FOOTER_SETTER,
HEADER_SETTER ) VALUES ( 
1000059, 1000020, 'AGREEMENT', 'Agreement', 'Agreement', 'String', 'string', NULL
, 'FXPBAgreement', NULL, NULL, 180, 'AGREEMENT', NULL, NULL); 
INSERT INTO ARCH_REPORT_COLUMN ( ID, REPORT_ID, LOGICAL_NAME, VISIBLE_NAME, FILTER_NAME, TYPE,
VALIDATOR, CONVERTER, HELPER, VISIBILITY, SETTER, ORDER_SEQ, TABLE_NAME, FOOTER_SETTER,
HEADER_SETTER ) VALUES ( 
1000060, 1000040, 'ID', 'ID', 'ID', 'Long', 'long', NULL, NULL, NULL, 'LINK:noe.lwp?NoeCurTab=SelectSplitTab&splitId=$ID&RetrieveSplit=RetrieveSplit'
, 0, 'ID', NULL, NULL); 
INSERT INTO ARCH_REPORT_COLUMN ( ID, REPORT_ID, LOGICAL_NAME, VISIBLE_NAME, FILTER_NAME, TYPE,
VALIDATOR, CONVERTER, HELPER, VISIBILITY, SETTER, ORDER_SEQ, TABLE_NAME, FOOTER_SETTER,
HEADER_SETTER ) VALUES ( 
1000061, 1000000, 'FAR_FORWARD_MARKUP', 'Far Forward Markup', 'Far Forward Markup'
, 'String', 'string', NULL, NULL, 'reportHidden', NULL, 45, 'FAR_FORWARD_MARKUP', NULL
, NULL); 
INSERT INTO ARCH_REPORT_COLUMN ( ID, REPORT_ID, LOGICAL_NAME, VISIBLE_NAME, FILTER_NAME, TYPE,
VALIDATOR, CONVERTER, HELPER, VISIBILITY, SETTER, ORDER_SEQ, TABLE_NAME, FOOTER_SETTER,
HEADER_SETTER ) VALUES ( 
1000062, 1000040, 'ADVISOR', 'Trading Firm', 'Trading Firm', 'String', 'string', NULL
, NULL, NULL, NULL, 3, 'ADVISOR', NULL, NULL); 
INSERT INTO ARCH_REPORT_COLUMN ( ID, REPORT_ID, LOGICAL_NAME, VISIBLE_NAME, FILTER_NAME, TYPE,
VALIDATOR, CONVERTER, HELPER, VISIBILITY, SETTER, ORDER_SEQ, TABLE_NAME, FOOTER_SETTER,
HEADER_SETTER ) VALUES ( 
1000063, 1000040, 'NOE_ID', 'Giveup ID', 'Giveup ID', 'Long', 'long', NULL, NULL, NULL
, 'LINK:noe.lwp?hiddenNoeId=$NOE_ID&RetrieveNoe=RetrieveNoe&NoeCurTab=SelectNoeTab'
, 4, 'NOE_ID', NULL, NULL); 
INSERT INTO ARCH_REPORT_COLUMN ( ID, REPORT_ID, LOGICAL_NAME, VISIBLE_NAME, FILTER_NAME, TYPE,
VALIDATOR, CONVERTER, HELPER, VISIBILITY, SETTER, ORDER_SEQ, TABLE_NAME, FOOTER_SETTER,
HEADER_SETTER ) VALUES ( 
1000064, 1000040, 'COUNTER_NOE', 'Counter Giveup', 'Counter Giveup', 'Long', 'long'
, NULL, NULL, NULL, NULL, 5, 'COUNTER_NOE', NULL, NULL); 
INSERT INTO ARCH_REPORT_COLUMN ( ID, REPORT_ID, LOGICAL_NAME, VISIBLE_NAME, FILTER_NAME, TYPE,
VALIDATOR, CONVERTER, HELPER, VISIBILITY, SETTER, ORDER_SEQ, TABLE_NAME, FOOTER_SETTER,
HEADER_SETTER ) VALUES ( 
1000065, 1000040, 'APPROVAL', 'Approval', 'Approval', 'String', 'string', NULL, 'VFXPBNOEApprovalStatus'
, NULL, 'approvalStatus', 1, 'APPROVAL', NULL, NULL); 
INSERT INTO ARCH_REPORT_COLUMN ( ID, REPORT_ID, LOGICAL_NAME, VISIBLE_NAME, FILTER_NAME, TYPE,
VALIDATOR, CONVERTER, HELPER, VISIBILITY, SETTER, ORDER_SEQ, TABLE_NAME, FOOTER_SETTER,
HEADER_SETTER ) VALUES ( 
1000066, 1000040, 'ACTIVITY', 'Life', 'Life', 'String', 'string', NULL, 'VFXPBSplitLifeStatus'
, NULL, 'activityStatus', 2, 'ACTIVITY', NULL, NULL); 
INSERT INTO ARCH_REPORT_COLUMN ( ID, REPORT_ID, LOGICAL_NAME, VISIBLE_NAME, FILTER_NAME, TYPE,
VALIDATOR, CONVERTER, HELPER, VISIBILITY, SETTER, ORDER_SEQ, TABLE_NAME, FOOTER_SETTER,
HEADER_SETTER ) VALUES ( 
1000067, 1000040, 'TRADE_DATE', 'Trade Date', 'Trade Date', 'Date', 'dateOrToday'
, NULL, NULL, NULL, NULL, 8, 'trunc(TRADE_DATE)', NULL, NULL); 
INSERT INTO ARCH_REPORT_COLUMN ( ID, REPORT_ID, LOGICAL_NAME, VISIBLE_NAME, FILTER_NAME, TYPE,
VALIDATOR, CONVERTER, HELPER, VISIBILITY, SETTER, ORDER_SEQ, TABLE_NAME, FOOTER_SETTER,
HEADER_SETTER ) VALUES ( 
1000068, 1000040, 'CREATION_DATE', 'Creation Date', 'Creation Date', 'Date', 'dateOrToday'
, NULL, NULL, 'none', NULL, 100, 'CREATION_DATE', NULL, NULL); 
INSERT INTO ARCH_REPORT_COLUMN ( ID, REPORT_ID, LOGICAL_NAME, VISIBLE_NAME, FILTER_NAME, TYPE,
VALIDATOR, CONVERTER, HELPER, VISIBILITY, SETTER, ORDER_SEQ, TABLE_NAME, FOOTER_SETTER,
HEADER_SETTER ) VALUES ( 
1000069, 1000040, 'ENTERED_BY', 'Entered By', 'Entered By', 'String', 'string', NULL
, NULL, NULL, NULL, 9, 'ENTERED_BY', NULL, NULL); 
INSERT INTO ARCH_REPORT_COLUMN ( ID, REPORT_ID, LOGICAL_NAME, VISIBLE_NAME, FILTER_NAME, TYPE,
VALIDATOR, CONVERTER, HELPER, VISIBILITY, SETTER, ORDER_SEQ, TABLE_NAME, FOOTER_SETTER,
HEADER_SETTER ) VALUES ( 
1000070, 1000040, 'CLIENT_REF', 'Client Ref', 'Client Ref', 'String', 'string', NULL
, NULL, NULL, NULL, 10, 'CLIENT_REF', NULL, NULL); 
INSERT INTO ARCH_REPORT_COLUMN ( ID, REPORT_ID, LOGICAL_NAME, VISIBLE_NAME, FILTER_NAME, TYPE,
VALIDATOR, CONVERTER, HELPER, VISIBILITY, SETTER, ORDER_SEQ, TABLE_NAME, FOOTER_SETTER,
HEADER_SETTER ) VALUES ( 
1000071, 1000040, 'ALLOCATED_QUANTITY', 'Quantity', 'Quantity', 'String', 'string'
, NULL, NULL, NULL, 'double8', 6, 'ALLOCATED_QUANTITY', NULL, NULL); 
INSERT INTO ARCH_REPORT_COLUMN ( ID, REPORT_ID, LOGICAL_NAME, VISIBLE_NAME, FILTER_NAME, TYPE,
VALIDATOR, CONVERTER, HELPER, VISIBILITY, SETTER, ORDER_SEQ, TABLE_NAME, FOOTER_SETTER,
HEADER_SETTER ) VALUES ( 
1000072, 1000040, 'NEW_SPLIT', 'New Split ID', 'New Split ID', 'Long', 'long', NULL
, NULL, 'filters', NULL, 11, 'NEW_SPLIT', NULL, NULL); 
INSERT INTO ARCH_REPORT_COLUMN ( ID, REPORT_ID, LOGICAL_NAME, VISIBLE_NAME, FILTER_NAME, TYPE,
VALIDATOR, CONVERTER, HELPER, VISIBILITY, SETTER, ORDER_SEQ, TABLE_NAME, FOOTER_SETTER,
HEADER_SETTER ) VALUES ( 
1000073, 1000040, 'OLD_SPLIT', 'Old Split ID', 'Old Split ID', 'Long', 'long', NULL
, NULL, 'filters', NULL, 12, 'OLD_SPLIT', NULL, NULL); 
INSERT INTO ARCH_REPORT_COLUMN ( ID, REPORT_ID, LOGICAL_NAME, VISIBLE_NAME, FILTER_NAME, TYPE,
VALIDATOR, CONVERTER, HELPER, VISIBILITY, SETTER, ORDER_SEQ, TABLE_NAME, FOOTER_SETTER,
HEADER_SETTER ) VALUES ( 
1000074, 1000040, 'CURRENCY_PAIR', 'Currency Pair', 'Currency Pair', 'String', 'string'
, NULL, 'FXPBCurrencyPair', NULL, NULL, 7, 'CURRENCY_PAIR', NULL, NULL); 
INSERT INTO ARCH_REPORT_COLUMN ( ID, REPORT_ID, LOGICAL_NAME, VISIBLE_NAME, FILTER_NAME, TYPE,
VALIDATOR, CONVERTER, HELPER, VISIBILITY, SETTER, ORDER_SEQ, TABLE_NAME, FOOTER_SETTER,
HEADER_SETTER ) VALUES ( 
1000080, 1000020, 'TRADE_DATE', 'Trade Date', 'Trade Date', 'Date', 'dateOrToday'
, NULL, NULL, NULL, NULL, 65, 'trunc(TRADE_DATE)', NULL, NULL); 
INSERT INTO ARCH_REPORT_COLUMN ( ID, REPORT_ID, LOGICAL_NAME, VISIBLE_NAME, FILTER_NAME, TYPE,
VALIDATOR, CONVERTER, HELPER, VISIBILITY, SETTER, ORDER_SEQ, TABLE_NAME, FOOTER_SETTER,
HEADER_SETTER ) VALUES ( 
1000081, 1000020, 'SPOT_RATE', 'Spot Rate', 'Spot Rate', 'String', 'string', NULL
, NULL, 'reportHidden', NULL, 45, 'SPOT_RATE', NULL, NULL); 
INSERT INTO ARCH_REPORT_COLUMN ( ID, REPORT_ID, LOGICAL_NAME, VISIBLE_NAME, FILTER_NAME, TYPE,
VALIDATOR, CONVERTER, HELPER, VISIBILITY, SETTER, ORDER_SEQ, TABLE_NAME, FOOTER_SETTER,
HEADER_SETTER ) VALUES ( 
1000082, 1000020, 'FORWARD_MARKUP', 'Forward Markup', 'Forward Markup', 'String', 'string'
, NULL, NULL, 'reportHidden', NULL, 45, 'FORWARD_MARKUP', NULL, NULL); 
INSERT INTO ARCH_REPORT_COLUMN ( ID, REPORT_ID, LOGICAL_NAME, VISIBLE_NAME, FILTER_NAME, TYPE,
VALIDATOR, CONVERTER, HELPER, VISIBILITY, SETTER, ORDER_SEQ, TABLE_NAME, FOOTER_SETTER,
HEADER_SETTER ) VALUES ( 
1000083, 1000020, 'TRADER_MARKUP', 'Trader Markup', 'Trader Markup', 'String', 'string'
, NULL, NULL, 'reportHidden', NULL, 45, 'TRADER_MARKUP', NULL, NULL); 
INSERT INTO ARCH_REPORT_COLUMN ( ID, REPORT_ID, LOGICAL_NAME, VISIBLE_NAME, FILTER_NAME, TYPE,
VALIDATOR, CONVERTER, HELPER, VISIBILITY, SETTER, ORDER_SEQ, TABLE_NAME, FOOTER_SETTER,
HEADER_SETTER ) VALUES ( 
1000084, 1000020, 'FORWARD_POINTS', 'Forward Points', 'Forward Points', 'String', 'string'
, NULL, NULL, 'reportHidden', NULL, 45, 'FORWARD_POINTS', NULL, NULL); 
INSERT INTO ARCH_REPORT_COLUMN ( ID, REPORT_ID, LOGICAL_NAME, VISIBLE_NAME, FILTER_NAME, TYPE,
VALIDATOR, CONVERTER, HELPER, VISIBILITY, SETTER, ORDER_SEQ, TABLE_NAME, FOOTER_SETTER,
HEADER_SETTER ) VALUES ( 
1000085, 1000020, 'FAR_SPOT_RATE', 'Far Spot Rate', 'Far Spot Rate', 'String', 'string'
, NULL, NULL, 'reportHidden', NULL, 45, 'FAR_SPOT_RATE', NULL, NULL); 
INSERT INTO ARCH_REPORT_COLUMN ( ID, REPORT_ID, LOGICAL_NAME, VISIBLE_NAME, FILTER_NAME, TYPE,
VALIDATOR, CONVERTER, HELPER, VISIBILITY, SETTER, ORDER_SEQ, TABLE_NAME, FOOTER_SETTER,
HEADER_SETTER ) VALUES ( 
1000086, 1000020, 'FAR_FORWARD_MARKUP', 'Far Forward Markup', 'Far Forward Markup'
, 'String', 'string', NULL, NULL, 'reportHidden', NULL, 45, 'FAR_FORWARD_MARKUP', NULL
, NULL); 
INSERT INTO ARCH_REPORT_COLUMN ( ID, REPORT_ID, LOGICAL_NAME, VISIBLE_NAME, FILTER_NAME, TYPE,
VALIDATOR, CONVERTER, HELPER, VISIBILITY, SETTER, ORDER_SEQ, TABLE_NAME, FOOTER_SETTER,
HEADER_SETTER ) VALUES ( 
1000087, 1000020, 'FAR_TRADER_MARKUP', 'Far Trader Markup', 'Far Trader Markup', 'String'
, 'string', NULL, NULL, 'reportHidden', NULL, 45, 'FAR_TRADER_MARKUP', NULL, NULL); 
INSERT INTO ARCH_REPORT_COLUMN ( ID, REPORT_ID, LOGICAL_NAME, VISIBLE_NAME, FILTER_NAME, TYPE,
VALIDATOR, CONVERTER, HELPER, VISIBILITY, SETTER, ORDER_SEQ, TABLE_NAME, FOOTER_SETTER,
HEADER_SETTER ) VALUES ( 
1000088, 1000020, 'FAR_FORWARD_POINTS', 'Far Forward Points', 'Far Forward Points'
, 'String', 'string', NULL, NULL, 'reportHidden', NULL, 45, 'FAR_FORWARD_POINTS', NULL
, NULL); 
INSERT INTO ARCH_REPORT_COLUMN ( ID, REPORT_ID, LOGICAL_NAME, VISIBLE_NAME, FILTER_NAME, TYPE,
VALIDATOR, CONVERTER, HELPER, VISIBILITY, SETTER, ORDER_SEQ, TABLE_NAME, FOOTER_SETTER,
HEADER_SETTER ) VALUES ( 
1000100, 1000100, 'TRADE_GROUP', 'Trade Group', 'Trade Group', 'Long', 'long', NULL
, NULL, NULL, 'LINK:tgrep.lwp?g0_fCond==&g0_fName=TRADE_GROUP&g0_fOp=NONE&g0_fValue=$TRADE_GROUP&g0_fltr=0&g0_fId=0&g0_fParentId=-1&g0_fVisibility=0&ExecuteFromLink=ExecuteFromLink&RecCount=15'
, 10, 'TRADE_GROUP', NULL, NULL); 
INSERT INTO ARCH_REPORT_COLUMN ( ID, REPORT_ID, LOGICAL_NAME, VISIBLE_NAME, FILTER_NAME, TYPE,
VALIDATOR, CONVERTER, HELPER, VISIBILITY, SETTER, ORDER_SEQ, TABLE_NAME, FOOTER_SETTER,
HEADER_SETTER ) VALUES ( 
1000101, 1000100, 'TRADE_ID', 'Trade ID', 'Trade ID', 'Long', 'long', NULL, NULL, NULL
, NULL, 20, 'TRADE_ID', NULL, NULL); 
INSERT INTO ARCH_REPORT_COLUMN ( ID, REPORT_ID, LOGICAL_NAME, VISIBLE_NAME, FILTER_NAME, TYPE,
VALIDATOR, CONVERTER, HELPER, VISIBILITY, SETTER, ORDER_SEQ, TABLE_NAME, FOOTER_SETTER,
HEADER_SETTER ) VALUES ( 
1000102, 1000100, 'SIDE_A_MANAGER', 'Side A Manager', 'Side A Manager', 'String', 'string'
, NULL, NULL, 'none', NULL, 0, 'SIDE_A_MANAGER', NULL, NULL); 
INSERT INTO ARCH_REPORT_COLUMN ( ID, REPORT_ID, LOGICAL_NAME, VISIBLE_NAME, FILTER_NAME, TYPE,
VALIDATOR, CONVERTER, HELPER, VISIBILITY, SETTER, ORDER_SEQ, TABLE_NAME, FOOTER_SETTER,
HEADER_SETTER ) VALUES ( 
1000103, 1000100, 'SIDE_B_MANAGER', 'Side B Manager', 'Side B Manager', 'String', 'string'
, NULL, NULL, 'none', NULL, 0, 'SIDE_B_MANAGER', NULL, NULL); 
INSERT INTO ARCH_REPORT_COLUMN ( ID, REPORT_ID, LOGICAL_NAME, VISIBLE_NAME, FILTER_NAME, TYPE,
VALIDATOR, CONVERTER, HELPER, VISIBILITY, SETTER, ORDER_SEQ, TABLE_NAME, FOOTER_SETTER,
HEADER_SETTER ) VALUES ( 
1000104, 1000100, 'SIDE_A', 'Side A', 'Side A', 'String', 'string', NULL, NULL, NULL
, NULL, 50, 'SIDE_A', NULL, NULL); 
INSERT INTO ARCH_REPORT_COLUMN ( ID, REPORT_ID, LOGICAL_NAME, VISIBLE_NAME, FILTER_NAME, TYPE,
VALIDATOR, CONVERTER, HELPER, VISIBILITY, SETTER, ORDER_SEQ, TABLE_NAME, FOOTER_SETTER,
HEADER_SETTER ) VALUES ( 
1000105, 1000100, 'SIDE_B', 'Side B', 'Side B', 'String', 'string', NULL, NULL, NULL
, NULL, 70, 'SIDE_B', NULL, NULL); 
INSERT INTO ARCH_REPORT_COLUMN ( ID, REPORT_ID, LOGICAL_NAME, VISIBLE_NAME, FILTER_NAME, TYPE,
VALIDATOR, CONVERTER, HELPER, VISIBILITY, SETTER, ORDER_SEQ, TABLE_NAME, FOOTER_SETTER,
HEADER_SETTER ) VALUES ( 
1000106, 1000100, 'SIDE_A_NOE_ID', 'Side A Giveup ID', 'Side A Giveup ID', 'Long'
, 'long', NULL, NULL, NULL, 'permCheckSideANoeLink', 60, 'SIDE_A_NOE_ID', NULL, NULL); 
INSERT INTO ARCH_REPORT_COLUMN ( ID, REPORT_ID, LOGICAL_NAME, VISIBLE_NAME, FILTER_NAME, TYPE,
VALIDATOR, CONVERTER, HELPER, VISIBILITY, SETTER, ORDER_SEQ, TABLE_NAME, FOOTER_SETTER,
HEADER_SETTER ) VALUES ( 
1000107, 1000100, 'SIDE_B_NOE_ID', 'Side B Giveup ID', 'Side B Giveup ID', 'Long'
, 'long', NULL, NULL, NULL, 'permCheckSideBNoeLink', 80, 'SIDE_B_NOE_ID', NULL, NULL); 
INSERT INTO ARCH_REPORT_COLUMN ( ID, REPORT_ID, LOGICAL_NAME, VISIBLE_NAME, FILTER_NAME, TYPE,
VALIDATOR, CONVERTER, HELPER, VISIBILITY, SETTER, ORDER_SEQ, TABLE_NAME, FOOTER_SETTER,
HEADER_SETTER ) VALUES ( 
1000108, 1000100, 'CURRENCY1', 'Ccy1', 'Ccy1', 'String', 'string', NULL, 'FXPBCurrency'
, NULL, NULL, 90, 'CURRENCY1', NULL, NULL); 
INSERT INTO ARCH_REPORT_COLUMN ( ID, REPORT_ID, LOGICAL_NAME, VISIBLE_NAME, FILTER_NAME, TYPE,
VALIDATOR, CONVERTER, HELPER, VISIBILITY, SETTER, ORDER_SEQ, TABLE_NAME, FOOTER_SETTER,
HEADER_SETTER ) VALUES ( 
1000109, 1000100, 'QUANTITY1', 'Qty1', 'Qty1', 'Double', 'double', NULL, NULL, NULL
, 'double8', 100, 'QUANTITY1', NULL, NULL); 
INSERT INTO ARCH_REPORT_COLUMN ( ID, REPORT_ID, LOGICAL_NAME, VISIBLE_NAME, FILTER_NAME, TYPE,
VALIDATOR, CONVERTER, HELPER, VISIBILITY, SETTER, ORDER_SEQ, TABLE_NAME, FOOTER_SETTER,
HEADER_SETTER ) VALUES ( 
1000110, 1000100, 'CURRENCY2', 'Ccy2', 'Ccy2', 'String', 'string', NULL, 'FXPBCurrency'
, NULL, NULL, 110, 'CURRENCY2', NULL, NULL); 
INSERT INTO ARCH_REPORT_COLUMN ( ID, REPORT_ID, LOGICAL_NAME, VISIBLE_NAME, FILTER_NAME, TYPE,
VALIDATOR, CONVERTER, HELPER, VISIBILITY, SETTER, ORDER_SEQ, TABLE_NAME, FOOTER_SETTER,
HEADER_SETTER ) VALUES ( 
1000111, 1000100, 'NEAR_QUANTITY', 'Qty2', 'Qty2', 'Double', 'double', NULL, NULL
, NULL, 'double8', 120, 'NEAR_QUANTITY', NULL, NULL); 
INSERT INTO ARCH_REPORT_COLUMN ( ID, REPORT_ID, LOGICAL_NAME, VISIBLE_NAME, FILTER_NAME, TYPE,
VALIDATOR, CONVERTER, HELPER, VISIBILITY, SETTER, ORDER_SEQ, TABLE_NAME, FOOTER_SETTER,
HEADER_SETTER ) VALUES ( 
1000112, 1000100, 'NEAR_DATE', 'Value Date', 'Value Date', 'Date', 'dateOrToday'
, NULL, NULL, NULL, NULL, 130, 'trunc(NEAR_DATE)', NULL, NULL); 
INSERT INTO ARCH_REPORT_COLUMN ( ID, REPORT_ID, LOGICAL_NAME, VISIBLE_NAME, FILTER_NAME, TYPE,
VALIDATOR, CONVERTER, HELPER, VISIBILITY, SETTER, ORDER_SEQ, TABLE_NAME, FOOTER_SETTER,
HEADER_SETTER ) VALUES ( 
1000113, 1000100, 'NEAR_RATE', 'Rate', 'Rate', 'Double', 'double', NULL, NULL, NULL
, 'nearRate', 140, 'NEAR_RATE', NULL, NULL); 
INSERT INTO ARCH_REPORT_COLUMN ( ID, REPORT_ID, LOGICAL_NAME, VISIBLE_NAME, FILTER_NAME, TYPE,
VALIDATOR, CONVERTER, HELPER, VISIBILITY, SETTER, ORDER_SEQ, TABLE_NAME, FOOTER_SETTER,
HEADER_SETTER ) VALUES ( 
1000114, 1000100, 'FAR_QUANTITY2', 'Far Qty2', 'Far Qty2', 'Double', 'double', NULL
, NULL, NULL, 'double8', 150, 'FAR_QUANTITY2', NULL, NULL); 
INSERT INTO ARCH_REPORT_COLUMN ( ID, REPORT_ID, LOGICAL_NAME, VISIBLE_NAME, FILTER_NAME, TYPE,
VALIDATOR, CONVERTER, HELPER, VISIBILITY, SETTER, ORDER_SEQ, TABLE_NAME, FOOTER_SETTER,
HEADER_SETTER ) VALUES ( 
1000115, 1000100, 'FAR_DATE', 'Far Value Date', 'Far Value Date', 'Date', 'dateOrToday'
, NULL, NULL, NULL, NULL, 160, 'trunc(FAR_DATE)', NULL, NULL); 
INSERT INTO ARCH_REPORT_COLUMN ( ID, REPORT_ID, LOGICAL_NAME, VISIBLE_NAME, FILTER_NAME, TYPE,
VALIDATOR, CONVERTER, HELPER, VISIBILITY, SETTER, ORDER_SEQ, TABLE_NAME, FOOTER_SETTER,
HEADER_SETTER ) VALUES ( 
1000116, 1000100, 'FAR_RATE', 'Far Rate', 'Far Rate', 'Double', 'double', NULL, NULL
, NULL, 'farRate', 170, 'FAR_RATE', NULL, NULL); 
INSERT INTO ARCH_REPORT_COLUMN ( ID, REPORT_ID, LOGICAL_NAME, VISIBLE_NAME, FILTER_NAME, TYPE,
VALIDATOR, CONVERTER, HELPER, VISIBILITY, SETTER, ORDER_SEQ, TABLE_NAME, FOOTER_SETTER,
HEADER_SETTER ) VALUES ( 
1000117, 1000100, 'TIME', 'Trade Date', 'Trade Date', 'Date', 'dateOrToday', NULL
, NULL, NULL, NULL, 180, 'trunc(TIME)', NULL, NULL); 
INSERT INTO ARCH_REPORT_COLUMN ( ID, REPORT_ID, LOGICAL_NAME, VISIBLE_NAME, FILTER_NAME, TYPE,
VALIDATOR, CONVERTER, HELPER, VISIBILITY, SETTER, ORDER_SEQ, TABLE_NAME, FOOTER_SETTER,
HEADER_SETTER ) VALUES ( 
1000118, 1000100, 'LIFE_STATUS', 'Life', 'Life', 'String', 'string', NULL, 'VFXPBTradeLifeStatus'
, NULL, 'lifeStatus', 30, 'LIFE_STATUS', NULL, NULL); 
INSERT INTO ARCH_REPORT_COLUMN ( ID, REPORT_ID, LOGICAL_NAME, VISIBLE_NAME, FILTER_NAME, TYPE,
VALIDATOR, CONVERTER, HELPER, VISIBILITY, SETTER, ORDER_SEQ, TABLE_NAME, FOOTER_SETTER,
HEADER_SETTER ) VALUES ( 
1000119, 1000100, 'BOR_STATUS', 'IRFE', 'IRFE', 'String', 'string', NULL, 'FXPBTradeBORStatus'
, NULL, 'bsrStatus', 40, 'BOR_STATUS', NULL, NULL); 
INSERT INTO ARCH_REPORT_COLUMN ( ID, REPORT_ID, LOGICAL_NAME, VISIBLE_NAME, FILTER_NAME, TYPE,
VALIDATOR, CONVERTER, HELPER, VISIBILITY, SETTER, ORDER_SEQ, TABLE_NAME, FOOTER_SETTER,
HEADER_SETTER ) VALUES ( 
1000120, 1000101, 'CURRENCY', 'Currency', 'Currency', 'String', 'string', NULL, NULL
, NULL, NULL, 1, 'CURRENCY', NULL, NULL); 
INSERT INTO ARCH_REPORT_COLUMN ( ID, REPORT_ID, LOGICAL_NAME, VISIBLE_NAME, FILTER_NAME, TYPE,
VALIDATOR, CONVERTER, HELPER, VISIBILITY, SETTER, ORDER_SEQ, TABLE_NAME, FOOTER_SETTER,
HEADER_SETTER ) VALUES ( 
1000121, 1000101, 'SPREAD', 'Spread', 'Spread', 'Double', 'double', NULL, NULL, NULL
, NULL, 2, 'SPREAD', NULL, NULL); 
INSERT INTO ARCH_REPORT_COLUMN ( ID, REPORT_ID, LOGICAL_NAME, VISIBLE_NAME, FILTER_NAME, TYPE,
VALIDATOR, CONVERTER, HELPER, VISIBILITY, SETTER, ORDER_SEQ, TABLE_NAME, FOOTER_SETTER,
HEADER_SETTER ) VALUES ( 
1000122, 1000101, 'MULTIPLIER', 'Multiplier', 'Multiplier', 'Double', 'double', NULL
, NULL, NULL, NULL, 3, 'MULTIPLIER', NULL, NULL); 
INSERT INTO ARCH_REPORT_COLUMN ( ID, REPORT_ID, LOGICAL_NAME, VISIBLE_NAME, FILTER_NAME, TYPE,
VALIDATOR, CONVERTER, HELPER, VISIBILITY, SETTER, ORDER_SEQ, TABLE_NAME, FOOTER_SETTER,
HEADER_SETTER ) VALUES ( 
1000123, 1000101, 'APPLIED_SPREAD', 'Applied Spread', 'Applied Spread', 'Double', 'double'
, NULL, NULL, NULL, NULL, 4, 'APPLIED_SPREAD', NULL, NULL); 
INSERT INTO ARCH_REPORT_COLUMN ( ID, REPORT_ID, LOGICAL_NAME, VISIBLE_NAME, FILTER_NAME, TYPE,
VALIDATOR, CONVERTER, HELPER, VISIBILITY, SETTER, ORDER_SEQ, TABLE_NAME, FOOTER_SETTER,
HEADER_SETTER ) VALUES ( 
1000124, 1000101, 'ORG_ID', 'ORG_ID', 'ORG_ID', 'Long', 'long', NULL, NULL, 'filters'
, NULL, 5, 'ORG_ID', NULL, NULL); 
INSERT INTO ARCH_REPORT_COLUMN ( ID, REPORT_ID, LOGICAL_NAME, VISIBLE_NAME, FILTER_NAME, TYPE,
VALIDATOR, CONVERTER, HELPER, VISIBILITY, SETTER, ORDER_SEQ, TABLE_NAME, FOOTER_SETTER,
HEADER_SETTER ) VALUES ( 
1000125, 1000100, 'FAR_FORWARD_MARKUP', 'Far Forward Markup', 'Far Forward Markup'
, 'String', 'string', NULL, NULL, 'reportHidden', NULL, 45, 'FAR_FORWARD_MARKUP', NULL
, NULL); 
INSERT INTO ARCH_REPORT_COLUMN ( ID, REPORT_ID, LOGICAL_NAME, VISIBLE_NAME, FILTER_NAME, TYPE,
VALIDATOR, CONVERTER, HELPER, VISIBILITY, SETTER, ORDER_SEQ, TABLE_NAME, FOOTER_SETTER,
HEADER_SETTER ) VALUES ( 
1000130, 1000100, 'TRADE_TYPE', 'Trade Type', 'Trade Type', 'String', 'string', NULL
, 'FXPBTradeType', NULL, NULL, 190, 'TRADE_TYPE', NULL, NULL); 
INSERT INTO ARCH_REPORT_COLUMN ( ID, REPORT_ID, LOGICAL_NAME, VISIBLE_NAME, FILTER_NAME, TYPE,
VALIDATOR, CONVERTER, HELPER, VISIBILITY, SETTER, ORDER_SEQ, TABLE_NAME, FOOTER_SETTER,
HEADER_SETTER ) VALUES ( 
1000131, 1000100, 'AGREEMENT', 'Agreement', 'Agreement', 'String', 'string', NULL
, 'FXPBAgreement', NULL, NULL, 200, 'AGREEMENT', NULL, NULL); 
INSERT INTO ARCH_REPORT_COLUMN ( ID, REPORT_ID, LOGICAL_NAME, VISIBLE_NAME, FILTER_NAME, TYPE,
VALIDATOR, CONVERTER, HELPER, VISIBILITY, SETTER, ORDER_SEQ, TABLE_NAME, FOOTER_SETTER,
HEADER_SETTER ) VALUES ( 
1000132, 1000100, 'FAR_QUANTITY', 'Far Qty', 'Far Qty', 'Double', 'double', NULL, NULL
, NULL, 'double8', 145, 'FAR_QUANTITY', NULL, NULL); 
INSERT INTO ARCH_REPORT_COLUMN ( ID, REPORT_ID, LOGICAL_NAME, VISIBLE_NAME, FILTER_NAME, TYPE,
VALIDATOR, CONVERTER, HELPER, VISIBILITY, SETTER, ORDER_SEQ, TABLE_NAME, FOOTER_SETTER,
HEADER_SETTER ) VALUES ( 
1000133, 1000100, 'SPOT_RATE', 'Spot Rate', 'Spot Rate', 'String', 'string', NULL
, NULL, 'reportHidden', NULL, 45, 'SPOT_RATE', NULL, NULL); 
INSERT INTO ARCH_REPORT_COLUMN ( ID, REPORT_ID, LOGICAL_NAME, VISIBLE_NAME, FILTER_NAME, TYPE,
VALIDATOR, CONVERTER, HELPER, VISIBILITY, SETTER, ORDER_SEQ, TABLE_NAME, FOOTER_SETTER,
HEADER_SETTER ) VALUES ( 
1000134, 1000100, 'FORWARD_POINTS', 'Forward Points', 'Forward Points', 'String', 'string'
, NULL, NULL, 'reportHidden', NULL, 45, 'FORWARD_POINTS', NULL, NULL); 
INSERT INTO ARCH_REPORT_COLUMN ( ID, REPORT_ID, LOGICAL_NAME, VISIBLE_NAME, FILTER_NAME, TYPE,
VALIDATOR, CONVERTER, HELPER, VISIBILITY, SETTER, ORDER_SEQ, TABLE_NAME, FOOTER_SETTER,
HEADER_SETTER ) VALUES ( 
1000135, 1000100, 'TRADER_MARKUP', 'Trader Markup', 'Trader Markup', 'String', 'string'
, NULL, NULL, 'reportHidden', NULL, 45, 'TRADER_MARKUP', NULL, NULL); 
INSERT INTO ARCH_REPORT_COLUMN ( ID, REPORT_ID, LOGICAL_NAME, VISIBLE_NAME, FILTER_NAME, TYPE,
VALIDATOR, CONVERTER, HELPER, VISIBILITY, SETTER, ORDER_SEQ, TABLE_NAME, FOOTER_SETTER,
HEADER_SETTER ) VALUES ( 
1000136, 1000100, 'FORWARD_MARKUP', 'Forward Markup', 'Forward Markup', 'String', 'string'
, NULL, NULL, 'reportHidden', NULL, 45, 'FORWARD_MARKUP', NULL, NULL); 
INSERT INTO ARCH_REPORT_COLUMN ( ID, REPORT_ID, LOGICAL_NAME, VISIBLE_NAME, FILTER_NAME, TYPE,
VALIDATOR, CONVERTER, HELPER, VISIBILITY, SETTER, ORDER_SEQ, TABLE_NAME, FOOTER_SETTER,
HEADER_SETTER ) VALUES ( 
1000137, 1000100, 'FAR_SPOT_RATE', 'Far Spot Rate', 'Far Spot Rate', 'String', 'string'
, NULL, NULL, 'reportHidden', NULL, 45, 'FAR_SPOT_RATE', NULL, NULL); 
INSERT INTO ARCH_REPORT_COLUMN ( ID, REPORT_ID, LOGICAL_NAME, VISIBLE_NAME, FILTER_NAME, TYPE,
VALIDATOR, CONVERTER, HELPER, VISIBILITY, SETTER, ORDER_SEQ, TABLE_NAME, FOOTER_SETTER,
HEADER_SETTER ) VALUES ( 
1000138, 1000100, 'FAR_FORWARD_POINTS', 'Far Forward Points', 'Far Forward Points'
, 'String', 'string', NULL, NULL, 'reportHidden', NULL, 45, 'FAR_FORWARD_POINTS', NULL
, NULL); 
INSERT INTO ARCH_REPORT_COLUMN ( ID, REPORT_ID, LOGICAL_NAME, VISIBLE_NAME, FILTER_NAME, TYPE,
VALIDATOR, CONVERTER, HELPER, VISIBILITY, SETTER, ORDER_SEQ, TABLE_NAME, FOOTER_SETTER,
HEADER_SETTER ) VALUES ( 
1000139, 1000100, 'FAR_TRADER_MARKUP', 'Far Trader Markup', 'Far Trader Markup', 'String'
, 'string', NULL, NULL, 'reportHidden', NULL, 45, 'FAR_TRADER_MARKUP', NULL, NULL); 
INSERT INTO ARCH_REPORT_COLUMN ( ID, REPORT_ID, LOGICAL_NAME, VISIBLE_NAME, FILTER_NAME, TYPE,
VALIDATOR, CONVERTER, HELPER, VISIBILITY, SETTER, ORDER_SEQ, TABLE_NAME, FOOTER_SETTER,
HEADER_SETTER ) VALUES ( 
1000140, 1000120, 'ClientName', 'Client/EB', 'Client/EB', 'String', 'string', NULL
, NULL, NULL, NULL, 10, 'ClientName', NULL, NULL); 
INSERT INTO ARCH_REPORT_COLUMN ( ID, REPORT_ID, LOGICAL_NAME, VISIBLE_NAME, FILTER_NAME, TYPE,
VALIDATOR, CONVERTER, HELPER, VISIBILITY, SETTER, ORDER_SEQ, TABLE_NAME, FOOTER_SETTER,
HEADER_SETTER ) VALUES ( 
1000141, 1000120, 'UnmatchedNoe', 'Unmatched', 'Unmatchednoe', 'Long', 'long', NULL
, NULL, 'report', 'LINK:noerep.lwp?g0_fCond==&g0_fName=TRADE_DATE&g0_fOp=AND&g0_fValue=$TradeDate&g0_fltr=0&g0_fId=0&g0_fParentId=-1&g0_fVisibility=0&g1_fCond==&g1_fName=SIDE_A&g1_fOp=AND&g1_fValue=$ClientName&g1_fltr=1&g1_fId=1&g1_fParentId=-1&g1_fVisibility=0&g2_fCond==&g2_fName=RECON&g2_fOp=NONE&g2_fValue=Unmatched&g2_fltr=2&g2_fId=2&g2_fParentId=-1&g2_fVisibility=0&ExecuteFromLink=ExecuteFromLink&RecCount=15'
, 20, 'UnmatchedNoe', NULL, NULL); 
INSERT INTO ARCH_REPORT_COLUMN ( ID, REPORT_ID, LOGICAL_NAME, VISIBLE_NAME, FILTER_NAME, TYPE,
VALIDATOR, CONVERTER, HELPER, VISIBILITY, SETTER, ORDER_SEQ, TABLE_NAME, FOOTER_SETTER,
HEADER_SETTER ) VALUES ( 
1000142, 1000120, 'MatchStaleNoe', 'Stale (Matching)', 'Matchstalenoe', 'Long', 'long'
, NULL, NULL, 'report', 'LINK:noerep.lwp?g0_fCond==&g0_fName=TRADE_DATE&g0_fOp=AND&g0_fValue=$TradeDate&g0_fltr=0&g0_fId=0&g0_fParentId=-1&g0_fVisibility=0&g1_fCond==&g1_fName=SIDE_A&g1_fOp=AND&g1_fValue=$ClientName&g1_fltr=1&g1_fId=1&g1_fParentId=-1&g1_fVisibility=0&g2_fCond==&g2_fName=RECON&g2_fOp=NONE&g2_fValue=Stale&g2_fltr=2&g2_fId=2&g2_fParentId=-1&g2_fVisibility=0&ExecuteFromLink=ExecuteFromLink&RecCount=15'
, 30, 'MatchStaleNoe', NULL, NULL); 
INSERT INTO ARCH_REPORT_COLUMN ( ID, REPORT_ID, LOGICAL_NAME, VISIBLE_NAME, FILTER_NAME, TYPE,
VALIDATOR, CONVERTER, HELPER, VISIBILITY, SETTER, ORDER_SEQ, TABLE_NAME, FOOTER_SETTER,
HEADER_SETTER ) VALUES ( 
1000143, 1000120, 'MatchedNoe', 'Matched', 'Matchednoe', 'Long', 'long', NULL, NULL
, 'report', 'LINK:noerep.lwp?g0_fCond==&g0_fName=TRADE_DATE&g0_fOp=AND&g0_fValue=$TradeDate&g0_fltr=0&g0_fId=0&g0_fParentId=-1&g0_fVisibility=0&g1_fCond==&g1_fName=SIDE_A&g1_fOp=AND&g1_fValue=$ClientName&g1_fltr=1&g1_fId=1&g1_fParentId=-1&g1_fVisibility=0&g2_fCond==&g2_fName=RECON&g2_fOp=NONE&g2_fValue=Matched&g2_fltr=2&g2_fId=2&g2_fParentId=-1&g2_fVisibility=0&ExecuteFromLink=ExecuteFromLink&RecCount=15'
, 40, 'MatchedNoe', NULL, NULL); 
INSERT INTO ARCH_REPORT_COLUMN ( ID, REPORT_ID, LOGICAL_NAME, VISIBLE_NAME, FILTER_NAME, TYPE,
VALIDATOR, CONVERTER, HELPER, VISIBILITY, SETTER, ORDER_SEQ, TABLE_NAME, FOOTER_SETTER,
HEADER_SETTER ) VALUES ( 
1000144, 1000120, 'UnallocatedNoe', 'Unallocated', 'Unallocatednoe', 'Long', 'long'
, NULL, NULL, 'report', 'LINK:noerep.lwp?g0_fCond==&g0_fName=TRADE_DATE&g0_fOp=AND&g0_fValue=$TradeDate&g0_fltr=0&g0_fId=0&g0_fParentId=-1&g0_fVisibility=0&g1_fCond==&g1_fName=SIDE_A&g1_fOp=AND&g1_fValue=$ClientName&g1_fltr=1&g1_fId=1&g1_fParentId=-1&g1_fVisibility=0&g2_fCond==&g2_fName=ALLOC&g2_fOp=NONE&g2_fValue=Unsplit&g2_fltr=2&g2_fId=2&g2_fParentId=-1&g2_fVisibility=0&ExecuteFromLink=ExecuteFromLink&RecCount=15'
, 50, 'UnallocatedNoe', NULL, NULL); 
INSERT INTO ARCH_REPORT_COLUMN ( ID, REPORT_ID, LOGICAL_NAME, VISIBLE_NAME, FILTER_NAME, TYPE,
VALIDATOR, CONVERTER, HELPER, VISIBILITY, SETTER, ORDER_SEQ, TABLE_NAME, FOOTER_SETTER,
HEADER_SETTER ) VALUES ( 
1000145, 1000120, 'AllocationStaleNoe', 'Stale (Allocation)', 'Allocationstalenoe'
, 'Long', 'long', NULL, NULL, 'report', 'LINK:noerep.lwp?g0_fCond==&g0_fName=TRADE_DATE&g0_fOp=AND&g0_fValue=$TradeDate&g0_fltr=0&g0_fId=0&g0_fParentId=-1&g0_fVisibility=0&g1_fCond==&g1_fName=SIDE_A&g1_fOp=AND&g1_fValue=$ClientName&g1_fltr=1&g1_fId=1&g1_fParentId=-1&g1_fVisibility=0&g2_fCond==&g2_fName=ALLOC&g2_fOp=NONE&g2_fValue=Stale&g2_fltr=2&g2_fId=2&g2_fParentId=-1&g2_fVisibility=0&ExecuteFromLink=ExecuteFromLink&RecCount=15'
, 60, 'AllocationStaleNoe', NULL, NULL); 
INSERT INTO ARCH_REPORT_COLUMN ( ID, REPORT_ID, LOGICAL_NAME, VISIBLE_NAME, FILTER_NAME, TYPE,
VALIDATOR, CONVERTER, HELPER, VISIBILITY, SETTER, ORDER_SEQ, TABLE_NAME, FOOTER_SETTER,
HEADER_SETTER ) VALUES ( 
1000146, 1000120, 'AllocatedNoe', 'Allocated', 'Allocatednoe', 'Long', 'long', NULL
, NULL, 'report', 'LINK:noerep.lwp?g0_fCond==&g0_fName=TRADE_DATE&g0_fOp=AND&g0_fValue=$TradeDate&g0_fltr=0&g0_fId=0&g0_fParentId=-1&g0_fVisibility=0&g1_fCond==&g1_fName=SIDE_A&g1_fOp=AND&g1_fValue=$ClientName&g1_fltr=1&g1_fId=1&g1_fParentId=-1&g1_fVisibility=0&g2_fCond==&g2_fName=ALLOC&g2_fOp=NONE&g2_fValue=Split&g2_fltr=2&g2_fId=2&g2_fParentId=-1&g2_fVisibility=0&ExecuteFromLink=ExecuteFromLink&RecCount=15'
, 70, 'AllocatedNoe', NULL, NULL); 
INSERT INTO ARCH_REPORT_COLUMN ( ID, REPORT_ID, LOGICAL_NAME, VISIBLE_NAME, FILTER_NAME, TYPE,
VALIDATOR, CONVERTER, HELPER, VISIBILITY, SETTER, ORDER_SEQ, TABLE_NAME, FOOTER_SETTER,
HEADER_SETTER ) VALUES ( 
1000147, 1000120, 'ActiveNoe', 'Active', 'Activenoe', 'Long', 'long', NULL, NULL, 'report'
, 'LINK:noerep.lwp?g0_fCond==&g0_fName=TRADE_DATE&g0_fOp=AND&g0_fValue=$TradeDate&g0_fltr=0&g0_fId=0&g0_fParentId=-1&g0_fVisibility=0&g1_fCond==&g1_fName=SIDE_A&g1_fOp=AND&g1_fValue=$ClientName&g1_fltr=1&g1_fId=1&g1_fParentId=-1&g1_fVisibility=0&g2_fCond==&g2_fName=LIFECYCLE&g2_fOp=NONE&g2_fValue=Active&g2_fltr=2&g2_fId=2&g2_fParentId=-1&g2_fVisibility=0&ExecuteFromLink=ExecuteFromLink&RecCount=15'
, 80, 'ActiveNoe', NULL, NULL); 
INSERT INTO ARCH_REPORT_COLUMN ( ID, REPORT_ID, LOGICAL_NAME, VISIBLE_NAME, FILTER_NAME, TYPE,
VALIDATOR, CONVERTER, HELPER, VISIBILITY, SETTER, ORDER_SEQ, TABLE_NAME, FOOTER_SETTER,
HEADER_SETTER ) VALUES ( 
1000148, 1000120, 'DoneNoe', 'Done', 'Donenoe', 'Long', 'long', NULL, NULL, 'report'
, 'LINK:noerep.lwp?g0_fCond==&g0_fName=TRADE_DATE&g0_fOp=AND&g0_fValue=$TradeDate&g0_fltr=0&g0_fId=0&g0_fParentId=-1&g0_fVisibility=0&g1_fCond==&g1_fName=SIDE_A&g1_fOp=AND&g1_fValue=$ClientName&g1_fltr=1&g1_fId=1&g1_fParentId=-1&g1_fVisibility=0&g2_fCond==&g2_fName=LIFECYCLE&g2_fOp=NONE&g2_fValue=Done&g2_fltr=2&g2_fId=2&g2_fParentId=-1&g2_fVisibility=0&ExecuteFromLink=ExecuteFromLink&RecCount=15'
, 90, 'DoneNoe', NULL, NULL); 
INSERT INTO ARCH_REPORT_COLUMN ( ID, REPORT_ID, LOGICAL_NAME, VISIBLE_NAME, FILTER_NAME, TYPE,
VALIDATOR, CONVERTER, HELPER, VISIBILITY, SETTER, ORDER_SEQ, TABLE_NAME, FOOTER_SETTER,
HEADER_SETTER ) VALUES ( 
1000149, 1000120, 'ActiveTG', 'Active (Trade Group)', 'Activetg', 'Long', 'long', NULL
, NULL, 'report', 'LINK:tgrep.lwp?RecCount=15&ExecuteFromLink=ExecuteFromLink&g0_fCond=like&g0_fName=TRADE_GROUP&g0_fOp=NONE&g0_fValue=DUMMY&g0_fltr=0&g0_fId=0&g0_fParentId=-1&g0_fVisibility=0&g0_fHelperType=&g1_fCond==&g1_fName=TRADE_DATE&g1_fOp=AND&g1_fValue=$TradeDate&g1_fltr=1&g1_fId=1&g1_fParentId=0&g1_fVisibility=0&g1_fHelperType=&g2_fCond==&g2_fName=STATUS&g2_fOp=AND-GROUP&g2_fValue=Active&g2_fltr=2&g2_fId=2&g2_fParentId=0&g2_fVisibility=0&g3_fCond=like&g3_fName=TRADE_GROUP&g3_fOp=NONE&g3_fValue=DUMMY&g3_fltr=3&g3_fId=3&g3_fParentId=0&g3_fVisibility=0&g4_fCond==&g4_fName=SIDE_A&g4_fOp=OR&g4_fValue=$ClientName&g4_fltr=4&g4_fId=4&g4_fParentId=3&g4_fVisibility=0&g5_fCond==&g5_fName=SIDE_B&g5_fOp=NONE&g5_fValue=$ClientName&g5_fltr=5&g5_fId=5&g5_fParentId=3&g5_fVisibility=0'
, 100, 'ActiveTG', NULL, NULL); 
INSERT INTO ARCH_REPORT_COLUMN ( ID, REPORT_ID, LOGICAL_NAME, VISIBLE_NAME, FILTER_NAME, TYPE,
VALIDATOR, CONVERTER, HELPER, VISIBILITY, SETTER, ORDER_SEQ, TABLE_NAME, FOOTER_SETTER,
HEADER_SETTER ) VALUES ( 
1000150, 1000120, 'SplitTG', 'Split (Trade Group)', 'Splittg', 'Long', 'long', NULL
, NULL, 'report', 'LINK:tgrep.lwp?RecCount=15&ExecuteFromLink=ExecuteFromLink&g0_fCond=like&g0_fName=TRADE_GROUP&g0_fOp=NONE&g0_fValue=DUMMY&g0_fltr=0&g0_fId=0&g0_fParentId=-1&g0_fVisibility=0&g0_fHelperType=&g1_fCond==&g1_fName=TRADE_DATE&g1_fOp=AND&g1_fValue=$TradeDate&g1_fltr=1&g1_fId=1&g1_fParentId=0&g1_fVisibility=0&g1_fHelperType=&g2_fCond==&g2_fName=STATUS&g2_fOp=AND-GROUP&g2_fValue=Split&g2_fltr=2&g2_fId=2&g2_fParentId=0&g2_fVisibility=0&g3_fCond=like&g3_fName=TRADE_GROUP&g3_fOp=NONE&g3_fValue=DUMMY&g3_fltr=3&g3_fId=3&g3_fParentId=0&g3_fVisibility=0&g4_fCond==&g4_fName=SIDE_A&g4_fOp=OR&g4_fValue=$ClientName&g4_fltr=4&g4_fId=4&g4_fParentId=3&g4_fVisibility=0&g5_fCond==&g5_fName=SIDE_B&g5_fOp=NONE&g5_fValue=$ClientName&g5_fltr=5&g5_fId=5&g5_fParentId=3&g5_fVisibility=0'
, 110, 'SplitTG', NULL, NULL); 
INSERT INTO ARCH_REPORT_COLUMN ( ID, REPORT_ID, LOGICAL_NAME, VISIBLE_NAME, FILTER_NAME, TYPE,
VALIDATOR, CONVERTER, HELPER, VISIBILITY, SETTER, ORDER_SEQ, TABLE_NAME, FOOTER_SETTER,
HEADER_SETTER ) VALUES ( 
1000151, 1000120, 'DoneTG', 'Done (Trade Group)', 'Donetg', 'Long', 'long', NULL, NULL
, 'report', 'LINK:tgrep.lwp?RecCount=15&ExecuteFromLink=ExecuteFromLink&g0_fCond=like&g0_fName=TRADE_GROUP&g0_fOp=NONE&g0_fValue=DUMMY&g0_fltr=0&g0_fId=0&g0_fParentId=-1&g0_fVisibility=0&g0_fHelperType=&g1_fCond==&g1_fName=TRADE_DATE&g1_fOp=AND&g1_fValue=$TradeDate&g1_fltr=1&g1_fId=1&g1_fParentId=0&g1_fVisibility=0&g1_fHelperType=&g2_fCond==&g2_fName=STATUS&g2_fOp=AND-GROUP&g2_fValue=Done&g2_fltr=2&g2_fId=2&g2_fParentId=0&g2_fVisibility=0&g3_fCond=like&g3_fName=TRADE_GROUP&g3_fOp=NONE&g3_fValue=DUMMY&g3_fltr=3&g3_fId=3&g3_fParentId=0&g3_fVisibility=0&g4_fCond==&g4_fName=SIDE_A&g4_fOp=OR&g4_fValue=$ClientName&g4_fltr=4&g4_fId=4&g4_fParentId=3&g4_fVisibility=0&g5_fCond==&g5_fName=SIDE_B&g5_fOp=NONE&g5_fValue=$ClientName&g5_fltr=5&g5_fId=5&g5_fParentId=3&g5_fVisibility=0'
, 120, 'DoneTG', NULL, NULL); 
INSERT INTO ARCH_REPORT_COLUMN ( ID, REPORT_ID, LOGICAL_NAME, VISIBLE_NAME, FILTER_NAME, TYPE,
VALIDATOR, CONVERTER, HELPER, VISIBILITY, SETTER, ORDER_SEQ, TABLE_NAME, FOOTER_SETTER,
HEADER_SETTER ) VALUES ( 
1000152, 1000120, 'TradeDate', 'Trade date', 'Trade Date', 'Date', 'dateOrToday'
, NULL, NULL, 'filters', NULL, 130, 'TradeDate', NULL, NULL); 
INSERT INTO ARCH_REPORT_COLUMN ( ID, REPORT_ID, LOGICAL_NAME, VISIBLE_NAME, FILTER_NAME, TYPE,
VALIDATOR, CONVERTER, HELPER, VISIBILITY, SETTER, ORDER_SEQ, TABLE_NAME, FOOTER_SETTER,
HEADER_SETTER ) VALUES ( 
1000153, 1000120, 'MatchSuspectNoe', 'Suspected', 'Matchsuspectnoe', 'Long', 'long'
, NULL, NULL, 'report', 'LINK:noerep.lwp?g0_fCond==&g0_fName=TRADE_DATE&g0_fOp=AND&g0_fValue=$TradeDate&g0_fltr=0&g0_fId=0&g0_fParentId=-1&g0_fVisibility=0&g1_fCond==&g1_fName=SIDE_A&g1_fOp=AND&g1_fValue=$ClientName&g1_fltr=1&g1_fId=1&g1_fParentId=-1&g1_fVisibility=0&g2_fCond==&g2_fName=RECON&g2_fOp=NONE&g2_fValue=Suspect&g2_fltr=2&g2_fId=2&g2_fParentId=-1&g2_fVisibility=0&ExecuteFromLink=ExecuteFromLink&RecCount=15'
, 35, 'MatchSuspectNoe', NULL, NULL); 
INSERT INTO ARCH_REPORT_COLUMN ( ID, REPORT_ID, LOGICAL_NAME, VISIBLE_NAME, FILTER_NAME, TYPE,
VALIDATOR, CONVERTER, HELPER, VISIBILITY, SETTER, ORDER_SEQ, TABLE_NAME, FOOTER_SETTER,
HEADER_SETTER ) VALUES ( 
1000154, 1000120, 'AllocationHeldNoe', 'Allocation Held', 'Allocationheldnoe', 'Long'
, 'long', NULL, NULL, 'report', 'LINK:noerep.lwp?g0_fCond==&g0_fName=TRADE_DATE&g0_fOp=AND&g0_fValue=$TradeDate&g0_fltr=0&g0_fId=0&g0_fParentId=-1&g0_fVisibility=0&g1_fCond==&g1_fName=SIDE_A&g1_fOp=AND&g1_fValue=$ClientName&g1_fltr=1&g1_fId=1&g1_fParentId=-1&g1_fVisibility=0&g2_fCond==&g2_fName=ALLOC&g2_fOp=NONE&g2_fValue=Split Held&g2_fltr=2&g2_fId=2&g2_fParentId=-1&g2_fVisibility=0&ExecuteFromLink=ExecuteFromLink&RecCount=15'
, 72, 'AllocationHeldNoe', NULL, NULL); 
INSERT INTO ARCH_REPORT_COLUMN ( ID, REPORT_ID, LOGICAL_NAME, VISIBLE_NAME, FILTER_NAME, TYPE,
VALIDATOR, CONVERTER, HELPER, VISIBILITY, SETTER, ORDER_SEQ, TABLE_NAME, FOOTER_SETTER,
HEADER_SETTER ) VALUES ( 
1000155, 1000120, 'ApprovalIndicatoryFailureNoe', 'Indicatory Failure', 'Approvalindicatoryfailurenoe'
, 'Long', 'long', NULL, NULL, 'report', 'LINK:noerep.lwp?g0_fCond==&g0_fName=TRADE_DATE&g0_fOp=AND&g0_fValue=$TradeDate&g0_fltr=0&g0_fId=0&g0_fParentId=-1&g0_fVisibility=0&g1_fCond==&g1_fName=SIDE_A&g1_fOp=AND&g1_fValue=$ClientName&g1_fltr=1&g1_fId=1&g1_fParentId=-1&g1_fVisibility=0&g2_fCond==&g2_fName=APPROVAL&g2_fOp=NONE&g2_fValue=Ind. Failure&g2_fltr=2&g2_fId=2&g2_fParentId=-1&g2_fVisibility=0&ExecuteFromLink=ExecuteFromLink&RecCount=15'
, 74, 'ApprovalIndicatoryFailureNoe', NULL, NULL); 
INSERT INTO ARCH_REPORT_COLUMN ( ID, REPORT_ID, LOGICAL_NAME, VISIBLE_NAME, FILTER_NAME, TYPE,
VALIDATOR, CONVERTER, HELPER, VISIBILITY, SETTER, ORDER_SEQ, TABLE_NAME, FOOTER_SETTER,
HEADER_SETTER ) VALUES ( 
1000156, 1000120, 'ApprovalHoldNoe', 'Approval Hold', 'Approvalholdnoe', 'Long', 'long'
, NULL, NULL, 'report', 'LINK:noerep.lwp?g0_fCond==&g0_fName=TRADE_DATE&g0_fOp=AND&g0_fValue=$TradeDate&g0_fltr=0&g0_fId=0&g0_fParentId=-1&g0_fVisibility=0&g1_fCond==&g1_fName=SIDE_A&g1_fOp=AND&g1_fValue=$ClientName&g1_fltr=1&g1_fId=1&g1_fParentId=-1&g1_fVisibility=0&g2_fCond==&g2_fName=APPROVAL&g2_fOp=NONE&g2_fValue=Hold&g2_fltr=2&g2_fId=2&g2_fParentId=-1&g2_fVisibility=0&ExecuteFromLink=ExecuteFromLink&RecCount=15'
, 76, 'ApprovalHoldNoe', NULL, NULL); 
INSERT INTO ARCH_REPORT_COLUMN ( ID, REPORT_ID, LOGICAL_NAME, VISIBLE_NAME, FILTER_NAME, TYPE,
VALIDATOR, CONVERTER, HELPER, VISIBILITY, SETTER, ORDER_SEQ, TABLE_NAME, FOOTER_SETTER,
HEADER_SETTER ) VALUES ( 
1000157, 1000120, 'ApprovedNoe', 'Approved', 'Approvednoe', 'Long', 'long', NULL, NULL
, 'report', 'LINK:noerep.lwp?g0_fCond==&g0_fName=TRADE_DATE&g0_fOp=AND&g0_fValue=$TradeDate&g0_fltr=0&g0_fId=0&g0_fParentId=-1&g0_fVisibility=0&g1_fCond==&g1_fName=SIDE_A&g1_fOp=AND&g1_fValue=$ClientName&g1_fltr=1&g1_fId=1&g1_fParentId=-1&g1_fVisibility=0&g2_fCond==&g2_fName=APPROVAL&g2_fOp=NONE&g2_fValue=Approved&g2_fltr=2&g2_fId=2&g2_fParentId=-1&g2_fVisibility=0&ExecuteFromLink=ExecuteFromLink&RecCount=15'
, 78, 'ApprovedNoe', NULL, NULL); 
INSERT INTO ARCH_REPORT_COLUMN ( ID, REPORT_ID, LOGICAL_NAME, VISIBLE_NAME, FILTER_NAME, TYPE,
VALIDATOR, CONVERTER, HELPER, VISIBILITY, SETTER, ORDER_SEQ, TABLE_NAME, FOOTER_SETTER,
HEADER_SETTER ) VALUES ( 
1000170, 1000140, 'ID', 'ID', 'ID', 'Long', 'long', NULL, NULL, 'report', 'LINK:noe.lwp?hiddenNoeId=$ID&RetrieveNoe=RetrieveNoe&NoeCurTab=SelectNoeTab'
, 1, 'Id', NULL, 'nosort'); 
INSERT INTO ARCH_REPORT_COLUMN ( ID, REPORT_ID, LOGICAL_NAME, VISIBLE_NAME, FILTER_NAME, TYPE,
VALIDATOR, CONVERTER, HELPER, VISIBILITY, SETTER, ORDER_SEQ, TABLE_NAME, FOOTER_SETTER,
HEADER_SETTER ) VALUES ( 
1000171, 1000140, 'APPROVAL', 'Approval', 'Approval', 'String', 'string', NULL, 'VFXPBNOEApprovalStatus'
, 'report', 'noeApproval', 4, 'Approval', NULL, 'nosort'); 
INSERT INTO ARCH_REPORT_COLUMN ( ID, REPORT_ID, LOGICAL_NAME, VISIBLE_NAME, FILTER_NAME, TYPE,
VALIDATOR, CONVERTER, HELPER, VISIBILITY, SETTER, ORDER_SEQ, TABLE_NAME, FOOTER_SETTER,
HEADER_SETTER ) VALUES ( 
1000172, 1000140, 'RECON', 'Recon', 'Recon', 'String', 'string', NULL, 'VFXPBNOEReconStatus'
, 'report', 'noeRecon', 3, 'Recon', NULL, 'nosort'); 
INSERT INTO ARCH_REPORT_COLUMN ( ID, REPORT_ID, LOGICAL_NAME, VISIBLE_NAME, FILTER_NAME, TYPE,
VALIDATOR, CONVERTER, HELPER, VISIBILITY, SETTER, ORDER_SEQ, TABLE_NAME, FOOTER_SETTER,
HEADER_SETTER ) VALUES ( 
1000173, 1000140, 'ALLOC', 'Alloc', 'Alloc', 'String', 'string', NULL, 'VFXPBNOEAllocStatus'
, 'report', 'noeAllocation', 2, 'Alloc', NULL, 'nosort'); 
INSERT INTO ARCH_REPORT_COLUMN ( ID, REPORT_ID, LOGICAL_NAME, VISIBLE_NAME, FILTER_NAME, TYPE,
VALIDATOR, CONVERTER, HELPER, VISIBILITY, SETTER, ORDER_SEQ, TABLE_NAME, FOOTER_SETTER,
HEADER_SETTER ) VALUES ( 
1000174, 1000140, 'LIFECYCLE', 'Life', 'Life', 'String', 'string', NULL, 'FXPBNOELifeStatus'
, 'report', 'noeLifecycle', 5, 'Lifecycle', NULL, 'nosort'); 
INSERT INTO ARCH_REPORT_COLUMN ( ID, REPORT_ID, LOGICAL_NAME, VISIBLE_NAME, FILTER_NAME, TYPE,
VALIDATOR, CONVERTER, HELPER, VISIBILITY, SETTER, ORDER_SEQ, TABLE_NAME, FOOTER_SETTER,
HEADER_SETTER ) VALUES ( 
1000175, 1000140, 'CREATION_DATE', 'Creation Date', 'Creation Date', 'Date', 'dateOrToday'
, NULL, NULL, 'report', NULL, 21, 'CreationDate', NULL, 'nosort'); 
INSERT INTO ARCH_REPORT_COLUMN ( ID, REPORT_ID, LOGICAL_NAME, VISIBLE_NAME, FILTER_NAME, TYPE,
VALIDATOR, CONVERTER, HELPER, VISIBILITY, SETTER, ORDER_SEQ, TABLE_NAME, FOOTER_SETTER,
HEADER_SETTER ) VALUES ( 
1000176, 1000140, 'SETTLEMENT_DATE', 'Settlement Date', 'Settlement Date', 'Date'
, 'dateOrToday', NULL, NULL, 'none', NULL, 22, 'trunc(SettlementDate)', NULL, NULL);
INSERT INTO ARCH_REPORT_COLUMN ( ID, REPORT_ID, LOGICAL_NAME, VISIBLE_NAME, FILTER_NAME, TYPE,
VALIDATOR, CONVERTER, HELPER, VISIBILITY, SETTER, ORDER_SEQ, TABLE_NAME, FOOTER_SETTER,
HEADER_SETTER ) VALUES ( 
1000177, 1000140, 'TRADE_DATE', 'Trade Date', 'Trade Date', 'Date', 'dateOrToday'
, NULL, NULL, 'report', NULL, 20, 'trunc(TradeDate)', NULL, 'nosort'); 
INSERT INTO ARCH_REPORT_COLUMN ( ID, REPORT_ID, LOGICAL_NAME, VISIBLE_NAME, FILTER_NAME, TYPE,
VALIDATOR, CONVERTER, HELPER, VISIBILITY, SETTER, ORDER_SEQ, TABLE_NAME, FOOTER_SETTER,
HEADER_SETTER ) VALUES ( 
1000178, 1000140, 'RATE', 'Near Rate', 'Near Rate', 'Double', 'double', NULL, NULL
, 'report', NULL, 14, 'Rate', NULL, 'nosort'); 
INSERT INTO ARCH_REPORT_COLUMN ( ID, REPORT_ID, LOGICAL_NAME, VISIBLE_NAME, FILTER_NAME, TYPE,
VALIDATOR, CONVERTER, HELPER, VISIBILITY, SETTER, ORDER_SEQ, TABLE_NAME, FOOTER_SETTER,
HEADER_SETTER ) VALUES ( 
1000179, 1000140, 'SIDE_A', 'TParty', 'TParty', 'String', 'string', NULL, NULL, 'report'
, NULL, 6, 'SideA', NULL, 'nosort'); 
INSERT INTO ARCH_REPORT_COLUMN ( ID, REPORT_ID, LOGICAL_NAME, VISIBLE_NAME, FILTER_NAME, TYPE,
VALIDATOR, CONVERTER, HELPER, VISIBILITY, SETTER, ORDER_SEQ, TABLE_NAME, FOOTER_SETTER,
HEADER_SETTER ) VALUES ( 
1000180, 1000140, 'SIDE_B', 'CParty', 'CParty', 'String', 'string', NULL, NULL, 'report'
, NULL, 7, 'SideB', NULL, 'nosort'); 
INSERT INTO ARCH_REPORT_COLUMN ( ID, REPORT_ID, LOGICAL_NAME, VISIBLE_NAME, FILTER_NAME, TYPE,
VALIDATOR, CONVERTER, HELPER, VISIBILITY, SETTER, ORDER_SEQ, TABLE_NAME, FOOTER_SETTER,
HEADER_SETTER ) VALUES ( 
1000181, 1000140, 'TRADER', 'Trader', 'Trader', 'String', 'string', NULL, NULL, 'report'
, NULL, 19, 'Trader', NULL, 'nosort'); 
INSERT INTO ARCH_REPORT_COLUMN ( ID, REPORT_ID, LOGICAL_NAME, VISIBLE_NAME, FILTER_NAME, TYPE,
VALIDATOR, CONVERTER, HELPER, VISIBILITY, SETTER, ORDER_SEQ, TABLE_NAME, FOOTER_SETTER,
HEADER_SETTER ) VALUES ( 
1000182, 1000140, 'U_FAR_RATE', 'Far Rate', 'Far Rate', 'Double', 'double', NULL, NULL
, 'report', NULL, 17, 'UFarRate', NULL, 'nosort'); 
INSERT INTO ARCH_REPORT_COLUMN ( ID, REPORT_ID, LOGICAL_NAME, VISIBLE_NAME, FILTER_NAME, TYPE,
VALIDATOR, CONVERTER, HELPER, VISIBILITY, SETTER, ORDER_SEQ, TABLE_NAME, FOOTER_SETTER,
HEADER_SETTER ) VALUES ( 
1000183, 1000140, 'BASE_CCY', 'Ccy2', 'Ccy2', 'String', 'string', NULL, 'FXPBCurrency'
, 'report', NULL, 12, 'BaseCcy', NULL, 'nosort'); 
INSERT INTO ARCH_REPORT_COLUMN ( ID, REPORT_ID, LOGICAL_NAME, VISIBLE_NAME, FILTER_NAME, TYPE,
VALIDATOR, CONVERTER, HELPER, VISIBILITY, SETTER, ORDER_SEQ, TABLE_NAME, FOOTER_SETTER,
HEADER_SETTER ) VALUES ( 
1000184, 1000140, 'SECONDARY_CCY', 'Ccy1', 'Ccy1', 'String', 'string', NULL, 'FXPBCurrency'
, 'report', NULL, 10, 'SecondaryCcy', NULL, 'nosort'); 
INSERT INTO ARCH_REPORT_COLUMN ( ID, REPORT_ID, LOGICAL_NAME, VISIBLE_NAME, FILTER_NAME, TYPE,
VALIDATOR, CONVERTER, HELPER, VISIBILITY, SETTER, ORDER_SEQ, TABLE_NAME, FOOTER_SETTER,
HEADER_SETTER ) VALUES ( 
1000185, 1000140, 'CONTRACT_TYPE', 'Contract type', 'Contract type', 'String', 'string'
, NULL, 'FXPBContractType', 'report', NULL, 9, 'ContractType', NULL, 'nosort'); 
INSERT INTO ARCH_REPORT_COLUMN ( ID, REPORT_ID, LOGICAL_NAME, VISIBLE_NAME, FILTER_NAME, TYPE,
VALIDATOR, CONVERTER, HELPER, VISIBILITY, SETTER, ORDER_SEQ, TABLE_NAME, FOOTER_SETTER,
HEADER_SETTER ) VALUES ( 
1000186, 1000140, 'DIRECTION', 'B/S', 'B/S', 'String', 'string', NULL, 'FXPBNOEDirection'
, 'report', NULL, 8, 'Direction', NULL, 'nosort'); 
INSERT INTO ARCH_REPORT_COLUMN ( ID, REPORT_ID, LOGICAL_NAME, VISIBLE_NAME, FILTER_NAME, TYPE,
VALIDATOR, CONVERTER, HELPER, VISIBILITY, SETTER, ORDER_SEQ, TABLE_NAME, FOOTER_SETTER,
HEADER_SETTER ) VALUES ( 
1000187, 1000140, 'QUANTITY', 'Qty1', 'Qty1', 'Double', 'double', NULL, NULL, 'report'
, 'double8', 11, 'Quantity', NULL, 'nosort'); 
INSERT INTO ARCH_REPORT_COLUMN ( ID, REPORT_ID, LOGICAL_NAME, VISIBLE_NAME, FILTER_NAME, TYPE,
VALIDATOR, CONVERTER, HELPER, VISIBILITY, SETTER, ORDER_SEQ, TABLE_NAME, FOOTER_SETTER,
HEADER_SETTER ) VALUES ( 
1000188, 1000140, 'QUANTITY2', 'Near Qty2', 'Near Qty2', 'Double', 'double', NULL
, NULL, 'report', 'double8', 15, 'Quantity2', NULL, 'nosort'); 
INSERT INTO ARCH_REPORT_COLUMN ( ID, REPORT_ID, LOGICAL_NAME, VISIBLE_NAME, FILTER_NAME, TYPE,
VALIDATOR, CONVERTER, HELPER, VISIBILITY, SETTER, ORDER_SEQ, TABLE_NAME, FOOTER_SETTER,
HEADER_SETTER ) VALUES ( 
1000189, 1000140, 'VALUE_DATE', 'Near V.Date', 'Near V.Date', 'Date', 'dateOrToday'
, NULL, NULL, 'report', NULL, 13, 'trunc(ValueDate)', NULL, 'nosort'); 
INSERT INTO ARCH_REPORT_COLUMN ( ID, REPORT_ID, LOGICAL_NAME, VISIBLE_NAME, FILTER_NAME, TYPE,
VALIDATOR, CONVERTER, HELPER, VISIBILITY, SETTER, ORDER_SEQ, TABLE_NAME, FOOTER_SETTER,
HEADER_SETTER ) VALUES ( 
1000190, 1000140, 'FAR_QUANTITY2', 'Far Qty2', 'Far Qty2', 'Double', 'double', NULL
, NULL, 'report', 'double8', 18, 'FarQuantity2', NULL, 'nosort'); 
INSERT INTO ARCH_REPORT_COLUMN ( ID, REPORT_ID, LOGICAL_NAME, VISIBLE_NAME, FILTER_NAME, TYPE,
VALIDATOR, CONVERTER, HELPER, VISIBILITY, SETTER, ORDER_SEQ, TABLE_NAME, FOOTER_SETTER,
HEADER_SETTER ) VALUES ( 
1000191, 1000140, 'FAR_VALUE_DATE', 'Far V.Date', 'Far V.Date', 'Date', 'dateOrToday'
, NULL, NULL, 'report', NULL, 16, 'trunc(FarValueDate)', NULL, 'nosort'); 
INSERT INTO ARCH_REPORT_COLUMN ( ID, REPORT_ID, LOGICAL_NAME, VISIBLE_NAME, FILTER_NAME, TYPE,
VALIDATOR, CONVERTER, HELPER, VISIBILITY, SETTER, ORDER_SEQ, TABLE_NAME, FOOTER_SETTER,
HEADER_SETTER ) VALUES ( 
1000192, 1000140, 'TRADE_TYPE', 'Trade Type', 'Trade Type', 'String', 'string', NULL
, 'FXPBTradeType', 'report', NULL, 24, 'TradeType', NULL, 'nosort'); 
INSERT INTO ARCH_REPORT_COLUMN ( ID, REPORT_ID, LOGICAL_NAME, VISIBLE_NAME, FILTER_NAME, TYPE,
VALIDATOR, CONVERTER, HELPER, VISIBILITY, SETTER, ORDER_SEQ, TABLE_NAME, FOOTER_SETTER,
HEADER_SETTER ) VALUES ( 
1000193, 1000140, 'CLIENT_REF', 'Client Ref', 'Client Ref', 'String', 'string', NULL
, NULL, 'report', NULL, 23, 'ClientRef', NULL, 'nosort'); 
INSERT INTO ARCH_REPORT_COLUMN ( ID, REPORT_ID, LOGICAL_NAME, VISIBLE_NAME, FILTER_NAME, TYPE,
VALIDATOR, CONVERTER, HELPER, VISIBILITY, SETTER, ORDER_SEQ, TABLE_NAME, FOOTER_SETTER,
HEADER_SETTER ) VALUES ( 
1000194, 1000140, 'NEW_NOE', 'New Noe ID', 'New Noe ID', 'Long', 'long', NULL, NULL
, 'filters', NULL, 25, 'NewNoe', NULL, NULL); 
INSERT INTO ARCH_REPORT_COLUMN ( ID, REPORT_ID, LOGICAL_NAME, VISIBLE_NAME, FILTER_NAME, TYPE,
VALIDATOR, CONVERTER, HELPER, VISIBILITY, SETTER, ORDER_SEQ, TABLE_NAME, FOOTER_SETTER,
HEADER_SETTER ) VALUES ( 
1000195, 1000140, 'OLD_NOE', 'Old Noe ID', 'Old Noe ID', 'Long', 'long', NULL, NULL
, 'filters', NULL, 26, 'OldNoe', NULL, NULL); 
INSERT INTO ARCH_REPORT_COLUMN ( ID, REPORT_ID, LOGICAL_NAME, VISIBLE_NAME, FILTER_NAME, TYPE,
VALIDATOR, CONVERTER, HELPER, VISIBILITY, SETTER, ORDER_SEQ, TABLE_NAME, FOOTER_SETTER,
HEADER_SETTER ) VALUES ( 
1000196, 1000140, 'IS_DUMMY', 'Dummy', 'Dummy', 'String', 'string', NULL, NULL, 'report'
, NULL, 27, 'IsDummy', NULL, 'nosort'); 
INSERT INTO ARCH_REPORT_COLUMN ( ID, REPORT_ID, LOGICAL_NAME, VISIBLE_NAME, FILTER_NAME, TYPE,
VALIDATOR, CONVERTER, HELPER, VISIBILITY, SETTER, ORDER_SEQ, TABLE_NAME, FOOTER_SETTER,
HEADER_SETTER ) VALUES ( 
1000200, 1000160, 'lifecycle', 'Life', 'Lifecycle', 'String', 'string', NULL, 'VFXPBNOELifeStatus'
, 'report', 'noeLifecycle', 50, 'lifecycle', NULL, 'nosort'); 
INSERT INTO ARCH_REPORT_COLUMN ( ID, REPORT_ID, LOGICAL_NAME, VISIBLE_NAME, FILTER_NAME, TYPE,
VALIDATOR, CONVERTER, HELPER, VISIBILITY, SETTER, ORDER_SEQ, TABLE_NAME, FOOTER_SETTER,
HEADER_SETTER ) VALUES ( 
1000201, 1000160, 'creationDate', 'Creation Date', 'Creationdate', 'Date', 'dateOrToday'
, NULL, NULL, 'report', NULL, 60, 'creationDate', NULL, 'nosort'); 
INSERT INTO ARCH_REPORT_COLUMN ( ID, REPORT_ID, LOGICAL_NAME, VISIBLE_NAME, FILTER_NAME, TYPE,
VALIDATOR, CONVERTER, HELPER, VISIBILITY, SETTER, ORDER_SEQ, TABLE_NAME, FOOTER_SETTER,
HEADER_SETTER ) VALUES ( 
1000202, 1000160, 'enteringOrg', 'Enteringorg', 'Enteringorg', 'String', 'string'
, NULL, NULL, 'none', NULL, 70, 'enteringOrg', NULL, NULL); 
INSERT INTO ARCH_REPORT_COLUMN ( ID, REPORT_ID, LOGICAL_NAME, VISIBLE_NAME, FILTER_NAME, TYPE,
VALIDATOR, CONVERTER, HELPER, VISIBILITY, SETTER, ORDER_SEQ, TABLE_NAME, FOOTER_SETTER,
HEADER_SETTER ) VALUES ( 
1000203, 1000160, 'submitterPerson', 'Submitterperson', 'Submitterperson', 'String'
, 'string', NULL, NULL, 'none', NULL, 90, 'submitterPerson', NULL, NULL); 
INSERT INTO ARCH_REPORT_COLUMN ( ID, REPORT_ID, LOGICAL_NAME, VISIBLE_NAME, FILTER_NAME, TYPE,
VALIDATOR, CONVERTER, HELPER, VISIBILITY, SETTER, ORDER_SEQ, TABLE_NAME, FOOTER_SETTER,
HEADER_SETTER ) VALUES ( 
1000204, 1000160, 'rate', 'Rate', 'Rate', 'Double', 'double', NULL, NULL, 'report'
, NULL, 110, 'rate', NULL, 'nosort'); 
INSERT INTO ARCH_REPORT_COLUMN ( ID, REPORT_ID, LOGICAL_NAME, VISIBLE_NAME, FILTER_NAME, TYPE,
VALIDATOR, CONVERTER, HELPER, VISIBILITY, SETTER, ORDER_SEQ, TABLE_NAME, FOOTER_SETTER,
HEADER_SETTER ) VALUES ( 
1000205, 1000160, 'sideB', 'CParty', 'Sideb', 'String', 'string', NULL, NULL, 'report'
, NULL, 130, 'sideB', NULL, 'nosort'); 
INSERT INTO ARCH_REPORT_COLUMN ( ID, REPORT_ID, LOGICAL_NAME, VISIBLE_NAME, FILTER_NAME, TYPE,
VALIDATOR, CONVERTER, HELPER, VISIBILITY, SETTER, ORDER_SEQ, TABLE_NAME, FOOTER_SETTER,
HEADER_SETTER ) VALUES ( 
1000206, 1000160, 'uFarRate', 'Far Rate', 'Ufarrate', 'Double', 'double', NULL, NULL
, 'report', NULL, 150, 'uFarRate', NULL, 'nosort'); 
INSERT INTO ARCH_REPORT_COLUMN ( ID, REPORT_ID, LOGICAL_NAME, VISIBLE_NAME, FILTER_NAME, TYPE,
VALIDATOR, CONVERTER, HELPER, VISIBILITY, SETTER, ORDER_SEQ, TABLE_NAME, FOOTER_SETTER,
HEADER_SETTER ) VALUES ( 
1000207, 1000160, 'tradeType', 'Trade Type', 'Tradetype', 'String', 'string', NULL
, 'FXPBTradeType', 'report', NULL, 260, 'tradeType', NULL, 'nosort'); 
INSERT INTO ARCH_REPORT_COLUMN ( ID, REPORT_ID, LOGICAL_NAME, VISIBLE_NAME, FILTER_NAME, TYPE,
VALIDATOR, CONVERTER, HELPER, VISIBILITY, SETTER, ORDER_SEQ, TABLE_NAME, FOOTER_SETTER,
HEADER_SETTER ) VALUES ( 
1000208, 1000160, 'newNoe', 'New Noe', 'Newnoe', 'Long', 'long', NULL, NULL, 'none'
, NULL, 270, 'newNoe', NULL, NULL); 
INSERT INTO ARCH_REPORT_COLUMN ( ID, REPORT_ID, LOGICAL_NAME, VISIBLE_NAME, FILTER_NAME, TYPE,
VALIDATOR, CONVERTER, HELPER, VISIBILITY, SETTER, ORDER_SEQ, TABLE_NAME, FOOTER_SETTER,
HEADER_SETTER ) VALUES ( 
1000209, 1000160, 'oldNoe', 'Old Noe', 'Oldnoe', 'Long', 'long', NULL, NULL, 'none'
, NULL, 280, 'oldNoe', NULL, NULL); 
INSERT INTO ARCH_REPORT_COLUMN ( ID, REPORT_ID, LOGICAL_NAME, VISIBLE_NAME, FILTER_NAME, TYPE,
VALIDATOR, CONVERTER, HELPER, VISIBILITY, SETTER, ORDER_SEQ, TABLE_NAME, FOOTER_SETTER,
HEADER_SETTER ) VALUES ( 
1000210, 1000160, 'isDummy', 'Is Dummy', 'Isdummy', 'String', 'string', NULL, NULL
, 'report', NULL, 290, 'isDummy', NULL, 'nosort'); 
INSERT INTO ARCH_REPORT_COLUMN ( ID, REPORT_ID, LOGICAL_NAME, VISIBLE_NAME, FILTER_NAME, TYPE,
VALIDATOR, CONVERTER, HELPER, VISIBILITY, SETTER, ORDER_SEQ, TABLE_NAME, FOOTER_SETTER,
HEADER_SETTER ) VALUES ( 
1000211, 1000160, 'secondaryCcy', 'Ccy1', 'Secondaryccy', 'String', 'string', NULL
, 'FXPBCurrency', 'report', NULL, 170, 'secondaryCcy', NULL, 'nosort'); 
INSERT INTO ARCH_REPORT_COLUMN ( ID, REPORT_ID, LOGICAL_NAME, VISIBLE_NAME, FILTER_NAME, TYPE,
VALIDATOR, CONVERTER, HELPER, VISIBILITY, SETTER, ORDER_SEQ, TABLE_NAME, FOOTER_SETTER,
HEADER_SETTER ) VALUES ( 
1000212, 1000160, 'contractType', 'Contract Type', 'Contracttype', 'String', 'string'
, NULL, 'FXPBContractType', 'report', NULL, 180, 'contractType', NULL, 'nosort'); 
INSERT INTO ARCH_REPORT_COLUMN ( ID, REPORT_ID, LOGICAL_NAME, VISIBLE_NAME, FILTER_NAME, TYPE,
VALIDATOR, CONVERTER, HELPER, VISIBILITY, SETTER, ORDER_SEQ, TABLE_NAME, FOOTER_SETTER,
HEADER_SETTER ) VALUES ( 
1000213, 1000160, 'direction', 'Direction', 'Direction', 'String', 'string', NULL
, 'FXPBNOEDirection', 'report', NULL, 190, 'direction', NULL, 'nosort'); 
INSERT INTO ARCH_REPORT_COLUMN ( ID, REPORT_ID, LOGICAL_NAME, VISIBLE_NAME, FILTER_NAME, TYPE,
VALIDATOR, CONVERTER, HELPER, VISIBILITY, SETTER, ORDER_SEQ, TABLE_NAME, FOOTER_SETTER,
HEADER_SETTER ) VALUES ( 
1000214, 1000160, 'quantity', 'Quantity', 'Quantity', 'Double', 'double', NULL, NULL
, 'report', 'double8', 200, 'quantity', NULL, 'nosort'); 
INSERT INTO ARCH_REPORT_COLUMN ( ID, REPORT_ID, LOGICAL_NAME, VISIBLE_NAME, FILTER_NAME, TYPE,
VALIDATOR, CONVERTER, HELPER, VISIBILITY, SETTER, ORDER_SEQ, TABLE_NAME, FOOTER_SETTER,
HEADER_SETTER ) VALUES ( 
1000215, 1000160, 'quantity2', 'Quantity2', 'Quantity2', 'Double', 'double', NULL
, NULL, 'report', 'double8', 210, 'quantity2', NULL, 'nosort'); 
INSERT INTO ARCH_REPORT_COLUMN ( ID, REPORT_ID, LOGICAL_NAME, VISIBLE_NAME, FILTER_NAME, TYPE,
VALIDATOR, CONVERTER, HELPER, VISIBILITY, SETTER, ORDER_SEQ, TABLE_NAME, FOOTER_SETTER,
HEADER_SETTER ) VALUES ( 
1000216, 1000160, 'valueDate', 'Value Date', 'Valuedate', 'Date', 'dateOrToday'
, NULL, NULL, 'none', NULL, 220, 'trunc(valueDate)', NULL, NULL); 
INSERT INTO ARCH_REPORT_COLUMN ( ID, REPORT_ID, LOGICAL_NAME, VISIBLE_NAME, FILTER_NAME, TYPE,
VALIDATOR, CONVERTER, HELPER, VISIBILITY, SETTER, ORDER_SEQ, TABLE_NAME, FOOTER_SETTER,
HEADER_SETTER ) VALUES ( 
1000217, 1000160, 'farQuantity2', 'Far Quantity2', 'Farquantity2', 'Double', 'double'
, NULL, NULL, 'report', 'double8', 230, 'farQuantity2', NULL, 'nosort'); 
INSERT INTO ARCH_REPORT_COLUMN ( ID, REPORT_ID, LOGICAL_NAME, VISIBLE_NAME, FILTER_NAME, TYPE,
VALIDATOR, CONVERTER, HELPER, VISIBILITY, SETTER, ORDER_SEQ, TABLE_NAME, FOOTER_SETTER,
HEADER_SETTER ) VALUES ( 
1000218, 1000160, 'farValueDate', 'Far Value Date', 'Farvaluedate', 'Date', 'dateOrToday'
, NULL, NULL, 'report', NULL, 240, 'trunc(farValueDate)', NULL, 'nosort'); 
INSERT INTO ARCH_REPORT_COLUMN ( ID, REPORT_ID, LOGICAL_NAME, VISIBLE_NAME, FILTER_NAME, TYPE,
VALIDATOR, CONVERTER, HELPER, VISIBILITY, SETTER, ORDER_SEQ, TABLE_NAME, FOOTER_SETTER,
HEADER_SETTER ) VALUES ( 
1000219, 1000160, 'reporter', 'Reporter', 'Reporter', 'String', 'string', NULL, NULL
, 'report', NULL, 250, 'reporter', NULL, 'nosort'); 
INSERT INTO ARCH_REPORT_COLUMN ( ID, REPORT_ID, LOGICAL_NAME, VISIBLE_NAME, FILTER_NAME, TYPE,
VALIDATOR, CONVERTER, HELPER, VISIBILITY, SETTER, ORDER_SEQ, TABLE_NAME, FOOTER_SETTER,
HEADER_SETTER ) VALUES ( 
1000220, 1000160, 'baseCCy', 'Ccy2', 'Baseccy', 'String', 'string', NULL, 'FXPBCurrency'
, 'report', NULL, 160, 'baseCCy', NULL, 'nosort'); 
INSERT INTO ARCH_REPORT_COLUMN ( ID, REPORT_ID, LOGICAL_NAME, VISIBLE_NAME, FILTER_NAME, TYPE,
VALIDATOR, CONVERTER, HELPER, VISIBILITY, SETTER, ORDER_SEQ, TABLE_NAME, FOOTER_SETTER,
HEADER_SETTER ) VALUES ( 
1000221, 1000160, 'trader', 'Trader', 'Trader', 'String', 'string', NULL, NULL, 'report'
, NULL, 140, 'trader', NULL, 'nosort'); 
INSERT INTO ARCH_REPORT_COLUMN ( ID, REPORT_ID, LOGICAL_NAME, VISIBLE_NAME, FILTER_NAME, TYPE,
VALIDATOR, CONVERTER, HELPER, VISIBILITY, SETTER, ORDER_SEQ, TABLE_NAME, FOOTER_SETTER,
HEADER_SETTER ) VALUES ( 
1000222, 1000160, 'sideA', 'TParty', 'Sidea', 'String', 'string', NULL, NULL, 'report'
, NULL, 120, 'sideA', NULL, 'nosort'); 
INSERT INTO ARCH_REPORT_COLUMN ( ID, REPORT_ID, LOGICAL_NAME, VISIBLE_NAME, FILTER_NAME, TYPE,
VALIDATOR, CONVERTER, HELPER, VISIBILITY, SETTER, ORDER_SEQ, TABLE_NAME, FOOTER_SETTER,
HEADER_SETTER ) VALUES ( 
1000223, 1000160, 'tradeDate', 'Trade Date', 'Tradedate', 'Date', 'dateOrToday'
, NULL, NULL, 'report', NULL, 100, 'trunc(tradeDate)', NULL, 'nosort'); 
INSERT INTO ARCH_REPORT_COLUMN ( ID, REPORT_ID, LOGICAL_NAME, VISIBLE_NAME, FILTER_NAME, TYPE,
VALIDATOR, CONVERTER, HELPER, VISIBILITY, SETTER, ORDER_SEQ, TABLE_NAME, FOOTER_SETTER,
HEADER_SETTER ) VALUES ( 
1000224, 1000160, 'settlementDate', 'Settlement Date', 'Settlementdate', 'Date', 'dateOrToday'
, NULL, NULL, 'none', NULL, 80, 'trunc(settlementDate)', NULL, NULL); 
INSERT INTO ARCH_REPORT_COLUMN ( ID, REPORT_ID, LOGICAL_NAME, VISIBLE_NAME, FILTER_NAME, TYPE,
VALIDATOR, CONVERTER, HELPER, VISIBILITY, SETTER, ORDER_SEQ, TABLE_NAME, FOOTER_SETTER,
HEADER_SETTER ) VALUES ( 
1000225, 1000160, 'alloc', 'Alloc', 'Alloc', 'String', 'string', NULL, 'FXPBNOEAllocStatus'
, 'report', 'noeAllocation', 40, 'alloc', NULL, 'nosort'); 
INSERT INTO ARCH_REPORT_COLUMN ( ID, REPORT_ID, LOGICAL_NAME, VISIBLE_NAME, FILTER_NAME, TYPE,
VALIDATOR, CONVERTER, HELPER, VISIBILITY, SETTER, ORDER_SEQ, TABLE_NAME, FOOTER_SETTER,
HEADER_SETTER ) VALUES ( 
1000226, 1000160, 'recon', 'Recon', 'Recon', 'String', 'string', NULL, 'VFXPBNOEReconStatus'
, 'report', 'noeRecon', 30, 'recon', NULL, 'nosort'); 
INSERT INTO ARCH_REPORT_COLUMN ( ID, REPORT_ID, LOGICAL_NAME, VISIBLE_NAME, FILTER_NAME, TYPE,
VALIDATOR, CONVERTER, HELPER, VISIBILITY, SETTER, ORDER_SEQ, TABLE_NAME, FOOTER_SETTER,
HEADER_SETTER ) VALUES ( 
1000227, 1000160, 'approval', 'Approval', 'Approval', 'String', 'string', NULL, 'FXPBNOEApprovalStatus'
, 'report', 'noeApproval', 20, 'approval', NULL, 'nosort'); 
INSERT INTO ARCH_REPORT_COLUMN ( ID, REPORT_ID, LOGICAL_NAME, VISIBLE_NAME, FILTER_NAME, TYPE,
VALIDATOR, CONVERTER, HELPER, VISIBILITY, SETTER, ORDER_SEQ, TABLE_NAME, FOOTER_SETTER,
HEADER_SETTER ) VALUES ( 
1000228, 1000160, 'rowOrder', 'rowOrder', 'rowOrder', 'Long', 'long', NULL, NULL, 'none'
, NULL, 300, 'rowOrder', NULL, NULL); 
INSERT INTO ARCH_REPORT_COLUMN ( ID, REPORT_ID, LOGICAL_NAME, VISIBLE_NAME, FILTER_NAME, TYPE,
VALIDATOR, CONVERTER, HELPER, VISIBILITY, SETTER, ORDER_SEQ, TABLE_NAME, FOOTER_SETTER,
HEADER_SETTER ) VALUES ( 
1000229, 1000160, 'ID', 'ID', 'ID', 'Long', 'long', NULL, NULL, NULL, 'LINK:noe.lwp?hiddenNoeId=${ID}&RetrieveNoe=RetrieveNoe&NoeCurTab=SelectNoeTab'
, 10, 'Id', NULL, NULL); 
INSERT INTO ARCH_REPORT_COLUMN ( ID, REPORT_ID, LOGICAL_NAME, VISIBLE_NAME, FILTER_NAME, TYPE,
VALIDATOR, CONVERTER, HELPER, VISIBILITY, SETTER, ORDER_SEQ, TABLE_NAME, FOOTER_SETTER,
HEADER_SETTER ) VALUES ( 
1000300, 1000300, 'ORG_NAME', 'Org Name', 'Org Name', 'String', 'string', NULL, NULL
, NULL, NULL, 1, 'ORG_NAME', NULL, NULL); 
INSERT INTO ARCH_REPORT_COLUMN ( ID, REPORT_ID, LOGICAL_NAME, VISIBLE_NAME, FILTER_NAME, TYPE,
VALIDATOR, CONVERTER, HELPER, VISIBILITY, SETTER, ORDER_SEQ, TABLE_NAME, FOOTER_SETTER,
HEADER_SETTER ) VALUES ( 
1000301, 1000300, 'ALLOCATION_NAME', 'Allocation Name', 'Allocation Name', 'String'
, 'string', NULL, NULL, NULL, NULL, 2, 'ALLOCATION_NAME', NULL, NULL); 
INSERT INTO ARCH_REPORT_COLUMN ( ID, REPORT_ID, LOGICAL_NAME, VISIBLE_NAME, FILTER_NAME, TYPE,
VALIDATOR, CONVERTER, HELPER, VISIBILITY, SETTER, ORDER_SEQ, TABLE_NAME, FOOTER_SETTER,
HEADER_SETTER ) VALUES ( 
1000302, 1000300, 'TYPE_VALUE', 'Type', 'Type', 'String', 'string', NULL, NULL, NULL
, NULL, 3, 'TYPE_VALUE', NULL, NULL); 
INSERT INTO ARCH_REPORT_COLUMN ( ID, REPORT_ID, LOGICAL_NAME, VISIBLE_NAME, FILTER_NAME, TYPE,
VALIDATOR, CONVERTER, HELPER, VISIBILITY, SETTER, ORDER_SEQ, TABLE_NAME, FOOTER_SETTER,
HEADER_SETTER ) VALUES ( 
1000303, 1000300, 'QUANTITY', 'Quantity', 'Quantity', 'Double', 'double', NULL, NULL
, NULL, 'double8', 4, 'QUANTITY', NULL, NULL); 
INSERT INTO ARCH_REPORT_COLUMN ( ID, REPORT_ID, LOGICAL_NAME, VISIBLE_NAME, FILTER_NAME, TYPE,
VALIDATOR, CONVERTER, HELPER, VISIBILITY, SETTER, ORDER_SEQ, TABLE_NAME, FOOTER_SETTER,
HEADER_SETTER ) VALUES ( 
1000304, 1000300, 'FUND_NAME', 'Fund Name', 'Fund Name', 'String', 'string', NULL
, NULL, NULL, NULL, 5, 'FUND_NAME', NULL, NULL); 
INSERT INTO ARCH_REPORT_COLUMN ( ID, REPORT_ID, LOGICAL_NAME, VISIBLE_NAME, FILTER_NAME, TYPE,
VALIDATOR, CONVERTER, HELPER, VISIBILITY, SETTER, ORDER_SEQ, TABLE_NAME, FOOTER_SETTER,
HEADER_SETTER ) VALUES ( 
1000305, 1000300, 'ALLOCATION', 'Allocation', 'Allocation', 'Double', 'double', NULL
, NULL, NULL, NULL, 6, 'ALLOCATION', NULL, NULL); 
INSERT INTO ARCH_REPORT_COLUMN ( ID, REPORT_ID, LOGICAL_NAME, VISIBLE_NAME, FILTER_NAME, TYPE,
VALIDATOR, CONVERTER, HELPER, VISIBILITY, SETTER, ORDER_SEQ, TABLE_NAME, FOOTER_SETTER,
HEADER_SETTER ) VALUES ( 
1000306, 1000300, 'STATUS_VAL', 'Status', 'Status', 'String', 'string', NULL, NULL
, NULL, NULL, 7, 'STATUS_VAL', NULL, NULL); 
INSERT INTO ARCH_REPORT_COLUMN ( ID, REPORT_ID, LOGICAL_NAME, VISIBLE_NAME, FILTER_NAME, TYPE,
VALIDATOR, CONVERTER, HELPER, VISIBILITY, SETTER, ORDER_SEQ, TABLE_NAME, FOOTER_SETTER,
HEADER_SETTER ) VALUES ( 
1000307, 1000300, 'ORG_ID', 'Organization ID', 'Organization ID', 'Long', 'long', NULL
, NULL, 'reportHidden', NULL, 1, 'ORG_ID', NULL, NULL); 
INSERT INTO ARCH_REPORT_COLUMN ( ID, REPORT_ID, LOGICAL_NAME, VISIBLE_NAME, FILTER_NAME, TYPE,
VALIDATOR, CONVERTER, HELPER, VISIBILITY, SETTER, ORDER_SEQ, TABLE_NAME, FOOTER_SETTER,
HEADER_SETTER ) VALUES ( 
1000308, 1000300, 'ALLOC_ID', 'Allocation ID', 'Allocation ID', 'Long', 'long', NULL
, NULL, 'reportHidden', NULL, 1, 'ALLOC_ID', NULL, NULL); 
INSERT INTO ARCH_REPORT_COLUMN ( ID, REPORT_ID, LOGICAL_NAME, VISIBLE_NAME, FILTER_NAME, TYPE,
VALIDATOR, CONVERTER, HELPER, VISIBILITY, SETTER, ORDER_SEQ, TABLE_NAME, FOOTER_SETTER,
HEADER_SETTER ) VALUES ( 
1000311, 1000310, 'PORTFOLIO_ID', 'Portfolio ID', 'Portfolio ID', 'Long', 'long', NULL
, NULL, 'reportHidden', NULL, 1, 'PORTFOLIO_ID', NULL, NULL); 
INSERT INTO ARCH_REPORT_COLUMN ( ID, REPORT_ID, LOGICAL_NAME, VISIBLE_NAME, FILTER_NAME, TYPE,
VALIDATOR, CONVERTER, HELPER, VISIBILITY, SETTER, ORDER_SEQ, TABLE_NAME, FOOTER_SETTER,
HEADER_SETTER ) VALUES ( 
1000312, 1000310, 'ORGANIZATION_ID', 'Organization ID', 'Organization ID', 'Long'
, 'long', NULL, NULL, 'reportHidden', NULL, 1, 'ORGANIZATION_ID', NULL, NULL); 
INSERT INTO ARCH_REPORT_COLUMN ( ID, REPORT_ID, LOGICAL_NAME, VISIBLE_NAME, FILTER_NAME, TYPE,
VALIDATOR, CONVERTER, HELPER, VISIBILITY, SETTER, ORDER_SEQ, TABLE_NAME, FOOTER_SETTER,
HEADER_SETTER ) VALUES ( 
1000313, 1000310, 'ORGANIZATION_NAME', 'Organization Name', 'Organization Name', 'String'
, 'string', NULL, NULL, NULL, NULL, 1, 'ORGANIZATION_NAME', NULL, NULL); 
INSERT INTO ARCH_REPORT_COLUMN ( ID, REPORT_ID, LOGICAL_NAME, VISIBLE_NAME, FILTER_NAME, TYPE,
VALIDATOR, CONVERTER, HELPER, VISIBILITY, SETTER, ORDER_SEQ, TABLE_NAME, FOOTER_SETTER,
HEADER_SETTER ) VALUES ( 
1000314, 1000310, 'PORTFOLIO_NAME', 'Portfolio Name', 'Portfolio Name', 'String', 'string'
, NULL, NULL, NULL, NULL, 2, 'PORTFOLIO_NAME', NULL, NULL); 
INSERT INTO ARCH_REPORT_COLUMN ( ID, REPORT_ID, LOGICAL_NAME, VISIBLE_NAME, FILTER_NAME, TYPE,
VALIDATOR, CONVERTER, HELPER, VISIBILITY, SETTER, ORDER_SEQ, TABLE_NAME, FOOTER_SETTER,
HEADER_SETTER ) VALUES ( 
1000315, 1000310, 'DESCRIPTION', 'Description', 'Description', 'String', 'string'
, NULL, NULL, NULL, NULL, 3, 'DESCRIPTION', NULL, NULL); 
INSERT INTO ARCH_REPORT_COLUMN ( ID, REPORT_ID, LOGICAL_NAME, VISIBLE_NAME, FILTER_NAME, TYPE,
VALIDATOR, CONVERTER, HELPER, VISIBILITY, SETTER, ORDER_SEQ, TABLE_NAME, FOOTER_SETTER,
HEADER_SETTER ) VALUES ( 
1000316, 1000310, 'STATUS_VAL', 'Status', 'Status', 'String', 'string', NULL, NULL
, NULL, NULL, 4, 'STATUS_VAL', NULL, NULL); 
INSERT INTO ARCH_REPORT_COLUMN ( ID, REPORT_ID, LOGICAL_NAME, VISIBLE_NAME, FILTER_NAME, TYPE,
VALIDATOR, CONVERTER, HELPER, VISIBILITY, SETTER, ORDER_SEQ, TABLE_NAME, FOOTER_SETTER,
HEADER_SETTER ) VALUES ( 
1000320, 1000320, 'TRADE_ID', 'Traiana Trade ID', 'Traiana Trade ID', 'Long', 'long'
, NULL, NULL, NULL, 'LINK:ctrep.lwp?g0_fCond==&g0_fName=TRADE_ID&g0_fOp=NONE&g0_fValue=$TRADE_ID&g0_fltr=0&g0_fId=0&g0_fParentId=-1&g0_fVisibility=0&ExecuteFromLink=ExecuteFromLink'
, 10, 'TRADE_ID', NULL, NULL); 
INSERT INTO ARCH_REPORT_COLUMN ( ID, REPORT_ID, LOGICAL_NAME, VISIBLE_NAME, FILTER_NAME, TYPE,
VALIDATOR, CONVERTER, HELPER, VISIBILITY, SETTER, ORDER_SEQ, TABLE_NAME, FOOTER_SETTER,
HEADER_SETTER ) VALUES ( 
1000321, 1000320, 'DIRECTION', 'B/S', 'Direction', 'String', 'string', NULL, 'FXPBNOEDirection'
, NULL, NULL, 20, 'DIRECTION', NULL, NULL); 
INSERT INTO ARCH_REPORT_COLUMN ( ID, REPORT_ID, LOGICAL_NAME, VISIBLE_NAME, FILTER_NAME, TYPE,
VALIDATOR, CONVERTER, HELPER, VISIBILITY, SETTER, ORDER_SEQ, TABLE_NAME, FOOTER_SETTER,
HEADER_SETTER ) VALUES ( 
1000322, 1000320, 'QUANTITY', 'Quantity', 'Quantity', 'Long', 'long', NULL, NULL, NULL
, 'double8', 30, 'QUANTITY', NULL, NULL); 
INSERT INTO ARCH_REPORT_COLUMN ( ID, REPORT_ID, LOGICAL_NAME, VISIBLE_NAME, FILTER_NAME, TYPE,
VALIDATOR, CONVERTER, HELPER, VISIBILITY, SETTER, ORDER_SEQ, TABLE_NAME, FOOTER_SETTER,
HEADER_SETTER ) VALUES ( 
1000323, 1000320, 'CCY1', 'Ccy1', 'Ccy1', 'String', 'string', NULL, 'FXPBCurrency'
, NULL, NULL, 40, 'CCY1', NULL, NULL); 
INSERT INTO ARCH_REPORT_COLUMN ( ID, REPORT_ID, LOGICAL_NAME, VISIBLE_NAME, FILTER_NAME, TYPE,
VALIDATOR, CONVERTER, HELPER, VISIBILITY, SETTER, ORDER_SEQ, TABLE_NAME, FOOTER_SETTER,
HEADER_SETTER ) VALUES ( 
1000324, 1000320, 'CCY2', 'Ccy2', 'Ccy2', 'String', 'string', NULL, 'FXPBCurrency'
, NULL, NULL, 50, 'CCY2', NULL, NULL); 
INSERT INTO ARCH_REPORT_COLUMN ( ID, REPORT_ID, LOGICAL_NAME, VISIBLE_NAME, FILTER_NAME, TYPE,
VALIDATOR, CONVERTER, HELPER, VISIBILITY, SETTER, ORDER_SEQ, TABLE_NAME, FOOTER_SETTER,
HEADER_SETTER ) VALUES ( 
1000325, 1000320, 'CALCULATED_FEE', 'USD fee', 'USD fee', 'Long', 'long', NULL, NULL
, NULL, 'double8', 60, 'CALCULATED_FEE', NULL, NULL); 
INSERT INTO ARCH_REPORT_COLUMN ( ID, REPORT_ID, LOGICAL_NAME, VISIBLE_NAME, FILTER_NAME, TYPE,
VALIDATOR, CONVERTER, HELPER, VISIBILITY, SETTER, ORDER_SEQ, TABLE_NAME, FOOTER_SETTER,
HEADER_SETTER ) VALUES ( 
1000326, 1000320, 'BILLING_TYPE', 'Billing Type', 'Billing Type', 'String', 'string'
, NULL, NULL, NULL, 'billingTypeSetter', 70, 'BILLING_TYPE', NULL, NULL); 
INSERT INTO ARCH_REPORT_COLUMN ( ID, REPORT_ID, LOGICAL_NAME, VISIBLE_NAME, FILTER_NAME, TYPE,
VALIDATOR, CONVERTER, HELPER, VISIBILITY, SETTER, ORDER_SEQ, TABLE_NAME, FOOTER_SETTER,
HEADER_SETTER ) VALUES ( 
1000327, 1000320, 'TRADE_DATE', 'Trade Date', 'Trade Date', 'Date', 'dateOrToday'
, NULL, NULL, NULL, NULL, 80, 'trunc(TRADE_DATE)', NULL, NULL); 
INSERT INTO ARCH_REPORT_COLUMN ( ID, REPORT_ID, LOGICAL_NAME, VISIBLE_NAME, FILTER_NAME, TYPE,
VALIDATOR, CONVERTER, HELPER, VISIBILITY, SETTER, ORDER_SEQ, TABLE_NAME, FOOTER_SETTER,
HEADER_SETTER ) VALUES ( 
1000328, 1000320, 'CLIENT', 'Client', 'Client', 'String', 'string', NULL, NULL, 'none'
, NULL, 90, 'CLIENT', NULL, NULL); 
INSERT INTO ARCH_REPORT_COLUMN ( ID, REPORT_ID, LOGICAL_NAME, VISIBLE_NAME, FILTER_NAME, TYPE,
VALIDATOR, CONVERTER, HELPER, VISIBILITY, SETTER, ORDER_SEQ, TABLE_NAME, FOOTER_SETTER,
HEADER_SETTER ) VALUES ( 
1000329, 1000320, 'FUND', 'Fund', 'Fund', 'String', 'string', NULL, NULL, NULL, 'fundVisibility'
, 15, 'FUND', NULL, NULL); 
INSERT INTO ARCH_REPORT_COLUMN ( ID, REPORT_ID, LOGICAL_NAME, VISIBLE_NAME, FILTER_NAME, TYPE,
VALIDATOR, CONVERTER, HELPER, VISIBILITY, SETTER, ORDER_SEQ, TABLE_NAME, FOOTER_SETTER,
HEADER_SETTER ) VALUES ( 
1000330, 1000320, 'IS_FUND', 'IS_FUND', 'IS_FUND', 'Long', 'long', NULL, NULL, 'none'
, 'isFund', 110, 'IS_FUND', NULL, NULL); 
INSERT INTO ARCH_REPORT_COLUMN ( ID, REPORT_ID, LOGICAL_NAME, VISIBLE_NAME, FILTER_NAME, TYPE,
VALIDATOR, CONVERTER, HELPER, VISIBILITY, SETTER, ORDER_SEQ, TABLE_NAME, FOOTER_SETTER,
HEADER_SETTER ) VALUES ( 
1000331, 1000320, 'PARENT_BILLING_ID', 'PARENT_BILLING_ID', 'PARENT_BILLING_ID', 'Long'
, 'long', NULL, NULL, 'none', NULL, 120, 'PARENT_BILLING_ID', NULL, NULL); 
INSERT INTO ARCH_REPORT_COLUMN ( ID, REPORT_ID, LOGICAL_NAME, VISIBLE_NAME, FILTER_NAME, TYPE,
VALIDATOR, CONVERTER, HELPER, VISIBILITY, SETTER, ORDER_SEQ, TABLE_NAME, FOOTER_SETTER,
HEADER_SETTER ) VALUES ( 
1000362, 1000364, 'ValueDate', 'Valuedate', 'Valuedate', 'Date', 'dateOrToday'
, NULL, NULL, NULL, NULL, 10, 'ValueDate', NULL, NULL); 
INSERT INTO ARCH_REPORT_COLUMN ( ID, REPORT_ID, LOGICAL_NAME, VISIBLE_NAME, FILTER_NAME, TYPE,
VALIDATOR, CONVERTER, HELPER, VISIBILITY, SETTER, ORDER_SEQ, TABLE_NAME, FOOTER_SETTER,
HEADER_SETTER ) VALUES ( 
1000363, 1000364, 'Currency', 'Currency', 'Currency', 'String', 'string', NULL, 'FXPBCurrency'
, NULL, NULL, 20, 'Currency', NULL, NULL); 
INSERT INTO ARCH_REPORT_COLUMN ( ID, REPORT_ID, LOGICAL_NAME, VISIBLE_NAME, FILTER_NAME, TYPE,
VALIDATOR, CONVERTER, HELPER, VISIBILITY, SETTER, ORDER_SEQ, TABLE_NAME, FOOTER_SETTER,
HEADER_SETTER ) VALUES ( 
1000364, 1000364, 'LongBooked', 'Longbooked', 'Longbooked', 'Double', 'double', NULL
, NULL, 'report', 'double8', 30, 'LongBooked', NULL, NULL); 
INSERT INTO ARCH_REPORT_COLUMN ( ID, REPORT_ID, LOGICAL_NAME, VISIBLE_NAME, FILTER_NAME, TYPE,
VALIDATOR, CONVERTER, HELPER, VISIBILITY, SETTER, ORDER_SEQ, TABLE_NAME, FOOTER_SETTER,
HEADER_SETTER ) VALUES ( 
1000365, 1000364, 'ShortBooked', 'Shortbooked', 'Shortbooked', 'Double', 'double'
, NULL, NULL, 'report', 'double8', 40, 'ShortBooked', NULL, NULL); 
INSERT INTO ARCH_REPORT_COLUMN ( ID, REPORT_ID, LOGICAL_NAME, VISIBLE_NAME, FILTER_NAME, TYPE,
VALIDATOR, CONVERTER, HELPER, VISIBILITY, SETTER, ORDER_SEQ, TABLE_NAME, FOOTER_SETTER,
HEADER_SETTER ) VALUES ( 
1000366, 1000364, 'NetBooked', 'Netbooked', 'Netbooked', 'Double', 'double', NULL
, NULL, 'report', 'double8', 50, 'NetBooked', NULL, NULL); 
INSERT INTO ARCH_REPORT_COLUMN ( ID, REPORT_ID, LOGICAL_NAME, VISIBLE_NAME, FILTER_NAME, TYPE,
VALIDATOR, CONVERTER, HELPER, VISIBILITY, SETTER, ORDER_SEQ, TABLE_NAME, FOOTER_SETTER,
HEADER_SETTER ) VALUES ( 
1000367, 1000364, 'LongTP', 'Longtp', 'Longtp', 'Double', 'double', NULL, NULL, 'report'
, 'double8', 60, 'LongTP', NULL, NULL); 
INSERT INTO ARCH_REPORT_COLUMN ( ID, REPORT_ID, LOGICAL_NAME, VISIBLE_NAME, FILTER_NAME, TYPE,
VALIDATOR, CONVERTER, HELPER, VISIBILITY, SETTER, ORDER_SEQ, TABLE_NAME, FOOTER_SETTER,
HEADER_SETTER ) VALUES ( 
1000368, 1000364, 'ShortTP', 'Shorttp', 'Shorttp', 'Double', 'double', NULL, NULL
, 'report', 'double8', 70, 'ShortTP', NULL, NULL); 
INSERT INTO ARCH_REPORT_COLUMN ( ID, REPORT_ID, LOGICAL_NAME, VISIBLE_NAME, FILTER_NAME, TYPE,
VALIDATOR, CONVERTER, HELPER, VISIBILITY, SETTER, ORDER_SEQ, TABLE_NAME, FOOTER_SETTER,
HEADER_SETTER ) VALUES ( 
1000369, 1000364, 'NetTP', 'Nettp', 'Nettp', 'Double', 'double', NULL, NULL, 'report'
, 'double8', 80, 'NetTP', NULL, NULL); 
INSERT INTO ARCH_REPORT_COLUMN ( ID, REPORT_ID, LOGICAL_NAME, VISIBLE_NAME, FILTER_NAME, TYPE,
VALIDATOR, CONVERTER, HELPER, VISIBILITY, SETTER, ORDER_SEQ, TABLE_NAME, FOOTER_SETTER,
HEADER_SETTER ) VALUES ( 
1000370, 1000364, 'LongDiff', 'Longdiff', 'Longdiff', 'Double', 'double', NULL, NULL
, 'report', 'double8', 90, 'LongDiff', NULL, NULL); 
INSERT INTO ARCH_REPORT_COLUMN ( ID, REPORT_ID, LOGICAL_NAME, VISIBLE_NAME, FILTER_NAME, TYPE,
VALIDATOR, CONVERTER, HELPER, VISIBILITY, SETTER, ORDER_SEQ, TABLE_NAME, FOOTER_SETTER,
HEADER_SETTER ) VALUES ( 
1000371, 1000364, 'ShortDiff', 'Shortdiff', 'Shortdiff', 'Double', 'double', NULL
, NULL, 'report', 'double8', 100, 'ShortDiff', NULL, NULL); 
INSERT INTO ARCH_REPORT_COLUMN ( ID, REPORT_ID, LOGICAL_NAME, VISIBLE_NAME, FILTER_NAME, TYPE,
VALIDATOR, CONVERTER, HELPER, VISIBILITY, SETTER, ORDER_SEQ, TABLE_NAME, FOOTER_SETTER,
HEADER_SETTER ) VALUES ( 
1000372, 1000364, 'NetDiff', 'Netdiff', 'Netdiff', 'Double', 'double', NULL, NULL
, 'report', 'double8', 110, 'NetDiff', NULL, NULL); 
INSERT INTO ARCH_REPORT_COLUMN ( ID, REPORT_ID, LOGICAL_NAME, VISIBLE_NAME, FILTER_NAME, TYPE,
VALIDATOR, CONVERTER, HELPER, VISIBILITY, SETTER, ORDER_SEQ, TABLE_NAME, FOOTER_SETTER,
HEADER_SETTER ) VALUES ( 
1000590, 1100405, 'IS_FUND', 'IS_FUND', 'IS_FUND', 'Long', 'long', NULL, NULL, 'none'
, 'isFund', 110, 'IS_FUND', NULL, NULL); 
INSERT INTO ARCH_REPORT_COLUMN ( ID, REPORT_ID, LOGICAL_NAME, VISIBLE_NAME, FILTER_NAME, TYPE,
VALIDATOR, CONVERTER, HELPER, VISIBILITY, SETTER, ORDER_SEQ, TABLE_NAME, FOOTER_SETTER,
HEADER_SETTER ) VALUES ( 
1001000, 1001000, 'ID', 'ID', 'ID', 'Long', 'long', NULL, NULL, NULL, NULL, 10, 'ID'
, NULL, NULL); 
INSERT INTO ARCH_REPORT_COLUMN ( ID, REPORT_ID, LOGICAL_NAME, VISIBLE_NAME, FILTER_NAME, TYPE,
VALIDATOR, CONVERTER, HELPER, VISIBILITY, SETTER, ORDER_SEQ, TABLE_NAME, FOOTER_SETTER,
HEADER_SETTER ) VALUES ( 
1001001, 1001000, 'APPROVAL', 'Approval', 'Approval', 'String', 'string', NULL, 'VFXPBNOEApprovalStatus'
, NULL, 'noeApproval', 40, 'APPROVAL', NULL, NULL); 
INSERT INTO ARCH_REPORT_COLUMN ( ID, REPORT_ID, LOGICAL_NAME, VISIBLE_NAME, FILTER_NAME, TYPE,
VALIDATOR, CONVERTER, HELPER, VISIBILITY, SETTER, ORDER_SEQ, TABLE_NAME, FOOTER_SETTER,
HEADER_SETTER ) VALUES ( 
1001002, 1001000, 'RECON', 'Reconciliation', 'Reconciliation', 'String', 'string'
, NULL, 'FXPBNOEReconStatus', NULL, 'noeRecon', 30, 'RECON', NULL, NULL); 
INSERT INTO ARCH_REPORT_COLUMN ( ID, REPORT_ID, LOGICAL_NAME, VISIBLE_NAME, FILTER_NAME, TYPE,
VALIDATOR, CONVERTER, HELPER, VISIBILITY, SETTER, ORDER_SEQ, TABLE_NAME, FOOTER_SETTER,
HEADER_SETTER ) VALUES ( 
1001003, 1001000, 'ALLOC', 'Allocation', 'Allocation', 'String', 'string', NULL, 'VFXPBNOEAllocStatus'
, NULL, 'noeAllocation', 20, 'ALLOC', NULL, NULL); 
INSERT INTO ARCH_REPORT_COLUMN ( ID, REPORT_ID, LOGICAL_NAME, VISIBLE_NAME, FILTER_NAME, TYPE,
VALIDATOR, CONVERTER, HELPER, VISIBILITY, SETTER, ORDER_SEQ, TABLE_NAME, FOOTER_SETTER,
HEADER_SETTER ) VALUES ( 
1001004, 1001000, 'LIFECYCLE', 'Life', 'Life', 'String', 'string', NULL, 'VFXPBNOELifeStatus'
, NULL, 'noeLifecycle', 50, 'LIFECYCLE', NULL, NULL); 
INSERT INTO ARCH_REPORT_COLUMN ( ID, REPORT_ID, LOGICAL_NAME, VISIBLE_NAME, FILTER_NAME, TYPE,
VALIDATOR, CONVERTER, HELPER, VISIBILITY, SETTER, ORDER_SEQ, TABLE_NAME, FOOTER_SETTER,
HEADER_SETTER ) VALUES ( 
1001005, 1001000, 'CREATION_DATE', 'Creation Date', 'Creation Date', 'Date', 'dateOrToday'
, NULL, NULL, NULL, NULL, 210, 'CREATION_DATE', NULL, NULL); 
INSERT INTO ARCH_REPORT_COLUMN ( ID, REPORT_ID, LOGICAL_NAME, VISIBLE_NAME, FILTER_NAME, TYPE,
VALIDATOR, CONVERTER, HELPER, VISIBILITY, SETTER, ORDER_SEQ, TABLE_NAME, FOOTER_SETTER,
HEADER_SETTER ) VALUES ( 
1001007, 1001000, 'SETTLEMENT_DATE', 'Settlement Date', 'Settlement Date', 'Date'
, 'dateOrToday', NULL, NULL, 'none', NULL, 220, 'trunc(SETTLEMENT_DATE)', NULL, NULL); 
INSERT INTO ARCH_REPORT_COLUMN ( ID, REPORT_ID, LOGICAL_NAME, VISIBLE_NAME, FILTER_NAME, TYPE,
VALIDATOR, CONVERTER, HELPER, VISIBILITY, SETTER, ORDER_SEQ, TABLE_NAME, FOOTER_SETTER,
HEADER_SETTER ) VALUES ( 
1001009, 1001000, 'TRADE_DATE', 'Trade Date', 'Trade Date', 'Date', 'dateOrToday'
, NULL, NULL, NULL, NULL, 200, 'trunc(TRADE_DATE)', NULL, NULL); 
INSERT INTO ARCH_REPORT_COLUMN ( ID, REPORT_ID, LOGICAL_NAME, VISIBLE_NAME, FILTER_NAME, TYPE,
VALIDATOR, CONVERTER, HELPER, VISIBILITY, SETTER, ORDER_SEQ, TABLE_NAME, FOOTER_SETTER,
HEADER_SETTER ) VALUES ( 
1001010, 1001000, 'RATE', 'Rate', 'Rate', 'Double', 'double', NULL, NULL, NULL, NULL
, 140, 'RATE', NULL, NULL); 
INSERT INTO ARCH_REPORT_COLUMN ( ID, REPORT_ID, LOGICAL_NAME, VISIBLE_NAME, FILTER_NAME, TYPE,
VALIDATOR, CONVERTER, HELPER, VISIBILITY, SETTER, ORDER_SEQ, TABLE_NAME, FOOTER_SETTER,
HEADER_SETTER ) VALUES ( 
1001011, 1001000, 'SIDE_A', 'Trading Firm', 'Trading Firm', 'String', 'string', NULL
, NULL, NULL, NULL, 60, 'SIDE_A', NULL, NULL); 
INSERT INTO ARCH_REPORT_COLUMN ( ID, REPORT_ID, LOGICAL_NAME, VISIBLE_NAME, FILTER_NAME, TYPE,
VALIDATOR, CONVERTER, HELPER, VISIBILITY, SETTER, ORDER_SEQ, TABLE_NAME, FOOTER_SETTER,
HEADER_SETTER ) VALUES ( 
1001012, 1001000, 'SIDE_B', 'Counter Party', 'Counter Party', 'String', 'string', NULL
, NULL, NULL, NULL, 70, 'SIDE_B', NULL, NULL); 
INSERT INTO ARCH_REPORT_COLUMN ( ID, REPORT_ID, LOGICAL_NAME, VISIBLE_NAME, FILTER_NAME, TYPE,
VALIDATOR, CONVERTER, HELPER, VISIBILITY, SETTER, ORDER_SEQ, TABLE_NAME, FOOTER_SETTER,
HEADER_SETTER ) VALUES ( 
1001013, 1001000, 'TRADER', 'Trader', 'Trader', 'String', 'string', NULL, NULL, NULL
, NULL, 190, 'TRADER', NULL, NULL); 
INSERT INTO ARCH_REPORT_COLUMN ( ID, REPORT_ID, LOGICAL_NAME, VISIBLE_NAME, FILTER_NAME, TYPE,
VALIDATOR, CONVERTER, HELPER, VISIBILITY, SETTER, ORDER_SEQ, TABLE_NAME, FOOTER_SETTER,
HEADER_SETTER ) VALUES ( 
1001014, 1001000, 'U_FAR_RATE', 'Far Rate', 'Far Rate', 'Double', 'double', NULL, NULL
, NULL, NULL, 170, 'U_FAR_RATE', NULL, NULL); 
INSERT INTO ARCH_REPORT_COLUMN ( ID, REPORT_ID, LOGICAL_NAME, VISIBLE_NAME, FILTER_NAME, TYPE,
VALIDATOR, CONVERTER, HELPER, VISIBILITY, SETTER, ORDER_SEQ, TABLE_NAME, FOOTER_SETTER,
HEADER_SETTER ) VALUES ( 
1001015, 1001000, 'BASE_CCY', 'Ccy2', 'Ccy2', 'String', 'string', NULL, 'FXPBCurrency'
, NULL, NULL, 120, 'BASE_CCY', NULL, NULL); 
INSERT INTO ARCH_REPORT_COLUMN ( ID, REPORT_ID, LOGICAL_NAME, VISIBLE_NAME, FILTER_NAME, TYPE,
VALIDATOR, CONVERTER, HELPER, VISIBILITY, SETTER, ORDER_SEQ, TABLE_NAME, FOOTER_SETTER,
HEADER_SETTER ) VALUES ( 
1001016, 1001000, 'SECONDARY_CCY', 'Ccy1', 'Ccy1', 'String', 'string', NULL, 'FXPBCurrency'
, NULL, NULL, 100, 'SECONDARY_CCY', NULL, NULL); 
INSERT INTO ARCH_REPORT_COLUMN ( ID, REPORT_ID, LOGICAL_NAME, VISIBLE_NAME, FILTER_NAME, TYPE,
VALIDATOR, CONVERTER, HELPER, VISIBILITY, SETTER, ORDER_SEQ, TABLE_NAME, FOOTER_SETTER,
HEADER_SETTER ) VALUES ( 
1001017, 1001000, 'CONTRACT_TYPE', 'Instr. Type', 'Instr. Type', 'String', 'string'
, NULL, 'FXPBContractType', NULL, NULL, 90, 'CONTRACT_TYPE', NULL, NULL); 
INSERT INTO ARCH_REPORT_COLUMN ( ID, REPORT_ID, LOGICAL_NAME, VISIBLE_NAME, FILTER_NAME, TYPE,
VALIDATOR, CONVERTER, HELPER, VISIBILITY, SETTER, ORDER_SEQ, TABLE_NAME, FOOTER_SETTER,
HEADER_SETTER ) VALUES ( 
1001018, 1001000, 'DIRECTION', 'B/S', 'Direction', 'String', 'string', NULL, 'FXPBNOEDirection'
, NULL, 'noeDirection', 80, 'DIRECTION', NULL, NULL); 
INSERT INTO ARCH_REPORT_COLUMN ( ID, REPORT_ID, LOGICAL_NAME, VISIBLE_NAME, FILTER_NAME, TYPE,
VALIDATOR, CONVERTER, HELPER, VISIBILITY, SETTER, ORDER_SEQ, TABLE_NAME, FOOTER_SETTER,
HEADER_SETTER ) VALUES ( 
1001019, 1001000, 'QUANTITY', 'Qty1', 'Qty1', 'Double', 'double', NULL, NULL, NULL
, 'double8', 110, 'QUANTITY', NULL, NULL); 
INSERT INTO ARCH_REPORT_COLUMN ( ID, REPORT_ID, LOGICAL_NAME, VISIBLE_NAME, FILTER_NAME, TYPE,
VALIDATOR, CONVERTER, HELPER, VISIBILITY, SETTER, ORDER_SEQ, TABLE_NAME, FOOTER_SETTER,
HEADER_SETTER ) VALUES ( 
1001020, 1001000, 'QUANTITY2', 'Qty2', 'Qty2', 'Double', 'double', NULL, NULL, NULL
, 'double8', 150, 'QUANTITY2', NULL, NULL); 
INSERT INTO ARCH_REPORT_COLUMN ( ID, REPORT_ID, LOGICAL_NAME, VISIBLE_NAME, FILTER_NAME, TYPE,
VALIDATOR, CONVERTER, HELPER, VISIBILITY, SETTER, ORDER_SEQ, TABLE_NAME, FOOTER_SETTER,
HEADER_SETTER ) VALUES ( 
1001021, 1001000, 'VALUE_DATE', 'Value Date', 'Value Date', 'Date', 'dateOrToday'
, NULL, NULL, NULL, NULL, 130, 'trunc(VALUE_DATE)', NULL, NULL); 
INSERT INTO ARCH_REPORT_COLUMN ( ID, REPORT_ID, LOGICAL_NAME, VISIBLE_NAME, FILTER_NAME, TYPE,
VALIDATOR, CONVERTER, HELPER, VISIBILITY, SETTER, ORDER_SEQ, TABLE_NAME, FOOTER_SETTER,
HEADER_SETTER ) VALUES ( 
1001022, 1001000, 'FAR_QUANTITY', 'Far Qty', 'Far Qty', 'Double', 'double', NULL, NULL
, NULL, 'double8', 175, 'FAR_QUANTITY', NULL, NULL); 
INSERT INTO ARCH_REPORT_COLUMN ( ID, REPORT_ID, LOGICAL_NAME, VISIBLE_NAME, FILTER_NAME, TYPE,
VALIDATOR, CONVERTER, HELPER, VISIBILITY, SETTER, ORDER_SEQ, TABLE_NAME, FOOTER_SETTER,
HEADER_SETTER ) VALUES ( 
1001023, 1001000, 'FAR_QUANTITY2', 'Far Qty2', 'Far Qty2', 'Double', 'double', NULL
, NULL, NULL, 'double8', 180, 'FAR_QUANTITY2', NULL, NULL); 
INSERT INTO ARCH_REPORT_COLUMN ( ID, REPORT_ID, LOGICAL_NAME, VISIBLE_NAME, FILTER_NAME, TYPE,
VALIDATOR, CONVERTER, HELPER, VISIBILITY, SETTER, ORDER_SEQ, TABLE_NAME, FOOTER_SETTER,
HEADER_SETTER ) VALUES ( 
1001024, 1001000, 'FAR_VALUE_DATE', 'Far Value Date', 'Far Value Date', 'Date', 'dateOrToday'
, NULL, NULL, NULL, NULL, 160, 'trunc(FAR_VALUE_DATE)', NULL, NULL); 
INSERT INTO ARCH_REPORT_COLUMN ( ID, REPORT_ID, LOGICAL_NAME, VISIBLE_NAME, FILTER_NAME, TYPE,
VALIDATOR, CONVERTER, HELPER, VISIBILITY, SETTER, ORDER_SEQ, TABLE_NAME, FOOTER_SETTER,
HEADER_SETTER ) VALUES ( 
1001026, 1001000, 'TRADE_TYPE', 'Trade Type', 'Trade Type', 'String', 'string', NULL
, 'FXPBTradeType', NULL, NULL, 240, 'TRADE_TYPE', NULL, NULL); 
INSERT INTO ARCH_REPORT_COLUMN ( ID, REPORT_ID, LOGICAL_NAME, VISIBLE_NAME, FILTER_NAME, TYPE,
VALIDATOR, CONVERTER, HELPER, VISIBILITY, SETTER, ORDER_SEQ, TABLE_NAME, FOOTER_SETTER,
HEADER_SETTER ) VALUES ( 
1001027, 1001000, 'CLIENT_REF', 'Client Ref', 'Client Ref', 'String', 'string', NULL
, NULL, NULL, NULL, 230, 'CLIENT_REF', NULL, NULL); 
INSERT INTO ARCH_REPORT_COLUMN ( ID, REPORT_ID, LOGICAL_NAME, VISIBLE_NAME, FILTER_NAME, TYPE,
VALIDATOR, CONVERTER, HELPER, VISIBILITY, SETTER, ORDER_SEQ, TABLE_NAME, FOOTER_SETTER,
HEADER_SETTER ) VALUES ( 
1001028, 1001000, 'NEW_NOE', 'New Giveup ID', 'New Giveup ID', 'Long', 'long', NULL
, NULL, 'filters', NULL, 250, 'NEW_NOE', NULL, NULL); 
INSERT INTO ARCH_REPORT_COLUMN ( ID, REPORT_ID, LOGICAL_NAME, VISIBLE_NAME, FILTER_NAME, TYPE,
VALIDATOR, CONVERTER, HELPER, VISIBILITY, SETTER, ORDER_SEQ, TABLE_NAME, FOOTER_SETTER,
HEADER_SETTER ) VALUES ( 
1001029, 1001000, 'OLD_NOE', 'Old  Giveup ID', 'Old  Giveup ID', 'Long', 'long', NULL
, NULL, 'filters', NULL, 260, 'OLD_NOE', NULL, NULL); 
INSERT INTO ARCH_REPORT_COLUMN ( ID, REPORT_ID, LOGICAL_NAME, VISIBLE_NAME, FILTER_NAME, TYPE,
VALIDATOR, CONVERTER, HELPER, VISIBILITY, SETTER, ORDER_SEQ, TABLE_NAME, FOOTER_SETTER,
HEADER_SETTER ) VALUES ( 
1001030, 1001000, 'IS_DUMMY', 'Dummy', 'Dummy', 'String', 'string', NULL, NULL, NULL
, NULL, 270, 'IS_DUMMY', NULL, NULL); 
INSERT INTO ARCH_REPORT_COLUMN ( ID, REPORT_ID, LOGICAL_NAME, VISIBLE_NAME, FILTER_NAME, TYPE,
VALIDATOR, CONVERTER, HELPER, VISIBILITY, SETTER, ORDER_SEQ, TABLE_NAME, FOOTER_SETTER,
HEADER_SETTER ) VALUES ( 
1001031, 1001000, 'AGREEMENT', 'Agreement', 'Agreement', 'String', 'string', NULL
, 'FXPBAgreement', NULL, NULL, 280, 'AGREEMENT', NULL, NULL); 
INSERT INTO ARCH_REPORT_COLUMN ( ID, REPORT_ID, LOGICAL_NAME, VISIBLE_NAME, FILTER_NAME, TYPE,
VALIDATOR, CONVERTER, HELPER, VISIBILITY, SETTER, ORDER_SEQ, TABLE_NAME, FOOTER_SETTER,
HEADER_SETTER ) VALUES ( 
1001032, 1001000, 'APPR_REASON', 'Approval Reason', 'Approval Reason', 'String', 'string'
, NULL, NULL, 'none', NULL, 281, 'APPR_REASON', NULL, NULL); 
INSERT INTO ARCH_REPORT_COLUMN ( ID, REPORT_ID, LOGICAL_NAME, VISIBLE_NAME, FILTER_NAME, TYPE,
VALIDATOR, CONVERTER, HELPER, VISIBILITY, SETTER, ORDER_SEQ, TABLE_NAME, FOOTER_SETTER,
HEADER_SETTER ) VALUES ( 
1001033, 1001000, 'TP_ROLE', 'TP Role', 'TP Role', 'String', 'string', NULL, NULL
, 'reportHidden', NULL, 290, 'TP_ROLE', NULL, NULL); 
INSERT INTO ARCH_REPORT_COLUMN ( ID, REPORT_ID, LOGICAL_NAME, VISIBLE_NAME, FILTER_NAME, TYPE,
VALIDATOR, CONVERTER, HELPER, VISIBILITY, SETTER, ORDER_SEQ, TABLE_NAME, FOOTER_SETTER,
HEADER_SETTER ) VALUES ( 
1002000, 1002000, 'ID', 'ID', 'ID', 'Long', 'long', NULL, NULL, NULL, NULL, 10, 'ID'
, NULL, NULL); 
INSERT INTO ARCH_REPORT_COLUMN ( ID, REPORT_ID, LOGICAL_NAME, VISIBLE_NAME, FILTER_NAME, TYPE,
VALIDATOR, CONVERTER, HELPER, VISIBILITY, SETTER, ORDER_SEQ, TABLE_NAME, FOOTER_SETTER,
HEADER_SETTER ) VALUES ( 
1002001, 1002000, 'APPROVAL', 'Approval', 'Approval', 'String', 'string', NULL, 'VFXPBNOEApprovalStatus'
, 'filters', NULL, 40, 'APPROVAL', NULL, NULL); 
INSERT INTO ARCH_REPORT_COLUMN ( ID, REPORT_ID, LOGICAL_NAME, VISIBLE_NAME, FILTER_NAME, TYPE,
VALIDATOR, CONVERTER, HELPER, VISIBILITY, SETTER, ORDER_SEQ, TABLE_NAME, FOOTER_SETTER,
HEADER_SETTER ) VALUES ( 
1002002, 1002000, 'RECON', 'Reconciliation', 'Reconciliation', 'String', 'string'
, NULL, 'FXPBNOEReconStatus', 'filters', NULL, 30, 'RECON', NULL, NULL); 
INSERT INTO ARCH_REPORT_COLUMN ( ID, REPORT_ID, LOGICAL_NAME, VISIBLE_NAME, FILTER_NAME, TYPE,
VALIDATOR, CONVERTER, HELPER, VISIBILITY, SETTER, ORDER_SEQ, TABLE_NAME, FOOTER_SETTER,
HEADER_SETTER ) VALUES ( 
1002003, 1002000, 'ALLOC', 'Allocation', 'Allocation', 'String', 'string', NULL, 'FXPBNOEAllocStatus'
, 'filters', NULL, 20, 'ALLOC', NULL, NULL); 
INSERT INTO ARCH_REPORT_COLUMN ( ID, REPORT_ID, LOGICAL_NAME, VISIBLE_NAME, FILTER_NAME, TYPE,
VALIDATOR, CONVERTER, HELPER, VISIBILITY, SETTER, ORDER_SEQ, TABLE_NAME, FOOTER_SETTER,
HEADER_SETTER ) VALUES ( 
1002004, 1002000, 'LIFECYCLE', 'Status', 'Life', 'String', 'string', NULL, 'VFXPBNOELifeStatus'
, NULL, 'noeLifecycle', 50, 'LIFECYCLE', NULL, NULL); 
INSERT INTO ARCH_REPORT_COLUMN ( ID, REPORT_ID, LOGICAL_NAME, VISIBLE_NAME, FILTER_NAME, TYPE,
VALIDATOR, CONVERTER, HELPER, VISIBILITY, SETTER, ORDER_SEQ, TABLE_NAME, FOOTER_SETTER,
HEADER_SETTER ) VALUES ( 
1002005, 1002000, 'CREATION_DATE', 'Creation Date', 'Creation Date', 'Date', 'dateOrToday'
, NULL, NULL, NULL, NULL, 210, 'CREATION_DATE', NULL, NULL); 
INSERT INTO ARCH_REPORT_COLUMN ( ID, REPORT_ID, LOGICAL_NAME, VISIBLE_NAME, FILTER_NAME, TYPE,
VALIDATOR, CONVERTER, HELPER, VISIBILITY, SETTER, ORDER_SEQ, TABLE_NAME, FOOTER_SETTER,
HEADER_SETTER ) VALUES ( 
1002007, 1002000, 'SETTLEMENT_DATE', 'Settlement Date', 'Settlement Date', 'Date'
, 'dateOrToday', NULL, NULL, 'none', NULL, 220, 'trunc(SETTLEMENT_DATE)', NULL
, NULL); 
INSERT INTO ARCH_REPORT_COLUMN ( ID, REPORT_ID, LOGICAL_NAME, VISIBLE_NAME, FILTER_NAME, TYPE,
VALIDATOR, CONVERTER, HELPER, VISIBILITY, SETTER, ORDER_SEQ, TABLE_NAME, FOOTER_SETTER,
HEADER_SETTER ) VALUES ( 
1002009, 1002000, 'TRADE_DATE', 'Trade Date', 'Trade Date', 'Date', 'dateOrToday'
, NULL, NULL, NULL, NULL, 200, 'trunc(TRADE_DATE)', NULL, NULL); 
INSERT INTO ARCH_REPORT_COLUMN ( ID, REPORT_ID, LOGICAL_NAME, VISIBLE_NAME, FILTER_NAME, TYPE,
VALIDATOR, CONVERTER, HELPER, VISIBILITY, SETTER, ORDER_SEQ, TABLE_NAME, FOOTER_SETTER,
HEADER_SETTER ) VALUES ( 
1002010, 1002000, 'RATE', 'Rate', 'Rate', 'Double', 'double', NULL, NULL, NULL, NULL
, 140, 'RATE', NULL, NULL); 
INSERT INTO ARCH_REPORT_COLUMN ( ID, REPORT_ID, LOGICAL_NAME, VISIBLE_NAME, FILTER_NAME, TYPE,
VALIDATOR, CONVERTER, HELPER, VISIBILITY, SETTER, ORDER_SEQ, TABLE_NAME, FOOTER_SETTER,
HEADER_SETTER ) VALUES ( 
1002011, 1002000, 'SIDE_A', 'Trading Firm', 'Trading Firm', 'String', 'string', NULL
, NULL, NULL, NULL, 60, 'SIDE_A', NULL, NULL); 
INSERT INTO ARCH_REPORT_COLUMN ( ID, REPORT_ID, LOGICAL_NAME, VISIBLE_NAME, FILTER_NAME, TYPE,
VALIDATOR, CONVERTER, HELPER, VISIBILITY, SETTER, ORDER_SEQ, TABLE_NAME, FOOTER_SETTER,
HEADER_SETTER ) VALUES ( 
1002012, 1002000, 'SIDE_B', 'Counter Party', 'Counter Party', 'String', 'string', NULL
, NULL, NULL, NULL, 70, 'SIDE_B', NULL, NULL); 
INSERT INTO ARCH_REPORT_COLUMN ( ID, REPORT_ID, LOGICAL_NAME, VISIBLE_NAME, FILTER_NAME, TYPE,
VALIDATOR, CONVERTER, HELPER, VISIBILITY, SETTER, ORDER_SEQ, TABLE_NAME, FOOTER_SETTER,
HEADER_SETTER ) VALUES ( 
1002013, 1002000, 'TRADER', 'Trader', 'Trader', 'String', 'string', NULL, NULL, NULL
, NULL, 190, 'TRADER', NULL, NULL); 
INSERT INTO ARCH_REPORT_COLUMN ( ID, REPORT_ID, LOGICAL_NAME, VISIBLE_NAME, FILTER_NAME, TYPE,
VALIDATOR, CONVERTER, HELPER, VISIBILITY, SETTER, ORDER_SEQ, TABLE_NAME, FOOTER_SETTER,
HEADER_SETTER ) VALUES ( 
1002014, 1002000, 'U_FAR_RATE', 'Far Rate', 'Far Rate', 'Double', 'double', NULL, NULL
, NULL, NULL, 170, 'U_FAR_RATE', NULL, NULL); 
INSERT INTO ARCH_REPORT_COLUMN ( ID, REPORT_ID, LOGICAL_NAME, VISIBLE_NAME, FILTER_NAME, TYPE,
VALIDATOR, CONVERTER, HELPER, VISIBILITY, SETTER, ORDER_SEQ, TABLE_NAME, FOOTER_SETTER,
HEADER_SETTER ) VALUES ( 
1002015, 1002000, 'BASE_CCY', 'Ccy2', 'Ccy2', 'String', 'string', NULL, 'FXPBCurrency'
, NULL, NULL, 120, 'BASE_CCY', NULL, NULL); 
INSERT INTO ARCH_REPORT_COLUMN ( ID, REPORT_ID, LOGICAL_NAME, VISIBLE_NAME, FILTER_NAME, TYPE,
VALIDATOR, CONVERTER, HELPER, VISIBILITY, SETTER, ORDER_SEQ, TABLE_NAME, FOOTER_SETTER,
HEADER_SETTER ) VALUES ( 
1002016, 1002000, 'SECONDARY_CCY', 'Ccy1', 'Ccy1', 'String', 'string', NULL, 'FXPBCurrency'
, NULL, NULL, 100, 'SECONDARY_CCY', NULL, NULL); 
INSERT INTO ARCH_REPORT_COLUMN ( ID, REPORT_ID, LOGICAL_NAME, VISIBLE_NAME, FILTER_NAME, TYPE,
VALIDATOR, CONVERTER, HELPER, VISIBILITY, SETTER, ORDER_SEQ, TABLE_NAME, FOOTER_SETTER,
HEADER_SETTER ) VALUES ( 
1002017, 1002000, 'CONTRACT_TYPE', 'Instr. Type', 'Instr. Type', 'String', 'string'
, NULL, 'FXPBContractType', NULL, NULL, 90, 'CONTRACT_TYPE', NULL, NULL); 
INSERT INTO ARCH_REPORT_COLUMN ( ID, REPORT_ID, LOGICAL_NAME, VISIBLE_NAME, FILTER_NAME, TYPE,
VALIDATOR, CONVERTER, HELPER, VISIBILITY, SETTER, ORDER_SEQ, TABLE_NAME, FOOTER_SETTER,
HEADER_SETTER ) VALUES ( 
1002018, 1002000, 'DIRECTION', 'Direction', 'Direction', 'String', 'string', NULL
, 'FXPBNOEDirection', NULL, NULL, 80, 'DIRECTION', NULL, NULL); 
INSERT INTO ARCH_REPORT_COLUMN ( ID, REPORT_ID, LOGICAL_NAME, VISIBLE_NAME, FILTER_NAME, TYPE,
VALIDATOR, CONVERTER, HELPER, VISIBILITY, SETTER, ORDER_SEQ, TABLE_NAME, FOOTER_SETTER,
HEADER_SETTER ) VALUES ( 
1002019, 1002000, 'QUANTITY', 'Qty1', 'Qty1', 'Double', 'double', NULL, NULL, NULL
, 'double8', 110, 'QUANTITY', NULL, NULL); 
INSERT INTO ARCH_REPORT_COLUMN ( ID, REPORT_ID, LOGICAL_NAME, VISIBLE_NAME, FILTER_NAME, TYPE,
VALIDATOR, CONVERTER, HELPER, VISIBILITY, SETTER, ORDER_SEQ, TABLE_NAME, FOOTER_SETTER,
HEADER_SETTER ) VALUES ( 
1002020, 1002000, 'QUANTITY2', 'Qty2', 'Qty2', 'Double', 'double', NULL, NULL, NULL
, 'double8', 150, 'QUANTITY2', NULL, NULL); 
INSERT INTO ARCH_REPORT_COLUMN ( ID, REPORT_ID, LOGICAL_NAME, VISIBLE_NAME, FILTER_NAME, TYPE,
VALIDATOR, CONVERTER, HELPER, VISIBILITY, SETTER, ORDER_SEQ, TABLE_NAME, FOOTER_SETTER,
HEADER_SETTER ) VALUES ( 
1002021, 1002000, 'VALUE_DATE', 'Value Date', 'Value Date', 'Date', 'dateOrToday'
, NULL, NULL, NULL, NULL, 130, 'trunc(VALUE_DATE)', NULL, NULL); 
INSERT INTO ARCH_REPORT_COLUMN ( ID, REPORT_ID, LOGICAL_NAME, VISIBLE_NAME, FILTER_NAME, TYPE,
VALIDATOR, CONVERTER, HELPER, VISIBILITY, SETTER, ORDER_SEQ, TABLE_NAME, FOOTER_SETTER,
HEADER_SETTER ) VALUES ( 
1002022, 1002000, 'FAR_QUANTITY', 'Far Qty', 'Far Qty', 'Double', 'double', NULL, NULL
, NULL, 'double8', 175, 'FAR_QUANTITY', NULL, NULL); 
INSERT INTO ARCH_REPORT_COLUMN ( ID, REPORT_ID, LOGICAL_NAME, VISIBLE_NAME, FILTER_NAME, TYPE,
VALIDATOR, CONVERTER, HELPER, VISIBILITY, SETTER, ORDER_SEQ, TABLE_NAME, FOOTER_SETTER,
HEADER_SETTER ) VALUES ( 
1002023, 1002000, 'FAR_QUANTITY2', 'Far Qty2', 'Far Qty2', 'Double', 'double', NULL
, NULL, NULL, 'double8', 180, 'FAR_QUANTITY2', NULL, NULL); 
INSERT INTO ARCH_REPORT_COLUMN ( ID, REPORT_ID, LOGICAL_NAME, VISIBLE_NAME, FILTER_NAME, TYPE,
VALIDATOR, CONVERTER, HELPER, VISIBILITY, SETTER, ORDER_SEQ, TABLE_NAME, FOOTER_SETTER,
HEADER_SETTER ) VALUES ( 
1002024, 1002000, 'FAR_VALUE_DATE', 'Far Value Date', 'Far Value Date', 'Date', 'dateOrToday'
, NULL, NULL, NULL, NULL, 160, 'trunc(FAR_VALUE_DATE)', NULL, NULL); 
INSERT INTO ARCH_REPORT_COLUMN ( ID, REPORT_ID, LOGICAL_NAME, VISIBLE_NAME, FILTER_NAME, TYPE,
VALIDATOR, CONVERTER, HELPER, VISIBILITY, SETTER, ORDER_SEQ, TABLE_NAME, FOOTER_SETTER,
HEADER_SETTER ) VALUES ( 
1002026, 1002000, 'TRADE_TYPE', 'Trade Type', 'Trade Type', 'String', 'string', NULL
, 'FXPBTradeType', NULL, NULL, 240, 'TRADE_TYPE', NULL, NULL); 
INSERT INTO ARCH_REPORT_COLUMN ( ID, REPORT_ID, LOGICAL_NAME, VISIBLE_NAME, FILTER_NAME, TYPE,
VALIDATOR, CONVERTER, HELPER, VISIBILITY, SETTER, ORDER_SEQ, TABLE_NAME, FOOTER_SETTER,
HEADER_SETTER ) VALUES ( 
1002027, 1002000, 'CLIENT_REF', 'Client Ref', 'Client Ref', 'String', 'string', NULL
, NULL, NULL, NULL, 230, 'CLIENT_REF', NULL, NULL); 
INSERT INTO ARCH_REPORT_COLUMN ( ID, REPORT_ID, LOGICAL_NAME, VISIBLE_NAME, FILTER_NAME, TYPE,
VALIDATOR, CONVERTER, HELPER, VISIBILITY, SETTER, ORDER_SEQ, TABLE_NAME, FOOTER_SETTER,
HEADER_SETTER ) VALUES ( 
1002028, 1002000, 'NEW_NOE', 'New Noe ID', 'New Noe ID', 'Long', 'long', NULL, NULL
, 'filters', NULL, 250, 'NEW_NOE', NULL, NULL); 
INSERT INTO ARCH_REPORT_COLUMN ( ID, REPORT_ID, LOGICAL_NAME, VISIBLE_NAME, FILTER_NAME, TYPE,
VALIDATOR, CONVERTER, HELPER, VISIBILITY, SETTER, ORDER_SEQ, TABLE_NAME, FOOTER_SETTER,
HEADER_SETTER ) VALUES ( 
1002029, 1002000, 'OLD_NOE', 'Old Noe ID', 'Old Noe ID', 'Long', 'long', NULL, NULL
, 'filters', NULL, 260, 'OLD_NOE', NULL, NULL); 
INSERT INTO ARCH_REPORT_COLUMN ( ID, REPORT_ID, LOGICAL_NAME, VISIBLE_NAME, FILTER_NAME, TYPE,
VALIDATOR, CONVERTER, HELPER, VISIBILITY, SETTER, ORDER_SEQ, TABLE_NAME, FOOTER_SETTER,
HEADER_SETTER ) VALUES ( 
1002030, 1002000, 'IS_DUMMY', 'Dummy', 'Dummy', 'String', 'string', NULL, NULL, NULL
, NULL, 270, 'IS_DUMMY', NULL, NULL); 
INSERT INTO ARCH_REPORT_COLUMN ( ID, REPORT_ID, LOGICAL_NAME, VISIBLE_NAME, FILTER_NAME, TYPE,
VALIDATOR, CONVERTER, HELPER, VISIBILITY, SETTER, ORDER_SEQ, TABLE_NAME, FOOTER_SETTER,
HEADER_SETTER ) VALUES ( 
1002031, 1002000, 'AGREEMENT', 'Agreement', 'Agreement', 'String', 'string', NULL
, 'FXPBAgreement', NULL, NULL, 280, 'AGREEMENT', NULL, NULL); 
INSERT INTO ARCH_REPORT_COLUMN ( ID, REPORT_ID, LOGICAL_NAME, VISIBLE_NAME, FILTER_NAME, TYPE,
VALIDATOR, CONVERTER, HELPER, VISIBILITY, SETTER, ORDER_SEQ, TABLE_NAME, FOOTER_SETTER,
HEADER_SETTER ) VALUES ( 
1003000, 1003000, 'ID', 'ID', 'ID', 'Long', 'long', NULL, NULL, NULL, 'LINK:noe.lwp?hiddenNoeId=$ID&RetrieveNoe=RetrieveNoe&NoeCurTab=SelectNoeTab'
, 10, 'ID', NULL, 'nosort'); 
INSERT INTO ARCH_REPORT_COLUMN ( ID, REPORT_ID, LOGICAL_NAME, VISIBLE_NAME, FILTER_NAME, TYPE,
VALIDATOR, CONVERTER, HELPER, VISIBILITY, SETTER, ORDER_SEQ, TABLE_NAME, FOOTER_SETTER,
HEADER_SETTER ) VALUES ( 
1003001, 1003000, 'APPROVAL', 'Approval', 'Approval', 'String', 'string', NULL, 'VFXPBNOEApprovalStatus'
, 'filters', NULL, 40, 'APPROVAL', NULL, NULL); 
INSERT INTO ARCH_REPORT_COLUMN ( ID, REPORT_ID, LOGICAL_NAME, VISIBLE_NAME, FILTER_NAME, TYPE,
VALIDATOR, CONVERTER, HELPER, VISIBILITY, SETTER, ORDER_SEQ, TABLE_NAME, FOOTER_SETTER,
HEADER_SETTER ) VALUES ( 
1003002, 1003000, 'RECON', 'Reconciliation', 'Reconciliation', 'String', 'string'
, NULL, 'FXPBNOEReconStatus', 'filters', NULL, 30, 'RECON', NULL, NULL); 
INSERT INTO ARCH_REPORT_COLUMN ( ID, REPORT_ID, LOGICAL_NAME, VISIBLE_NAME, FILTER_NAME, TYPE,
VALIDATOR, CONVERTER, HELPER, VISIBILITY, SETTER, ORDER_SEQ, TABLE_NAME, FOOTER_SETTER,
HEADER_SETTER ) VALUES ( 
1003003, 1003000, 'ALLOC', 'Allocation', 'Allocation', 'String', 'string', NULL, 'FXPBNOEAllocStatus'
, 'filters', NULL, 20, 'ALLOC', NULL, NULL); 
INSERT INTO ARCH_REPORT_COLUMN ( ID, REPORT_ID, LOGICAL_NAME, VISIBLE_NAME, FILTER_NAME, TYPE,
VALIDATOR, CONVERTER, HELPER, VISIBILITY, SETTER, ORDER_SEQ, TABLE_NAME, FOOTER_SETTER,
HEADER_SETTER ) VALUES ( 
1003004, 1003000, 'LIFECYCLE', 'Status', 'Life', 'String', 'string', NULL, 'VFXPBNOELifeStatus'
, NULL, 'noeLifecycle', 50, 'LIFECYCLE', NULL, NULL); 
INSERT INTO ARCH_REPORT_COLUMN ( ID, REPORT_ID, LOGICAL_NAME, VISIBLE_NAME, FILTER_NAME, TYPE,
VALIDATOR, CONVERTER, HELPER, VISIBILITY, SETTER, ORDER_SEQ, TABLE_NAME, FOOTER_SETTER,
HEADER_SETTER ) VALUES ( 
1003005, 1003000, 'CREATION_DATE', 'Creation Date', 'Creation Date', 'Date', 'dateOrToday'
, NULL, NULL, NULL, NULL, 210, 'CREATION_DATE', NULL, 'nosort'); 
INSERT INTO ARCH_REPORT_COLUMN ( ID, REPORT_ID, LOGICAL_NAME, VISIBLE_NAME, FILTER_NAME, TYPE,
VALIDATOR, CONVERTER, HELPER, VISIBILITY, SETTER, ORDER_SEQ, TABLE_NAME, FOOTER_SETTER,
HEADER_SETTER ) VALUES ( 
1003007, 1003000, 'SETTLEMENT_DATE', 'Settlement Date', 'Settlement Date', 'Date'
, 'dateOrToday', NULL, NULL, 'none', NULL, 220, 'trunc(SETTLEMENT_DATE)', NULL
, NULL); 
INSERT INTO ARCH_REPORT_COLUMN ( ID, REPORT_ID, LOGICAL_NAME, VISIBLE_NAME, FILTER_NAME, TYPE,
VALIDATOR, CONVERTER, HELPER, VISIBILITY, SETTER, ORDER_SEQ, TABLE_NAME, FOOTER_SETTER,
HEADER_SETTER ) VALUES ( 
1003009, 1003000, 'TRADE_DATE', 'Trade Date', 'Trade Date', 'Date', 'dateOrToday'
, NULL, NULL, NULL, NULL, 200, 'trunc(TRADE_DATE)', NULL, 'nosort'); 
INSERT INTO ARCH_REPORT_COLUMN ( ID, REPORT_ID, LOGICAL_NAME, VISIBLE_NAME, FILTER_NAME, TYPE,
VALIDATOR, CONVERTER, HELPER, VISIBILITY, SETTER, ORDER_SEQ, TABLE_NAME, FOOTER_SETTER,
HEADER_SETTER ) VALUES ( 
1003010, 1003000, 'RATE', 'Rate', 'Rate', 'Double', 'double', NULL, NULL, NULL, NULL
, 140, 'RATE', NULL, 'nosort'); 
INSERT INTO ARCH_REPORT_COLUMN ( ID, REPORT_ID, LOGICAL_NAME, VISIBLE_NAME, FILTER_NAME, TYPE,
VALIDATOR, CONVERTER, HELPER, VISIBILITY, SETTER, ORDER_SEQ, TABLE_NAME, FOOTER_SETTER,
HEADER_SETTER ) VALUES ( 
1003011, 1003000, 'SIDE_A', 'Trading Firm', 'Trading Firm', 'String', 'string', NULL
, NULL, NULL, NULL, 60, 'SIDE_A', NULL, 'nosort'); 
INSERT INTO ARCH_REPORT_COLUMN ( ID, REPORT_ID, LOGICAL_NAME, VISIBLE_NAME, FILTER_NAME, TYPE,
VALIDATOR, CONVERTER, HELPER, VISIBILITY, SETTER, ORDER_SEQ, TABLE_NAME, FOOTER_SETTER,
HEADER_SETTER ) VALUES ( 
1003012, 1003000, 'SIDE_B', 'Counter Party', 'Counter Party', 'String', 'string', NULL
, NULL, NULL, NULL, 70, 'SIDE_B', NULL, 'nosort'); 
INSERT INTO ARCH_REPORT_COLUMN ( ID, REPORT_ID, LOGICAL_NAME, VISIBLE_NAME, FILTER_NAME, TYPE,
VALIDATOR, CONVERTER, HELPER, VISIBILITY, SETTER, ORDER_SEQ, TABLE_NAME, FOOTER_SETTER,
HEADER_SETTER ) VALUES ( 
1003013, 1003000, 'TRADER', 'Trader', 'Trader', 'String', 'string', NULL, NULL, NULL
, NULL, 190, 'TRADER', NULL, 'nosort'); 
INSERT INTO ARCH_REPORT_COLUMN ( ID, REPORT_ID, LOGICAL_NAME, VISIBLE_NAME, FILTER_NAME, TYPE,
VALIDATOR, CONVERTER, HELPER, VISIBILITY, SETTER, ORDER_SEQ, TABLE_NAME, FOOTER_SETTER,
HEADER_SETTER ) VALUES ( 
1003014, 1003000, 'U_FAR_RATE', 'Far Rate', 'Far Rate', 'Double', 'double', NULL, NULL
, NULL, NULL, 170, 'U_FAR_RATE', NULL, 'nosort'); 
INSERT INTO ARCH_REPORT_COLUMN ( ID, REPORT_ID, LOGICAL_NAME, VISIBLE_NAME, FILTER_NAME, TYPE,
VALIDATOR, CONVERTER, HELPER, VISIBILITY, SETTER, ORDER_SEQ, TABLE_NAME, FOOTER_SETTER,
HEADER_SETTER ) VALUES ( 
1003015, 1003000, 'BASE_CCY', 'Ccy2', 'Ccy2', 'String', 'string', NULL, 'FXPBCurrency'
, NULL, NULL, 120, 'BASE_CCY', NULL, 'nosort'); 
INSERT INTO ARCH_REPORT_COLUMN ( ID, REPORT_ID, LOGICAL_NAME, VISIBLE_NAME, FILTER_NAME, TYPE,
VALIDATOR, CONVERTER, HELPER, VISIBILITY, SETTER, ORDER_SEQ, TABLE_NAME, FOOTER_SETTER,
HEADER_SETTER ) VALUES ( 
1003016, 1003000, 'SECONDARY_CCY', 'Ccy1', 'Ccy1', 'String', 'string', NULL, 'FXPBCurrency'
, NULL, NULL, 100, 'SECONDARY_CCY', NULL, 'nosort'); 
INSERT INTO ARCH_REPORT_COLUMN ( ID, REPORT_ID, LOGICAL_NAME, VISIBLE_NAME, FILTER_NAME, TYPE,
VALIDATOR, CONVERTER, HELPER, VISIBILITY, SETTER, ORDER_SEQ, TABLE_NAME, FOOTER_SETTER,
HEADER_SETTER ) VALUES ( 
1003017, 1003000, 'CONTRACT_TYPE', 'Instr. Type', 'Instr. Type', 'String', 'string'
, NULL, 'FXPBContractType', NULL, NULL, 90, 'CONTRACT_TYPE', NULL, 'nosort'); 
INSERT INTO ARCH_REPORT_COLUMN ( ID, REPORT_ID, LOGICAL_NAME, VISIBLE_NAME, FILTER_NAME, TYPE,
VALIDATOR, CONVERTER, HELPER, VISIBILITY, SETTER, ORDER_SEQ, TABLE_NAME, FOOTER_SETTER,
HEADER_SETTER ) VALUES ( 
1003018, 1003000, 'DIRECTION', 'Direction', 'Direction', 'String', 'string', NULL
, 'FXPBNOEDirection', NULL, NULL, 80, 'DIRECTION', NULL, 'nosort'); 
INSERT INTO ARCH_REPORT_COLUMN ( ID, REPORT_ID, LOGICAL_NAME, VISIBLE_NAME, FILTER_NAME, TYPE,
VALIDATOR, CONVERTER, HELPER, VISIBILITY, SETTER, ORDER_SEQ, TABLE_NAME, FOOTER_SETTER,
HEADER_SETTER ) VALUES ( 
1003019, 1003000, 'QUANTITY', 'Qty1', 'Qty1', 'Double', 'double', NULL, NULL, NULL
, 'double8', 110, 'QUANTITY', NULL, 'nosort'); 
INSERT INTO ARCH_REPORT_COLUMN ( ID, REPORT_ID, LOGICAL_NAME, VISIBLE_NAME, FILTER_NAME, TYPE,
VALIDATOR, CONVERTER, HELPER, VISIBILITY, SETTER, ORDER_SEQ, TABLE_NAME, FOOTER_SETTER,
HEADER_SETTER ) VALUES ( 
1003020, 1003000, 'QUANTITY2', 'Qty2', 'Qty2', 'Double', 'double', NULL, NULL, NULL
, 'double8', 150, 'QUANTITY2', NULL, 'nosort'); 
INSERT INTO ARCH_REPORT_COLUMN ( ID, REPORT_ID, LOGICAL_NAME, VISIBLE_NAME, FILTER_NAME, TYPE,
VALIDATOR, CONVERTER, HELPER, VISIBILITY, SETTER, ORDER_SEQ, TABLE_NAME, FOOTER_SETTER,
HEADER_SETTER ) VALUES ( 
1003021, 1003000, 'VALUE_DATE', 'Value Date', 'Value Date', 'Date', 'dateOrToday'
, NULL, NULL, NULL, NULL, 130, 'trunc(VALUE_DATE)', NULL, 'nosort'); 
INSERT INTO ARCH_REPORT_COLUMN ( ID, REPORT_ID, LOGICAL_NAME, VISIBLE_NAME, FILTER_NAME, TYPE,
VALIDATOR, CONVERTER, HELPER, VISIBILITY, SETTER, ORDER_SEQ, TABLE_NAME, FOOTER_SETTER,
HEADER_SETTER ) VALUES ( 
1003022, 1003000, 'FAR_QUANTITY', 'Far Qty', 'Far Qty', 'Double', 'double', NULL, NULL
, NULL, 'double8', 175, 'FAR_QUANTITY', NULL, 'nosort'); 
INSERT INTO ARCH_REPORT_COLUMN ( ID, REPORT_ID, LOGICAL_NAME, VISIBLE_NAME, FILTER_NAME, TYPE,
VALIDATOR, CONVERTER, HELPER, VISIBILITY, SETTER, ORDER_SEQ, TABLE_NAME, FOOTER_SETTER,
HEADER_SETTER ) VALUES ( 
1003023, 1003000, 'FAR_QUANTITY2', 'Far Qty2', 'Far Qty2', 'Double', 'double', NULL
, NULL, NULL, 'double8', 180, 'FAR_QUANTITY2', NULL, 'nosort'); 
INSERT INTO ARCH_REPORT_COLUMN ( ID, REPORT_ID, LOGICAL_NAME, VISIBLE_NAME, FILTER_NAME, TYPE,
VALIDATOR, CONVERTER, HELPER, VISIBILITY, SETTER, ORDER_SEQ, TABLE_NAME, FOOTER_SETTER,
HEADER_SETTER ) VALUES ( 
1003024, 1003000, 'FAR_VALUE_DATE', 'Far Value Date', 'Far Value Date', 'Date', 'dateOrToday'
, NULL, NULL, NULL, NULL, 160, 'trunc(FAR_VALUE_DATE)', NULL, 'nosort'); 
INSERT INTO ARCH_REPORT_COLUMN ( ID, REPORT_ID, LOGICAL_NAME, VISIBLE_NAME, FILTER_NAME, TYPE,
VALIDATOR, CONVERTER, HELPER, VISIBILITY, SETTER, ORDER_SEQ, TABLE_NAME, FOOTER_SETTER,
HEADER_SETTER ) VALUES ( 
1003026, 1003000, 'TRADE_TYPE', 'Trade Type', 'Trade Type', 'String', 'string', NULL
, 'FXPBTradeType', NULL, NULL, 240, 'TRADE_TYPE', NULL, 'nosort'); 
INSERT INTO ARCH_REPORT_COLUMN ( ID, REPORT_ID, LOGICAL_NAME, VISIBLE_NAME, FILTER_NAME, TYPE,
VALIDATOR, CONVERTER, HELPER, VISIBILITY, SETTER, ORDER_SEQ, TABLE_NAME, FOOTER_SETTER,
HEADER_SETTER ) VALUES ( 
1003027, 1003000, 'CLIENT_REF', 'Client Ref', 'Client Ref', 'String', 'string', NULL
, NULL, NULL, NULL, 230, 'CLIENT_REF', NULL, 'nosort'); 
INSERT INTO ARCH_REPORT_COLUMN ( ID, REPORT_ID, LOGICAL_NAME, VISIBLE_NAME, FILTER_NAME, TYPE,
VALIDATOR, CONVERTER, HELPER, VISIBILITY, SETTER, ORDER_SEQ, TABLE_NAME, FOOTER_SETTER,
HEADER_SETTER ) VALUES ( 
1003028, 1003000, 'NEW_NOE', 'New Noe ID', 'New Noe ID', 'Long', 'long', NULL, NULL
, 'filters', NULL, 250, 'NEW_NOE', NULL, NULL); 
INSERT INTO ARCH_REPORT_COLUMN ( ID, REPORT_ID, LOGICAL_NAME, VISIBLE_NAME, FILTER_NAME, TYPE,
VALIDATOR, CONVERTER, HELPER, VISIBILITY, SETTER, ORDER_SEQ, TABLE_NAME, FOOTER_SETTER,
HEADER_SETTER ) VALUES ( 
1003029, 1003000, 'OLD_NOE', 'Old Noe ID', 'Old Noe ID', 'Long', 'long', NULL, NULL
, 'filters', NULL, 260, 'OLD_NOE', NULL, NULL); 
INSERT INTO ARCH_REPORT_COLUMN ( ID, REPORT_ID, LOGICAL_NAME, VISIBLE_NAME, FILTER_NAME, TYPE,
VALIDATOR, CONVERTER, HELPER, VISIBILITY, SETTER, ORDER_SEQ, TABLE_NAME, FOOTER_SETTER,
HEADER_SETTER ) VALUES ( 
1003030, 1003000, 'IS_DUMMY', 'Dummy', 'Dummy', 'String', 'string', NULL, NULL, NULL
, NULL, 270, 'IS_DUMMY', NULL, NULL); 
INSERT INTO ARCH_REPORT_COLUMN ( ID, REPORT_ID, LOGICAL_NAME, VISIBLE_NAME, FILTER_NAME, TYPE,
VALIDATOR, CONVERTER, HELPER, VISIBILITY, SETTER, ORDER_SEQ, TABLE_NAME, FOOTER_SETTER,
HEADER_SETTER ) VALUES ( 
1003031, 1003000, 'AGREEMENT', 'Agreement', 'Agreement', 'String', 'string', NULL
, 'FXPBAgreement', NULL, NULL, 280, 'AGREEMENT', NULL, 'nosort'); 
INSERT INTO ARCH_REPORT_COLUMN ( ID, REPORT_ID, LOGICAL_NAME, VISIBLE_NAME, FILTER_NAME, TYPE,
VALIDATOR, CONVERTER, HELPER, VISIBILITY, SETTER, ORDER_SEQ, TABLE_NAME, FOOTER_SETTER,
HEADER_SETTER ) VALUES ( 
1100200, 1100200, 'Ccy', 'Ccy', 'Ccy', 'String', 'string', NULL, 'FXPBCurrency', 'report'
, NULL, 10, 'Ccy', NULL, NULL); 
INSERT INTO ARCH_REPORT_COLUMN ( ID, REPORT_ID, LOGICAL_NAME, VISIBLE_NAME, FILTER_NAME, TYPE,
VALIDATOR, CONVERTER, HELPER, VISIBILITY, SETTER, ORDER_SEQ, TABLE_NAME, FOOTER_SETTER,
HEADER_SETTER ) VALUES ( 
1100201, 1100200, 'Position', 'Position', 'Position', 'Double', 'double', NULL, NULL
, 'report', NULL, 20, 'Position', NULL, NULL); 
INSERT INTO ARCH_REPORT_COLUMN ( ID, REPORT_ID, LOGICAL_NAME, VISIBLE_NAME, FILTER_NAME, TYPE,
VALIDATOR, CONVERTER, HELPER, VISIBILITY, SETTER, ORDER_SEQ, TABLE_NAME, FOOTER_SETTER,
HEADER_SETTER ) VALUES ( 
1100202, 1100200, 'ProfitAndLoss', 'PandL', 'Profitandloss', 'String', 'string', NULL
, NULL, 'report', NULL, 30, 'ProfitAndLoss', NULL, NULL); 
INSERT INTO ARCH_REPORT_COLUMN ( ID, REPORT_ID, LOGICAL_NAME, VISIBLE_NAME, FILTER_NAME, TYPE,
VALIDATOR, CONVERTER, HELPER, VISIBILITY, SETTER, ORDER_SEQ, TABLE_NAME, FOOTER_SETTER,
HEADER_SETTER ) VALUES ( 
1100203, 1100200, 'Delta', 'D', 'Delta', 'Long', 'long', NULL, NULL, 'report', NULL
, 40, 'Delta', NULL, NULL); 
INSERT INTO ARCH_REPORT_COLUMN ( ID, REPORT_ID, LOGICAL_NAME, VISIBLE_NAME, FILTER_NAME, TYPE,
VALIDATOR, CONVERTER, HELPER, VISIBILITY, SETTER, ORDER_SEQ, TABLE_NAME, FOOTER_SETTER,
HEADER_SETTER ) VALUES ( 
1100204, 1100200, 'Gama', 'G', 'Gama', 'Long', 'long', NULL, NULL, 'report', NULL
, 50, 'Gama', NULL, NULL); 
INSERT INTO ARCH_REPORT_COLUMN ( ID, REPORT_ID, LOGICAL_NAME, VISIBLE_NAME, FILTER_NAME, TYPE,
VALIDATOR, CONVERTER, HELPER, VISIBILITY, SETTER, ORDER_SEQ, TABLE_NAME, FOOTER_SETTER,
HEADER_SETTER ) VALUES ( 
1100205, 1100200, 'Beta', 'B', 'Beta', 'Long', 'long', NULL, NULL, 'report', NULL
, 60, 'Beta', NULL, NULL); 
INSERT INTO ARCH_REPORT_COLUMN ( ID, REPORT_ID, LOGICAL_NAME, VISIBLE_NAME, FILTER_NAME, TYPE,
VALIDATOR, CONVERTER, HELPER, VISIBILITY, SETTER, ORDER_SEQ, TABLE_NAME, FOOTER_SETTER,
HEADER_SETTER ) VALUES ( 
1100206, 1100200, 'Theta', 'Th', 'Theta', 'Long', 'long', NULL, NULL, 'report', NULL
, 70, 'Theta', NULL, NULL); 
INSERT INTO ARCH_REPORT_COLUMN ( ID, REPORT_ID, LOGICAL_NAME, VISIBLE_NAME, FILTER_NAME, TYPE,
VALIDATOR, CONVERTER, HELPER, VISIBILITY, SETTER, ORDER_SEQ, TABLE_NAME, FOOTER_SETTER,
HEADER_SETTER ) VALUES ( 
1100207, 1100200, 'Rh', 'Rh', 'Rh', 'Long', 'long', NULL, NULL, 'report', NULL, 80
, 'Rh', NULL, NULL); 
INSERT INTO ARCH_REPORT_COLUMN ( ID, REPORT_ID, LOGICAL_NAME, VISIBLE_NAME, FILTER_NAME, TYPE,
VALIDATOR, CONVERTER, HELPER, VISIBILITY, SETTER, ORDER_SEQ, TABLE_NAME, FOOTER_SETTER,
HEADER_SETTER ) VALUES ( 
1100208, 1100200, 'Order', 'Order', 'Order', 'Long', 'long', NULL, NULL, 'none', NULL
, 90, 'Order', NULL, NULL); 
INSERT INTO ARCH_REPORT_COLUMN ( ID, REPORT_ID, LOGICAL_NAME, VISIBLE_NAME, FILTER_NAME, TYPE,
VALIDATOR, CONVERTER, HELPER, VISIBILITY, SETTER, ORDER_SEQ, TABLE_NAME, FOOTER_SETTER,
HEADER_SETTER ) VALUES ( 
1100210, 1000100, 'CONTRACT_NUMBER', 'Contract#', 'Contract#', 'String', 'string'
, NULL, NULL, NULL, NULL, 41, 'CONTRACT_NUMBER', NULL, NULL); 
INSERT INTO ARCH_REPORT_COLUMN ( ID, REPORT_ID, LOGICAL_NAME, VISIBLE_NAME, FILTER_NAME, TYPE,
VALIDATOR, CONVERTER, HELPER, VISIBILITY, SETTER, ORDER_SEQ, TABLE_NAME, FOOTER_SETTER,
HEADER_SETTER ) VALUES ( 
1100211, 1000100, 'FAR_CONTRACT_NUMBER', 'Far#', 'Far#', 'String', 'string', NULL
, NULL, NULL, NULL, 42, 'FAR_CONTRACT_NUMBER', NULL, NULL); 
INSERT INTO ARCH_REPORT_COLUMN ( ID, REPORT_ID, LOGICAL_NAME, VISIBLE_NAME, FILTER_NAME, TYPE,
VALIDATOR, CONVERTER, HELPER, VISIBILITY, SETTER, ORDER_SEQ, TABLE_NAME, FOOTER_SETTER,
HEADER_SETTER ) VALUES ( 
1100300, 1100300, 'ID', 'Id', 'Id', 'Long', 'long', NULL, NULL, NULL, NULL, 10, 'ID'
, NULL, NULL); 
INSERT INTO ARCH_REPORT_COLUMN ( ID, REPORT_ID, LOGICAL_NAME, VISIBLE_NAME, FILTER_NAME, TYPE,
VALIDATOR, CONVERTER, HELPER, VISIBILITY, SETTER, ORDER_SEQ, TABLE_NAME, FOOTER_SETTER,
HEADER_SETTER ) VALUES ( 
1100303, 1100300, 'PARTNER_NAME', 'Partner Name', 'Partner Name', 'String', 'string'
, NULL, NULL, NULL, NULL, 40, 'PARTNER_NAME', NULL, NULL); 
INSERT INTO ARCH_REPORT_COLUMN ( ID, REPORT_ID, LOGICAL_NAME, VISIBLE_NAME, FILTER_NAME, TYPE,
VALIDATOR, CONVERTER, HELPER, VISIBILITY, SETTER, ORDER_SEQ, TABLE_NAME, FOOTER_SETTER,
HEADER_SETTER ) VALUES ( 
1100304, 1100300, 'STATUS', 'Status', 'Status', 'String', 'string', NULL, NULL, NULL
, NULL, 50, 'STATUS', NULL, NULL); 
INSERT INTO ARCH_REPORT_COLUMN ( ID, REPORT_ID, LOGICAL_NAME, VISIBLE_NAME, FILTER_NAME, TYPE,
VALIDATOR, CONVERTER, HELPER, VISIBILITY, SETTER, ORDER_SEQ, TABLE_NAME, FOOTER_SETTER,
HEADER_SETTER ) VALUES ( 
1100305, 1100300, 'REQUEST_ID', 'Request Id', 'Request Id', 'String', 'string', NULL
, NULL, NULL, NULL, 60, 'REQUEST_ID', NULL, NULL); 
INSERT INTO ARCH_REPORT_COLUMN ( ID, REPORT_ID, LOGICAL_NAME, VISIBLE_NAME, FILTER_NAME, TYPE,
VALIDATOR, CONVERTER, HELPER, VISIBILITY, SETTER, ORDER_SEQ, TABLE_NAME, FOOTER_SETTER,
HEADER_SETTER ) VALUES ( 
1100306, 1100300, 'REASON', 'Reason', 'Reason', 'String', 'string', NULL, NULL, NULL
, NULL, 70, 'REASON', NULL, NULL); 
INSERT INTO ARCH_REPORT_COLUMN ( ID, REPORT_ID, LOGICAL_NAME, VISIBLE_NAME, FILTER_NAME, TYPE,
VALIDATOR, CONVERTER, HELPER, VISIBILITY, SETTER, ORDER_SEQ, TABLE_NAME, FOOTER_SETTER,
HEADER_SETTER ) VALUES ( 
1100307, 1100300, 'TIME', 'Time', 'Time', 'Date', 'dateOrToday', NULL, NULL, NULL
, NULL, 80, 'TIME', NULL, NULL); 
INSERT INTO ARCH_REPORT_COLUMN ( ID, REPORT_ID, LOGICAL_NAME, VISIBLE_NAME, FILTER_NAME, TYPE,
VALIDATOR, CONVERTER, HELPER, VISIBILITY, SETTER, ORDER_SEQ, TABLE_NAME, FOOTER_SETTER,
HEADER_SETTER ) VALUES ( 
1100308, 1100300, 'UUID', 'Uuid', 'Uuid', 'String', 'string', NULL, NULL, NULL, NULL
, 90, 'UUID', NULL, NULL); 
INSERT INTO ARCH_REPORT_COLUMN ( ID, REPORT_ID, LOGICAL_NAME, VISIBLE_NAME, FILTER_NAME, TYPE,
VALIDATOR, CONVERTER, HELPER, VISIBILITY, SETTER, ORDER_SEQ, TABLE_NAME, FOOTER_SETTER,
HEADER_SETTER ) VALUES ( 
1100309, 1100300, 'NOE_REF', 'Giveup Ref', 'Giveup Ref', 'String', 'string', NULL
, NULL, NULL, 'LINK:noe.lwp?hiddenNoeId=$NOE_REF&RetrieveNoe=RetrieveNoe&NoeCurTab=SelectNoeTab'
, 100, 'NOE_REF', NULL, NULL); 
INSERT INTO ARCH_REPORT_COLUMN ( ID, REPORT_ID, LOGICAL_NAME, VISIBLE_NAME, FILTER_NAME, TYPE,
VALIDATOR, CONVERTER, HELPER, VISIBILITY, SETTER, ORDER_SEQ, TABLE_NAME, FOOTER_SETTER,
HEADER_SETTER ) VALUES ( 
1100310, 1100300, 'TRADING_PARTY', 'Trading Party', 'Trading Party', 'String', 'string'
, NULL, NULL, NULL, NULL, 110, 'TRADING_PARTY', NULL, NULL); 
INSERT INTO ARCH_REPORT_COLUMN ( ID, REPORT_ID, LOGICAL_NAME, VISIBLE_NAME, FILTER_NAME, TYPE,
VALIDATOR, CONVERTER, HELPER, VISIBILITY, SETTER, ORDER_SEQ, TABLE_NAME, FOOTER_SETTER,
HEADER_SETTER ) VALUES ( 
1100311, 1100300, 'ENTERING_PARTY', 'Entering Party', 'Entering Party', 'String', 'string'
, NULL, NULL, NULL, NULL, 120, 'ENTERING_PARTY', NULL, NULL); 
INSERT INTO ARCH_REPORT_COLUMN ( ID, REPORT_ID, LOGICAL_NAME, VISIBLE_NAME, FILTER_NAME, TYPE,
VALIDATOR, CONVERTER, HELPER, VISIBILITY, SETTER, ORDER_SEQ, TABLE_NAME, FOOTER_SETTER,
HEADER_SETTER ) VALUES ( 
1100312, 1100300, 'SUBMITTER', 'Submitter', 'Submitter', 'String', 'string', NULL
, NULL, NULL, NULL, 130, 'SUBMITTER', NULL, NULL); 
INSERT INTO ARCH_REPORT_COLUMN ( ID, REPORT_ID, LOGICAL_NAME, VISIBLE_NAME, FILTER_NAME, TYPE,
VALIDATOR, CONVERTER, HELPER, VISIBILITY, SETTER, ORDER_SEQ, TABLE_NAME, FOOTER_SETTER,
HEADER_SETTER ) VALUES ( 
1100313, 1100300, 'COUNTER_PARTY', 'Counter Party', 'Counter Party', 'String', 'string'
, NULL, NULL, NULL, NULL, 140, 'COUNTER_PARTY', NULL, NULL); 
INSERT INTO ARCH_REPORT_COLUMN ( ID, REPORT_ID, LOGICAL_NAME, VISIBLE_NAME, FILTER_NAME, TYPE,
VALIDATOR, CONVERTER, HELPER, VISIBILITY, SETTER, ORDER_SEQ, TABLE_NAME, FOOTER_SETTER,
HEADER_SETTER ) VALUES ( 
1100314, 1100300, 'VALUE_DATE', 'Value Date', 'Value Date', 'Date', 'dateOrToday'
, NULL, NULL, NULL, NULL, 150, 'VALUE_DATE', NULL, NULL); 
INSERT INTO ARCH_REPORT_COLUMN ( ID, REPORT_ID, LOGICAL_NAME, VISIBLE_NAME, FILTER_NAME, TYPE,
VALIDATOR, CONVERTER, HELPER, VISIBILITY, SETTER, ORDER_SEQ, TABLE_NAME, FOOTER_SETTER,
HEADER_SETTER ) VALUES ( 
1100315, 1100300, 'SECOND_CCY', 'Second Ccy', 'Second Ccy', 'String', 'string', NULL
, 'FXPBCurrency', NULL, NULL, 160, 'SECOND_CCY', NULL, NULL); 
INSERT INTO ARCH_REPORT_COLUMN ( ID, REPORT_ID, LOGICAL_NAME, VISIBLE_NAME, FILTER_NAME, TYPE,
VALIDATOR, CONVERTER, HELPER, VISIBILITY, SETTER, ORDER_SEQ, TABLE_NAME, FOOTER_SETTER,
HEADER_SETTER ) VALUES ( 
1100316, 1100300, 'BASE_CCY', 'Base Ccy', 'Base Ccy', 'String', 'string', NULL, 'FXPBCurrency'
, NULL, NULL, 170, 'BASE_CCY', NULL, NULL); 
INSERT INTO ARCH_REPORT_COLUMN ( ID, REPORT_ID, LOGICAL_NAME, VISIBLE_NAME, FILTER_NAME, TYPE,
VALIDATOR, CONVERTER, HELPER, VISIBILITY, SETTER, ORDER_SEQ, TABLE_NAME, FOOTER_SETTER,
HEADER_SETTER ) VALUES ( 
1100317, 1100300, 'VALUE_RATE', 'Value Rate', 'Value Rate', 'String', 'string', NULL
, NULL, NULL, NULL, 180, 'VALUE_RATE', NULL, NULL); 
INSERT INTO ARCH_REPORT_COLUMN ( ID, REPORT_ID, LOGICAL_NAME, VISIBLE_NAME, FILTER_NAME, TYPE,
VALIDATOR, CONVERTER, HELPER, VISIBILITY, SETTER, ORDER_SEQ, TABLE_NAME, FOOTER_SETTER,
HEADER_SETTER ) VALUES ( 
1100318, 1100300, 'TRADE_DATE', 'Trade Date', 'Trade Date', 'Date', 'dateOrToday'
, NULL, NULL, NULL, NULL, 190, 'TRADE_DATE', NULL, NULL); 
INSERT INTO ARCH_REPORT_COLUMN ( ID, REPORT_ID, LOGICAL_NAME, VISIBLE_NAME, FILTER_NAME, TYPE,
VALIDATOR, CONVERTER, HELPER, VISIBILITY, SETTER, ORDER_SEQ, TABLE_NAME, FOOTER_SETTER,
HEADER_SETTER ) VALUES ( 
1100319, 1100300, 'FAR_VALUE_RATE', 'Far Value Rate', 'Far Value Rate', 'String', 'string'
, NULL, NULL, NULL, NULL, 200, 'FAR_VALUE_RATE', NULL, NULL); 
INSERT INTO ARCH_REPORT_COLUMN ( ID, REPORT_ID, LOGICAL_NAME, VISIBLE_NAME, FILTER_NAME, TYPE,
VALIDATOR, CONVERTER, HELPER, VISIBILITY, SETTER, ORDER_SEQ, TABLE_NAME, FOOTER_SETTER,
HEADER_SETTER ) VALUES ( 
1100320, 1100300, 'FAR_VALUE_DATE', 'Far Value Date', 'Far Value Date', 'Date', 'dateOrToday'
, NULL, NULL, NULL, NULL, 210, 'FAR_VALUE_DATE', NULL, NULL); 
INSERT INTO ARCH_REPORT_COLUMN ( ID, REPORT_ID, LOGICAL_NAME, VISIBLE_NAME, FILTER_NAME, TYPE,
VALIDATOR, CONVERTER, HELPER, VISIBILITY, SETTER, ORDER_SEQ, TABLE_NAME, FOOTER_SETTER,
HEADER_SETTER ) VALUES ( 
1100321, 1100300, 'TRADE_TYPE', 'Trade Type', 'Trade Type', 'String', 'string', NULL
, 'FXPBTradeType', NULL, NULL, 220, 'TRADE_TYPE', NULL, NULL); 
INSERT INTO ARCH_REPORT_COLUMN ( ID, REPORT_ID, LOGICAL_NAME, VISIBLE_NAME, FILTER_NAME, TYPE,
VALIDATOR, CONVERTER, HELPER, VISIBILITY, SETTER, ORDER_SEQ, TABLE_NAME, FOOTER_SETTER,
HEADER_SETTER ) VALUES ( 
1100322, 1100300, 'CONTRACT_DIRECTION', 'Contract Direction', 'Contract Direction'
, 'String', 'string', NULL, 'FXPBNOEDirection', NULL, NULL, 230, 'CONTRACT_DIRECTION'
, NULL, NULL); 
INSERT INTO ARCH_REPORT_COLUMN ( ID, REPORT_ID, LOGICAL_NAME, VISIBLE_NAME, FILTER_NAME, TYPE,
VALIDATOR, CONVERTER, HELPER, VISIBILITY, SETTER, ORDER_SEQ, TABLE_NAME, FOOTER_SETTER,
HEADER_SETTER ) VALUES ( 
1100323, 1100300, 'CONTRACT_TYPE', 'Contract Type', 'Contract Type', 'String', 'string'
, NULL, 'FXPBContractType', NULL, NULL, 240, 'CONTRACT_TYPE', NULL, NULL); 
INSERT INTO ARCH_REPORT_COLUMN ( ID, REPORT_ID, LOGICAL_NAME, VISIBLE_NAME, FILTER_NAME, TYPE,
VALIDATOR, CONVERTER, HELPER, VISIBILITY, SETTER, ORDER_SEQ, TABLE_NAME, FOOTER_SETTER,
HEADER_SETTER ) VALUES ( 
1100324, 1100300, 'CONTRACT_QTY', 'Qty', 'Qty', 'String', 'string', NULL, NULL, NULL
, 'double8', 250, 'CONTRACT_QTY', NULL, NULL); 
INSERT INTO ARCH_REPORT_COLUMN ( ID, REPORT_ID, LOGICAL_NAME, VISIBLE_NAME, FILTER_NAME, TYPE,
VALIDATOR, CONVERTER, HELPER, VISIBILITY, SETTER, ORDER_SEQ, TABLE_NAME, FOOTER_SETTER,
HEADER_SETTER ) VALUES ( 
1100325, 1100300, 'CLIENT_REF', 'Client Ref', 'Client Ref', 'String', 'string', NULL
, NULL, NULL, NULL, 260, 'CLIENT_REF', NULL, NULL); 
INSERT INTO ARCH_REPORT_COLUMN ( ID, REPORT_ID, LOGICAL_NAME, VISIBLE_NAME, FILTER_NAME, TYPE,
VALIDATOR, CONVERTER, HELPER, VISIBILITY, SETTER, ORDER_SEQ, TABLE_NAME, FOOTER_SETTER,
HEADER_SETTER ) VALUES ( 
1100326, 1100300, 'TRADER', 'Trader', 'Trader', 'String', 'string', NULL, NULL, NULL
, NULL, 270, 'TRADER', NULL, NULL); 
INSERT INTO ARCH_REPORT_COLUMN ( ID, REPORT_ID, LOGICAL_NAME, VISIBLE_NAME, FILTER_NAME, TYPE,
VALIDATOR, CONVERTER, HELPER, VISIBILITY, SETTER, ORDER_SEQ, TABLE_NAME, FOOTER_SETTER,
HEADER_SETTER ) VALUES ( 
1100327, 1100300, 'UNUSED_ID', 'Unused Id', 'Unused Id', 'String', 'string', NULL
, NULL, 'reportHidden', NULL, 280, 'UNUSED_ID', NULL, NULL); 
INSERT INTO ARCH_REPORT_COLUMN ( ID, REPORT_ID, LOGICAL_NAME, VISIBLE_NAME, FILTER_NAME, TYPE,
VALIDATOR, CONVERTER, HELPER, VISIBILITY, SETTER, ORDER_SEQ, TABLE_NAME, FOOTER_SETTER,
HEADER_SETTER ) VALUES ( 
1100328, 1100300, 'OPERATION', 'Operation', 'Operation', 'String', 'string', NULL
, NULL, NULL, NULL, 290, 'OPERATION', NULL, NULL); 
INSERT INTO ARCH_REPORT_COLUMN ( ID, REPORT_ID, LOGICAL_NAME, VISIBLE_NAME, FILTER_NAME, TYPE,
VALIDATOR, CONVERTER, HELPER, VISIBILITY, SETTER, ORDER_SEQ, TABLE_NAME, FOOTER_SETTER,
HEADER_SETTER ) VALUES ( 
1100329, 1100300, 'OBJECT_TYPE', 'Object Type', 'Object Type', 'String', 'string'
, NULL, NULL, 'reportHidden', NULL, 300, 'OBJECT_TYPE', NULL, NULL); 
INSERT INTO ARCH_REPORT_COLUMN ( ID, REPORT_ID, LOGICAL_NAME, VISIBLE_NAME, FILTER_NAME, TYPE,
VALIDATOR, CONVERTER, HELPER, VISIBILITY, SETTER, ORDER_SEQ, TABLE_NAME, FOOTER_SETTER,
HEADER_SETTER ) VALUES ( 
1100330, 1100300, 'FAR_QTY', 'Far Qty', 'Far Qty', 'String', 'string', NULL, NULL
, NULL, 'double8', 310, 'FAR_QTY', NULL, NULL); 
INSERT INTO ARCH_REPORT_COLUMN ( ID, REPORT_ID, LOGICAL_NAME, VISIBLE_NAME, FILTER_NAME, TYPE,
VALIDATOR, CONVERTER, HELPER, VISIBILITY, SETTER, ORDER_SEQ, TABLE_NAME, FOOTER_SETTER,
HEADER_SETTER ) VALUES ( 
1100331, 1100300, 'DESCRIPTION', 'Description', 'Description', 'String', 'string'
, NULL, NULL, NULL, NULL, 320, 'DESCRIPTION', NULL, NULL); 
INSERT INTO ARCH_REPORT_COLUMN ( ID, REPORT_ID, LOGICAL_NAME, VISIBLE_NAME, FILTER_NAME, TYPE,
VALIDATOR, CONVERTER, HELPER, VISIBILITY, SETTER, ORDER_SEQ, TABLE_NAME, FOOTER_SETTER,
HEADER_SETTER ) VALUES ( 
1100332, 1100300, 'PB', 'Pb', 'Pb', 'String', 'string', NULL, NULL, NULL, NULL, 330
, 'PB', NULL, NULL); 
INSERT INTO ARCH_REPORT_COLUMN ( ID, REPORT_ID, LOGICAL_NAME, VISIBLE_NAME, FILTER_NAME, TYPE,
VALIDATOR, CONVERTER, HELPER, VISIBILITY, SETTER, ORDER_SEQ, TABLE_NAME, FOOTER_SETTER,
HEADER_SETTER ) VALUES ( 
1100333, 1100300, 'FIXING_DATE', 'Fixing Date', 'Fixing Date', 'Date', 'dateOrToday'
, NULL, NULL, NULL, NULL, 340, 'FIXING_DATE', NULL, NULL); 
INSERT INTO ARCH_REPORT_COLUMN ( ID, REPORT_ID, LOGICAL_NAME, VISIBLE_NAME, FILTER_NAME, TYPE,
VALIDATOR, CONVERTER, HELPER, VISIBILITY, SETTER, ORDER_SEQ, TABLE_NAME, FOOTER_SETTER,
HEADER_SETTER ) VALUES ( 
1100334, 1100300, 'REPORTER', 'Reporter', 'Reporter', 'String', 'string', NULL, NULL
, NULL, NULL, 350, 'REPORTER', NULL, NULL); 
INSERT INTO ARCH_REPORT_COLUMN ( ID, REPORT_ID, LOGICAL_NAME, VISIBLE_NAME, FILTER_NAME, TYPE,
VALIDATOR, CONVERTER, HELPER, VISIBILITY, SETTER, ORDER_SEQ, TABLE_NAME, FOOTER_SETTER,
HEADER_SETTER ) VALUES ( 
1100335, 1100300, 'NAMER_ID', 'Namer Id', 'Namer Id', 'Long', 'long', NULL, NULL, 'reportHidden'
, NULL, 360, 'NAMER_ID', NULL, NULL); 
INSERT INTO ARCH_REPORT_COLUMN ( ID, REPORT_ID, LOGICAL_NAME, VISIBLE_NAME, FILTER_NAME, TYPE,
VALIDATOR, CONVERTER, HELPER, VISIBILITY, SETTER, ORDER_SEQ, TABLE_NAME, FOOTER_SETTER,
HEADER_SETTER ) VALUES ( 
1100336, 1100300, 'TRADER_NAMER_ID', 'Trader Namer Id', 'Trader Namer Id', 'Long'
, 'long', NULL, NULL, 'reportHidden', NULL, 370, 'TRADER_NAMER_ID', NULL, NULL); 
INSERT INTO ARCH_REPORT_COLUMN ( ID, REPORT_ID, LOGICAL_NAME, VISIBLE_NAME, FILTER_NAME, TYPE,
VALIDATOR, CONVERTER, HELPER, VISIBILITY, SETTER, ORDER_SEQ, TABLE_NAME, FOOTER_SETTER,
HEADER_SETTER ) VALUES ( 
1100337, 1100301, 'ID', 'Id', 'Id', 'Long', 'long', NULL, NULL, NULL, NULL, 10, 'ID'
, NULL, NULL); 
INSERT INTO ARCH_REPORT_COLUMN ( ID, REPORT_ID, LOGICAL_NAME, VISIBLE_NAME, FILTER_NAME, TYPE,
VALIDATOR, CONVERTER, HELPER, VISIBILITY, SETTER, ORDER_SEQ, TABLE_NAME, FOOTER_SETTER,
HEADER_SETTER ) VALUES ( 
1100340, 1100301, 'PARTNER_NAME', 'Partner Name', 'Partner Name', 'String', 'string'
, NULL, NULL, NULL, NULL, 40, 'PARTNER_NAME', NULL, NULL); 
INSERT INTO ARCH_REPORT_COLUMN ( ID, REPORT_ID, LOGICAL_NAME, VISIBLE_NAME, FILTER_NAME, TYPE,
VALIDATOR, CONVERTER, HELPER, VISIBILITY, SETTER, ORDER_SEQ, TABLE_NAME, FOOTER_SETTER,
HEADER_SETTER ) VALUES ( 
1100341, 1100301, 'STATUS', 'Status', 'Status', 'String', 'string', NULL, 'EngineOperationStatus'
, NULL, NULL, 50, 'STATUS', NULL, NULL); 
INSERT INTO ARCH_REPORT_COLUMN ( ID, REPORT_ID, LOGICAL_NAME, VISIBLE_NAME, FILTER_NAME, TYPE,
VALIDATOR, CONVERTER, HELPER, VISIBILITY, SETTER, ORDER_SEQ, TABLE_NAME, FOOTER_SETTER,
HEADER_SETTER ) VALUES ( 
1100342, 1100301, 'REQUEST_ID', 'Request Id', 'Request Id', 'String', 'string', NULL
, NULL, NULL, NULL, 60, 'REQUEST_ID', NULL, NULL); 
INSERT INTO ARCH_REPORT_COLUMN ( ID, REPORT_ID, LOGICAL_NAME, VISIBLE_NAME, FILTER_NAME, TYPE,
VALIDATOR, CONVERTER, HELPER, VISIBILITY, SETTER, ORDER_SEQ, TABLE_NAME, FOOTER_SETTER,
HEADER_SETTER ) VALUES ( 
1100343, 1100301, 'REASON', 'Reason', 'Reason', 'String', 'string', NULL, NULL, NULL
, NULL, 70, 'REASON', NULL, NULL); 
INSERT INTO ARCH_REPORT_COLUMN ( ID, REPORT_ID, LOGICAL_NAME, VISIBLE_NAME, FILTER_NAME, TYPE,
VALIDATOR, CONVERTER, HELPER, VISIBILITY, SETTER, ORDER_SEQ, TABLE_NAME, FOOTER_SETTER,
HEADER_SETTER ) VALUES ( 
1100344, 1100301, 'TIME', 'Time', 'Time', 'Date', 'dateOrToday', NULL, NULL, NULL
, NULL, 80, 'TIME', NULL, NULL); 
INSERT INTO ARCH_REPORT_COLUMN ( ID, REPORT_ID, LOGICAL_NAME, VISIBLE_NAME, FILTER_NAME, TYPE,
VALIDATOR, CONVERTER, HELPER, VISIBILITY, SETTER, ORDER_SEQ, TABLE_NAME, FOOTER_SETTER,
HEADER_SETTER ) VALUES ( 
1100345, 1100301, 'UUID', 'Uuid', 'Uuid', 'String', 'string', NULL, NULL, NULL, NULL
, 90, 'UUID', NULL, NULL); 
INSERT INTO ARCH_REPORT_COLUMN ( ID, REPORT_ID, LOGICAL_NAME, VISIBLE_NAME, FILTER_NAME, TYPE,
VALIDATOR, CONVERTER, HELPER, VISIBILITY, SETTER, ORDER_SEQ, TABLE_NAME, FOOTER_SETTER,
HEADER_SETTER ) VALUES ( 
1100346, 1100301, 'OA_REF', 'Split Ref', 'Split Ref', 'String', 'string', NULL, NULL
, NULL, 'splitWindowOpen', 100, 'OA_REF', NULL, NULL); 
INSERT INTO ARCH_REPORT_COLUMN ( ID, REPORT_ID, LOGICAL_NAME, VISIBLE_NAME, FILTER_NAME, TYPE,
VALIDATOR, CONVERTER, HELPER, VISIBILITY, SETTER, ORDER_SEQ, TABLE_NAME, FOOTER_SETTER,
HEADER_SETTER ) VALUES ( 
1100347, 1100301, 'TRADING_PARTY', 'Trading Party', 'Trading Party', 'String', 'string'
, NULL, NULL, NULL, NULL, 110, 'TRADING_PARTY', NULL, NULL); 
INSERT INTO ARCH_REPORT_COLUMN ( ID, REPORT_ID, LOGICAL_NAME, VISIBLE_NAME, FILTER_NAME, TYPE,
VALIDATOR, CONVERTER, HELPER, VISIBILITY, SETTER, ORDER_SEQ, TABLE_NAME, FOOTER_SETTER,
HEADER_SETTER ) VALUES ( 
1100348, 1100301, 'ENTERING_PARTY', 'Entering Party', 'Entering Party', 'String', 'string'
, NULL, NULL, NULL, NULL, 120, 'ENTERING_PARTY', NULL, NULL); 
INSERT INTO ARCH_REPORT_COLUMN ( ID, REPORT_ID, LOGICAL_NAME, VISIBLE_NAME, FILTER_NAME, TYPE,
VALIDATOR, CONVERTER, HELPER, VISIBILITY, SETTER, ORDER_SEQ, TABLE_NAME, FOOTER_SETTER,
HEADER_SETTER ) VALUES ( 
1100349, 1100301, 'SUBMITTER', 'Submitter', 'Submitter', 'String', 'string', NULL
, NULL, NULL, NULL, 130, 'SUBMITTER', NULL, NULL); 
INSERT INTO ARCH_REPORT_COLUMN ( ID, REPORT_ID, LOGICAL_NAME, VISIBLE_NAME, FILTER_NAME, TYPE,
VALIDATOR, CONVERTER, HELPER, VISIBILITY, SETTER, ORDER_SEQ, TABLE_NAME, FOOTER_SETTER,
HEADER_SETTER ) VALUES ( 
1100350, 1100301, 'TRADE_DATE', 'Trade Date', 'Trade Date', 'Date', 'dateOrToday'
, NULL, NULL, NULL, NULL, 140, 'TRADE_DATE', NULL, NULL); 
INSERT INTO ARCH_REPORT_COLUMN ( ID, REPORT_ID, LOGICAL_NAME, VISIBLE_NAME, FILTER_NAME, TYPE,
VALIDATOR, CONVERTER, HELPER, VISIBILITY, SETTER, ORDER_SEQ, TABLE_NAME, FOOTER_SETTER,
HEADER_SETTER ) VALUES ( 
1100351, 1100301, 'TOTAL_QTY', 'Total Qty', 'Total Qty', 'String', 'string', NULL
, NULL, NULL, 'double8', 150, 'TOTAL_QTY', NULL, NULL); 
INSERT INTO ARCH_REPORT_COLUMN ( ID, REPORT_ID, LOGICAL_NAME, VISIBLE_NAME, FILTER_NAME, TYPE,
VALIDATOR, CONVERTER, HELPER, VISIBILITY, SETTER, ORDER_SEQ, TABLE_NAME, FOOTER_SETTER,
HEADER_SETTER ) VALUES ( 
1100352, 1100301, 'CLIENT_REF', 'Client Ref', 'Client Ref', 'String', 'string', NULL
, NULL, NULL, NULL, 160, 'CLIENT_REF', NULL, NULL); 
INSERT INTO ARCH_REPORT_COLUMN ( ID, REPORT_ID, LOGICAL_NAME, VISIBLE_NAME, FILTER_NAME, TYPE,
VALIDATOR, CONVERTER, HELPER, VISIBILITY, SETTER, ORDER_SEQ, TABLE_NAME, FOOTER_SETTER,
HEADER_SETTER ) VALUES ( 
1100353, 1100301, 'FUND_NAME', 'Fund Name', 'Fund Name', 'String', 'string', NULL
, NULL, NULL, NULL, 170, 'FUND_NAME', NULL, NULL); 
INSERT INTO ARCH_REPORT_COLUMN ( ID, REPORT_ID, LOGICAL_NAME, VISIBLE_NAME, FILTER_NAME, TYPE,
VALIDATOR, CONVERTER, HELPER, VISIBILITY, SETTER, ORDER_SEQ, TABLE_NAME, FOOTER_SETTER,
HEADER_SETTER ) VALUES ( 
1100354, 1100301, 'ALLOCATION_CLIENT_REF', 'Allocation Client Ref', 'Allocation Client Ref'
, 'String', 'string', NULL, NULL, NULL, NULL, 180, 'ALLOCATION_CLIENT_REF', NULL, NULL); 
INSERT INTO ARCH_REPORT_COLUMN ( ID, REPORT_ID, LOGICAL_NAME, VISIBLE_NAME, FILTER_NAME, TYPE,
VALIDATOR, CONVERTER, HELPER, VISIBILITY, SETTER, ORDER_SEQ, TABLE_NAME, FOOTER_SETTER,
HEADER_SETTER ) VALUES ( 
1100355, 1100301, 'ALLOCATION_QTY', 'Allocation Qty', 'Allocation Qty', 'String', 'string'
, NULL, NULL, NULL, 'double8', 190, 'ALLOCATION_QTY', NULL, NULL); 
INSERT INTO ARCH_REPORT_COLUMN ( ID, REPORT_ID, LOGICAL_NAME, VISIBLE_NAME, FILTER_NAME, TYPE,
VALIDATOR, CONVERTER, HELPER, VISIBILITY, SETTER, ORDER_SEQ, TABLE_NAME, FOOTER_SETTER,
HEADER_SETTER ) VALUES ( 
1100358, 1100301, 'NAMER_ID', 'Namer Id', 'Namer Id', 'Long', 'long', NULL, NULL, 'reportHidden'
, NULL, 220, 'NAMER_ID', NULL, NULL); 
INSERT INTO ARCH_REPORT_COLUMN ( ID, REPORT_ID, LOGICAL_NAME, VISIBLE_NAME, FILTER_NAME, TYPE,
VALIDATOR, CONVERTER, HELPER, VISIBILITY, SETTER, ORDER_SEQ, TABLE_NAME, FOOTER_SETTER,
HEADER_SETTER ) VALUES ( 
1100370, 1100370, 'Id', 'Id', 'Id', 'Long', 'long', NULL, NULL, 'none', NULL, 10, 'ID'
, NULL, NULL); 
INSERT INTO ARCH_REPORT_COLUMN ( ID, REPORT_ID, LOGICAL_NAME, VISIBLE_NAME, FILTER_NAME, TYPE,
VALIDATOR, CONVERTER, HELPER, VISIBILITY, SETTER, ORDER_SEQ, TABLE_NAME, FOOTER_SETTER,
HEADER_SETTER ) VALUES ( 
1100371, 1100370, 'Organization', 'Org', 'Org', 'String', 'string', NULL, NULL, NULL
, NULL, 20, 'ORG', NULL, NULL); 
INSERT INTO ARCH_REPORT_COLUMN ( ID, REPORT_ID, LOGICAL_NAME, VISIBLE_NAME, FILTER_NAME, TYPE,
VALIDATOR, CONVERTER, HELPER, VISIBILITY, SETTER, ORDER_SEQ, TABLE_NAME, FOOTER_SETTER,
HEADER_SETTER ) VALUES ( 
1100372, 1100370, 'Account', 'Account', 'Account', 'String', 'string', NULL, NULL
, NULL, NULL, 30, 'ACCOUNT', NULL, NULL); 
INSERT INTO ARCH_REPORT_COLUMN ( ID, REPORT_ID, LOGICAL_NAME, VISIBLE_NAME, FILTER_NAME, TYPE,
VALIDATOR, CONVERTER, HELPER, VISIBILITY, SETTER, ORDER_SEQ, TABLE_NAME, FOOTER_SETTER,
HEADER_SETTER ) VALUES ( 
1100373, 1100370, 'CheckType', 'Check Type', 'Check Type', 'String', 'string', NULL
, NULL, NULL, NULL, 40, 'CHECK_TYPE', NULL, NULL); 
INSERT INTO ARCH_REPORT_COLUMN ( ID, REPORT_ID, LOGICAL_NAME, VISIBLE_NAME, FILTER_NAME, TYPE,
VALIDATOR, CONVERTER, HELPER, VISIBILITY, SETTER, ORDER_SEQ, TABLE_NAME, FOOTER_SETTER,
HEADER_SETTER ) VALUES ( 
1100374, 1100370, 'CreditLine', 'Credit Line', 'Credit Line', 'String', 'string', NULL
, NULL, NULL, NULL, 60, 'CREDIT_LINE_NAME', NULL, NULL); 
INSERT INTO ARCH_REPORT_COLUMN ( ID, REPORT_ID, LOGICAL_NAME, VISIBLE_NAME, FILTER_NAME, TYPE,
VALIDATOR, CONVERTER, HELPER, VISIBILITY, SETTER, ORDER_SEQ, TABLE_NAME, FOOTER_SETTER,
HEADER_SETTER ) VALUES ( 
1100375, 1100370, 'LimitAmount', 'Limit Amount', 'Limit Amount', 'Long', 'long', NULL
, NULL, NULL, 'double8', 70, 'LIMIT_AMOUNT', NULL, NULL); 
INSERT INTO ARCH_REPORT_COLUMN ( ID, REPORT_ID, LOGICAL_NAME, VISIBLE_NAME, FILTER_NAME, TYPE,
VALIDATOR, CONVERTER, HELPER, VISIBILITY, SETTER, ORDER_SEQ, TABLE_NAME, FOOTER_SETTER,
HEADER_SETTER ) VALUES ( 
1100376, 1100370, 'Units', 'Units', 'Units', 'String', 'string', NULL, NULL, NULL
, NULL, 80, 'UNITS', NULL, NULL); 
INSERT INTO ARCH_REPORT_COLUMN ( ID, REPORT_ID, LOGICAL_NAME, VISIBLE_NAME, FILTER_NAME, TYPE,
VALIDATOR, CONVERTER, HELPER, VISIBILITY, SETTER, ORDER_SEQ, TABLE_NAME, FOOTER_SETTER,
HEADER_SETTER ) VALUES ( 
1100377, 1100370, 'UtilizationAmount', 'Utilization Amount', 'Utilization Amount'
, 'Double', 'double', NULL, NULL, NULL, 'roundNumber', 90, 'UTILIZATION_AMOUNT', NULL
, NULL); 
INSERT INTO ARCH_REPORT_COLUMN ( ID, REPORT_ID, LOGICAL_NAME, VISIBLE_NAME, FILTER_NAME, TYPE,
VALIDATOR, CONVERTER, HELPER, VISIBILITY, SETTER, ORDER_SEQ, TABLE_NAME, FOOTER_SETTER,
HEADER_SETTER ) VALUES ( 
1100378, 1100370, 'UtilizationPercent', 'Utilization Percent', 'Utilization Percent'
, 'Double', 'double', NULL, NULL, NULL, 'roundNumber2', 100, 'UTILIZATION_PCT', NULL
, NULL); 
INSERT INTO ARCH_REPORT_COLUMN ( ID, REPORT_ID, LOGICAL_NAME, VISIBLE_NAME, FILTER_NAME, TYPE,
VALIDATOR, CONVERTER, HELPER, VISIBILITY, SETTER, ORDER_SEQ, TABLE_NAME, FOOTER_SETTER,
HEADER_SETTER ) VALUES ( 
1100379, 1100370, 'NamerId', 'Namer Id', 'Namer Id', 'Long', 'long', NULL, NULL, 'none'
, NULL, 110, 'NAMER_ID', NULL, NULL); 
INSERT INTO ARCH_REPORT_COLUMN ( ID, REPORT_ID, LOGICAL_NAME, VISIBLE_NAME, FILTER_NAME, TYPE,
VALIDATOR, CONVERTER, HELPER, VISIBILITY, SETTER, ORDER_SEQ, TABLE_NAME, FOOTER_SETTER,
HEADER_SETTER ) VALUES ( 
1100380, 1100370, 'UcmId', 'UcmId', 'UcmId', 'Long', 'long', NULL, NULL, 'none', NULL
, 120, 'UCM_ID', NULL, NULL); 
INSERT INTO ARCH_REPORT_COLUMN ( ID, REPORT_ID, LOGICAL_NAME, VISIBLE_NAME, FILTER_NAME, TYPE,
VALIDATOR, CONVERTER, HELPER, VISIBILITY, SETTER, ORDER_SEQ, TABLE_NAME, FOOTER_SETTER,
HEADER_SETTER ) VALUES ( 
1100381, 1100370, 'AgreementType', 'Agreement', 'Agreement', 'String', 'string', NULL
, 'FXPBAgreement', NULL, NULL, 35, 'AGR_TYPE', NULL, NULL); 
INSERT INTO ARCH_REPORT_COLUMN ( ID, REPORT_ID, LOGICAL_NAME, VISIBLE_NAME, FILTER_NAME, TYPE,
VALIDATOR, CONVERTER, HELPER, VISIBILITY, SETTER, ORDER_SEQ, TABLE_NAME, FOOTER_SETTER,
HEADER_SETTER ) VALUES ( 
1100390, 1100390, 'Id', 'Id', 'Id', 'Long', 'long', NULL, NULL, 'none', NULL, 10, 'ID'
, NULL, NULL); 
INSERT INTO ARCH_REPORT_COLUMN ( ID, REPORT_ID, LOGICAL_NAME, VISIBLE_NAME, FILTER_NAME, TYPE,
VALIDATOR, CONVERTER, HELPER, VISIBILITY, SETTER, ORDER_SEQ, TABLE_NAME, FOOTER_SETTER,
HEADER_SETTER ) VALUES ( 
1100391, 1100390, 'Organization', 'Organization', 'Organization', 'String', 'string'
, NULL, NULL, NULL, NULL, 20, 'ORG', NULL, NULL); 
INSERT INTO ARCH_REPORT_COLUMN ( ID, REPORT_ID, LOGICAL_NAME, VISIBLE_NAME, FILTER_NAME, TYPE,
VALIDATOR, CONVERTER, HELPER, VISIBILITY, SETTER, ORDER_SEQ, TABLE_NAME, FOOTER_SETTER,
HEADER_SETTER ) VALUES ( 
1100392, 1100390, 'Account', 'Account', 'Account', 'String', 'string', NULL, NULL
, NULL, NULL, 30, 'ACCOUNT', NULL, NULL); 
INSERT INTO ARCH_REPORT_COLUMN ( ID, REPORT_ID, LOGICAL_NAME, VISIBLE_NAME, FILTER_NAME, TYPE,
VALIDATOR, CONVERTER, HELPER, VISIBILITY, SETTER, ORDER_SEQ, TABLE_NAME, FOOTER_SETTER,
HEADER_SETTER ) VALUES ( 
1100393, 1100390, 'CheckType', 'Check Type', 'Check Type', 'String', 'string', NULL
, NULL, NULL, NULL, 40, 'CHECK_TYPE', NULL, NULL); 
INSERT INTO ARCH_REPORT_COLUMN ( ID, REPORT_ID, LOGICAL_NAME, VISIBLE_NAME, FILTER_NAME, TYPE,
VALIDATOR, CONVERTER, HELPER, VISIBILITY, SETTER, ORDER_SEQ, TABLE_NAME, FOOTER_SETTER,
HEADER_SETTER ) VALUES ( 
1100394, 1100390, 'CreditLine', 'Credit Line', 'Credit Line', 'String', 'string', NULL
, NULL, NULL, NULL, 60, 'CREDIT_LINE_NAME', NULL, NULL); 
INSERT INTO ARCH_REPORT_COLUMN ( ID, REPORT_ID, LOGICAL_NAME, VISIBLE_NAME, FILTER_NAME, TYPE,
VALIDATOR, CONVERTER, HELPER, VISIBILITY, SETTER, ORDER_SEQ, TABLE_NAME, FOOTER_SETTER,
HEADER_SETTER ) VALUES ( 
1100395, 1100390, 'UtilizationPct', 'Utilization Percent', 'Utilization Percent', 'Double'
, 'double', NULL, NULL, NULL, 'double8', 70, 'UTILIZATION_PCT', NULL, NULL); 
INSERT INTO ARCH_REPORT_COLUMN ( ID, REPORT_ID, LOGICAL_NAME, VISIBLE_NAME, FILTER_NAME, TYPE,
VALIDATOR, CONVERTER, HELPER, VISIBILITY, SETTER, ORDER_SEQ, TABLE_NAME, FOOTER_SETTER,
HEADER_SETTER ) VALUES ( 
1100396, 1100390, 'ExceptionAge', 'Exception Age', 'Exception Age', 'Date', 'dateOrToday'
, NULL, NULL, NULL, NULL, 80, 'EXCEPTION_AGE', NULL, NULL); 
INSERT INTO ARCH_REPORT_COLUMN ( ID, REPORT_ID, LOGICAL_NAME, VISIBLE_NAME, FILTER_NAME, TYPE,
VALIDATOR, CONVERTER, HELPER, VISIBILITY, SETTER, ORDER_SEQ, TABLE_NAME, FOOTER_SETTER,
HEADER_SETTER ) VALUES ( 
1100397, 1100390, 'Severity', 'Severity', 'Severity', 'Date', 'dateOrToday', NULL
, NULL, NULL, NULL, 90, 'SEVERITY', NULL, NULL); 
INSERT INTO ARCH_REPORT_COLUMN ( ID, REPORT_ID, LOGICAL_NAME, VISIBLE_NAME, FILTER_NAME, TYPE,
VALIDATOR, CONVERTER, HELPER, VISIBILITY, SETTER, ORDER_SEQ, TABLE_NAME, FOOTER_SETTER,
HEADER_SETTER ) VALUES ( 
1100398, 1100390, 'NamerId', 'Namer Id', 'Namer Id', 'Long', 'long', NULL, NULL, 'none'
, NULL, 100, 'NAMER_ID', NULL, NULL); 
INSERT INTO ARCH_REPORT_COLUMN ( ID, REPORT_ID, LOGICAL_NAME, VISIBLE_NAME, FILTER_NAME, TYPE,
VALIDATOR, CONVERTER, HELPER, VISIBILITY, SETTER, ORDER_SEQ, TABLE_NAME, FOOTER_SETTER,
HEADER_SETTER ) VALUES ( 
1100399, 1100390, 'AgreementType', 'Agreement', 'Agreement', 'String', 'string', NULL
, 'FXPBAgreement', NULL, NULL, 35, 'AGR_TYPE', NULL, NULL); 
INSERT INTO ARCH_REPORT_COLUMN ( ID, REPORT_ID, LOGICAL_NAME, VISIBLE_NAME, FILTER_NAME, TYPE,
VALIDATOR, CONVERTER, HELPER, VISIBILITY, SETTER, ORDER_SEQ, TABLE_NAME, FOOTER_SETTER,
HEADER_SETTER ) VALUES ( 
1100400, 1100400, 'ID', 'Id', 'Id', 'Long', 'long', NULL, NULL, NULL, NULL, 10, 'ID'
, NULL, NULL); 
INSERT INTO ARCH_REPORT_COLUMN ( ID, REPORT_ID, LOGICAL_NAME, VISIBLE_NAME, FILTER_NAME, TYPE,
VALIDATOR, CONVERTER, HELPER, VISIBILITY, SETTER, ORDER_SEQ, TABLE_NAME, FOOTER_SETTER,
HEADER_SETTER ) VALUES ( 
1100401, 1100400, 'ALLOC', 'Alloc', 'Alloc', 'String', 'string', NULL, 'VFXPBNOEAllocStatus'
, NULL, 'noeAllocation', 20, 'ALLOC', NULL, NULL); 
INSERT INTO ARCH_REPORT_COLUMN ( ID, REPORT_ID, LOGICAL_NAME, VISIBLE_NAME, FILTER_NAME, TYPE,
VALIDATOR, CONVERTER, HELPER, VISIBILITY, SETTER, ORDER_SEQ, TABLE_NAME, FOOTER_SETTER,
HEADER_SETTER ) VALUES ( 
1100402, 1100400, 'RECON', 'Recon', 'Recon', 'String', 'string', NULL, 'VFXPBNOEReconStatus'
, NULL, 'noeRecon', 30, 'RECON', NULL, NULL); 
INSERT INTO ARCH_REPORT_COLUMN ( ID, REPORT_ID, LOGICAL_NAME, VISIBLE_NAME, FILTER_NAME, TYPE,
VALIDATOR, CONVERTER, HELPER, VISIBILITY, SETTER, ORDER_SEQ, TABLE_NAME, FOOTER_SETTER,
HEADER_SETTER ) VALUES ( 
1100403, 1100400, 'APPROVAL', 'Approval', 'Approval', 'String', 'string', NULL, 'VFXPBNOEApprovalStatus'
, NULL, 'noeApproval', 40, 'APPROVAL', NULL, NULL); 
INSERT INTO ARCH_REPORT_COLUMN ( ID, REPORT_ID, LOGICAL_NAME, VISIBLE_NAME, FILTER_NAME, TYPE,
VALIDATOR, CONVERTER, HELPER, VISIBILITY, SETTER, ORDER_SEQ, TABLE_NAME, FOOTER_SETTER,
HEADER_SETTER ) VALUES ( 
1100404, 1100400, 'APPR_REASON', 'Appr Reason', 'Appr Reason', 'String', 'string'
, NULL, NULL, 'reportHidden', NULL, 50, 'APPR_REASON', NULL, NULL); 
INSERT INTO ARCH_REPORT_COLUMN ( ID, REPORT_ID, LOGICAL_NAME, VISIBLE_NAME, FILTER_NAME, TYPE,
VALIDATOR, CONVERTER, HELPER, VISIBILITY, SETTER, ORDER_SEQ, TABLE_NAME, FOOTER_SETTER,
HEADER_SETTER ) VALUES ( 
1100405, 1100400, 'LIFECYCLE', 'Lifecycle', 'Lifecycle', 'String', 'string', NULL
, 'VFXPBNOELifeStatus', NULL, 'noeLifecycle', 60, 'LIFECYCLE', NULL, NULL); 
INSERT INTO ARCH_REPORT_COLUMN ( ID, REPORT_ID, LOGICAL_NAME, VISIBLE_NAME, FILTER_NAME, TYPE,
VALIDATOR, CONVERTER, HELPER, VISIBILITY, SETTER, ORDER_SEQ, TABLE_NAME, FOOTER_SETTER,
HEADER_SETTER ) VALUES ( 
1100406, 1100400, 'SIDE_A', 'TParty', 'TParty', 'String', 'string', NULL, NULL, NULL
, NULL, 70, 'SIDE_A', NULL, NULL); 
INSERT INTO ARCH_REPORT_COLUMN ( ID, REPORT_ID, LOGICAL_NAME, VISIBLE_NAME, FILTER_NAME, TYPE,
VALIDATOR, CONVERTER, HELPER, VISIBILITY, SETTER, ORDER_SEQ, TABLE_NAME, FOOTER_SETTER,
HEADER_SETTER ) VALUES ( 
1100407, 1100400, 'SIDE_B', 'CParty', 'CParty', 'String', 'string', NULL, NULL, NULL
, NULL, 80, 'SIDE_B', NULL, NULL); 
INSERT INTO ARCH_REPORT_COLUMN ( ID, REPORT_ID, LOGICAL_NAME, VISIBLE_NAME, FILTER_NAME, TYPE,
VALIDATOR, CONVERTER, HELPER, VISIBILITY, SETTER, ORDER_SEQ, TABLE_NAME, FOOTER_SETTER,
HEADER_SETTER ) VALUES ( 
1100408, 1100400, 'OPTION_TYPE', 'Option Type', 'Option Type', 'String', 'string'
, NULL, 'FXPBOptionType', NULL, NULL, 90, 'OPTION_TYPE', NULL, NULL); 
INSERT INTO ARCH_REPORT_COLUMN ( ID, REPORT_ID, LOGICAL_NAME, VISIBLE_NAME, FILTER_NAME, TYPE,
VALIDATOR, CONVERTER, HELPER, VISIBILITY, SETTER, ORDER_SEQ, TABLE_NAME, FOOTER_SETTER,
HEADER_SETTER ) VALUES ( 
1100409, 1100400, 'DIRECTION', 'Direction', 'Direction', 'String', 'string', NULL
, 'FXPBNOEDirection', NULL, NULL, 100, 'DIRECTION', NULL, NULL); 
INSERT INTO ARCH_REPORT_COLUMN ( ID, REPORT_ID, LOGICAL_NAME, VISIBLE_NAME, FILTER_NAME, TYPE,
VALIDATOR, CONVERTER, HELPER, VISIBILITY, SETTER, ORDER_SEQ, TABLE_NAME, FOOTER_SETTER,
HEADER_SETTER ) VALUES ( 
1100410, 1100400, 'EXPIRY_DATE', 'Expiry Date', 'Expiry Date', 'Date', 'dateOrToday'
, NULL, NULL, NULL, NULL, 110, 'trunc(EXPIRY_DATE)', NULL, NULL); 
INSERT INTO ARCH_REPORT_COLUMN ( ID, REPORT_ID, LOGICAL_NAME, VISIBLE_NAME, FILTER_NAME, TYPE,
VALIDATOR, CONVERTER, HELPER, VISIBILITY, SETTER, ORDER_SEQ, TABLE_NAME, FOOTER_SETTER,
HEADER_SETTER ) VALUES ( 
1100411, 1100400, 'SETTLEMENT_DATE', 'Settlement Date', 'Settlement Date', 'Date'
, 'dateOrToday', NULL, NULL, 'none', NULL, 120, 'trunc(SETTLEMENT_DATE)', NULL
, NULL); 
INSERT INTO ARCH_REPORT_COLUMN ( ID, REPORT_ID, LOGICAL_NAME, VISIBLE_NAME, FILTER_NAME, TYPE,
VALIDATOR, CONVERTER, HELPER, VISIBILITY, SETTER, ORDER_SEQ, TABLE_NAME, FOOTER_SETTER,
HEADER_SETTER ) VALUES ( 
1100412, 1100400, 'VALUE_DATE', 'Value Date', 'Value Date', 'Date', 'dateOrToday'
, NULL, NULL, NULL, NULL, 130, 'trunc(VALUE_DATE)', NULL, NULL); 
INSERT INTO ARCH_REPORT_COLUMN ( ID, REPORT_ID, LOGICAL_NAME, VISIBLE_NAME, FILTER_NAME, TYPE,
VALIDATOR, CONVERTER, HELPER, VISIBILITY, SETTER, ORDER_SEQ, TABLE_NAME, FOOTER_SETTER,
HEADER_SETTER ) VALUES ( 
1100413, 1100400, 'CONTRACT_TYPE', 'Contract Type', 'Contract Type', 'String', 'string'
, NULL, 'FXPBOptionContractType', NULL, NULL, 140, 'CONTRACT_TYPE', NULL, NULL); 
INSERT INTO ARCH_REPORT_COLUMN ( ID, REPORT_ID, LOGICAL_NAME, VISIBLE_NAME, FILTER_NAME, TYPE,
VALIDATOR, CONVERTER, HELPER, VISIBILITY, SETTER, ORDER_SEQ, TABLE_NAME, FOOTER_SETTER,
HEADER_SETTER ) VALUES ( 
1100414, 1100400, 'SECONDARY_CCY', 'CCY1', 'Secondary Ccy', 'String', 'string', NULL
, 'FXPBCurrency', NULL, NULL, 150, 'SECONDARY_CCY', NULL, NULL); 
INSERT INTO ARCH_REPORT_COLUMN ( ID, REPORT_ID, LOGICAL_NAME, VISIBLE_NAME, FILTER_NAME, TYPE,
VALIDATOR, CONVERTER, HELPER, VISIBILITY, SETTER, ORDER_SEQ, TABLE_NAME, FOOTER_SETTER,
HEADER_SETTER ) VALUES ( 
1100415, 1100400, 'QUANTITY', 'Quantity', 'Quantity', 'Double', 'double', NULL, NULL
, NULL, 'double8', 160, 'QUANTITY', NULL, NULL); 
INSERT INTO ARCH_REPORT_COLUMN ( ID, REPORT_ID, LOGICAL_NAME, VISIBLE_NAME, FILTER_NAME, TYPE,
VALIDATOR, CONVERTER, HELPER, VISIBILITY, SETTER, ORDER_SEQ, TABLE_NAME, FOOTER_SETTER,
HEADER_SETTER ) VALUES ( 
1100416, 1100400, 'BASE_CCY', 'CCY2', 'Base Ccy', 'String', 'string', NULL, 'FXPBCurrency'
, NULL, NULL, 170, 'BASE_CCY', NULL, NULL); 
INSERT INTO ARCH_REPORT_COLUMN ( ID, REPORT_ID, LOGICAL_NAME, VISIBLE_NAME, FILTER_NAME, TYPE,
VALIDATOR, CONVERTER, HELPER, VISIBILITY, SETTER, ORDER_SEQ, TABLE_NAME, FOOTER_SETTER,
HEADER_SETTER ) VALUES ( 
1100417, 1100400, 'QUANTITY2', 'Quantity2', 'Quantity2', 'Double', 'double', NULL
, NULL, NULL, 'double8', 180, 'QUANTITY2', NULL, NULL); 
INSERT INTO ARCH_REPORT_COLUMN ( ID, REPORT_ID, LOGICAL_NAME, VISIBLE_NAME, FILTER_NAME, TYPE,
VALIDATOR, CONVERTER, HELPER, VISIBILITY, SETTER, ORDER_SEQ, TABLE_NAME, FOOTER_SETTER,
HEADER_SETTER ) VALUES ( 
1100418, 1100400, 'STRIKE', 'Strike', 'Strike', 'Double', 'double', NULL, NULL, NULL
, NULL, 190, 'STRIKE', NULL, NULL); 
INSERT INTO ARCH_REPORT_COLUMN ( ID, REPORT_ID, LOGICAL_NAME, VISIBLE_NAME, FILTER_NAME, TYPE,
VALIDATOR, CONVERTER, HELPER, VISIBILITY, SETTER, ORDER_SEQ, TABLE_NAME, FOOTER_SETTER,
HEADER_SETTER ) VALUES ( 
1100419, 1100400, 'STRIKE_QUOTE_MODE', 'Strike Quote Mode', 'Strike Quote Mode', 'String'
, 'string', NULL, 'FXPBOptionStrikeQuoteMode', NULL, NULL, 200, 'STRIKE_QUOTE_MODE'
, NULL, NULL); 
INSERT INTO ARCH_REPORT_COLUMN ( ID, REPORT_ID, LOGICAL_NAME, VISIBLE_NAME, FILTER_NAME, TYPE,
VALIDATOR, CONVERTER, HELPER, VISIBILITY, SETTER, ORDER_SEQ, TABLE_NAME, FOOTER_SETTER,
HEADER_SETTER ) VALUES ( 
1100420, 1100400, 'OPTION_STYLE', 'Option Style', 'Option Style', 'String', 'string'
, NULL, 'FXPBOptionStyle', NULL, NULL, 210, 'OPTION_STYLE', NULL, NULL); 
INSERT INTO ARCH_REPORT_COLUMN ( ID, REPORT_ID, LOGICAL_NAME, VISIBLE_NAME, FILTER_NAME, TYPE,
VALIDATOR, CONVERTER, HELPER, VISIBILITY, SETTER, ORDER_SEQ, TABLE_NAME, FOOTER_SETTER,
HEADER_SETTER ) VALUES ( 
1100421, 1100400, 'PRICE_PAID', 'Price Paid', 'Price Paid', 'Double', 'double', NULL
, NULL, NULL, NULL, 220, 'PRICE_PAID', NULL, NULL); 
INSERT INTO ARCH_REPORT_COLUMN ( ID, REPORT_ID, LOGICAL_NAME, VISIBLE_NAME, FILTER_NAME, TYPE,
VALIDATOR, CONVERTER, HELPER, VISIBILITY, SETTER, ORDER_SEQ, TABLE_NAME, FOOTER_SETTER,
HEADER_SETTER ) VALUES ( 
1100422, 1100400, 'PREMIUM_TYPE', 'Premium Type', 'Premium Type', 'String', 'string'
, NULL, 'FXPBOptionPremiumType', NULL, NULL, 230, 'PREMIUM_TYPE', NULL, NULL); 
INSERT INTO ARCH_REPORT_COLUMN ( ID, REPORT_ID, LOGICAL_NAME, VISIBLE_NAME, FILTER_NAME, TYPE,
VALIDATOR, CONVERTER, HELPER, VISIBILITY, SETTER, ORDER_SEQ, TABLE_NAME, FOOTER_SETTER,
HEADER_SETTER ) VALUES ( 
1100423, 1100400, 'PREMIUM_AMOUNT', 'Premium Amount', 'Premium Amount', 'Double', 'double'
, NULL, NULL, NULL, 'double8', 240, 'PREMIUM_AMOUNT', NULL, NULL); 
INSERT INTO ARCH_REPORT_COLUMN ( ID, REPORT_ID, LOGICAL_NAME, VISIBLE_NAME, FILTER_NAME, TYPE,
VALIDATOR, CONVERTER, HELPER, VISIBILITY, SETTER, ORDER_SEQ, TABLE_NAME, FOOTER_SETTER,
HEADER_SETTER ) VALUES ( 
1100424, 1100400, 'PREMIUM_CCY', 'Premium Ccy', 'Premium Ccy', 'String', 'string'
, NULL, 'FXPBCurrency', NULL, NULL, 250, 'PREMIUM_CCY', NULL, NULL); 
INSERT INTO ARCH_REPORT_COLUMN ( ID, REPORT_ID, LOGICAL_NAME, VISIBLE_NAME, FILTER_NAME, TYPE,
VALIDATOR, CONVERTER, HELPER, VISIBILITY, SETTER, ORDER_SEQ, TABLE_NAME, FOOTER_SETTER,
HEADER_SETTER ) VALUES ( 
1100425, 1100400, 'PREMIUM_DATE', 'Premium Date', 'Premium Date', 'Date', 'dateOrToday'
, NULL, NULL, NULL, NULL, 260, 'trunc(PREMIUM_DATE)', NULL, NULL); 
INSERT INTO ARCH_REPORT_COLUMN ( ID, REPORT_ID, LOGICAL_NAME, VISIBLE_NAME, FILTER_NAME, TYPE,
VALIDATOR, CONVERTER, HELPER, VISIBILITY, SETTER, ORDER_SEQ, TABLE_NAME, FOOTER_SETTER,
HEADER_SETTER ) VALUES ( 
1100426, 1100400, 'BARRIER_TYPE', 'Barrier Type', 'Barrier Type', 'Integer', 'int'
, NULL, NULL, NULL, NULL, 270, 'BARRIER_TYPE', NULL, NULL); 
INSERT INTO ARCH_REPORT_COLUMN ( ID, REPORT_ID, LOGICAL_NAME, VISIBLE_NAME, FILTER_NAME, TYPE,
VALIDATOR, CONVERTER, HELPER, VISIBILITY, SETTER, ORDER_SEQ, TABLE_NAME, FOOTER_SETTER,
HEADER_SETTER ) VALUES ( 
1100427, 1100400, 'BARRIER_LEVEL', 'Barrier Level', 'Barrier Level', 'Double', 'double'
, NULL, NULL, NULL, NULL, 280, 'BARRIER_LEVEL', NULL, NULL); 
INSERT INTO ARCH_REPORT_COLUMN ( ID, REPORT_ID, LOGICAL_NAME, VISIBLE_NAME, FILTER_NAME, TYPE,
VALIDATOR, CONVERTER, HELPER, VISIBILITY, SETTER, ORDER_SEQ, TABLE_NAME, FOOTER_SETTER,
HEADER_SETTER ) VALUES ( 
1100428, 1100400, 'LOWER_BARRIER_LEVEL', 'Lower Barrier Level', 'Lower Barrier Level'
, 'Double', 'double', NULL, NULL, NULL, NULL, 290, 'LOWER_BARRIER_LEVEL', NULL, NULL); 
INSERT INTO ARCH_REPORT_COLUMN ( ID, REPORT_ID, LOGICAL_NAME, VISIBLE_NAME, FILTER_NAME, TYPE,
VALIDATOR, CONVERTER, HELPER, VISIBILITY, SETTER, ORDER_SEQ, TABLE_NAME, FOOTER_SETTER,
HEADER_SETTER ) VALUES ( 
1100429, 1100400, 'UPPER_BARRIER_LEVEL', 'Upper Barrier Level', 'Upper Barrier Level'
, 'Double', 'double', NULL, NULL, NULL, NULL, 300, 'UPPER_BARRIER_LEVEL', NULL, NULL); 
INSERT INTO ARCH_REPORT_COLUMN ( ID, REPORT_ID, LOGICAL_NAME, VISIBLE_NAME, FILTER_NAME, TYPE,
VALIDATOR, CONVERTER, HELPER, VISIBILITY, SETTER, ORDER_SEQ, TABLE_NAME, FOOTER_SETTER,
HEADER_SETTER ) VALUES ( 
1100430, 1100400, 'REBATE_PERCENT_1', 'Rebate Percent 1', 'Rebate Percent 1', 'Double'
, 'double', NULL, NULL, NULL, NULL, 310, 'REBATE_PERCENT_1', NULL, NULL); 
INSERT INTO ARCH_REPORT_COLUMN ( ID, REPORT_ID, LOGICAL_NAME, VISIBLE_NAME, FILTER_NAME, TYPE,
VALIDATOR, CONVERTER, HELPER, VISIBILITY, SETTER, ORDER_SEQ, TABLE_NAME, FOOTER_SETTER,
HEADER_SETTER ) VALUES ( 
1100431, 1100400, 'REBATE_PERCENT_2', 'Rebate Percent 2', 'Rebate Percent 2', 'Double'
, 'double', NULL, NULL, NULL, NULL, 320, 'REBATE_PERCENT_2', NULL, NULL); 
INSERT INTO ARCH_REPORT_COLUMN ( ID, REPORT_ID, LOGICAL_NAME, VISIBLE_NAME, FILTER_NAME, TYPE,
VALIDATOR, CONVERTER, HELPER, VISIBILITY, SETTER, ORDER_SEQ, TABLE_NAME, FOOTER_SETTER,
HEADER_SETTER ) VALUES ( 
1100432, 1100400, 'REBATE_QUOTE_MODE', 'Rebate Quote Mode', 'Rebate Quote Mode', 'String'
, 'string', NULL, NULL, NULL, NULL, 330, 'REBATE_QUOTE_MODE', NULL, NULL); 
INSERT INTO ARCH_REPORT_COLUMN ( ID, REPORT_ID, LOGICAL_NAME, VISIBLE_NAME, FILTER_NAME, TYPE,
VALIDATOR, CONVERTER, HELPER, VISIBILITY, SETTER, ORDER_SEQ, TABLE_NAME, FOOTER_SETTER,
HEADER_SETTER ) VALUES ( 
1100433, 1100400, 'REBATE_TYPE', 'Rebate Type', 'Rebate Type', 'String', 'string'
, NULL, NULL, NULL, NULL, 340, 'REBATE_TYPE', NULL, NULL); 
INSERT INTO ARCH_REPORT_COLUMN ( ID, REPORT_ID, LOGICAL_NAME, VISIBLE_NAME, FILTER_NAME, TYPE,
VALIDATOR, CONVERTER, HELPER, VISIBILITY, SETTER, ORDER_SEQ, TABLE_NAME, FOOTER_SETTER,
HEADER_SETTER ) VALUES ( 
1100434, 1100400, 'PAYOUT_AMOUNT', 'Payout Amount', 'Payout Amount', 'Double', 'double'
, NULL, NULL, NULL, 'double8', 350, 'PAYOUT_AMOUNT', NULL, NULL); 
INSERT INTO ARCH_REPORT_COLUMN ( ID, REPORT_ID, LOGICAL_NAME, VISIBLE_NAME, FILTER_NAME, TYPE,
VALIDATOR, CONVERTER, HELPER, VISIBILITY, SETTER, ORDER_SEQ, TABLE_NAME, FOOTER_SETTER,
HEADER_SETTER ) VALUES ( 
1100435, 1100400, 'PAYOUT_CCY', 'Payout Ccy', 'Payout Ccy', 'String', 'string', NULL
, 'FXPBCurrency', NULL, NULL, 360, 'PAYOUT_CCY', NULL, NULL); 
INSERT INTO ARCH_REPORT_COLUMN ( ID, REPORT_ID, LOGICAL_NAME, VISIBLE_NAME, FILTER_NAME, TYPE,
VALIDATOR, CONVERTER, HELPER, VISIBILITY, SETTER, ORDER_SEQ, TABLE_NAME, FOOTER_SETTER,
HEADER_SETTER ) VALUES ( 
1100436, 1100400, 'TRADER', 'Trader', 'Trader', 'String', 'string', NULL, NULL, NULL
, NULL, 370, 'TRADER', NULL, NULL); 
INSERT INTO ARCH_REPORT_COLUMN ( ID, REPORT_ID, LOGICAL_NAME, VISIBLE_NAME, FILTER_NAME, TYPE,
VALIDATOR, CONVERTER, HELPER, VISIBILITY, SETTER, ORDER_SEQ, TABLE_NAME, FOOTER_SETTER,
HEADER_SETTER ) VALUES ( 
1100437, 1100400, 'TRADE_DATE', 'Trade Date', 'Trade Date', 'Date', 'dateOrToday'
, NULL, NULL, NULL, NULL, 380, 'trunc(TRADE_DATE)', NULL, NULL); 
INSERT INTO ARCH_REPORT_COLUMN ( ID, REPORT_ID, LOGICAL_NAME, VISIBLE_NAME, FILTER_NAME, TYPE,
VALIDATOR, CONVERTER, HELPER, VISIBILITY, SETTER, ORDER_SEQ, TABLE_NAME, FOOTER_SETTER,
HEADER_SETTER ) VALUES ( 
1100438, 1100400, 'CREATION_DATE', 'Creation Date', 'Creation Date', 'Date', 'dateOrToday'
, NULL, NULL, NULL, NULL, 390, 'CREATION_DATE', NULL, NULL); 
INSERT INTO ARCH_REPORT_COLUMN ( ID, REPORT_ID, LOGICAL_NAME, VISIBLE_NAME, FILTER_NAME, TYPE,
VALIDATOR, CONVERTER, HELPER, VISIBILITY, SETTER, ORDER_SEQ, TABLE_NAME, FOOTER_SETTER,
HEADER_SETTER ) VALUES ( 
1100439, 1100400, 'EXTERNAL_REF', 'Client Ref', 'Client Ref', 'String', 'string', NULL
, NULL, NULL, NULL, 400, 'EXTERNAL_REF', NULL, NULL); 
INSERT INTO ARCH_REPORT_COLUMN ( ID, REPORT_ID, LOGICAL_NAME, VISIBLE_NAME, FILTER_NAME, TYPE,
VALIDATOR, CONVERTER, HELPER, VISIBILITY, SETTER, ORDER_SEQ, TABLE_NAME, FOOTER_SETTER,
HEADER_SETTER ) VALUES ( 
1100440, 1100400, 'TRADE_TYPE', 'Trade Type', 'Trade Type', 'String', 'string', NULL
, 'FXPBOptionTradeType', NULL, NULL, 410, 'TRADE_TYPE', NULL, NULL); 
INSERT INTO ARCH_REPORT_COLUMN ( ID, REPORT_ID, LOGICAL_NAME, VISIBLE_NAME, FILTER_NAME, TYPE,
VALIDATOR, CONVERTER, HELPER, VISIBILITY, SETTER, ORDER_SEQ, TABLE_NAME, FOOTER_SETTER,
HEADER_SETTER ) VALUES ( 
1100441, 1100400, 'PORTFOLIO', 'Portfolio', 'Portfolio', 'String', 'string', NULL
, NULL, NULL, NULL, 420, 'PORTFOLIO', NULL, NULL); 
INSERT INTO ARCH_REPORT_COLUMN ( ID, REPORT_ID, LOGICAL_NAME, VISIBLE_NAME, FILTER_NAME, TYPE,
VALIDATOR, CONVERTER, HELPER, VISIBILITY, SETTER, ORDER_SEQ, TABLE_NAME, FOOTER_SETTER,
HEADER_SETTER ) VALUES ( 
1100442, 1100400, 'IS_DUMMY', 'Is Dummy', 'Is Dummy', 'String', 'string', NULL, NULL
, NULL, NULL, 430, 'IS_DUMMY', NULL, NULL); 
INSERT INTO ARCH_REPORT_COLUMN ( ID, REPORT_ID, LOGICAL_NAME, VISIBLE_NAME, FILTER_NAME, TYPE,
VALIDATOR, CONVERTER, HELPER, VISIBILITY, SETTER, ORDER_SEQ, TABLE_NAME, FOOTER_SETTER,
HEADER_SETTER ) VALUES ( 
1100443, 1100400, 'AGREEMENT', 'Agreement', 'Agreement', 'String', 'string', NULL
, 'FXPBAgreement', NULL, NULL, 440, 'AGREEMENT', NULL, NULL); 
INSERT INTO ARCH_REPORT_COLUMN ( ID, REPORT_ID, LOGICAL_NAME, VISIBLE_NAME, FILTER_NAME, TYPE,
VALIDATOR, CONVERTER, HELPER, VISIBILITY, SETTER, ORDER_SEQ, TABLE_NAME, FOOTER_SETTER,
HEADER_SETTER ) VALUES ( 
1100444, 1100400, 'SUBMITTER_PERSON', 'Submitter Person', 'Submitter Person', 'String'
, 'string', NULL, NULL, 'reportHidden', NULL, 450, 'SUBMITTER_PERSON', NULL, NULL); 
INSERT INTO ARCH_REPORT_COLUMN ( ID, REPORT_ID, LOGICAL_NAME, VISIBLE_NAME, FILTER_NAME, TYPE,
VALIDATOR, CONVERTER, HELPER, VISIBILITY, SETTER, ORDER_SEQ, TABLE_NAME, FOOTER_SETTER,
HEADER_SETTER ) VALUES ( 
1100445, 1100400, 'ENTERING_ORG', 'Entering Org', 'Entering Org', 'String', 'string'
, NULL, NULL, 'reportHidden', NULL, 460, 'ENTERING_ORG', NULL, NULL); 
INSERT INTO ARCH_REPORT_COLUMN ( ID, REPORT_ID, LOGICAL_NAME, VISIBLE_NAME, FILTER_NAME, TYPE,
VALIDATOR, CONVERTER, HELPER, VISIBILITY, SETTER, ORDER_SEQ, TABLE_NAME, FOOTER_SETTER,
HEADER_SETTER ) VALUES ( 
1100446, 1100400, 'CUT_OFF_ZONE', 'Cut Off Zone', 'Cut Off Zone', 'String', 'string'
, NULL, NULL, 'reportHidden', NULL, 470, 'CUT_OFF_ZONE', NULL, NULL); 
INSERT INTO ARCH_REPORT_COLUMN ( ID, REPORT_ID, LOGICAL_NAME, VISIBLE_NAME, FILTER_NAME, TYPE,
VALIDATOR, CONVERTER, HELPER, VISIBILITY, SETTER, ORDER_SEQ, TABLE_NAME, FOOTER_SETTER,
HEADER_SETTER ) VALUES ( 
1100447, 1100400, 'UNDERLYING_CLIENT_REF', 'Underlying Client Ref', 'Underlying Client Ref'
, 'String', 'string', NULL, NULL, 'reportHidden', NULL, 480, 'UNDERLYING_CLIENT_REF'
, NULL, NULL); 
INSERT INTO ARCH_REPORT_COLUMN ( ID, REPORT_ID, LOGICAL_NAME, VISIBLE_NAME, FILTER_NAME, TYPE,
VALIDATOR, CONVERTER, HELPER, VISIBILITY, SETTER, ORDER_SEQ, TABLE_NAME, FOOTER_SETTER,
HEADER_SETTER ) VALUES ( 
1100448, 1100400, 'DELIVERY_METHOD', 'Delivery Method', 'Delivery Method', 'String'
, 'string', NULL, 'FXPBOptionDeliveryMethod', 'reportHidden', NULL, 490, 'DELIVERY_METHOD'
, NULL, NULL); 
INSERT INTO ARCH_REPORT_COLUMN ( ID, REPORT_ID, LOGICAL_NAME, VISIBLE_NAME, FILTER_NAME, TYPE,
VALIDATOR, CONVERTER, HELPER, VISIBILITY, SETTER, ORDER_SEQ, TABLE_NAME, FOOTER_SETTER,
HEADER_SETTER ) VALUES ( 
1100449, 1100400, 'REPORTER', 'Reporter', 'Reporter', 'String', 'string', NULL, NULL
, 'reportHidden', NULL, 500, 'REPORTER', NULL, NULL); 
INSERT INTO ARCH_REPORT_COLUMN ( ID, REPORT_ID, LOGICAL_NAME, VISIBLE_NAME, FILTER_NAME, TYPE,
VALIDATOR, CONVERTER, HELPER, VISIBILITY, SETTER, ORDER_SEQ, TABLE_NAME, FOOTER_SETTER,
HEADER_SETTER ) VALUES ( 
1100450, 1100400, 'NEW_NOE', 'New Giveup', 'New Giveup', 'Long', 'long', NULL, NULL
, 'reportHidden', NULL, 510, 'NEW_NOE', NULL, NULL); 
INSERT INTO ARCH_REPORT_COLUMN ( ID, REPORT_ID, LOGICAL_NAME, VISIBLE_NAME, FILTER_NAME, TYPE,
VALIDATOR, CONVERTER, HELPER, VISIBILITY, SETTER, ORDER_SEQ, TABLE_NAME, FOOTER_SETTER,
HEADER_SETTER ) VALUES ( 
1100451, 1100400, 'OLD_NOE', 'Old Giveup', 'Old Giveup', 'Long', 'long', NULL, NULL
, 'reportHidden', NULL, 520, 'OLD_NOE', NULL, NULL); 
INSERT INTO ARCH_REPORT_COLUMN ( ID, REPORT_ID, LOGICAL_NAME, VISIBLE_NAME, FILTER_NAME, TYPE,
VALIDATOR, CONVERTER, HELPER, VISIBILITY, SETTER, ORDER_SEQ, TABLE_NAME, FOOTER_SETTER,
HEADER_SETTER ) VALUES ( 
1100452, 1100400, 'OPTION_CONTRACT_TYPE', 'Option Contract Type', 'Option Contract Type'
, 'String', 'string', NULL, 'FXPBOptionContractType', 'reportHidden', NULL, 530, 'OPTION_CONTRACT_TYPE'
, NULL, NULL); 
INSERT INTO ARCH_REPORT_COLUMN ( ID, REPORT_ID, LOGICAL_NAME, VISIBLE_NAME, FILTER_NAME, TYPE,
VALIDATOR, CONVERTER, HELPER, VISIBILITY, SETTER, ORDER_SEQ, TABLE_NAME, FOOTER_SETTER,
HEADER_SETTER ) VALUES ( 
1100453, 1100400, 'EXPIRY_TIME', 'Expiry Time', 'Expiry Time', 'String', 'string'
, NULL, NULL, 'reportHidden', NULL, 540, 'EXPIRY_TIME', NULL, NULL); 
INSERT INTO ARCH_REPORT_COLUMN ( ID, REPORT_ID, LOGICAL_NAME, VISIBLE_NAME, FILTER_NAME, TYPE,
VALIDATOR, CONVERTER, HELPER, VISIBILITY, SETTER, ORDER_SEQ, TABLE_NAME, FOOTER_SETTER,
HEADER_SETTER ) VALUES ( 
1100454, 1100400, 'DATE_TERMINATED', 'Date Terminated', 'Date Terminated', 'Date'
, 'dateOrToday', NULL, NULL, 'reportHidden', NULL, 550, 'DATE_TERMINATED', NULL
, NULL); 
INSERT INTO ARCH_REPORT_COLUMN ( ID, REPORT_ID, LOGICAL_NAME, VISIBLE_NAME, FILTER_NAME, TYPE,
VALIDATOR, CONVERTER, HELPER, VISIBILITY, SETTER, ORDER_SEQ, TABLE_NAME, FOOTER_SETTER,
HEADER_SETTER ) VALUES ( 
1100455, 1100400, 'NDF', 'Ndf', 'Ndf', 'String', 'string', NULL, NULL, 'reportHidden'
, NULL, 560, 'NDF', NULL, NULL); 
INSERT INTO ARCH_REPORT_COLUMN ( ID, REPORT_ID, LOGICAL_NAME, VISIBLE_NAME, FILTER_NAME, TYPE,
VALIDATOR, CONVERTER, HELPER, VISIBILITY, SETTER, ORDER_SEQ, TABLE_NAME, FOOTER_SETTER,
HEADER_SETTER ) VALUES ( 
1100456, 1100400, 'NDF_FIXING_DATE', 'Ndf Fixing Date', 'Ndf Fixing Date', 'Date'
, 'dateOrToday', NULL, NULL, 'reportHidden', NULL, 570, 'NDF_FIXING_DATE', NULL
, NULL); 
INSERT INTO ARCH_REPORT_COLUMN ( ID, REPORT_ID, LOGICAL_NAME, VISIBLE_NAME, FILTER_NAME, TYPE,
VALIDATOR, CONVERTER, HELPER, VISIBILITY, SETTER, ORDER_SEQ, TABLE_NAME, FOOTER_SETTER,
HEADER_SETTER ) VALUES ( 
1100457, 1100400, 'NDF_LINKED_TRADE', 'Ndf Linked Trade', 'Ndf Linked Trade', 'String'
, 'string', NULL, NULL, 'reportHidden', NULL, 580, 'NDF_LINKED_TRADE', NULL, NULL); 
INSERT INTO ARCH_REPORT_COLUMN ( ID, REPORT_ID, LOGICAL_NAME, VISIBLE_NAME, FILTER_NAME, TYPE,
VALIDATOR, CONVERTER, HELPER, VISIBILITY, SETTER, ORDER_SEQ, TABLE_NAME, FOOTER_SETTER,
HEADER_SETTER ) VALUES ( 
1100605, 1100400, 'TP_ROLE', 'TP Role', 'TP Role', 'String', 'string', NULL, NULL
, 'reportHidden', NULL, 590, 'TP_ROLE', NULL, NULL); 
INSERT INTO ARCH_REPORT_COLUMN ( ID, REPORT_ID, LOGICAL_NAME, VISIBLE_NAME, FILTER_NAME, TYPE,
VALIDATOR, CONVERTER, HELPER, VISIBILITY, SETTER, ORDER_SEQ, TABLE_NAME, FOOTER_SETTER,
HEADER_SETTER ) VALUES ( 
1100458, 1100401, 'ID', 'Id', 'Id', 'Long', 'long', NULL, NULL, NULL, NULL, 10, 'ID'
, NULL, NULL); 
INSERT INTO ARCH_REPORT_COLUMN ( ID, REPORT_ID, LOGICAL_NAME, VISIBLE_NAME, FILTER_NAME, TYPE,
VALIDATOR, CONVERTER, HELPER, VISIBILITY, SETTER, ORDER_SEQ, TABLE_NAME, FOOTER_SETTER,
HEADER_SETTER ) VALUES ( 
1100459, 1100401, 'ADVISOR', 'Advisor', 'Advisor', 'String', 'string', NULL, NULL
, NULL, NULL, 20, 'ADVISOR', NULL, NULL); 
INSERT INTO ARCH_REPORT_COLUMN ( ID, REPORT_ID, LOGICAL_NAME, VISIBLE_NAME, FILTER_NAME, TYPE,
VALIDATOR, CONVERTER, HELPER, VISIBILITY, SETTER, ORDER_SEQ, TABLE_NAME, FOOTER_SETTER,
HEADER_SETTER ) VALUES ( 
1100460, 1100401, 'NOE_ID', 'Giveup Id', 'Giveup Id', 'Long', 'long', NULL, NULL, NULL
, 'LINK:new_option.lwp?optionId=$NOE_ID&RetrieveOptionNoe=RetrieveOptionNoe', 30, 'NOE_ID'
, NULL, NULL); 
INSERT INTO ARCH_REPORT_COLUMN ( ID, REPORT_ID, LOGICAL_NAME, VISIBLE_NAME, FILTER_NAME, TYPE,
VALIDATOR, CONVERTER, HELPER, VISIBILITY, SETTER, ORDER_SEQ, TABLE_NAME, FOOTER_SETTER,
HEADER_SETTER ) VALUES ( 
1100461, 1100401, 'COUNTER_NOE', 'Counter Giveup', 'Counter Giveup', 'Long', 'long'
, NULL, NULL, NULL, NULL, 40, 'COUNTER_NOE', NULL, NULL); 
INSERT INTO ARCH_REPORT_COLUMN ( ID, REPORT_ID, LOGICAL_NAME, VISIBLE_NAME, FILTER_NAME, TYPE,
VALIDATOR, CONVERTER, HELPER, VISIBILITY, SETTER, ORDER_SEQ, TABLE_NAME, FOOTER_SETTER,
HEADER_SETTER ) VALUES ( 
1100462, 1100401, 'APPROVAL', 'Approval', 'Approval', 'String', 'string', NULL, 'VFXPBNOEApprovalStatus'
, NULL, 'approvalStatus', 50, 'APPROVAL', NULL, NULL); 
INSERT INTO ARCH_REPORT_COLUMN ( ID, REPORT_ID, LOGICAL_NAME, VISIBLE_NAME, FILTER_NAME, TYPE,
VALIDATOR, CONVERTER, HELPER, VISIBILITY, SETTER, ORDER_SEQ, TABLE_NAME, FOOTER_SETTER,
HEADER_SETTER ) VALUES ( 
1100463, 1100401, 'ACTIVITY', 'Activity', 'Activity', 'String', 'string', NULL, 'VFXPBSplitLifeStatus'
, NULL, 'activityStatus', 60, 'ACTIVITY', NULL, NULL); 
INSERT INTO ARCH_REPORT_COLUMN ( ID, REPORT_ID, LOGICAL_NAME, VISIBLE_NAME, FILTER_NAME, TYPE,
VALIDATOR, CONVERTER, HELPER, VISIBILITY, SETTER, ORDER_SEQ, TABLE_NAME, FOOTER_SETTER,
HEADER_SETTER ) VALUES ( 
1100464, 1100401, 'TRADE_DATE', 'Trade Date', 'Trade Date', 'Date', 'dateOrToday'
, NULL, NULL, NULL, NULL, 70, 'trunc(TRADE_DATE)', NULL, NULL); 
INSERT INTO ARCH_REPORT_COLUMN ( ID, REPORT_ID, LOGICAL_NAME, VISIBLE_NAME, FILTER_NAME, TYPE,
VALIDATOR, CONVERTER, HELPER, VISIBILITY, SETTER, ORDER_SEQ, TABLE_NAME, FOOTER_SETTER,
HEADER_SETTER ) VALUES ( 
1100465, 1100401, 'CREATION_DATE', 'Creation Date', 'Creation Date', 'Date', 'dateOrToday'
, NULL, NULL, NULL, NULL, 80, 'CREATION_DATE', NULL, NULL); 
INSERT INTO ARCH_REPORT_COLUMN ( ID, REPORT_ID, LOGICAL_NAME, VISIBLE_NAME, FILTER_NAME, TYPE,
VALIDATOR, CONVERTER, HELPER, VISIBILITY, SETTER, ORDER_SEQ, TABLE_NAME, FOOTER_SETTER,
HEADER_SETTER ) VALUES ( 
1100466, 1100401, 'ENTERED_BY', 'Entered By', 'Entered By', 'String', 'string', NULL
, NULL, NULL, NULL, 90, 'ENTERED_BY', NULL, NULL); 
INSERT INTO ARCH_REPORT_COLUMN ( ID, REPORT_ID, LOGICAL_NAME, VISIBLE_NAME, FILTER_NAME, TYPE,
VALIDATOR, CONVERTER, HELPER, VISIBILITY, SETTER, ORDER_SEQ, TABLE_NAME, FOOTER_SETTER,
HEADER_SETTER ) VALUES ( 
1100467, 1100401, 'CLIENT_REF', 'Client Ref', 'Client Ref', 'String', 'string', NULL
, NULL, NULL, NULL, 100, 'CLIENT_REF', NULL, NULL); 
INSERT INTO ARCH_REPORT_COLUMN ( ID, REPORT_ID, LOGICAL_NAME, VISIBLE_NAME, FILTER_NAME, TYPE,
VALIDATOR, CONVERTER, HELPER, VISIBILITY, SETTER, ORDER_SEQ, TABLE_NAME, FOOTER_SETTER,
HEADER_SETTER ) VALUES ( 
1100468, 1100401, 'ALLOCATED_QUANTITY', 'Allocated Quantity', 'Allocated Quantity'
, 'Double', 'double', NULL, NULL, NULL, 'double8', 110, 'ALLOCATED_QUANTITY', NULL
, NULL); 
INSERT INTO ARCH_REPORT_COLUMN ( ID, REPORT_ID, LOGICAL_NAME, VISIBLE_NAME, FILTER_NAME, TYPE,
VALIDATOR, CONVERTER, HELPER, VISIBILITY, SETTER, ORDER_SEQ, TABLE_NAME, FOOTER_SETTER,
HEADER_SETTER ) VALUES ( 
1100469, 1100401, 'NEW_SPLIT', 'New Split', 'New Split', 'Long', 'long', NULL, NULL
, NULL, NULL, 120, 'NEW_SPLIT', NULL, NULL); 
INSERT INTO ARCH_REPORT_COLUMN ( ID, REPORT_ID, LOGICAL_NAME, VISIBLE_NAME, FILTER_NAME, TYPE,
VALIDATOR, CONVERTER, HELPER, VISIBILITY, SETTER, ORDER_SEQ, TABLE_NAME, FOOTER_SETTER,
HEADER_SETTER ) VALUES ( 
1100470, 1100401, 'OLD_SPLIT', 'Old Split', 'Old Split', 'Long', 'long', NULL, NULL
, NULL, NULL, 130, 'OLD_SPLIT', NULL, NULL); 
INSERT INTO ARCH_REPORT_COLUMN ( ID, REPORT_ID, LOGICAL_NAME, VISIBLE_NAME, FILTER_NAME, TYPE,
VALIDATOR, CONVERTER, HELPER, VISIBILITY, SETTER, ORDER_SEQ, TABLE_NAME, FOOTER_SETTER,
HEADER_SETTER ) VALUES ( 
1100471, 1100401, 'CURRENCY_PAIR', 'Currency Pair', 'Currency Pair', 'String', 'string'
, NULL, 'FXPBCurrencyPair', NULL, NULL, 140, 'CURRENCY_PAIR', NULL, NULL); 
INSERT INTO ARCH_REPORT_COLUMN ( ID, REPORT_ID, LOGICAL_NAME, VISIBLE_NAME, FILTER_NAME, TYPE,
VALIDATOR, CONVERTER, HELPER, VISIBILITY, SETTER, ORDER_SEQ, TABLE_NAME, FOOTER_SETTER,
HEADER_SETTER ) VALUES ( 
1100472, 1100401, 'PREMIUM_AMOUNT', 'Premium Amount', 'Premium Amount', 'Double', 'double'
, NULL, NULL, NULL, 'double8', 150, 'PREMIUM_AMOUNT', NULL, NULL); 
INSERT INTO ARCH_REPORT_COLUMN ( ID, REPORT_ID, LOGICAL_NAME, VISIBLE_NAME, FILTER_NAME, TYPE,
VALIDATOR, CONVERTER, HELPER, VISIBILITY, SETTER, ORDER_SEQ, TABLE_NAME, FOOTER_SETTER,
HEADER_SETTER ) VALUES ( 
1100473, 1100401, 'PREMIUM_CCY', 'Premium Ccy', 'Premium Ccy', 'String', 'string'
, NULL, 'FXPBCurrency', NULL, NULL, 160, 'PREMIUM_CCY', NULL, NULL); 
INSERT INTO ARCH_REPORT_COLUMN ( ID, REPORT_ID, LOGICAL_NAME, VISIBLE_NAME, FILTER_NAME, TYPE,
VALIDATOR, CONVERTER, HELPER, VISIBILITY, SETTER, ORDER_SEQ, TABLE_NAME, FOOTER_SETTER,
HEADER_SETTER ) VALUES ( 
1100480, 1100402, 'TRADE_GROUP', 'Trade Group', 'Trade Group', 'Long', 'long', NULL
, NULL, NULL, 'LINK:optiontgrep.lwp?g0_fCond==&g0_fName=TRADE_GROUP&g0_fOp=NONE&g0_fValue=$TRADE_GROUP&g0_fltr=0&g0_fId=0&g0_fParentId=-1&g0_fVisibility=0&ExecuteFromLink=ExecuteFromLink&RecCount=15'
, 10, 'TRADE_GROUP', NULL, NULL); 
INSERT INTO ARCH_REPORT_COLUMN ( ID, REPORT_ID, LOGICAL_NAME, VISIBLE_NAME, FILTER_NAME, TYPE,
VALIDATOR, CONVERTER, HELPER, VISIBILITY, SETTER, ORDER_SEQ, TABLE_NAME, FOOTER_SETTER,
HEADER_SETTER ) VALUES ( 
1100481, 1100402, 'TRADE_ID', 'Trade Id', 'Trade Id', 'Long', 'long', NULL, NULL, NULL
, NULL, 20, 'TRADE_ID', NULL, NULL); 
INSERT INTO ARCH_REPORT_COLUMN ( ID, REPORT_ID, LOGICAL_NAME, VISIBLE_NAME, FILTER_NAME, TYPE,
VALIDATOR, CONVERTER, HELPER, VISIBILITY, SETTER, ORDER_SEQ, TABLE_NAME, FOOTER_SETTER,
HEADER_SETTER ) VALUES ( 
1100482, 1100402, 'LIFE_STATUS', 'Life Status', 'Life Status', 'String', 'string'
, NULL, 'VFXPBTradeLifeStatus', NULL, 'lifeStatus', 30, 'LIFE_STATUS', NULL, NULL); 
INSERT INTO ARCH_REPORT_COLUMN ( ID, REPORT_ID, LOGICAL_NAME, VISIBLE_NAME, FILTER_NAME, TYPE,
VALIDATOR, CONVERTER, HELPER, VISIBILITY, SETTER, ORDER_SEQ, TABLE_NAME, FOOTER_SETTER,
HEADER_SETTER ) VALUES ( 
1100483, 1100402, 'BOOKING_STATUS', 'Booking Status', 'Booking Status', 'String', 'string'
, NULL, 'VFXPBTradeBORStatus', NULL, 'borStatus', 7, 'BOOKING_STATUS', NULL, NULL); 
INSERT INTO ARCH_REPORT_COLUMN ( ID, REPORT_ID, LOGICAL_NAME, VISIBLE_NAME, FILTER_NAME, TYPE,
VALIDATOR, CONVERTER, HELPER, VISIBILITY, SETTER, ORDER_SEQ, TABLE_NAME, FOOTER_SETTER,
HEADER_SETTER ) VALUES ( 
1100484, 1100402, 'SIDE_A_MANAGER', 'Side A Manager', 'Side A Manager', 'String', 'string'
, NULL, NULL, 'reportHidden', NULL, 50, 'SIDE_A_MANAGER', NULL, NULL); 
INSERT INTO ARCH_REPORT_COLUMN ( ID, REPORT_ID, LOGICAL_NAME, VISIBLE_NAME, FILTER_NAME, TYPE,
VALIDATOR, CONVERTER, HELPER, VISIBILITY, SETTER, ORDER_SEQ, TABLE_NAME, FOOTER_SETTER,
HEADER_SETTER ) VALUES ( 
1100485, 1100402, 'SIDE_B_MANAGER', 'Side B Manager', 'Side B Manager', 'String', 'string'
, NULL, NULL, 'reportHidden', NULL, 60, 'SIDE_B_MANAGER', NULL, NULL); 
INSERT INTO ARCH_REPORT_COLUMN ( ID, REPORT_ID, LOGICAL_NAME, VISIBLE_NAME, FILTER_NAME, TYPE,
VALIDATOR, CONVERTER, HELPER, VISIBILITY, SETTER, ORDER_SEQ, TABLE_NAME, FOOTER_SETTER,
HEADER_SETTER ) VALUES ( 
1100486, 1100402, 'SIDE_A', 'Side A', 'Side A', 'String', 'string', NULL, NULL, NULL
, NULL, 70, 'SIDE_A', NULL, NULL); 
INSERT INTO ARCH_REPORT_COLUMN ( ID, REPORT_ID, LOGICAL_NAME, VISIBLE_NAME, FILTER_NAME, TYPE,
VALIDATOR, CONVERTER, HELPER, VISIBILITY, SETTER, ORDER_SEQ, TABLE_NAME, FOOTER_SETTER,
HEADER_SETTER ) VALUES ( 
1100487, 1100402, 'SIDE_B', 'Side B', 'Side B', 'String', 'string', NULL, NULL, NULL
, NULL, 80, 'SIDE_B', NULL, NULL); 
INSERT INTO ARCH_REPORT_COLUMN ( ID, REPORT_ID, LOGICAL_NAME, VISIBLE_NAME, FILTER_NAME, TYPE,
VALIDATOR, CONVERTER, HELPER, VISIBILITY, SETTER, ORDER_SEQ, TABLE_NAME, FOOTER_SETTER,
HEADER_SETTER ) VALUES ( 
1100488, 1100402, 'SIDE_A_NOE_ID', 'Side A Giveup Id', 'Side A Giveup Id', 'Long'
, 'long', NULL, NULL, NULL, 'permCheckSideANoeLink', 90, 'SIDE_A_NOE_ID', NULL, NULL); 
INSERT INTO ARCH_REPORT_COLUMN ( ID, REPORT_ID, LOGICAL_NAME, VISIBLE_NAME, FILTER_NAME, TYPE,
VALIDATOR, CONVERTER, HELPER, VISIBILITY, SETTER, ORDER_SEQ, TABLE_NAME, FOOTER_SETTER,
HEADER_SETTER ) VALUES ( 
1100489, 1100402, 'SIDE_B_NOE_ID', 'Side B Giveup Id', 'Side B Giveup Id', 'Long'
, 'long', NULL, NULL, NULL, 'permCheckSideBNoeLink', 100, 'SIDE_B_NOE_ID', NULL, NULL); 
INSERT INTO ARCH_REPORT_COLUMN ( ID, REPORT_ID, LOGICAL_NAME, VISIBLE_NAME, FILTER_NAME, TYPE,
VALIDATOR, CONVERTER, HELPER, VISIBILITY, SETTER, ORDER_SEQ, TABLE_NAME, FOOTER_SETTER,
HEADER_SETTER ) VALUES ( 
1100490, 1100402, 'CURRENCY1', 'Currency1', 'Currency1', 'String', 'string', NULL
, 'FXPBCurrency', NULL, NULL, 110, 'CURRENCY1', NULL, NULL); 
INSERT INTO ARCH_REPORT_COLUMN ( ID, REPORT_ID, LOGICAL_NAME, VISIBLE_NAME, FILTER_NAME, TYPE,
VALIDATOR, CONVERTER, HELPER, VISIBILITY, SETTER, ORDER_SEQ, TABLE_NAME, FOOTER_SETTER,
HEADER_SETTER ) VALUES ( 
1100491, 1100402, 'CONTRACT_TYPE', 'Contract Type', 'Contract Type', 'String', 'string'
, NULL, 'FXPBOptionContractType', NULL, NULL, 120, 'CONTRACT_TYPE', NULL, NULL); 
INSERT INTO ARCH_REPORT_COLUMN ( ID, REPORT_ID, LOGICAL_NAME, VISIBLE_NAME, FILTER_NAME, TYPE,
VALIDATOR, CONVERTER, HELPER, VISIBILITY, SETTER, ORDER_SEQ, TABLE_NAME, FOOTER_SETTER,
HEADER_SETTER ) VALUES ( 
1100492, 1100402, 'QUANTITY1', 'Quantity1', 'Quantity1', 'Double', 'double', NULL
, NULL, NULL, 'double8', 130, 'QUANTITY1', NULL, NULL); 
INSERT INTO ARCH_REPORT_COLUMN ( ID, REPORT_ID, LOGICAL_NAME, VISIBLE_NAME, FILTER_NAME, TYPE,
VALIDATOR, CONVERTER, HELPER, VISIBILITY, SETTER, ORDER_SEQ, TABLE_NAME, FOOTER_SETTER,
HEADER_SETTER ) VALUES ( 
1100493, 1100402, 'CURRENCY2', 'Currency2', 'Currency2', 'String', 'string', NULL
, 'FXPBCurrency', NULL, NULL, 140, 'CURRENCY2', NULL, NULL); 
INSERT INTO ARCH_REPORT_COLUMN ( ID, REPORT_ID, LOGICAL_NAME, VISIBLE_NAME, FILTER_NAME, TYPE,
VALIDATOR, CONVERTER, HELPER, VISIBILITY, SETTER, ORDER_SEQ, TABLE_NAME, FOOTER_SETTER,
HEADER_SETTER ) VALUES ( 
1100494, 1100402, 'NEAR_QUANTITY2', 'Near Quantity2', 'Near Quantity2', 'Double', 'double'
, NULL, NULL, NULL, 'double8', 150, 'NEAR_QUANTITY2', NULL, NULL); 
INSERT INTO ARCH_REPORT_COLUMN ( ID, REPORT_ID, LOGICAL_NAME, VISIBLE_NAME, FILTER_NAME, TYPE,
VALIDATOR, CONVERTER, HELPER, VISIBILITY, SETTER, ORDER_SEQ, TABLE_NAME, FOOTER_SETTER,
HEADER_SETTER ) VALUES ( 
1100495, 1100402, 'EXPIRY_DATE', 'Expiry Date', 'Expiry Date', 'Date', 'dateOrToday'
, NULL, NULL, NULL, NULL, 160, 'trunc(EXPIRY_DATE)', NULL, NULL); 
INSERT INTO ARCH_REPORT_COLUMN ( ID, REPORT_ID, LOGICAL_NAME, VISIBLE_NAME, FILTER_NAME, TYPE,
VALIDATOR, CONVERTER, HELPER, VISIBILITY, SETTER, ORDER_SEQ, TABLE_NAME, FOOTER_SETTER,
HEADER_SETTER ) VALUES ( 
1100496, 1100402, 'DATE_TERMINATED', 'Date Terminated', 'Date Terminated', 'Date'
, 'dateOrToday', NULL, NULL, NULL, NULL, 170, 'trunc(DATE_TERMINATED)', NULL, NULL);
INSERT INTO ARCH_REPORT_COLUMN ( ID, REPORT_ID, LOGICAL_NAME, VISIBLE_NAME, FILTER_NAME, TYPE,
VALIDATOR, CONVERTER, HELPER, VISIBILITY, SETTER, ORDER_SEQ, TABLE_NAME, FOOTER_SETTER,
HEADER_SETTER ) VALUES ( 
1100497, 1100402, 'STRIKE', 'Strike', 'Strike', 'Double', 'double', NULL, NULL, NULL
, NULL, 180, 'STRIKE', NULL, NULL); 
INSERT INTO ARCH_REPORT_COLUMN ( ID, REPORT_ID, LOGICAL_NAME, VISIBLE_NAME, FILTER_NAME, TYPE,
VALIDATOR, CONVERTER, HELPER, VISIBILITY, SETTER, ORDER_SEQ, TABLE_NAME, FOOTER_SETTER,
HEADER_SETTER ) VALUES ( 
1100498, 1100402, 'STRIKE_QUOTE_MODE', 'Strike Quote Mode', 'Strike Quote Mode', 'String'
, 'string', NULL, 'FXPBOptionStrikeQuoteMode', NULL, NULL, 190, 'STRIKE_QUOTE_MODE'
, NULL, NULL); 
INSERT INTO ARCH_REPORT_COLUMN ( ID, REPORT_ID, LOGICAL_NAME, VISIBLE_NAME, FILTER_NAME, TYPE,
VALIDATOR, CONVERTER, HELPER, VISIBILITY, SETTER, ORDER_SEQ, TABLE_NAME, FOOTER_SETTER,
HEADER_SETTER ) VALUES ( 
1100499, 1100402, 'OPTION_TYPE', 'Option Type', 'Option Type', 'String', 'string'
, NULL, 'FXPBOptionType', NULL, NULL, 200, 'OPTION_TYPE', NULL, NULL); 
INSERT INTO ARCH_REPORT_COLUMN ( ID, REPORT_ID, LOGICAL_NAME, VISIBLE_NAME, FILTER_NAME, TYPE,
VALIDATOR, CONVERTER, HELPER, VISIBILITY, SETTER, ORDER_SEQ, TABLE_NAME, FOOTER_SETTER,
HEADER_SETTER ) VALUES ( 
1100500, 1100402, 'OPTION_STYLE', 'Option Style', 'Option Style', 'String', 'string'
, NULL, 'FXPBOptionStyle', NULL, NULL, 210, 'OPTION_STYLE', NULL, NULL); 
INSERT INTO ARCH_REPORT_COLUMN ( ID, REPORT_ID, LOGICAL_NAME, VISIBLE_NAME, FILTER_NAME, TYPE,
VALIDATOR, CONVERTER, HELPER, VISIBILITY, SETTER, ORDER_SEQ, TABLE_NAME, FOOTER_SETTER,
HEADER_SETTER ) VALUES ( 
1100501, 1100402, 'BARRIER_TYPE', 'Barrier Type', 'Barrier Type', 'Integer', 'int'
, NULL, NULL, NULL, NULL, 220, 'BARRIER_TYPE', NULL, NULL); 
INSERT INTO ARCH_REPORT_COLUMN ( ID, REPORT_ID, LOGICAL_NAME, VISIBLE_NAME, FILTER_NAME, TYPE,
VALIDATOR, CONVERTER, HELPER, VISIBILITY, SETTER, ORDER_SEQ, TABLE_NAME, FOOTER_SETTER,
HEADER_SETTER ) VALUES ( 
1100502, 1100402, 'LOWER_BARRIER_LEVEL', 'Lower Barrier Level', 'Lower Barrier Level'
, 'Double', 'double', NULL, NULL, NULL, NULL, 230, 'LOWER_BARRIER_LEVEL', NULL, NULL); 
INSERT INTO ARCH_REPORT_COLUMN ( ID, REPORT_ID, LOGICAL_NAME, VISIBLE_NAME, FILTER_NAME, TYPE,
VALIDATOR, CONVERTER, HELPER, VISIBILITY, SETTER, ORDER_SEQ, TABLE_NAME, FOOTER_SETTER,
HEADER_SETTER ) VALUES ( 
1100503, 1100402, 'UPPER_BARRIER_LEVEL', 'Upper Barrier Level', 'Upper Barrier Level'
, 'Double', 'double', NULL, NULL, NULL, NULL, 240, 'UPPER_BARRIER_LEVEL', NULL, NULL); 
INSERT INTO ARCH_REPORT_COLUMN ( ID, REPORT_ID, LOGICAL_NAME, VISIBLE_NAME, FILTER_NAME, TYPE,
VALIDATOR, CONVERTER, HELPER, VISIBILITY, SETTER, ORDER_SEQ, TABLE_NAME, FOOTER_SETTER,
HEADER_SETTER ) VALUES ( 
1100504, 1100402, 'PRICE_PAID', 'Price Paid', 'Price Paid', 'Double', 'double', NULL
, NULL, NULL, NULL, 250, 'PRICE_PAID', NULL, NULL); 
INSERT INTO ARCH_REPORT_COLUMN ( ID, REPORT_ID, LOGICAL_NAME, VISIBLE_NAME, FILTER_NAME, TYPE,
VALIDATOR, CONVERTER, HELPER, VISIBILITY, SETTER, ORDER_SEQ, TABLE_NAME, FOOTER_SETTER,
HEADER_SETTER ) VALUES ( 
1100505, 1100402, 'PRICE_QUOTE', 'Price Quote', 'Price Quote', 'Integer', 'int', NULL
, NULL, NULL, NULL, 260, 'PRICE_QUOTE', NULL, NULL); 
INSERT INTO ARCH_REPORT_COLUMN ( ID, REPORT_ID, LOGICAL_NAME, VISIBLE_NAME, FILTER_NAME, TYPE,
VALIDATOR, CONVERTER, HELPER, VISIBILITY, SETTER, ORDER_SEQ, TABLE_NAME, FOOTER_SETTER,
HEADER_SETTER ) VALUES ( 
1100506, 1100402, 'FWD_DATE', 'Fwd Date', 'Fwd Date', 'Date', 'dateOrToday', NULL
, NULL, NULL, NULL, 270, 'trunc(FWD_DATE)', NULL, NULL); 
INSERT INTO ARCH_REPORT_COLUMN ( ID, REPORT_ID, LOGICAL_NAME, VISIBLE_NAME, FILTER_NAME, TYPE,
VALIDATOR, CONVERTER, HELPER, VISIBILITY, SETTER, ORDER_SEQ, TABLE_NAME, FOOTER_SETTER,
HEADER_SETTER ) VALUES ( 
1100507, 1100402, 'RATE', 'Rate', 'Rate', 'Double', 'double', NULL, NULL, 'reportHidden'
, NULL, 280, 'RATE', NULL, NULL); 
INSERT INTO ARCH_REPORT_COLUMN ( ID, REPORT_ID, LOGICAL_NAME, VISIBLE_NAME, FILTER_NAME, TYPE,
VALIDATOR, CONVERTER, HELPER, VISIBILITY, SETTER, ORDER_SEQ, TABLE_NAME, FOOTER_SETTER,
HEADER_SETTER ) VALUES ( 
1100508, 1100402, 'TRADE_DATE', 'Trade Date', 'Trade Date', 'Date', 'dateOrToday'
, NULL, NULL, NULL, NULL, 290, 'trunc(TRADE_DATE)', NULL, NULL); 
INSERT INTO ARCH_REPORT_COLUMN ( ID, REPORT_ID, LOGICAL_NAME, VISIBLE_NAME, FILTER_NAME, TYPE,
VALIDATOR, CONVERTER, HELPER, VISIBILITY, SETTER, ORDER_SEQ, TABLE_NAME, FOOTER_SETTER,
HEADER_SETTER ) VALUES ( 
1100509, 1100402, 'TRADE_TYPE', 'Trade Type', 'Trade Type', 'String', 'string', NULL
, 'FXPBOptionTradeType', NULL, NULL, 300, 'TRADE_TYPE', NULL, NULL); 
INSERT INTO ARCH_REPORT_COLUMN ( ID, REPORT_ID, LOGICAL_NAME, VISIBLE_NAME, FILTER_NAME, TYPE,
VALIDATOR, CONVERTER, HELPER, VISIBILITY, SETTER, ORDER_SEQ, TABLE_NAME, FOOTER_SETTER,
HEADER_SETTER ) VALUES ( 
1100510, 1100402, 'AGREEMENT', 'Agreement', 'Agreement', 'String', 'string', NULL
, 'FXPBAgreement', NULL, NULL, 310, 'AGREEMENT', NULL, NULL); 
INSERT INTO ARCH_REPORT_COLUMN ( ID, REPORT_ID, LOGICAL_NAME, VISIBLE_NAME, FILTER_NAME, TYPE,
VALIDATOR, CONVERTER, HELPER, VISIBILITY, SETTER, ORDER_SEQ, TABLE_NAME, FOOTER_SETTER,
HEADER_SETTER ) VALUES ( 
1100511, 1100402, 'UNDERLYING', 'Underlying', 'Underlying', 'String', 'string', NULL
, NULL, NULL, NULL, 320, 'UNDERLYING', NULL, NULL); 
INSERT INTO ARCH_REPORT_COLUMN ( ID, REPORT_ID, LOGICAL_NAME, VISIBLE_NAME, FILTER_NAME, TYPE,
VALIDATOR, CONVERTER, HELPER, VISIBILITY, SETTER, ORDER_SEQ, TABLE_NAME, FOOTER_SETTER,
HEADER_SETTER ) VALUES ( 
1100512, 1100402, 'OPTION_BO_TRADE_ID', 'Murex Id', 'Murex Id', 'String', 'string'
, NULL, NULL, NULL, 'copyRow', 5, 'OPTION_BO_TRADE_ID', NULL, NULL); 
INSERT INTO ARCH_REPORT_COLUMN ( ID, REPORT_ID, LOGICAL_NAME, VISIBLE_NAME, FILTER_NAME, TYPE,
VALIDATOR, CONVERTER, HELPER, VISIBILITY, SETTER, ORDER_SEQ, TABLE_NAME, FOOTER_SETTER,
HEADER_SETTER ) VALUES ( 
1100513, 1100402, 'OPTION_STATUS', 'Trade Option Status', 'Trade Option Status', 'String'
, 'string', NULL, 'FXPBTradeOptionStatus', NULL, 'optionStatus', 41, 'OPTION_STATUS'
, NULL, NULL); 
INSERT INTO ARCH_REPORT_COLUMN ( ID, REPORT_ID, LOGICAL_NAME, VISIBLE_NAME, FILTER_NAME, TYPE,
VALIDATOR, CONVERTER, HELPER, VISIBILITY, SETTER, ORDER_SEQ, TABLE_NAME, FOOTER_SETTER,
HEADER_SETTER ) VALUES ( 
1100520, 1100403, 'TRADE_GROUP', 'Trade Group', 'Trade Group', 'Long', 'long', NULL
, NULL, NULL, 'LINK:optionctrep.lwp?g0_fCond==&g0_fName=TRADE_GROUP&g0_fOp=NONE&g0_fValue=$TRADE_GROUP&g0_fltr=0&g0_fId=0&g0_fParentId=-1&g0_fVisibility=0&ExecuteFromLink=ExecuteFromLink'
, 10, 'TRADE_GROUP', NULL, NULL); 
INSERT INTO ARCH_REPORT_COLUMN ( ID, REPORT_ID, LOGICAL_NAME, VISIBLE_NAME, FILTER_NAME, TYPE,
VALIDATOR, CONVERTER, HELPER, VISIBILITY, SETTER, ORDER_SEQ, TABLE_NAME, FOOTER_SETTER,
HEADER_SETTER ) VALUES ( 
1100521, 1100403, 'STATUS', 'Status', 'Status', 'String', 'string', NULL, 'VFXPBTGLifeStatus'
, NULL, 'tgStatus', 20, 'STATUS', NULL, NULL); 
INSERT INTO ARCH_REPORT_COLUMN ( ID, REPORT_ID, LOGICAL_NAME, VISIBLE_NAME, FILTER_NAME, TYPE,
VALIDATOR, CONVERTER, HELPER, VISIBILITY, SETTER, ORDER_SEQ, TABLE_NAME, FOOTER_SETTER,
HEADER_SETTER ) VALUES ( 
1100522, 1100403, 'SIDE_A', 'Side A', 'Side A', 'String', 'string', NULL, NULL, NULL
, NULL, 30, 'SIDE_A', NULL, NULL); 
INSERT INTO ARCH_REPORT_COLUMN ( ID, REPORT_ID, LOGICAL_NAME, VISIBLE_NAME, FILTER_NAME, TYPE,
VALIDATOR, CONVERTER, HELPER, VISIBILITY, SETTER, ORDER_SEQ, TABLE_NAME, FOOTER_SETTER,
HEADER_SETTER ) VALUES ( 
1100523, 1100403, 'SIDE_A_NOE_ID', 'Side A Giveup Id', 'Side A Giveup Id', 'Long'
, 'long', NULL, NULL, NULL, 'permCheckSideANoeLink', 40, 'SIDE_A_NOE_ID', NULL, NULL); 
INSERT INTO ARCH_REPORT_COLUMN ( ID, REPORT_ID, LOGICAL_NAME, VISIBLE_NAME, FILTER_NAME, TYPE,
VALIDATOR, CONVERTER, HELPER, VISIBILITY, SETTER, ORDER_SEQ, TABLE_NAME, FOOTER_SETTER,
HEADER_SETTER ) VALUES ( 
1100524, 1100403, 'SIDE_B', 'Side B', 'Side B', 'String', 'string', NULL, NULL, NULL
, NULL, 50, 'SIDE_B', NULL, NULL); 
INSERT INTO ARCH_REPORT_COLUMN ( ID, REPORT_ID, LOGICAL_NAME, VISIBLE_NAME, FILTER_NAME, TYPE,
VALIDATOR, CONVERTER, HELPER, VISIBILITY, SETTER, ORDER_SEQ, TABLE_NAME, FOOTER_SETTER,
HEADER_SETTER ) VALUES ( 
1100525, 1100403, 'SIDE_B_NOE_ID', 'Side B Giveup Id', 'Side B Giveup Id', 'Long'
, 'long', NULL, NULL, NULL, 'permCheckSideBNoeLink', 60, 'SIDE_B_NOE_ID', NULL, NULL); 
INSERT INTO ARCH_REPORT_COLUMN ( ID, REPORT_ID, LOGICAL_NAME, VISIBLE_NAME, FILTER_NAME, TYPE,
VALIDATOR, CONVERTER, HELPER, VISIBILITY, SETTER, ORDER_SEQ, TABLE_NAME, FOOTER_SETTER,
HEADER_SETTER ) VALUES ( 
1100526, 1100403, 'TRADE_DATE', 'Trade Date', 'Trade Date', 'Date', 'dateOrToday'
, NULL, NULL, NULL, NULL, 70, 'TRADE_DATE', NULL, NULL); 
INSERT INTO ARCH_REPORT_COLUMN ( ID, REPORT_ID, LOGICAL_NAME, VISIBLE_NAME, FILTER_NAME, TYPE,
VALIDATOR, CONVERTER, HELPER, VISIBILITY, SETTER, ORDER_SEQ, TABLE_NAME, FOOTER_SETTER,
HEADER_SETTER ) VALUES ( 
1100527, 1100403, 'CONTRACT_TYPE', 'Contract Type', 'Contract Type', 'String', 'string'
, NULL, NULL, NULL, 'contractType', 80, 'CONTRACT_TYPE', NULL, NULL); 
INSERT INTO ARCH_REPORT_COLUMN ( ID, REPORT_ID, LOGICAL_NAME, VISIBLE_NAME, FILTER_NAME, TYPE,
VALIDATOR, CONVERTER, HELPER, VISIBILITY, SETTER, ORDER_SEQ, TABLE_NAME, FOOTER_SETTER,
HEADER_SETTER ) VALUES ( 
1100528, 1100403, 'CURRENCY1', 'Currency1', 'Currency1', 'String', 'string', NULL
, 'FXPBCurrency', NULL, NULL, 90, 'CURRENCY1', NULL, NULL); 
INSERT INTO ARCH_REPORT_COLUMN ( ID, REPORT_ID, LOGICAL_NAME, VISIBLE_NAME, FILTER_NAME, TYPE,
VALIDATOR, CONVERTER, HELPER, VISIBILITY, SETTER, ORDER_SEQ, TABLE_NAME, FOOTER_SETTER,
HEADER_SETTER ) VALUES ( 
1100529, 1100403, 'QUANTITY1', 'Quantity1', 'Quantity1', 'Double', 'double', NULL
, NULL, NULL, 'double8', 100, 'QUANTITY1', NULL, NULL); 
INSERT INTO ARCH_REPORT_COLUMN ( ID, REPORT_ID, LOGICAL_NAME, VISIBLE_NAME, FILTER_NAME, TYPE,
VALIDATOR, CONVERTER, HELPER, VISIBILITY, SETTER, ORDER_SEQ, TABLE_NAME, FOOTER_SETTER,
HEADER_SETTER ) VALUES ( 
1100530, 1100403, 'CURRENCY2', 'Currency2', 'Currency2', 'String', 'string', NULL
, 'FXPBCurrency', NULL, NULL, 110, 'CURRENCY2', NULL, NULL); 
INSERT INTO ARCH_REPORT_COLUMN ( ID, REPORT_ID, LOGICAL_NAME, VISIBLE_NAME, FILTER_NAME, TYPE,
VALIDATOR, CONVERTER, HELPER, VISIBILITY, SETTER, ORDER_SEQ, TABLE_NAME, FOOTER_SETTER,
HEADER_SETTER ) VALUES ( 
1100531, 1100403, 'EXPIRY_DATE', 'Expiry Date', 'Expiry Date', 'Date', 'dateOrToday'
, NULL, NULL, NULL, NULL, 120, 'EXPIRY_DATE', NULL, NULL); 
INSERT INTO ARCH_REPORT_COLUMN ( ID, REPORT_ID, LOGICAL_NAME, VISIBLE_NAME, FILTER_NAME, TYPE,
VALIDATOR, CONVERTER, HELPER, VISIBILITY, SETTER, ORDER_SEQ, TABLE_NAME, FOOTER_SETTER,
HEADER_SETTER ) VALUES ( 
1100532, 1100403, 'STRIKE', 'Strike', 'Strike', 'Double', 'double', NULL, NULL, NULL
, NULL, 130, 'STRIKE', NULL, NULL); 
INSERT INTO ARCH_REPORT_COLUMN ( ID, REPORT_ID, LOGICAL_NAME, VISIBLE_NAME, FILTER_NAME, TYPE,
VALIDATOR, CONVERTER, HELPER, VISIBILITY, SETTER, ORDER_SEQ, TABLE_NAME, FOOTER_SETTER,
HEADER_SETTER ) VALUES ( 
1100533, 1100403, 'STRIKE_QUOTE_MODE', 'Strike Quote Mode', 'Strike Quote Mode', 'String'
, 'string', NULL, NULL, NULL, 'strikeQuoteMode', 140, 'STRIKE_QUOTE_MODE', NULL, NULL); 
INSERT INTO ARCH_REPORT_COLUMN ( ID, REPORT_ID, LOGICAL_NAME, VISIBLE_NAME, FILTER_NAME, TYPE,
VALIDATOR, CONVERTER, HELPER, VISIBILITY, SETTER, ORDER_SEQ, TABLE_NAME, FOOTER_SETTER,
HEADER_SETTER ) VALUES ( 
1100534, 1100403, 'OPTION_TYPE', 'Option Type', 'Option Type', 'String', 'string'
, NULL, 'FXPBOptionType', NULL, NULL, 150, 'OPTION_TYPE', NULL, NULL); 
INSERT INTO ARCH_REPORT_COLUMN ( ID, REPORT_ID, LOGICAL_NAME, VISIBLE_NAME, FILTER_NAME, TYPE,
VALIDATOR, CONVERTER, HELPER, VISIBILITY, SETTER, ORDER_SEQ, TABLE_NAME, FOOTER_SETTER,
HEADER_SETTER ) VALUES ( 
1100535, 1100403, 'OPTION_STYLE', 'Option Style', 'Option Style', 'String', 'string'
, NULL, 'FXPBOptionStyle', NULL, NULL, 160, 'OPTION_STYLE', NULL, NULL); 
INSERT INTO ARCH_REPORT_COLUMN ( ID, REPORT_ID, LOGICAL_NAME, VISIBLE_NAME, FILTER_NAME, TYPE,
VALIDATOR, CONVERTER, HELPER, VISIBILITY, SETTER, ORDER_SEQ, TABLE_NAME, FOOTER_SETTER,
HEADER_SETTER ) VALUES ( 
1100536, 1100403, 'BARRIER_TYPE', 'Barrier Type', 'Barrier Type', 'String', 'string'
, NULL, NULL, NULL, NULL, 170, 'BARRIER_TYPE', NULL, NULL); 
INSERT INTO ARCH_REPORT_COLUMN ( ID, REPORT_ID, LOGICAL_NAME, VISIBLE_NAME, FILTER_NAME, TYPE,
VALIDATOR, CONVERTER, HELPER, VISIBILITY, SETTER, ORDER_SEQ, TABLE_NAME, FOOTER_SETTER,
HEADER_SETTER ) VALUES ( 
1100537, 1100403, 'QTY2', 'Qty2', 'Qty2', 'Double', 'double', NULL, NULL, NULL, 'double8'
, 180, 'QTY2', NULL, NULL); 
INSERT INTO ARCH_REPORT_COLUMN ( ID, REPORT_ID, LOGICAL_NAME, VISIBLE_NAME, FILTER_NAME, TYPE,
VALIDATOR, CONVERTER, HELPER, VISIBILITY, SETTER, ORDER_SEQ, TABLE_NAME, FOOTER_SETTER,
HEADER_SETTER ) VALUES ( 
1100538, 1100403, 'FWD_DATE', 'Fwd Date', 'Fwd Date', 'Date', 'dateOrToday', NULL
, NULL, NULL, NULL, 190, 'FWD_DATE', NULL, NULL); 
INSERT INTO ARCH_REPORT_COLUMN ( ID, REPORT_ID, LOGICAL_NAME, VISIBLE_NAME, FILTER_NAME, TYPE,
VALIDATOR, CONVERTER, HELPER, VISIBILITY, SETTER, ORDER_SEQ, TABLE_NAME, FOOTER_SETTER,
HEADER_SETTER ) VALUES ( 
1100539, 1100403, 'TIME', 'Time', 'Time', 'Date', 'dateOrToday', NULL, NULL, NULL
, NULL, 200, 'TIME', NULL, NULL); 
INSERT INTO ARCH_REPORT_COLUMN ( ID, REPORT_ID, LOGICAL_NAME, VISIBLE_NAME, FILTER_NAME, TYPE,
VALIDATOR, CONVERTER, HELPER, VISIBILITY, SETTER, ORDER_SEQ, TABLE_NAME, FOOTER_SETTER,
HEADER_SETTER ) VALUES ( 
1100540, 1100403, 'TRADE_TYPE', 'Trade Type', 'Trade Type', 'String', 'string', NULL
, 'FXPBOptionTradeType', NULL, NULL, 210, 'TRADE_TYPE', NULL, NULL); 
INSERT INTO ARCH_REPORT_COLUMN ( ID, REPORT_ID, LOGICAL_NAME, VISIBLE_NAME, FILTER_NAME, TYPE,
VALIDATOR, CONVERTER, HELPER, VISIBILITY, SETTER, ORDER_SEQ, TABLE_NAME, FOOTER_SETTER,
HEADER_SETTER ) VALUES ( 
1100541, 1100403, 'AGREEMENT', 'Agreement', 'Agreement', 'String', 'string', NULL
, 'FXPBAgreement', NULL, NULL, 220, 'AGREEMENT', NULL, NULL); 
INSERT INTO ARCH_REPORT_COLUMN ( ID, REPORT_ID, LOGICAL_NAME, VISIBLE_NAME, FILTER_NAME, TYPE,
VALIDATOR, CONVERTER, HELPER, VISIBILITY, SETTER, ORDER_SEQ, TABLE_NAME, FOOTER_SETTER,
HEADER_SETTER ) VALUES ( 
1100542, 1100403, 'NEAR_RATE', 'Near Rate', 'Near Rate', 'Double', 'double', NULL
, NULL, 'reportHidden', NULL, 230, 'NEAR_RATE', NULL, NULL); 
INSERT INTO ARCH_REPORT_COLUMN ( ID, REPORT_ID, LOGICAL_NAME, VISIBLE_NAME, FILTER_NAME, TYPE,
VALIDATOR, CONVERTER, HELPER, VISIBILITY, SETTER, ORDER_SEQ, TABLE_NAME, FOOTER_SETTER,
HEADER_SETTER ) VALUES ( 
1100550, 1100404, 'ClientName', 'Client/EB', 'Client/EB', 'String', 'string', NULL
, NULL, NULL, NULL, 10, 'ClientName', NULL, NULL); 
INSERT INTO ARCH_REPORT_COLUMN ( ID, REPORT_ID, LOGICAL_NAME, VISIBLE_NAME, FILTER_NAME, TYPE,
VALIDATOR, CONVERTER, HELPER, VISIBILITY, SETTER, ORDER_SEQ, TABLE_NAME, FOOTER_SETTER,
HEADER_SETTER ) VALUES ( 
1100551, 1100404, 'UnmatchedNoe', 'Unmatched', 'Unmatchednoe', 'Long', 'long', NULL
, NULL, 'report', 'LINK:optionnoerep.lwp?g0_fCond==&g0_fName=TRADE_DATE&g0_fOp=AND&g0_fValue=$TradeDate&g0_fltr=0&g0_fId=0&g0_fParentId=-1&g0_fVisibility=0&g1_fCond==&g1_fName=SIDE_A&g1_fOp=AND&g1_fValue=$ClientName&g1_fltr=1&g1_fId=1&g1_fParentId=-1&g1_fVisibility=0&g2_fCond==&g2_fName=RECON&g2_fOp=NONE&g2_fValue=Unmatched&g2_fltr=2&g2_fId=2&g2_fParentId=-1&g2_fVisibility=0&ExecuteFromLink=ExecuteFromLink&RecCount=15'
, 20, 'UnmatchedNoe', NULL, NULL); 
INSERT INTO ARCH_REPORT_COLUMN ( ID, REPORT_ID, LOGICAL_NAME, VISIBLE_NAME, FILTER_NAME, TYPE,
VALIDATOR, CONVERTER, HELPER, VISIBILITY, SETTER, ORDER_SEQ, TABLE_NAME, FOOTER_SETTER,
HEADER_SETTER ) VALUES ( 
1100552, 1100404, 'MatchStaleNoe', 'Stale (Matching)', 'Matchstalenoe', 'Long', 'long'
, NULL, NULL, 'report', 'LINK:optionnoerep.lwp?g0_fCond==&g0_fName=TRADE_DATE&g0_fOp=AND&g0_fValue=$TradeDate&g0_fltr=0&g0_fId=0&g0_fParentId=-1&g0_fVisibility=0&g1_fCond==&g1_fName=SIDE_A&g1_fOp=AND&g1_fValue=$ClientName&g1_fltr=1&g1_fId=1&g1_fParentId=-1&g1_fVisibility=0&g2_fCond==&g2_fName=RECON&g2_fOp=NONE&g2_fValue=Stale&g2_fltr=2&g2_fId=2&g2_fParentId=-1&g2_fVisibility=0&ExecuteFromLink=ExecuteFromLink&RecCount=15'
, 30, 'MatchStaleNoe', NULL, NULL); 
INSERT INTO ARCH_REPORT_COLUMN ( ID, REPORT_ID, LOGICAL_NAME, VISIBLE_NAME, FILTER_NAME, TYPE,
VALIDATOR, CONVERTER, HELPER, VISIBILITY, SETTER, ORDER_SEQ, TABLE_NAME, FOOTER_SETTER,
HEADER_SETTER ) VALUES ( 
1100553, 1100404, 'MatchedNoe', 'Matched', 'Matchednoe', 'Long', 'long', NULL, NULL
, 'report', 'LINK:optionnoerep.lwp?g0_fCond==&g0_fName=TRADE_DATE&g0_fOp=AND&g0_fValue=$TradeDate&g0_fltr=0&g0_fId=0&g0_fParentId=-1&g0_fVisibility=0&g1_fCond==&g1_fName=SIDE_A&g1_fOp=AND&g1_fValue=$ClientName&g1_fltr=1&g1_fId=1&g1_fParentId=-1&g1_fVisibility=0&g2_fCond==&g2_fName=RECON&g2_fOp=NONE&g2_fValue=Matched&g2_fltr=2&g2_fId=2&g2_fParentId=-1&g2_fVisibility=0&ExecuteFromLink=ExecuteFromLink&RecCount=15'
, 40, 'MatchedNoe', NULL, NULL); 
INSERT INTO ARCH_REPORT_COLUMN ( ID, REPORT_ID, LOGICAL_NAME, VISIBLE_NAME, FILTER_NAME, TYPE,
VALIDATOR, CONVERTER, HELPER, VISIBILITY, SETTER, ORDER_SEQ, TABLE_NAME, FOOTER_SETTER,
HEADER_SETTER ) VALUES ( 
1100554, 1100404, 'UnallocatedNoe', 'Unallocated', 'Unallocatednoe', 'Long', 'long'
, NULL, NULL, 'report', 'LINK:optionnoerep.lwp?g0_fCond==&g0_fName=TRADE_DATE&g0_fOp=AND&g0_fValue=$TradeDate&g0_fltr=0&g0_fId=0&g0_fParentId=-1&g0_fVisibility=0&g1_fCond==&g1_fName=SIDE_A&g1_fOp=AND&g1_fValue=$ClientName&g1_fltr=1&g1_fId=1&g1_fParentId=-1&g1_fVisibility=0&g2_fCond==&g2_fName=ALLOC&g2_fOp=NONE&g2_fValue=Unsplit&g2_fltr=2&g2_fId=2&g2_fParentId=-1&g2_fVisibility=0&ExecuteFromLink=ExecuteFromLink&RecCount=15'
, 50, 'UnallocatedNoe', NULL, NULL); 
INSERT INTO ARCH_REPORT_COLUMN ( ID, REPORT_ID, LOGICAL_NAME, VISIBLE_NAME, FILTER_NAME, TYPE,
VALIDATOR, CONVERTER, HELPER, VISIBILITY, SETTER, ORDER_SEQ, TABLE_NAME, FOOTER_SETTER,
HEADER_SETTER ) VALUES ( 
1100555, 1100404, 'AllocationStaleNoe', 'Stale (Allocation)', 'Allocationstalenoe'
, 'Long', 'long', NULL, NULL, 'report', 'LINK:optionnoerep.lwp?g0_fCond==&g0_fName=TRADE_DATE&g0_fOp=AND&g0_fValue=$TradeDate&g0_fltr=0&g0_fId=0&g0_fParentId=-1&g0_fVisibility=0&g1_fCond==&g1_fName=SIDE_A&g1_fOp=AND&g1_fValue=$ClientName&g1_fltr=1&g1_fId=1&g1_fParentId=-1&g1_fVisibility=0&g2_fCond==&g2_fName=ALLOC&g2_fOp=NONE&g2_fValue=Stale&g2_fltr=2&g2_fId=2&g2_fParentId=-1&g2_fVisibility=0&ExecuteFromLink=ExecuteFromLink&RecCount=15'
, 60, 'AllocationStaleNoe', NULL, NULL); 
INSERT INTO ARCH_REPORT_COLUMN ( ID, REPORT_ID, LOGICAL_NAME, VISIBLE_NAME, FILTER_NAME, TYPE,
VALIDATOR, CONVERTER, HELPER, VISIBILITY, SETTER, ORDER_SEQ, TABLE_NAME, FOOTER_SETTER,
HEADER_SETTER ) VALUES ( 
1100556, 1100404, 'AllocatedNoe', 'Allocated', 'Allocatednoe', 'Long', 'long', NULL
, NULL, 'report', 'LINK:optionnoerep.lwp?g0_fCond==&g0_fName=TRADE_DATE&g0_fOp=AND&g0_fValue=$TradeDate&g0_fltr=0&g0_fId=0&g0_fParentId=-1&g0_fVisibility=0&g1_fCond==&g1_fName=SIDE_A&g1_fOp=AND&g1_fValue=$ClientName&g1_fltr=1&g1_fId=1&g1_fParentId=-1&g1_fVisibility=0&g2_fCond==&g2_fName=ALLOC&g2_fOp=NONE&g2_fValue=Split&g2_fltr=2&g2_fId=2&g2_fParentId=-1&g2_fVisibility=0&ExecuteFromLink=ExecuteFromLink&RecCount=15'
, 70, 'AllocatedNoe', NULL, NULL); 
INSERT INTO ARCH_REPORT_COLUMN ( ID, REPORT_ID, LOGICAL_NAME, VISIBLE_NAME, FILTER_NAME, TYPE,
VALIDATOR, CONVERTER, HELPER, VISIBILITY, SETTER, ORDER_SEQ, TABLE_NAME, FOOTER_SETTER,
HEADER_SETTER ) VALUES ( 
1100557, 1100404, 'ActiveNoe', 'Active', 'Activenoe', 'Long', 'long', NULL, NULL, 'report'
, 'LINK:optionnoerep.lwp?g0_fCond==&g0_fName=TRADE_DATE&g0_fOp=AND&g0_fValue=$TradeDate&g0_fltr=0&g0_fId=0&g0_fParentId=-1&g0_fVisibility=0&g1_fCond==&g1_fName=SIDE_A&g1_fOp=AND&g1_fValue=$ClientName&g1_fltr=1&g1_fId=1&g1_fParentId=-1&g1_fVisibility=0&g2_fCond==&g2_fName=LIFECYCLE&g2_fOp=NONE&g2_fValue=Active&g2_fltr=2&g2_fId=2&g2_fParentId=-1&g2_fVisibility=0&ExecuteFromLink=ExecuteFromLink&RecCount=15'
, 80, 'ActiveNoe', NULL, NULL); 
INSERT INTO ARCH_REPORT_COLUMN ( ID, REPORT_ID, LOGICAL_NAME, VISIBLE_NAME, FILTER_NAME, TYPE,
VALIDATOR, CONVERTER, HELPER, VISIBILITY, SETTER, ORDER_SEQ, TABLE_NAME, FOOTER_SETTER,
HEADER_SETTER ) VALUES ( 
1100558, 1100404, 'DoneNoe', 'Done', 'Donenoe', 'Long', 'long', NULL, NULL, 'report'
, 'LINK:optionnoerep.lwp?g0_fCond==&g0_fName=TRADE_DATE&g0_fOp=AND&g0_fValue=$TradeDate&g0_fltr=0&g0_fId=0&g0_fParentId=-1&g0_fVisibility=0&g1_fCond==&g1_fName=SIDE_A&g1_fOp=AND&g1_fValue=$ClientName&g1_fltr=1&g1_fId=1&g1_fParentId=-1&g1_fVisibility=0&g2_fCond==&g2_fName=LIFECYCLE&g2_fOp=NONE&g2_fValue=Done&g2_fltr=2&g2_fId=2&g2_fParentId=-1&g2_fVisibility=0&ExecuteFromLink=ExecuteFromLink&RecCount=15'
, 90, 'DoneNoe', NULL, NULL); 
INSERT INTO ARCH_REPORT_COLUMN ( ID, REPORT_ID, LOGICAL_NAME, VISIBLE_NAME, FILTER_NAME, TYPE,
VALIDATOR, CONVERTER, HELPER, VISIBILITY, SETTER, ORDER_SEQ, TABLE_NAME, FOOTER_SETTER,
HEADER_SETTER ) VALUES ( 
1100559, 1100404, 'ActiveTG', 'Active (Trade Group)', 'Activetg', 'Long', 'long', NULL
, NULL, 'report', 'LINK:optiontgrep.lwp?RecCount=15&ExecuteFromLink=ExecuteFromLink&g0_fCond=like&g0_fName=TRADE_GROUP&g0_fOp=NONE&g0_fValue=DUMMY&g0_fltr=0&g0_fId=0&g0_fParentId=-1&g0_fVisibility=0&g0_fHelperType=&g1_fCond==&g1_fName=TRADE_DATE&g1_fOp=AND&g1_fValue=$TradeDate&g1_fltr=1&g1_fId=1&g1_fParentId=0&g1_fVisibility=0&g1_fHelperType=&g2_fCond==&g2_fName=STATUS&g2_fOp=AND-GROUP&g2_fValue=Active&g2_fltr=2&g2_fId=2&g2_fParentId=0&g2_fVisibility=0&g3_fCond=like&g3_fName=TRADE_GROUP&g3_fOp=NONE&g3_fValue=DUMMY&g3_fltr=3&g3_fId=3&g3_fParentId=0&g3_fVisibility=0&g4_fCond==&g4_fName=SIDE_A&g4_fOp=OR&g4_fValue=$ClientName&g4_fltr=4&g4_fId=4&g4_fParentId=3&g4_fVisibility=0&g5_fCond==&g5_fName=SIDE_B&g5_fOp=NONE&g5_fValue=$ClientName&g5_fltr=5&g5_fId=5&g5_fParentId=3&g5_fVisibility=0'
, 100, 'ActiveTG', NULL, NULL); 
INSERT INTO ARCH_REPORT_COLUMN ( ID, REPORT_ID, LOGICAL_NAME, VISIBLE_NAME, FILTER_NAME, TYPE,
VALIDATOR, CONVERTER, HELPER, VISIBILITY, SETTER, ORDER_SEQ, TABLE_NAME, FOOTER_SETTER,
HEADER_SETTER ) VALUES ( 
1100560, 1100404, 'SplitTG', 'Split (Trade Group)', 'Splittg', 'Long', 'long', NULL
, NULL, 'report', 'LINK:optiontgrep.lwp?RecCount=15&ExecuteFromLink=ExecuteFromLink&g0_fCond=like&g0_fName=TRADE_GROUP&g0_fOp=NONE&g0_fValue=DUMMY&g0_fltr=0&g0_fId=0&g0_fParentId=-1&g0_fVisibility=0&g0_fHelperType=&g1_fCond==&g1_fName=TRADE_DATE&g1_fOp=AND&g1_fValue=$TradeDate&g1_fltr=1&g1_fId=1&g1_fParentId=0&g1_fVisibility=0&g1_fHelperType=&g2_fCond==&g2_fName=STATUS&g2_fOp=AND-GROUP&g2_fValue=Split&g2_fltr=2&g2_fId=2&g2_fParentId=0&g2_fVisibility=0&g3_fCond=like&g3_fName=TRADE_GROUP&g3_fOp=NONE&g3_fValue=DUMMY&g3_fltr=3&g3_fId=3&g3_fParentId=0&g3_fVisibility=0&g4_fCond==&g4_fName=SIDE_A&g4_fOp=OR&g4_fValue=$ClientName&g4_fltr=4&g4_fId=4&g4_fParentId=3&g4_fVisibility=0&g5_fCond==&g5_fName=SIDE_B&g5_fOp=NONE&g5_fValue=$ClientName&g5_fltr=5&g5_fId=5&g5_fParentId=3&g5_fVisibility=0'
, 110, 'SplitTG', NULL, NULL); 
INSERT INTO ARCH_REPORT_COLUMN ( ID, REPORT_ID, LOGICAL_NAME, VISIBLE_NAME, FILTER_NAME, TYPE,
VALIDATOR, CONVERTER, HELPER, VISIBILITY, SETTER, ORDER_SEQ, TABLE_NAME, FOOTER_SETTER,
HEADER_SETTER ) VALUES ( 
1100561, 1100404, 'DoneTG', 'Done (Trade Group)', 'Donetg', 'Long', 'long', NULL, NULL
, 'report', 'LINK:optiontgrep.lwp?RecCount=15&ExecuteFromLink=ExecuteFromLink&g0_fCond=like&g0_fName=TRADE_GROUP&g0_fOp=NONE&g0_fValue=DUMMY&g0_fltr=0&g0_fId=0&g0_fParentId=-1&g0_fVisibility=0&g0_fHelperType=&g1_fCond==&g1_fName=TRADE_DATE&g1_fOp=AND&g1_fValue=$TradeDate&g1_fltr=1&g1_fId=1&g1_fParentId=0&g1_fVisibility=0&g1_fHelperType=&g2_fCond==&g2_fName=STATUS&g2_fOp=AND-GROUP&g2_fValue=Done&g2_fltr=2&g2_fId=2&g2_fParentId=0&g2_fVisibility=0&g3_fCond=like&g3_fName=TRADE_GROUP&g3_fOp=NONE&g3_fValue=DUMMY&g3_fltr=3&g3_fId=3&g3_fParentId=0&g3_fVisibility=0&g4_fCond==&g4_fName=SIDE_A&g4_fOp=OR&g4_fValue=$ClientName&g4_fltr=4&g4_fId=4&g4_fParentId=3&g4_fVisibility=0&g5_fCond==&g5_fName=SIDE_B&g5_fOp=NONE&g5_fValue=$ClientName&g5_fltr=5&g5_fId=5&g5_fParentId=3&g5_fVisibility=0'
, 120, 'DoneTG', NULL, NULL); 
INSERT INTO ARCH_REPORT_COLUMN ( ID, REPORT_ID, LOGICAL_NAME, VISIBLE_NAME, FILTER_NAME, TYPE,
VALIDATOR, CONVERTER, HELPER, VISIBILITY, SETTER, ORDER_SEQ, TABLE_NAME, FOOTER_SETTER,
HEADER_SETTER ) VALUES ( 
1100562, 1100404, 'TradeDate', 'Trade date', 'Trade Date', 'Date', 'dateOrToday'
, NULL, NULL, 'filters', NULL, 130, 'TradeDate', NULL, NULL); 
INSERT INTO ARCH_REPORT_COLUMN ( ID, REPORT_ID, LOGICAL_NAME, VISIBLE_NAME, FILTER_NAME, TYPE,
VALIDATOR, CONVERTER, HELPER, VISIBILITY, SETTER, ORDER_SEQ, TABLE_NAME, FOOTER_SETTER,
HEADER_SETTER ) VALUES ( 
1100563, 1100404, 'MatchSuspectNoe', 'Suspected', 'Matchsuspectnoe', 'Long', 'long'
, NULL, NULL, 'report', 'LINK:optionnoerep.lwp?g0_fCond==&g0_fName=TRADE_DATE&g0_fOp=AND&g0_fValue=$TradeDate&g0_fltr=0&g0_fId=0&g0_fParentId=-1&g0_fVisibility=0&g1_fCond==&g1_fName=SIDE_A&g1_fOp=AND&g1_fValue=$ClientName&g1_fltr=1&g1_fId=1&g1_fParentId=-1&g1_fVisibility=0&g2_fCond==&g2_fName=RECON&g2_fOp=NONE&g2_fValue=Suspect&g2_fltr=2&g2_fId=2&g2_fParentId=-1&g2_fVisibility=0&ExecuteFromLink=ExecuteFromLink&RecCount=15'
, 35, 'MatchSuspectNoe', NULL, NULL); 
INSERT INTO ARCH_REPORT_COLUMN ( ID, REPORT_ID, LOGICAL_NAME, VISIBLE_NAME, FILTER_NAME, TYPE,
VALIDATOR, CONVERTER, HELPER, VISIBILITY, SETTER, ORDER_SEQ, TABLE_NAME, FOOTER_SETTER,
HEADER_SETTER ) VALUES ( 
1100564, 1100404, 'AllocationHeldNoe', 'Allocation Held', 'Allocationheldnoe', 'Long'
, 'long', NULL, NULL, 'report', 'LINK:optionnoerep.lwp?g0_fCond==&g0_fName=TRADE_DATE&g0_fOp=AND&g0_fValue=$TradeDate&g0_fltr=0&g0_fId=0&g0_fParentId=-1&g0_fVisibility=0&g1_fCond==&g1_fName=SIDE_A&g1_fOp=AND&g1_fValue=$ClientName&g1_fltr=1&g1_fId=1&g1_fParentId=-1&g1_fVisibility=0&g2_fCond==&g2_fName=ALLOC&g2_fOp=NONE&g2_fValue=Split Held&g2_fltr=2&g2_fId=2&g2_fParentId=-1&g2_fVisibility=0&ExecuteFromLink=ExecuteFromLink&RecCount=15'
, 72, 'AllocationHeldNoe', NULL, NULL); 
INSERT INTO ARCH_REPORT_COLUMN ( ID, REPORT_ID, LOGICAL_NAME, VISIBLE_NAME, FILTER_NAME, TYPE,
VALIDATOR, CONVERTER, HELPER, VISIBILITY, SETTER, ORDER_SEQ, TABLE_NAME, FOOTER_SETTER,
HEADER_SETTER ) VALUES ( 
1100565, 1100404, 'ApprovalIndicatoryFailureNoe', 'Indicatory Failure', 'Approvalindicatoryfailurenoe'
, 'Long', 'long', NULL, NULL, 'report', 'LINK:optionnoerep.lwp?g0_fCond==&g0_fName=TRADE_DATE&g0_fOp=AND&g0_fValue=$TradeDate&g0_fltr=0&g0_fId=0&g0_fParentId=-1&g0_fVisibility=0&g1_fCond==&g1_fName=SIDE_A&g1_fOp=AND&g1_fValue=$ClientName&g1_fltr=1&g1_fId=1&g1_fParentId=-1&g1_fVisibility=0&g2_fCond==&g2_fName=APPROVAL&g2_fOp=NONE&g2_fValue=Ind. Failure&g2_fltr=2&g2_fId=2&g2_fParentId=-1&g2_fVisibility=0&ExecuteFromLink=ExecuteFromLink&RecCount=15'
, 74, 'ApprovalIndicatoryFailureNoe', NULL, NULL); 
INSERT INTO ARCH_REPORT_COLUMN ( ID, REPORT_ID, LOGICAL_NAME, VISIBLE_NAME, FILTER_NAME, TYPE,
VALIDATOR, CONVERTER, HELPER, VISIBILITY, SETTER, ORDER_SEQ, TABLE_NAME, FOOTER_SETTER,
HEADER_SETTER ) VALUES ( 
1100566, 1100404, 'ApprovalHoldNoe', 'Approval Hold', 'Approvalholdnoe', 'Long', 'long'
, NULL, NULL, 'report', 'LINK:optionnoerep.lwp?g0_fCond==&g0_fName=TRADE_DATE&g0_fOp=AND&g0_fValue=$TradeDate&g0_fltr=0&g0_fId=0&g0_fParentId=-1&g0_fVisibility=0&g1_fCond==&g1_fName=SIDE_A&g1_fOp=AND&g1_fValue=$ClientName&g1_fltr=1&g1_fId=1&g1_fParentId=-1&g1_fVisibility=0&g2_fCond==&g2_fName=APPROVAL&g2_fOp=NONE&g2_fValue=Hold&g2_fltr=2&g2_fId=2&g2_fParentId=-1&g2_fVisibility=0&ExecuteFromLink=ExecuteFromLink&RecCount=15'
, 76, 'ApprovalHoldNoe', NULL, NULL); 
INSERT INTO ARCH_REPORT_COLUMN ( ID, REPORT_ID, LOGICAL_NAME, VISIBLE_NAME, FILTER_NAME, TYPE,
VALIDATOR, CONVERTER, HELPER, VISIBILITY, SETTER, ORDER_SEQ, TABLE_NAME, FOOTER_SETTER,
HEADER_SETTER ) VALUES ( 
1100567, 1100404, 'ApprovedNoe', 'Approved', 'Approvednoe', 'Long', 'long', NULL, NULL
, 'report', 'LINK:optionnoerep.lwp?g0_fCond==&g0_fName=TRADE_DATE&g0_fOp=AND&g0_fValue=$TradeDate&g0_fltr=0&g0_fId=0&g0_fParentId=-1&g0_fVisibility=0&g1_fCond==&g1_fName=SIDE_A&g1_fOp=AND&g1_fValue=$ClientName&g1_fltr=1&g1_fId=1&g1_fParentId=-1&g1_fVisibility=0&g2_fCond==&g2_fName=APPROVAL&g2_fOp=NONE&g2_fValue=Approved&g2_fltr=2&g2_fId=2&g2_fParentId=-1&g2_fVisibility=0&ExecuteFromLink=ExecuteFromLink&RecCount=15'
, 78, 'ApprovedNoe', NULL, NULL); 
INSERT INTO ARCH_REPORT_COLUMN ( ID, REPORT_ID, LOGICAL_NAME, VISIBLE_NAME, FILTER_NAME, TYPE,
VALIDATOR, CONVERTER, HELPER, VISIBILITY, SETTER, ORDER_SEQ, TABLE_NAME, FOOTER_SETTER,
HEADER_SETTER ) VALUES ( 
1100568, 1100404, 'ExercisedOption', 'Exercised', 'Exercised', 'Long', 'long', NULL
, NULL, 'report', 'LINK:optionctrep.lwp?g0_fCond==&g0_fName=DATE_TERMINATED&g0_fOp=AND&g0_fValue=today&g0_fltr=0&g0_fId=0&g0_fParentId=-1&g0_fVisibility=0&g1_fCond==&g1_fName=OPTION_STATUS&g1_fValue=Exercised&g1_fOp=NONE&g1_fltr=1&g1_fId=1&g1_fParentId=-1&g1_fVisibility=0&ExecuteFromLink=ExecuteFromLink&RecCount=15'
, 140, 'ExercisedOption', NULL, NULL); 
INSERT INTO ARCH_REPORT_COLUMN ( ID, REPORT_ID, LOGICAL_NAME, VISIBLE_NAME, FILTER_NAME, TYPE,
VALIDATOR, CONVERTER, HELPER, VISIBILITY, SETTER, ORDER_SEQ, TABLE_NAME, FOOTER_SETTER,
HEADER_SETTER ) VALUES ( 
1100569, 1100404, 'ExpiredOption', 'Expired', 'Expired', 'Long', 'long', NULL, NULL
, 'report', 'LINK:optionctrep.lwp?g0_fCond==&g0_fName=DATE_TERMINATED&g0_fOp=AND&g0_fValue=today&g0_fltr=0&g0_fId=0&g0_fParentId=-1&g0_fVisibility=0&g1_fCond==&g1_fName=OPTION_STATUS&g1_fValue=Expired&g1_fOp=NONE&g1_fltr=1&g1_fId=1&g1_fParentId=-1&g1_fVisibility=0&ExecuteFromLink=ExecuteFromLink&RecCount=15'
, 150, 'ExpiredOption', NULL, NULL); 
INSERT INTO ARCH_REPORT_COLUMN ( ID, REPORT_ID, LOGICAL_NAME, VISIBLE_NAME, FILTER_NAME, TYPE,
VALIDATOR, CONVERTER, HELPER, VISIBILITY, SETTER, ORDER_SEQ, TABLE_NAME, FOOTER_SETTER,
HEADER_SETTER ) VALUES ( 
1100570, 1100404, 'ExpiringTodayOption', 'Expiring In Date', 'Expiring Today', 'Long'
, 'long', NULL, NULL, 'report', 'LINK:optionctrep.lwp?g0_fCond==&g0_fName=EXPIRY_DATE&g0_fOp=AND&g0_fValue=today&g0_fltr=0&g0_fId=0&g0_fParentId=-1&g0_fVisibility=0&g1_fCond==&g1_fName=OPTION_STATUS&g1_fValue=Active&g1_fOp=NONE&g1_fltr=1&g1_fId=1&g1_fParentId=-1&g1_fVisibility=0&ExecuteFromLink=ExecuteFromLink&RecCount=15'
, 160, 'ExpiringTodayOption', NULL, NULL); 
INSERT INTO ARCH_REPORT_COLUMN ( ID, REPORT_ID, LOGICAL_NAME, VISIBLE_NAME, FILTER_NAME, TYPE,
VALIDATOR, CONVERTER, HELPER, VISIBILITY, SETTER, ORDER_SEQ, TABLE_NAME, FOOTER_SETTER,
HEADER_SETTER ) VALUES ( 
1100571, 1100404, 'ExpiringTomorrowOption', 'Expiring In Date + 1', 'Expiring Tomorrow'
, 'Long', 'long', NULL, NULL, 'report', 'LINK:optionctrep.lwp?g0_fCond==&g0_fName=EXPIRY_DATE&g0_fOp=AND&g0_fValue=today+1&g0_fltr=0&g0_fId=0&g0_fParentId=-1&g0_fVisibility=0&g1_fCond==&g1_fName=OPTION_STATUS&g1_fValue=Active&g1_fOp=NONE&g1_fltr=1&g1_fId=1&g1_fParentId=-1&g1_fVisibility=0&ExecuteFromLink=ExecuteFromLink&RecCount=15'
, 170, 'ExpiringTomorrowOption', NULL, NULL); 
INSERT INTO ARCH_REPORT_COLUMN ( ID, REPORT_ID, LOGICAL_NAME, VISIBLE_NAME, FILTER_NAME, TYPE,
VALIDATOR, CONVERTER, HELPER, VISIBILITY, SETTER, ORDER_SEQ, TABLE_NAME, FOOTER_SETTER,
HEADER_SETTER ) VALUES ( 
1100572, 1100404, 'TerminatedOption', 'Terminated', 'Terminated', 'Long', 'long', NULL
, NULL, 'report', 'LINK:optionctrep.lwp?g0_fCond==&g0_fName=DATE_TERMINATED&g0_fOp=AND&g0_fValue=today&g0_fltr=0&g0_fId=0&g0_fParentId=-1&g0_fVisibility=0&g1_fCond==&g1_fName=OPTION_STATUS&g1_fValue=Terminated&g1_fOp=NONE&g1_fltr=1&g1_fId=1&g1_fParentId=-1&g1_fVisibility=0&ExecuteFromLink=ExecuteFromLink&RecCount=15'
, 180, 'TerminatedOption', NULL, NULL); 
INSERT INTO ARCH_REPORT_COLUMN ( ID, REPORT_ID, LOGICAL_NAME, VISIBLE_NAME, FILTER_NAME, TYPE,
VALIDATOR, CONVERTER, HELPER, VISIBILITY, SETTER, ORDER_SEQ, TABLE_NAME, FOOTER_SETTER,
HEADER_SETTER ) VALUES ( 
1100573, 1100404, 'RequiresManualBooking', 'Requires Manual Booking', 'Requires Manual Booking'
, 'Long', 'long', NULL, NULL, 'report', 'LINK:optionctrep.lwp?g0_fCond==&g0_fName=TRADE_DATE&g0_fOp=AND&g0_fValue=today&g0_fltr=0&g0_fId=0&g0_fParentId=-1&g0_fVisibility=0&g1_fCond==&g1_fName=BOOKING_STATUS&g1_fValue=Needs%20Manual&g1_fOp=NONE&g1_fltr=1&g1_fId=1&g1_fParentId=-1&g1_fVisibility=0&ExecuteFromLink=ExecuteFromLink&RecCount=15'
, 190, 'RequiresManualBooking', NULL, NULL); 
INSERT INTO ARCH_REPORT_COLUMN ( ID, REPORT_ID, LOGICAL_NAME, VISIBLE_NAME, FILTER_NAME, TYPE,
VALIDATOR, CONVERTER, HELPER, VISIBILITY, SETTER, ORDER_SEQ, TABLE_NAME, FOOTER_SETTER,
HEADER_SETTER ) VALUES ( 
1100580, 1100405, 'TRADE_ID', 'Traiana Trade ID', 'Traiana Trade ID', 'Long', 'long'
, NULL, NULL, NULL, 'LINK:optionctrep.lwp?g0_fCond==&g0_fName=TRADE_ID&g0_fOp=NONE&g0_fValue=$TRADE_ID&g0_fltr=0&g0_fId=0&g0_fParentId=-1&g0_fVisibility=0&ExecuteFromLink=ExecuteFromLink'
, 10, 'TRADE_ID', NULL, NULL); 
INSERT INTO ARCH_REPORT_COLUMN ( ID, REPORT_ID, LOGICAL_NAME, VISIBLE_NAME, FILTER_NAME, TYPE,
VALIDATOR, CONVERTER, HELPER, VISIBILITY, SETTER, ORDER_SEQ, TABLE_NAME, FOOTER_SETTER,
HEADER_SETTER ) VALUES ( 
1100581, 1100405, 'DIRECTION', 'B/S', 'Direction', 'String', 'string', NULL, 'FXPBNOEDirection'
, NULL, NULL, 20, 'DIRECTION', NULL, NULL); 
INSERT INTO ARCH_REPORT_COLUMN ( ID, REPORT_ID, LOGICAL_NAME, VISIBLE_NAME, FILTER_NAME, TYPE,
VALIDATOR, CONVERTER, HELPER, VISIBILITY, SETTER, ORDER_SEQ, TABLE_NAME, FOOTER_SETTER,
HEADER_SETTER ) VALUES ( 
1100582, 1100405, 'QUANTITY', 'Quantity', 'Quantity', 'Long', 'long', NULL, NULL, NULL
, 'double8', 30, 'QUANTITY', NULL, NULL); 
INSERT INTO ARCH_REPORT_COLUMN ( ID, REPORT_ID, LOGICAL_NAME, VISIBLE_NAME, FILTER_NAME, TYPE,
VALIDATOR, CONVERTER, HELPER, VISIBILITY, SETTER, ORDER_SEQ, TABLE_NAME, FOOTER_SETTER,
HEADER_SETTER ) VALUES ( 
1100583, 1100405, 'CCY1', 'Ccy1', 'Ccy1', 'String', 'string', NULL, 'FXPBCurrency'
, NULL, NULL, 40, 'CCY1', NULL, NULL); 
INSERT INTO ARCH_REPORT_COLUMN ( ID, REPORT_ID, LOGICAL_NAME, VISIBLE_NAME, FILTER_NAME, TYPE,
VALIDATOR, CONVERTER, HELPER, VISIBILITY, SETTER, ORDER_SEQ, TABLE_NAME, FOOTER_SETTER,
HEADER_SETTER ) VALUES ( 
1100584, 1100405, 'CCY2', 'Ccy2', 'Ccy2', 'String', 'string', NULL, 'FXPBCurrency'
, NULL, NULL, 50, 'CCY2', NULL, NULL); 
INSERT INTO ARCH_REPORT_COLUMN ( ID, REPORT_ID, LOGICAL_NAME, VISIBLE_NAME, FILTER_NAME, TYPE,
VALIDATOR, CONVERTER, HELPER, VISIBILITY, SETTER, ORDER_SEQ, TABLE_NAME, FOOTER_SETTER,
HEADER_SETTER ) VALUES ( 
1100585, 1100405, 'CALCULATED_FEE', 'Calculated Fee', 'Calculated Fee', 'Long', 'long'
, NULL, NULL, NULL, NULL, 60, 'CALCULATED_FEE', NULL, NULL); 
INSERT INTO ARCH_REPORT_COLUMN ( ID, REPORT_ID, LOGICAL_NAME, VISIBLE_NAME, FILTER_NAME, TYPE,
VALIDATOR, CONVERTER, HELPER, VISIBILITY, SETTER, ORDER_SEQ, TABLE_NAME, FOOTER_SETTER,
HEADER_SETTER ) VALUES ( 
1100586, 1100405, 'BILLING_TYPE', 'Billing Type', 'Billing Type', 'String', 'string'
, NULL, NULL, NULL, NULL, 70, 'BILLING_TYPE', NULL, NULL); 
INSERT INTO ARCH_REPORT_COLUMN ( ID, REPORT_ID, LOGICAL_NAME, VISIBLE_NAME, FILTER_NAME, TYPE,
VALIDATOR, CONVERTER, HELPER, VISIBILITY, SETTER, ORDER_SEQ, TABLE_NAME, FOOTER_SETTER,
HEADER_SETTER ) VALUES ( 
1100587, 1100405, 'TRADE_DATE', 'Trade Date', 'Trade Date', 'Date', 'dateOrToday'
, NULL, NULL, NULL, NULL, 80, 'trunc(TRADE_DATE)', NULL, NULL); 
INSERT INTO ARCH_REPORT_COLUMN ( ID, REPORT_ID, LOGICAL_NAME, VISIBLE_NAME, FILTER_NAME, TYPE,
VALIDATOR, CONVERTER, HELPER, VISIBILITY, SETTER, ORDER_SEQ, TABLE_NAME, FOOTER_SETTER,
HEADER_SETTER ) VALUES ( 
1100588, 1100405, 'CLIENT', 'Client', 'Client', 'String', 'string', NULL, NULL, 'none'
, NULL, 90, 'CLIENT', NULL, NULL); 
INSERT INTO ARCH_REPORT_COLUMN ( ID, REPORT_ID, LOGICAL_NAME, VISIBLE_NAME, FILTER_NAME, TYPE,
VALIDATOR, CONVERTER, HELPER, VISIBILITY, SETTER, ORDER_SEQ, TABLE_NAME, FOOTER_SETTER,
HEADER_SETTER ) VALUES ( 
1100589, 1100405, 'FUND', 'Fund', 'Fund', 'String', 'string', NULL, NULL, NULL, 'fundVisibility'
, 15, 'FUND', NULL, NULL); 
INSERT INTO ARCH_REPORT_COLUMN ( ID, REPORT_ID, LOGICAL_NAME, VISIBLE_NAME, FILTER_NAME, TYPE,
VALIDATOR, CONVERTER, HELPER, VISIBILITY, SETTER, ORDER_SEQ, TABLE_NAME, FOOTER_SETTER,
HEADER_SETTER ) VALUES ( 
1100600, 1004000, 'Id', 'Id', 'Id', 'Long', 'long', NULL, NULL, 'reportHidden', NULL
, 10, 'ID', NULL, NULL); 
INSERT INTO ARCH_REPORT_COLUMN ( ID, REPORT_ID, LOGICAL_NAME, VISIBLE_NAME, FILTER_NAME, TYPE,
VALIDATOR, CONVERTER, HELPER, VISIBILITY, SETTER, ORDER_SEQ, TABLE_NAME, FOOTER_SETTER,
HEADER_SETTER ) VALUES ( 
1100601, 1004000, 'Code', 'Code', 'Code', 'String', 'string', NULL, NULL, NULL, 'copyRow'
, 20, 'CUTOFF_NAME', NULL, NULL); 
INSERT INTO ARCH_REPORT_COLUMN ( ID, REPORT_ID, LOGICAL_NAME, VISIBLE_NAME, FILTER_NAME, TYPE,
VALIDATOR, CONVERTER, HELPER, VISIBILITY, SETTER, ORDER_SEQ, TABLE_NAME, FOOTER_SETTER,
HEADER_SETTER ) VALUES ( 
1100602, 1004000, 'Explanation', 'Explanation', 'Explanation', 'String', 'string'
, NULL, NULL, NULL, NULL, 30, 'DESCRIPTION', NULL, NULL); 
INSERT INTO ARCH_REPORT_COLUMN ( ID, REPORT_ID, LOGICAL_NAME, VISIBLE_NAME, FILTER_NAME, TYPE,
VALIDATOR, CONVERTER, HELPER, VISIBILITY, SETTER, ORDER_SEQ, TABLE_NAME, FOOTER_SETTER,
HEADER_SETTER ) VALUES ( 
1100603, 1004000, 'Time', 'Time', 'Time', 'String', 'string', NULL, NULL, NULL, NULL
, 50, 'TIME', NULL, NULL); 
INSERT INTO ARCH_REPORT_COLUMN ( ID, REPORT_ID, LOGICAL_NAME, VISIBLE_NAME, FILTER_NAME, TYPE,
VALIDATOR, CONVERTER, HELPER, VISIBILITY, SETTER, ORDER_SEQ, TABLE_NAME, FOOTER_SETTER,
HEADER_SETTER ) VALUES ( 
1100604, 1004000, 'Zone', 'Zone', 'Zone', 'String', 'string', NULL, NULL, NULL, NULL
, 40, 'ZONE', NULL, NULL); 
INSERT INTO ARCH_REPORT_COLUMN ( ID, REPORT_ID, LOGICAL_NAME, VISIBLE_NAME, FILTER_NAME, TYPE,
VALIDATOR, CONVERTER, HELPER, VISIBILITY, SETTER, ORDER_SEQ, TABLE_NAME, FOOTER_SETTER,
HEADER_SETTER ) VALUES ( 
1100700, 1100700, 'CCY', 'Currency', 'Currency', 'String', 'string', NULL, 'FXPBCurrency'
, NULL, NULL, 10, 'CCY', NULL, 'nosort'); 
INSERT INTO ARCH_REPORT_COLUMN ( ID, REPORT_ID, LOGICAL_NAME, VISIBLE_NAME, FILTER_NAME, TYPE,
VALIDATOR, CONVERTER, HELPER, VISIBILITY, SETTER, ORDER_SEQ, TABLE_NAME, FOOTER_SETTER,
HEADER_SETTER ) VALUES ( 
1100701, 1100700, 'SPOT_RATE', 'USD per Currency', NULL, 'Double', 'double', NULL
, NULL, 'report', 'double8', 20, 'SPOT_RATE', NULL, 'nosort'); 
INSERT INTO ARCH_REPORT_COLUMN ( ID, REPORT_ID, LOGICAL_NAME, VISIBLE_NAME, FILTER_NAME, TYPE,
VALIDATOR, CONVERTER, HELPER, VISIBILITY, SETTER, ORDER_SEQ, TABLE_NAME, FOOTER_SETTER,
HEADER_SETTER ) VALUES ( 
1100702, 1100700, 'SORT_COL', 'SORT_COL', NULL, 'Long', 'long', NULL, NULL, 'none'
, NULL, 30, 'SORT_COL', NULL, 'nosort'); 
INSERT INTO ARCH_REPORT_COLUMN ( ID, REPORT_ID, LOGICAL_NAME, VISIBLE_NAME, FILTER_NAME, TYPE,
VALIDATOR, CONVERTER, HELPER, VISIBILITY, SETTER, ORDER_SEQ, TABLE_NAME, FOOTER_SETTER,
HEADER_SETTER ) VALUES ( 
1101500, 1101500, 'Time', 'Trade Date', 'Trade Date', 'Date', 'dateOrToday', NULL
, NULL, 'report', NULL, 180, 'trunc(Time)', NULL, NULL); 
INSERT INTO ARCH_REPORT_COLUMN ( ID, REPORT_ID, LOGICAL_NAME, VISIBLE_NAME, FILTER_NAME, TYPE,
VALIDATOR, CONVERTER, HELPER, VISIBILITY, SETTER, ORDER_SEQ, TABLE_NAME, FOOTER_SETTER,
HEADER_SETTER ) VALUES ( 
1101501, 1101500, 'FarQuantity', 'Far Qty', 'Far Qty', 'Double', 'double', NULL, NULL
, 'report', 'double8', 145, 'FarQuantity', NULL, NULL); 
INSERT INTO ARCH_REPORT_COLUMN ( ID, REPORT_ID, LOGICAL_NAME, VISIBLE_NAME, FILTER_NAME, TYPE,
VALIDATOR, CONVERTER, HELPER, VISIBILITY, SETTER, ORDER_SEQ, TABLE_NAME, FOOTER_SETTER,
HEADER_SETTER ) VALUES ( 
1101502, 1101500, 'FarQuantity2', 'Far Qty2', 'Far Qty2', 'Double', 'double', NULL
, NULL, 'report', 'double8', 150, 'FarQuantity2', NULL, NULL); 
INSERT INTO ARCH_REPORT_COLUMN ( ID, REPORT_ID, LOGICAL_NAME, VISIBLE_NAME, FILTER_NAME, TYPE,
VALIDATOR, CONVERTER, HELPER, VISIBILITY, SETTER, ORDER_SEQ, TABLE_NAME, FOOTER_SETTER,
HEADER_SETTER ) VALUES ( 
1101503, 1101500, 'TradeType', 'Trade Type', 'Trade Type', 'String', 'string', NULL
, 'FXPBTradeType', 'report', NULL, 190, 'TradeType', NULL, NULL); 
INSERT INTO ARCH_REPORT_COLUMN ( ID, REPORT_ID, LOGICAL_NAME, VISIBLE_NAME, FILTER_NAME, TYPE,
VALIDATOR, CONVERTER, HELPER, VISIBILITY, SETTER, ORDER_SEQ, TABLE_NAME, FOOTER_SETTER,
HEADER_SETTER ) VALUES ( 
1101504, 1101500, 'CreationDate', 'Creation Date', 'Creation Date', 'Date', 'dateOrToday'
, NULL, NULL, 'report', NULL, 0, 'trunc(CreationDate)', NULL, NULL); 
INSERT INTO ARCH_REPORT_COLUMN ( ID, REPORT_ID, LOGICAL_NAME, VISIBLE_NAME, FILTER_NAME, TYPE,
VALIDATOR, CONVERTER, HELPER, VISIBILITY, SETTER, ORDER_SEQ, TABLE_NAME, FOOTER_SETTER,
HEADER_SETTER ) VALUES ( 
1101505, 1101500, 'SpotRate', 'Spot Rate', 'Spot Rate', 'Double', 'double', NULL, NULL
, 'report', NULL, 45, 'SpotRate', NULL, NULL); 
INSERT INTO ARCH_REPORT_COLUMN ( ID, REPORT_ID, LOGICAL_NAME, VISIBLE_NAME, FILTER_NAME, TYPE,
VALIDATOR, CONVERTER, HELPER, VISIBILITY, SETTER, ORDER_SEQ, TABLE_NAME, FOOTER_SETTER,
HEADER_SETTER ) VALUES ( 
1101506, 1101500, 'MasterAccount', 'Master Account', 'Master Account', 'Long', 'long'
, NULL, NULL, 'report', NULL, 3, 'MasterAccount', NULL, NULL); 
INSERT INTO ARCH_REPORT_COLUMN ( ID, REPORT_ID, LOGICAL_NAME, VISIBLE_NAME, FILTER_NAME, TYPE,
VALIDATOR, CONVERTER, HELPER, VISIBILITY, SETTER, ORDER_SEQ, TABLE_NAME, FOOTER_SETTER,
HEADER_SETTER ) VALUES ( 
1101507, 1101500, 'ClientRegion', 'IRFE Region', 'IRFE Region', 'String', 'string'
, NULL, NULL, 'report', NULL, 2, 'ClientRegion', NULL, NULL); 
INSERT INTO ARCH_REPORT_COLUMN ( ID, REPORT_ID, LOGICAL_NAME, VISIBLE_NAME, FILTER_NAME, TYPE,
VALIDATOR, CONVERTER, HELPER, VISIBILITY, SETTER, ORDER_SEQ, TABLE_NAME, FOOTER_SETTER,
HEADER_SETTER ) VALUES ( 
1101508, 1101500, 'TradeGroup', 'Trade Group', 'Trade Group', 'Long', 'long', NULL
, NULL, 'report', 'LINK:tgrep.lwp?g0_fCond==&g0_fName=TRADE_GROUP&g0_fOp=NONE&g0_fValue=$TradeGroup&g0_fltr=0&g0_fId=0&g0_fParentId=-1&g0_fVisibility=0&ExecuteFromLink=ExecuteFromLink&RecCount=15'
, 10, 'TradeGroup', NULL, NULL); 
INSERT INTO ARCH_REPORT_COLUMN ( ID, REPORT_ID, LOGICAL_NAME, VISIBLE_NAME, FILTER_NAME, TYPE,
VALIDATOR, CONVERTER, HELPER, VISIBILITY, SETTER, ORDER_SEQ, TABLE_NAME, FOOTER_SETTER,
HEADER_SETTER ) VALUES ( 
1101509, 1101500, 'PbRole', 'JPMC Role', 'JPMC Role', 'String', 'string', NULL, NULL
, 'report', NULL, 1, 'PbRole', NULL, NULL); 
INSERT INTO ARCH_REPORT_COLUMN ( ID, REPORT_ID, LOGICAL_NAME, VISIBLE_NAME, FILTER_NAME, TYPE,
VALIDATOR, CONVERTER, HELPER, VISIBILITY, SETTER, ORDER_SEQ, TABLE_NAME, FOOTER_SETTER,
HEADER_SETTER ) VALUES ( 
1101510, 1101500, 'TradeId', 'Trade ID', 'Trade ID', 'Long', 'long', NULL, NULL, NULL
, NULL, 20, 'TradeId', NULL, NULL); 
INSERT INTO ARCH_REPORT_COLUMN ( ID, REPORT_ID, LOGICAL_NAME, VISIBLE_NAME, FILTER_NAME, TYPE,
VALIDATOR, CONVERTER, HELPER, VISIBILITY, SETTER, ORDER_SEQ, TABLE_NAME, FOOTER_SETTER,
HEADER_SETTER ) VALUES ( 
1101511, 1101500, 'SideAManager', 'Side A Manager', 'Side A Manager', 'String', 'string'
, NULL, NULL, 'report', NULL, 5, 'SideAManager', NULL, NULL); 
INSERT INTO ARCH_REPORT_COLUMN ( ID, REPORT_ID, LOGICAL_NAME, VISIBLE_NAME, FILTER_NAME, TYPE,
VALIDATOR, CONVERTER, HELPER, VISIBILITY, SETTER, ORDER_SEQ, TABLE_NAME, FOOTER_SETTER,
HEADER_SETTER ) VALUES ( 
1101512, 1101500, 'SideBManager', 'Side B Manager', 'Side B Manager', 'String', 'string'
, NULL, NULL, 'report', NULL, 5, 'SideBManager', NULL, NULL); 
INSERT INTO ARCH_REPORT_COLUMN ( ID, REPORT_ID, LOGICAL_NAME, VISIBLE_NAME, FILTER_NAME, TYPE,
VALIDATOR, CONVERTER, HELPER, VISIBILITY, SETTER, ORDER_SEQ, TABLE_NAME, FOOTER_SETTER,
HEADER_SETTER ) VALUES ( 
1101513, 1101500, 'SideA', 'Side A', 'Side A', 'String', 'string', NULL, NULL, 'report'
, NULL, 50, 'SideA', NULL, NULL); 
INSERT INTO ARCH_REPORT_COLUMN ( ID, REPORT_ID, LOGICAL_NAME, VISIBLE_NAME, FILTER_NAME, TYPE,
VALIDATOR, CONVERTER, HELPER, VISIBILITY, SETTER, ORDER_SEQ, TABLE_NAME, FOOTER_SETTER,
HEADER_SETTER ) VALUES ( 
1101514, 1101500, 'SideB', 'Side B', 'Side B', 'String', 'string', NULL, NULL, 'report'
, NULL, 70, 'SideB', NULL, NULL); 
INSERT INTO ARCH_REPORT_COLUMN ( ID, REPORT_ID, LOGICAL_NAME, VISIBLE_NAME, FILTER_NAME, TYPE,
VALIDATOR, CONVERTER, HELPER, VISIBILITY, SETTER, ORDER_SEQ, TABLE_NAME, FOOTER_SETTER,
HEADER_SETTER ) VALUES ( 
1101515, 1101500, 'SideANoeId', 'Side A Giveup ID', 'Side A Giveup ID', 'Long', 'long'
, NULL, NULL, 'report', 'permCheckSideANoeLink', 60, 'SideANoeId', NULL, NULL); 
INSERT INTO ARCH_REPORT_COLUMN ( ID, REPORT_ID, LOGICAL_NAME, VISIBLE_NAME, FILTER_NAME, TYPE,
VALIDATOR, CONVERTER, HELPER, VISIBILITY, SETTER, ORDER_SEQ, TABLE_NAME, FOOTER_SETTER,
HEADER_SETTER ) VALUES ( 
1101516, 1101500, 'SideBNoeId', 'Side B Giveup ID', 'Side B Giveup ID', 'Long', 'long'
, NULL, NULL, 'report', 'permCheckSideBNoeLink', 80, 'SideBNoeId', NULL, NULL); 
INSERT INTO ARCH_REPORT_COLUMN ( ID, REPORT_ID, LOGICAL_NAME, VISIBLE_NAME, FILTER_NAME, TYPE,
VALIDATOR, CONVERTER, HELPER, VISIBILITY, SETTER, ORDER_SEQ, TABLE_NAME, FOOTER_SETTER,
HEADER_SETTER ) VALUES ( 
1101517, 1101500, 'Currency1', 'Ccy1', 'Ccy1', 'String', 'string', NULL, 'FXPBCurrency'
, 'report', NULL, 90, 'Currency1', NULL, NULL); 
INSERT INTO ARCH_REPORT_COLUMN ( ID, REPORT_ID, LOGICAL_NAME, VISIBLE_NAME, FILTER_NAME, TYPE,
VALIDATOR, CONVERTER, HELPER, VISIBILITY, SETTER, ORDER_SEQ, TABLE_NAME, FOOTER_SETTER,
HEADER_SETTER ) VALUES ( 
1101518, 1101500, 'Quantity1', 'Qty1', 'Qty1', 'Double', 'double', NULL, NULL, 'report'
, 'double8', 100, 'Quantity1', NULL, NULL); 
INSERT INTO ARCH_REPORT_COLUMN ( ID, REPORT_ID, LOGICAL_NAME, VISIBLE_NAME, FILTER_NAME, TYPE,
VALIDATOR, CONVERTER, HELPER, VISIBILITY, SETTER, ORDER_SEQ, TABLE_NAME, FOOTER_SETTER,
HEADER_SETTER ) VALUES ( 
1101519, 1101500, 'Currency2', 'Ccy2', 'Ccy2', 'String', 'string', NULL, 'FXPBCurrency'
, 'report', NULL, 110, 'Currency2', NULL, NULL); 
INSERT INTO ARCH_REPORT_COLUMN ( ID, REPORT_ID, LOGICAL_NAME, VISIBLE_NAME, FILTER_NAME, TYPE,
VALIDATOR, CONVERTER, HELPER, VISIBILITY, SETTER, ORDER_SEQ, TABLE_NAME, FOOTER_SETTER,
HEADER_SETTER ) VALUES ( 
1101520, 1101500, 'NearQuantity', 'Qty2', 'Qty2', 'Double', 'double', NULL, NULL, 'report'
, 'double8', 120, 'NearQuantity', NULL, NULL); 
INSERT INTO ARCH_REPORT_COLUMN ( ID, REPORT_ID, LOGICAL_NAME, VISIBLE_NAME, FILTER_NAME, TYPE,
VALIDATOR, CONVERTER, HELPER, VISIBILITY, SETTER, ORDER_SEQ, TABLE_NAME, FOOTER_SETTER,
HEADER_SETTER ) VALUES ( 
1101521, 1101500, 'NearDate', 'Value Date', 'Value Date', 'Date', 'dateOrToday'
, NULL, NULL, 'report', NULL, 130, 'trunc(NearDate)', NULL, NULL); 
INSERT INTO ARCH_REPORT_COLUMN ( ID, REPORT_ID, LOGICAL_NAME, VISIBLE_NAME, FILTER_NAME, TYPE,
VALIDATOR, CONVERTER, HELPER, VISIBILITY, SETTER, ORDER_SEQ, TABLE_NAME, FOOTER_SETTER,
HEADER_SETTER ) VALUES ( 
1101522, 1101500, 'NearRate', 'Rate', 'Rate', 'Double', 'double', NULL, NULL, 'report'
, 'LINK:javascript:breakRateAll($NearRate,$SpotRate,$ForwardPoints,$TraderMarkup,$ForwardMarkup);'
, 140, 'NearRate', NULL, NULL); 
INSERT INTO ARCH_REPORT_COLUMN ( ID, REPORT_ID, LOGICAL_NAME, VISIBLE_NAME, FILTER_NAME, TYPE,
VALIDATOR, CONVERTER, HELPER, VISIBILITY, SETTER, ORDER_SEQ, TABLE_NAME, FOOTER_SETTER,
HEADER_SETTER ) VALUES ( 
1101523, 1101500, 'FarDate', 'Far Value Date', 'Far Value Date', 'Date', 'dateOrToday'
, NULL, NULL, 'report', NULL, 160, 'trunc(FarDate)', NULL, NULL); 
INSERT INTO ARCH_REPORT_COLUMN ( ID, REPORT_ID, LOGICAL_NAME, VISIBLE_NAME, FILTER_NAME, TYPE,
VALIDATOR, CONVERTER, HELPER, VISIBILITY, SETTER, ORDER_SEQ, TABLE_NAME, FOOTER_SETTER,
HEADER_SETTER ) VALUES ( 
1101524, 1101500, 'FarRate', 'Far Rate', 'Far Rate', 'Double', 'double', NULL, NULL
, 'report', 'LINK:javascript:breakRateAll($FarRate,$FarSpotRate,$FarForwardPoints,$FarTraderMarkup,$FarForwardMarkup);'
, 170, 'FarRate', NULL, NULL); 
INSERT INTO ARCH_REPORT_COLUMN ( ID, REPORT_ID, LOGICAL_NAME, VISIBLE_NAME, FILTER_NAME, TYPE,
VALIDATOR, CONVERTER, HELPER, VISIBILITY, SETTER, ORDER_SEQ, TABLE_NAME, FOOTER_SETTER,
HEADER_SETTER ) VALUES ( 
1101525, 1101500, 'LifeStatus', 'Life', 'Life', 'String', 'string', NULL, NULL, 'report'
, 'lifeStatus', 30, 'LifeStatus', NULL, NULL); 
INSERT INTO ARCH_REPORT_COLUMN ( ID, REPORT_ID, LOGICAL_NAME, VISIBLE_NAME, FILTER_NAME, TYPE,
VALIDATOR, CONVERTER, HELPER, VISIBILITY, SETTER, ORDER_SEQ, TABLE_NAME, FOOTER_SETTER,
HEADER_SETTER ) VALUES ( 
1101526, 1101500, 'BorStatus', 'IRFE', 'Borstatus', 'String', 'string', NULL, 'FXPBTradeBORStatus'
, 'report', 'bsrStatus', 40, 'BorStatus', NULL, NULL); 
INSERT INTO ARCH_REPORT_COLUMN ( ID, REPORT_ID, LOGICAL_NAME, VISIBLE_NAME, FILTER_NAME, TYPE,
VALIDATOR, CONVERTER, HELPER, VISIBILITY, SETTER, ORDER_SEQ, TABLE_NAME, FOOTER_SETTER,
HEADER_SETTER ) VALUES ( 
1101527, 1101500, 'Agreement', 'Agreement', 'Agreement', 'String', 'string', NULL
, 'FXPBAgreement', 'report', NULL, 200, 'Agreement', NULL, NULL); 
INSERT INTO ARCH_REPORT_COLUMN ( ID, REPORT_ID, LOGICAL_NAME, VISIBLE_NAME, FILTER_NAME, TYPE,
VALIDATOR, CONVERTER, HELPER, VISIBILITY, SETTER, ORDER_SEQ, TABLE_NAME, FOOTER_SETTER,
HEADER_SETTER ) VALUES ( 
1101528, 1101500, 'ForwardPoints', 'Forward Points', 'Forward Points', 'Double', 'double'
, NULL, NULL, 'report', NULL, 45, 'ForwardPoints', NULL, NULL); 
INSERT INTO ARCH_REPORT_COLUMN ( ID, REPORT_ID, LOGICAL_NAME, VISIBLE_NAME, FILTER_NAME, TYPE,
VALIDATOR, CONVERTER, HELPER, VISIBILITY, SETTER, ORDER_SEQ, TABLE_NAME, FOOTER_SETTER,
HEADER_SETTER ) VALUES ( 
1101529, 1101500, 'TraderMarkup', 'Trader Markup', 'Trader Markup', 'Double', 'double'
, NULL, NULL, 'report', NULL, 45, 'TraderMarkup', NULL, NULL); 
INSERT INTO ARCH_REPORT_COLUMN ( ID, REPORT_ID, LOGICAL_NAME, VISIBLE_NAME, FILTER_NAME, TYPE,
VALIDATOR, CONVERTER, HELPER, VISIBILITY, SETTER, ORDER_SEQ, TABLE_NAME, FOOTER_SETTER,
HEADER_SETTER ) VALUES ( 
1101530, 1101500, 'ForwardMarkup', 'Forward Markup', 'Forward Markup', 'Double', 'double'
, NULL, NULL, 'report', NULL, 45, 'ForwardMarkup', NULL, NULL); 
INSERT INTO ARCH_REPORT_COLUMN ( ID, REPORT_ID, LOGICAL_NAME, VISIBLE_NAME, FILTER_NAME, TYPE,
VALIDATOR, CONVERTER, HELPER, VISIBILITY, SETTER, ORDER_SEQ, TABLE_NAME, FOOTER_SETTER,
HEADER_SETTER ) VALUES ( 
1101531, 1101500, 'FarSpotRate', 'Far Spot Rate', 'Far Spot Rate', 'Double', 'double'
, NULL, NULL, 'report', NULL, 45, 'FarSpotRate', NULL, NULL); 
INSERT INTO ARCH_REPORT_COLUMN ( ID, REPORT_ID, LOGICAL_NAME, VISIBLE_NAME, FILTER_NAME, TYPE,
VALIDATOR, CONVERTER, HELPER, VISIBILITY, SETTER, ORDER_SEQ, TABLE_NAME, FOOTER_SETTER,
HEADER_SETTER ) VALUES ( 
1101532, 1101500, 'FarForwardPoints', 'Far Forward Points', 'Far Forward Points', 'double'
, 'double', NULL, NULL, 'report', NULL, 45, 'FarForwardPoints', NULL, NULL); 
INSERT INTO ARCH_REPORT_COLUMN ( ID, REPORT_ID, LOGICAL_NAME, VISIBLE_NAME, FILTER_NAME, TYPE,
VALIDATOR, CONVERTER, HELPER, VISIBILITY, SETTER, ORDER_SEQ, TABLE_NAME, FOOTER_SETTER,
HEADER_SETTER ) VALUES ( 
1101533, 1101500, 'FarTraderMarkup', 'Far Trader Markup', 'Far Trader Markup', 'double'
, 'double', NULL, NULL, 'report', NULL, 45, 'FarTraderMarkup', NULL, NULL); 
INSERT INTO ARCH_REPORT_COLUMN ( ID, REPORT_ID, LOGICAL_NAME, VISIBLE_NAME, FILTER_NAME, TYPE,
VALIDATOR, CONVERTER, HELPER, VISIBILITY, SETTER, ORDER_SEQ, TABLE_NAME, FOOTER_SETTER,
HEADER_SETTER ) VALUES ( 
1101534, 1101500, 'FarForwardMarkup', 'Far Forward Markup', 'Far Forward Markup', 'double'
, 'double', NULL, NULL, 'report', NULL, 45, 'FarForwardMarkup', NULL, NULL); 
INSERT INTO ARCH_REPORT_COLUMN ( ID, REPORT_ID, LOGICAL_NAME, VISIBLE_NAME, FILTER_NAME, TYPE,
VALIDATOR, CONVERTER, HELPER, VISIBILITY, SETTER, ORDER_SEQ, TABLE_NAME, FOOTER_SETTER,
HEADER_SETTER ) VALUES ( 
1101535, 1101500, 'ContractNumber', 'Contract#', 'Contract#', 'String', 'string', NULL
, NULL, 'report', NULL, 5, 'ContractNumber', NULL, NULL); 
INSERT INTO ARCH_REPORT_COLUMN ( ID, REPORT_ID, LOGICAL_NAME, VISIBLE_NAME, FILTER_NAME, TYPE,
VALIDATOR, CONVERTER, HELPER, VISIBILITY, SETTER, ORDER_SEQ, TABLE_NAME, FOOTER_SETTER,
HEADER_SETTER ) VALUES ( 
1101536, 1101500, 'FarContractNumber', 'Far#', 'Far#', 'String', 'string', NULL, NULL
, 'report', NULL, 42, 'FarContractNumber', NULL, NULL); 
INSERT INTO ARCH_REPORT_COLUMN ( ID, REPORT_ID, LOGICAL_NAME, VISIBLE_NAME, FILTER_NAME, TYPE,
VALIDATOR, CONVERTER, HELPER, VISIBILITY, SETTER, ORDER_SEQ, TABLE_NAME, FOOTER_SETTER,
HEADER_SETTER ) VALUES ( 
1101540, 1101540, 'TradeDate', 'Trade Date', 'Trade Date', 'Date', 'dateOrToday'
, NULL, NULL, 'report', NULL, 200, 'trunc(TradeDate)', NULL, NULL); 
INSERT INTO ARCH_REPORT_COLUMN ( ID, REPORT_ID, LOGICAL_NAME, VISIBLE_NAME, FILTER_NAME, TYPE,
VALIDATOR, CONVERTER, HELPER, VISIBILITY, SETTER, ORDER_SEQ, TABLE_NAME, FOOTER_SETTER,
HEADER_SETTER ) VALUES ( 
1101541, 1101540, 'ValueDate', 'Value Date', 'Value Date', 'Date', 'dateOrToday'
, NULL, NULL, 'report', NULL, 130, 'trunc(ValueDate)', NULL, NULL); 
INSERT INTO ARCH_REPORT_COLUMN ( ID, REPORT_ID, LOGICAL_NAME, VISIBLE_NAME, FILTER_NAME, TYPE,
VALIDATOR, CONVERTER, HELPER, VISIBILITY, SETTER, ORDER_SEQ, TABLE_NAME, FOOTER_SETTER,
HEADER_SETTER ) VALUES ( 
1101542, 1101540, 'Rate', 'Rate', 'Rate', 'Double', 'double', NULL, NULL, 'report'
, NULL, 140, 'Rate', NULL, NULL); 
INSERT INTO ARCH_REPORT_COLUMN ( ID, REPORT_ID, LOGICAL_NAME, VISIBLE_NAME, FILTER_NAME, TYPE,
VALIDATOR, CONVERTER, HELPER, VISIBILITY, SETTER, ORDER_SEQ, TABLE_NAME, FOOTER_SETTER,
HEADER_SETTER ) VALUES ( 
1101543, 1101540, 'UFarRate', 'Far Rate', 'Far Rate', 'Double', 'double', NULL, NULL
, 'report', NULL, 170, 'UFarRate', NULL, NULL); 
INSERT INTO ARCH_REPORT_COLUMN ( ID, REPORT_ID, LOGICAL_NAME, VISIBLE_NAME, FILTER_NAME, TYPE,
VALIDATOR, CONVERTER, HELPER, VISIBILITY, SETTER, ORDER_SEQ, TABLE_NAME, FOOTER_SETTER,
HEADER_SETTER ) VALUES ( 
1101544, 1101540, 'FarValueDate', 'Far Value Date', 'Far Value Date', 'Date', 'dateOrToday'
, NULL, NULL, 'report', NULL, 160, 'trunc(FarValueDate)', NULL, NULL); 
INSERT INTO ARCH_REPORT_COLUMN ( ID, REPORT_ID, LOGICAL_NAME, VISIBLE_NAME, FILTER_NAME, TYPE,
VALIDATOR, CONVERTER, HELPER, VISIBILITY, SETTER, ORDER_SEQ, TABLE_NAME, FOOTER_SETTER,
HEADER_SETTER ) VALUES ( 
1101545, 1101540, 'FarQuantity', 'Far Qty', 'Far Qty', 'Double', 'double', NULL, NULL
, NULL, 'double8', 175, 'FarQuantity', NULL, NULL); 
INSERT INTO ARCH_REPORT_COLUMN ( ID, REPORT_ID, LOGICAL_NAME, VISIBLE_NAME, FILTER_NAME, TYPE,
VALIDATOR, CONVERTER, HELPER, VISIBILITY, SETTER, ORDER_SEQ, TABLE_NAME, FOOTER_SETTER,
HEADER_SETTER ) VALUES ( 
1101546, 1101540, 'FarQuantity2', 'Far Qty2', 'Far Qty2', 'Double', 'double', NULL
, NULL, NULL, 'double8', 180, 'FarQuantity2', NULL, NULL); 
INSERT INTO ARCH_REPORT_COLUMN ( ID, REPORT_ID, LOGICAL_NAME, VISIBLE_NAME, FILTER_NAME, TYPE,
VALIDATOR, CONVERTER, HELPER, VISIBILITY, SETTER, ORDER_SEQ, TABLE_NAME, FOOTER_SETTER,
HEADER_SETTER ) VALUES ( 
1101547, 1101540, 'Quantity2', 'Qty2', 'Qty2', 'Double', 'double', NULL, NULL, NULL
, 'double8', 150, 'Quantity2', NULL, NULL); 
INSERT INTO ARCH_REPORT_COLUMN ( ID, REPORT_ID, LOGICAL_NAME, VISIBLE_NAME, FILTER_NAME, TYPE,
VALIDATOR, CONVERTER, HELPER, VISIBILITY, SETTER, ORDER_SEQ, TABLE_NAME, FOOTER_SETTER,
HEADER_SETTER ) VALUES ( 
1101548, 1101540, 'TradeType', 'Trade Type', 'Trade Type', 'String', 'string', NULL
, 'FXPBTradeType', 'report', NULL, 240, 'TradeType', NULL, NULL); 
INSERT INTO ARCH_REPORT_COLUMN ( ID, REPORT_ID, LOGICAL_NAME, VISIBLE_NAME, FILTER_NAME, TYPE,
VALIDATOR, CONVERTER, HELPER, VISIBILITY, SETTER, ORDER_SEQ, TABLE_NAME, FOOTER_SETTER,
HEADER_SETTER ) VALUES ( 
1101549, 1101540, 'CreationDate', 'Creation Date', 'Creation Date', 'Date', 'dateOrToday'
, NULL, NULL, 'report', NULL, 0, 'CreationDate', NULL, NULL); 
INSERT INTO ARCH_REPORT_COLUMN ( ID, REPORT_ID, LOGICAL_NAME, VISIBLE_NAME, FILTER_NAME, TYPE,
VALIDATOR, CONVERTER, HELPER, VISIBILITY, SETTER, ORDER_SEQ, TABLE_NAME, FOOTER_SETTER,
HEADER_SETTER ) VALUES ( 
1101550, 1101540, 'ContractType', 'Instr. Type', 'Instr. Type', 'String', 'string'
, NULL, 'FXPBContractType', 'report', NULL, 90, 'ContractType', NULL, NULL); 
INSERT INTO ARCH_REPORT_COLUMN ( ID, REPORT_ID, LOGICAL_NAME, VISIBLE_NAME, FILTER_NAME, TYPE,
VALIDATOR, CONVERTER, HELPER, VISIBILITY, SETTER, ORDER_SEQ, TABLE_NAME, FOOTER_SETTER,
HEADER_SETTER ) VALUES ( 
1101551, 1101540, 'SettlementDate', 'Settlement Date', 'Settlement Date', 'Date', 'dateOrToday'
, NULL, NULL, 'none', NULL, 220, 'trunc(SettlementDate)', NULL, NULL); 
INSERT INTO ARCH_REPORT_COLUMN ( ID, REPORT_ID, LOGICAL_NAME, VISIBLE_NAME, FILTER_NAME, TYPE,
VALIDATOR, CONVERTER, HELPER, VISIBILITY, SETTER, ORDER_SEQ, TABLE_NAME, FOOTER_SETTER,
HEADER_SETTER ) VALUES ( 
1101553, 1101540, 'MasterAccount', 'Master Account', 'Master Account', 'Long', 'long'
, NULL, NULL, 'report', NULL, 3, 'MasterAccount', NULL, NULL); 
INSERT INTO ARCH_REPORT_COLUMN ( ID, REPORT_ID, LOGICAL_NAME, VISIBLE_NAME, FILTER_NAME, TYPE,
VALIDATOR, CONVERTER, HELPER, VISIBILITY, SETTER, ORDER_SEQ, TABLE_NAME, FOOTER_SETTER,
HEADER_SETTER ) VALUES ( 
1101554, 1101540, 'ClientRegion', 'IRFE Region', 'IRFE Region', 'String', 'string'
, NULL, NULL, 'report', NULL, 2, 'ClientRegion', NULL, NULL); 
INSERT INTO ARCH_REPORT_COLUMN ( ID, REPORT_ID, LOGICAL_NAME, VISIBLE_NAME, FILTER_NAME, TYPE,
VALIDATOR, CONVERTER, HELPER, VISIBILITY, SETTER, ORDER_SEQ, TABLE_NAME, FOOTER_SETTER,
HEADER_SETTER ) VALUES ( 
1101555, 1101540, 'ClientRef', 'Client Ref', 'Client Ref', 'String', 'string', NULL
, NULL, 'report', NULL, 230, 'ClientRef', NULL, NULL); 
INSERT INTO ARCH_REPORT_COLUMN ( ID, REPORT_ID, LOGICAL_NAME, VISIBLE_NAME, FILTER_NAME, TYPE,
VALIDATOR, CONVERTER, HELPER, VISIBILITY, SETTER, ORDER_SEQ, TABLE_NAME, FOOTER_SETTER,
HEADER_SETTER ) VALUES ( 
1101556, 1101540, 'Approval', 'Approval', 'Approval', 'String', 'string', NULL, 'VFXPBNOEApprovalStatus'
, NULL, 'noeApproval', 40, 'Approval', NULL, NULL); 
INSERT INTO ARCH_REPORT_COLUMN ( ID, REPORT_ID, LOGICAL_NAME, VISIBLE_NAME, FILTER_NAME, TYPE,
VALIDATOR, CONVERTER, HELPER, VISIBILITY, SETTER, ORDER_SEQ, TABLE_NAME, FOOTER_SETTER,
HEADER_SETTER ) VALUES ( 
1101557, 1101540, 'ApprReason', 'Approval Reason', 'Approval Reason', 'String', 'string'
, NULL, NULL, 'none', NULL, 281, 'ApprReason', NULL, NULL); 
INSERT INTO ARCH_REPORT_COLUMN ( ID, REPORT_ID, LOGICAL_NAME, VISIBLE_NAME, FILTER_NAME, TYPE,
VALIDATOR, CONVERTER, HELPER, VISIBILITY, SETTER, ORDER_SEQ, TABLE_NAME, FOOTER_SETTER,
HEADER_SETTER ) VALUES ( 
1101558, 1101540, 'Recon', 'Reconciliation', 'Reconciliation', 'String', 'string'
, NULL, NULL, NULL, 'noeRecon', 30, 'Recon', NULL, NULL); 
INSERT INTO ARCH_REPORT_COLUMN ( ID, REPORT_ID, LOGICAL_NAME, VISIBLE_NAME, FILTER_NAME, TYPE,
VALIDATOR, CONVERTER, HELPER, VISIBILITY, SETTER, ORDER_SEQ, TABLE_NAME, FOOTER_SETTER,
HEADER_SETTER ) VALUES ( 
1101559, 1101540, 'Alloc', 'Allocation', 'Allocation', 'String', 'string', NULL, NULL
, NULL, 'noeAllocation', 20, 'Alloc', NULL, NULL); 
INSERT INTO ARCH_REPORT_COLUMN ( ID, REPORT_ID, LOGICAL_NAME, VISIBLE_NAME, FILTER_NAME, TYPE,
VALIDATOR, CONVERTER, HELPER, VISIBILITY, SETTER, ORDER_SEQ, TABLE_NAME, FOOTER_SETTER,
HEADER_SETTER ) VALUES ( 
1101560, 1101540, 'Lifecycle', 'Life', 'Life', 'String', 'string', NULL, 'VFXPBNOELifeStatus'
, NULL, 'noeLifecycle', 50, 'Lifecycle', NULL, NULL); 
INSERT INTO ARCH_REPORT_COLUMN ( ID, REPORT_ID, LOGICAL_NAME, VISIBLE_NAME, FILTER_NAME, TYPE,
VALIDATOR, CONVERTER, HELPER, VISIBILITY, SETTER, ORDER_SEQ, TABLE_NAME, FOOTER_SETTER,
HEADER_SETTER ) VALUES ( 
1101563, 1101540, 'SideA', 'Trading Firm', 'Trading Firm', 'String', 'string', NULL
, NULL, 'report', NULL, 60, 'SideA', NULL, NULL); 
INSERT INTO ARCH_REPORT_COLUMN ( ID, REPORT_ID, LOGICAL_NAME, VISIBLE_NAME, FILTER_NAME, TYPE,
VALIDATOR, CONVERTER, HELPER, VISIBILITY, SETTER, ORDER_SEQ, TABLE_NAME, FOOTER_SETTER,
HEADER_SETTER ) VALUES ( 
1101564, 1101540, 'SideB', 'Counter Party', 'Counter Party', 'String', 'string', NULL
, NULL, 'report', NULL, 70, 'SideB', NULL, NULL); 
INSERT INTO ARCH_REPORT_COLUMN ( ID, REPORT_ID, LOGICAL_NAME, VISIBLE_NAME, FILTER_NAME, TYPE,
VALIDATOR, CONVERTER, HELPER, VISIBILITY, SETTER, ORDER_SEQ, TABLE_NAME, FOOTER_SETTER,
HEADER_SETTER ) VALUES ( 
1101565, 1101540, 'Trader', 'Trader', 'Trader', 'String', 'string', NULL, NULL, 'report'
, NULL, 190, 'Trader', NULL, NULL); 
INSERT INTO ARCH_REPORT_COLUMN ( ID, REPORT_ID, LOGICAL_NAME, VISIBLE_NAME, FILTER_NAME, TYPE,
VALIDATOR, CONVERTER, HELPER, VISIBILITY, SETTER, ORDER_SEQ, TABLE_NAME, FOOTER_SETTER,
HEADER_SETTER ) VALUES ( 
1101566, 1101540, 'BaseCcy', 'Ccy2', 'Ccy2', 'String', 'string', NULL, 'FXPBCurrency'
, 'report', NULL, 120, 'BaseCcy', NULL, NULL); 
INSERT INTO ARCH_REPORT_COLUMN ( ID, REPORT_ID, LOGICAL_NAME, VISIBLE_NAME, FILTER_NAME, TYPE,
VALIDATOR, CONVERTER, HELPER, VISIBILITY, SETTER, ORDER_SEQ, TABLE_NAME, FOOTER_SETTER,
HEADER_SETTER ) VALUES ( 
1101567, 1101540, 'SecondaryCcy', 'Ccy1', 'Ccy1', 'String', 'string', NULL, 'FXPBCurrency'
, 'report', NULL, 100, 'SecondaryCcy', NULL, NULL); 
INSERT INTO ARCH_REPORT_COLUMN ( ID, REPORT_ID, LOGICAL_NAME, VISIBLE_NAME, FILTER_NAME, TYPE,
VALIDATOR, CONVERTER, HELPER, VISIBILITY, SETTER, ORDER_SEQ, TABLE_NAME, FOOTER_SETTER,
HEADER_SETTER ) VALUES ( 
1101569, 1101540, 'NewNoe', 'New Giveup ID', 'New Giveup ID', 'Long', 'long', NULL
, NULL, 'filters', NULL, 250, 'NewNoe', NULL, NULL); 
INSERT INTO ARCH_REPORT_COLUMN ( ID, REPORT_ID, LOGICAL_NAME, VISIBLE_NAME, FILTER_NAME, TYPE,
VALIDATOR, CONVERTER, HELPER, VISIBILITY, SETTER, ORDER_SEQ, TABLE_NAME, FOOTER_SETTER,
HEADER_SETTER ) VALUES ( 
1101570, 1101540, 'OldNoe', 'Old  Giveup ID', 'Old  Giveup ID', 'Long', 'long', NULL
, NULL, 'filters', NULL, 260, 'OldNoe', NULL, NULL); 
INSERT INTO ARCH_REPORT_COLUMN ( ID, REPORT_ID, LOGICAL_NAME, VISIBLE_NAME, FILTER_NAME, TYPE,
VALIDATOR, CONVERTER, HELPER, VISIBILITY, SETTER, ORDER_SEQ, TABLE_NAME, FOOTER_SETTER,
HEADER_SETTER ) VALUES ( 
1101571, 1101540, 'IsDummy', 'Dummy', 'Dummy', 'String', 'string', NULL, NULL, NULL
, NULL, 270, 'IsDummy', NULL, NULL); 
INSERT INTO ARCH_REPORT_COLUMN ( ID, REPORT_ID, LOGICAL_NAME, VISIBLE_NAME, FILTER_NAME, TYPE,
VALIDATOR, CONVERTER, HELPER, VISIBILITY, SETTER, ORDER_SEQ, TABLE_NAME, FOOTER_SETTER,
HEADER_SETTER ) VALUES ( 
1101572, 1101540, 'Agreement', 'Agreement', 'Agreement', 'String', 'string', NULL
, 'FXPBAgreement', NULL, NULL, 280, 'Agreement', NULL, NULL); 
INSERT INTO ARCH_REPORT_COLUMN ( ID, REPORT_ID, LOGICAL_NAME, VISIBLE_NAME, FILTER_NAME, TYPE,
VALIDATOR, CONVERTER, HELPER, VISIBILITY, SETTER, ORDER_SEQ, TABLE_NAME, FOOTER_SETTER,
HEADER_SETTER ) VALUES ( 
1101580, 1101540, 'TpRole', 'TP Role', 'TP Role', 'String', 'string', NULL, NULL, 'reportHidden'
, NULL, 290, 'TpRole', NULL, NULL); 
INSERT INTO ARCH_REPORT_COLUMN ( ID, REPORT_ID, LOGICAL_NAME, VISIBLE_NAME, FILTER_NAME, TYPE,
VALIDATOR, CONVERTER, HELPER, VISIBILITY, SETTER, ORDER_SEQ, TABLE_NAME, FOOTER_SETTER,
HEADER_SETTER ) VALUES ( 
1101600, 1101600, 'Approval', 'Approval', 'Approval', 'String', 'string', NULL, 'VFXPBNOEApprovalStatus'
, NULL, 'noeApproval', 40, 'Approval', NULL, NULL); 
INSERT INTO ARCH_REPORT_COLUMN ( ID, REPORT_ID, LOGICAL_NAME, VISIBLE_NAME, FILTER_NAME, TYPE,
VALIDATOR, CONVERTER, HELPER, VISIBILITY, SETTER, ORDER_SEQ, TABLE_NAME, FOOTER_SETTER,
HEADER_SETTER ) VALUES ( 
1101601, 1101600, 'ApprReason', 'Approval Reason', 'Approval Reason', 'String', 'string'
, NULL, NULL, 'none', NULL, 281, 'ApprReason', NULL, NULL); 
INSERT INTO ARCH_REPORT_COLUMN ( ID, REPORT_ID, LOGICAL_NAME, VISIBLE_NAME, FILTER_NAME, TYPE,
VALIDATOR, CONVERTER, HELPER, VISIBILITY, SETTER, ORDER_SEQ, TABLE_NAME, FOOTER_SETTER,
HEADER_SETTER ) VALUES ( 
1101602, 1101600, 'Recon', 'Reconciliation', 'Reconciliation', 'String', 'string'
, NULL, NULL, NULL, 'noeRecon', 30, 'Recon', NULL, NULL); 
INSERT INTO ARCH_REPORT_COLUMN ( ID, REPORT_ID, LOGICAL_NAME, VISIBLE_NAME, FILTER_NAME, TYPE,
VALIDATOR, CONVERTER, HELPER, VISIBILITY, SETTER, ORDER_SEQ, TABLE_NAME, FOOTER_SETTER,
HEADER_SETTER ) VALUES ( 
1101603, 1101600, 'Alloc', 'Allocation', 'Allocation', 'String', 'string', NULL, NULL
, NULL, 'noeAllocation', 20, 'Alloc', NULL, NULL); 
INSERT INTO ARCH_REPORT_COLUMN ( ID, REPORT_ID, LOGICAL_NAME, VISIBLE_NAME, FILTER_NAME, TYPE,
VALIDATOR, CONVERTER, HELPER, VISIBILITY, SETTER, ORDER_SEQ, TABLE_NAME, FOOTER_SETTER,
HEADER_SETTER ) VALUES ( 
1101604, 1101600, 'Lifecycle', 'Life', 'Life', 'String', 'string', NULL, 'VFXPBNOELifeStatus'
, NULL, 'noeLifecycle', 50, 'Lifecycle', NULL, NULL); 
INSERT INTO ARCH_REPORT_COLUMN ( ID, REPORT_ID, LOGICAL_NAME, VISIBLE_NAME, FILTER_NAME, TYPE,
VALIDATOR, CONVERTER, HELPER, VISIBILITY, SETTER, ORDER_SEQ, TABLE_NAME, FOOTER_SETTER,
HEADER_SETTER ) VALUES ( 
1101607, 1101600, 'SideA', 'Trading Firm', 'Trading Firm', 'String', 'string', NULL
, NULL, 'report', NULL, 60, 'SideA', NULL, NULL); 
INSERT INTO ARCH_REPORT_COLUMN ( ID, REPORT_ID, LOGICAL_NAME, VISIBLE_NAME, FILTER_NAME, TYPE,
VALIDATOR, CONVERTER, HELPER, VISIBILITY, SETTER, ORDER_SEQ, TABLE_NAME, FOOTER_SETTER,
HEADER_SETTER ) VALUES ( 
1101608, 1101600, 'SideB', 'Counter Party', 'Counter Party', 'String', 'string', NULL
, NULL, 'report', NULL, 70, 'SideB', NULL, NULL); 
INSERT INTO ARCH_REPORT_COLUMN ( ID, REPORT_ID, LOGICAL_NAME, VISIBLE_NAME, FILTER_NAME, TYPE,
VALIDATOR, CONVERTER, HELPER, VISIBILITY, SETTER, ORDER_SEQ, TABLE_NAME, FOOTER_SETTER,
HEADER_SETTER ) VALUES ( 
1101609, 1101600, 'Trader', 'Trader', 'Trader', 'String', 'string', NULL, NULL, 'report'
, NULL, 190, 'Trader', NULL, NULL); 
INSERT INTO ARCH_REPORT_COLUMN ( ID, REPORT_ID, LOGICAL_NAME, VISIBLE_NAME, FILTER_NAME, TYPE,
VALIDATOR, CONVERTER, HELPER, VISIBILITY, SETTER, ORDER_SEQ, TABLE_NAME, FOOTER_SETTER,
HEADER_SETTER ) VALUES ( 
1101610, 1101600, 'BaseCcy', 'Ccy2', 'Ccy2', 'String', 'string', NULL, 'FXPBCurrency'
, 'report', NULL, 120, 'BaseCcy', NULL, NULL); 
INSERT INTO ARCH_REPORT_COLUMN ( ID, REPORT_ID, LOGICAL_NAME, VISIBLE_NAME, FILTER_NAME, TYPE,
VALIDATOR, CONVERTER, HELPER, VISIBILITY, SETTER, ORDER_SEQ, TABLE_NAME, FOOTER_SETTER,
HEADER_SETTER ) VALUES ( 
1101611, 1101600, 'SecondaryCcy', 'Ccy1', 'Ccy1', 'String', 'string', NULL, 'FXPBCurrency'
, 'report', NULL, 100, 'SecondaryCcy', NULL, NULL); 
INSERT INTO ARCH_REPORT_COLUMN ( ID, REPORT_ID, LOGICAL_NAME, VISIBLE_NAME, FILTER_NAME, TYPE,
VALIDATOR, CONVERTER, HELPER, VISIBILITY, SETTER, ORDER_SEQ, TABLE_NAME, FOOTER_SETTER,
HEADER_SETTER ) VALUES ( 
1101613, 1101600, 'NewNoe', 'New Giveup ID', 'New Giveup ID', 'Long', 'long', NULL
, NULL, 'filters', NULL, 250, 'NewNoe', NULL, NULL); 
INSERT INTO ARCH_REPORT_COLUMN ( ID, REPORT_ID, LOGICAL_NAME, VISIBLE_NAME, FILTER_NAME, TYPE,
VALIDATOR, CONVERTER, HELPER, VISIBILITY, SETTER, ORDER_SEQ, TABLE_NAME, FOOTER_SETTER,
HEADER_SETTER ) VALUES ( 
1101614, 1101600, 'OldNoe', 'Old  Giveup ID', 'Old  Giveup ID', 'Long', 'long', NULL
, NULL, 'filters', NULL, 260, 'OldNoe', NULL, NULL); 
INSERT INTO ARCH_REPORT_COLUMN ( ID, REPORT_ID, LOGICAL_NAME, VISIBLE_NAME, FILTER_NAME, TYPE,
VALIDATOR, CONVERTER, HELPER, VISIBILITY, SETTER, ORDER_SEQ, TABLE_NAME, FOOTER_SETTER,
HEADER_SETTER ) VALUES ( 
1101615, 1101600, 'IsDummy', 'Dummy', 'Dummy', 'String', 'string', NULL, NULL, NULL
, NULL, 270, 'IsDummy', NULL, NULL); 
INSERT INTO ARCH_REPORT_COLUMN ( ID, REPORT_ID, LOGICAL_NAME, VISIBLE_NAME, FILTER_NAME, TYPE,
VALIDATOR, CONVERTER, HELPER, VISIBILITY, SETTER, ORDER_SEQ, TABLE_NAME, FOOTER_SETTER,
HEADER_SETTER ) VALUES ( 
1101616, 1101600, 'Agreement', 'Agreement', 'Agreement', 'String', 'string', NULL
, 'FXPBAgreement', NULL, NULL, 280, 'Agreement', NULL, NULL); 
INSERT INTO ARCH_REPORT_COLUMN ( ID, REPORT_ID, LOGICAL_NAME, VISIBLE_NAME, FILTER_NAME, TYPE,
VALIDATOR, CONVERTER, HELPER, VISIBILITY, SETTER, ORDER_SEQ, TABLE_NAME, FOOTER_SETTER,
HEADER_SETTER ) VALUES ( 
1101624, 1101600, 'TpRole', 'TP Role', 'TP Role', 'String', 'string', NULL, NULL, 'reportHidden'
, NULL, 290, 'TpRole', NULL, NULL); 
INSERT INTO ARCH_REPORT_COLUMN ( ID, REPORT_ID, LOGICAL_NAME, VISIBLE_NAME, FILTER_NAME, TYPE,
VALIDATOR, CONVERTER, HELPER, VISIBILITY, SETTER, ORDER_SEQ, TABLE_NAME, FOOTER_SETTER,
HEADER_SETTER ) VALUES ( 
1101625, 1100400, 'TP_ROLE', 'TP Role', 'TP Role', 'String', 'string', NULL, NULL
, 'reportHidden', NULL, 290, 'TP_ROLE', NULL, NULL); 


INSERT INTO ARCH_REPORT_COLUMN ( ID, REPORT_ID, LOGICAL_NAME, VISIBLE_NAME, FILTER_NAME, TYPE,
VALIDATOR, CONVERTER, HELPER, VISIBILITY, SETTER, HEADER_SETTER, FOOTER_SETTER, ORDER_SEQ,
TABLE_NAME ) VALUES ( 
2000000, 1102700, 'TradeDate', 'Trade Date', 'Trade Date', 'Date', 'dateOrToday', NULL
, NULL, NULL, NULL, NULL, NULL, 90, 'TradeDate'); 
INSERT INTO ARCH_REPORT_COLUMN ( ID, REPORT_ID, LOGICAL_NAME, VISIBLE_NAME, FILTER_NAME, TYPE,
VALIDATOR, CONVERTER, HELPER, VISIBILITY, SETTER, HEADER_SETTER, FOOTER_SETTER, ORDER_SEQ,
TABLE_NAME ) VALUES ( 
1102701, 1102700, 'ValueDate', 'Value Date', 'Value Date', 'Date', 'dateOrToday', NULL
, NULL, NULL, NULL, NULL, NULL, 150, 'ValueDate'); 
INSERT INTO ARCH_REPORT_COLUMN ( ID, REPORT_ID, LOGICAL_NAME, VISIBLE_NAME, FILTER_NAME, TYPE,
VALIDATOR, CONVERTER, HELPER, VISIBILITY, SETTER, HEADER_SETTER, FOOTER_SETTER, ORDER_SEQ,
TABLE_NAME ) VALUES ( 
1102702, 1102700, 'Quantity2', 'Quantity2', 'Quantity2', 'Double', 'double', NULL
, NULL, NULL, NULL, NULL, NULL, 290, 'Quantity2'); 
INSERT INTO ARCH_REPORT_COLUMN ( ID, REPORT_ID, LOGICAL_NAME, VISIBLE_NAME, FILTER_NAME, TYPE,
VALIDATOR, CONVERTER, HELPER, VISIBILITY, SETTER, HEADER_SETTER, FOOTER_SETTER, ORDER_SEQ,
TABLE_NAME ) VALUES ( 
1102703, 1102700, 'Region', 'Region', 'Region', 'String', 'string', NULL, NULL, NULL
, NULL, NULL, NULL, 130, 'Region'); 
INSERT INTO ARCH_REPORT_COLUMN ( ID, REPORT_ID, LOGICAL_NAME, VISIBLE_NAME, FILTER_NAME, TYPE,
VALIDATOR, CONVERTER, HELPER, VISIBILITY, SETTER, HEADER_SETTER, FOOTER_SETTER, ORDER_SEQ,
TABLE_NAME ) VALUES ( 
1102704, 1102700, 'TradeType', 'Trade Type', 'Trade Type', 'String', 'string', NULL
, NULL, NULL, NULL, NULL, NULL, 440, 'TradeType'); 
INSERT INTO ARCH_REPORT_COLUMN ( ID, REPORT_ID, LOGICAL_NAME, VISIBLE_NAME, FILTER_NAME, TYPE,
VALIDATOR, CONVERTER, HELPER, VISIBILITY, SETTER, HEADER_SETTER, FOOTER_SETTER, ORDER_SEQ,
TABLE_NAME ) VALUES ( 
1102705, 1102700, 'CreationDate', 'Creation Date', 'Creation Date', 'Date', 'dateOrToday'
, NULL, NULL, NULL, NULL, NULL, NULL, 60, 'CreationDate'); 
INSERT INTO ARCH_REPORT_COLUMN ( ID, REPORT_ID, LOGICAL_NAME, VISIBLE_NAME, FILTER_NAME, TYPE,
VALIDATOR, CONVERTER, HELPER, VISIBILITY, SETTER, HEADER_SETTER, FOOTER_SETTER, ORDER_SEQ,
TABLE_NAME ) VALUES ( 
1102706, 1102700, 'ContractType', 'Contract Type', 'Contract Type', 'String', 'string'
, NULL, NULL, NULL, NULL, NULL, NULL, 250, 'ContractType'); 
INSERT INTO ARCH_REPORT_COLUMN ( ID, REPORT_ID, LOGICAL_NAME, VISIBLE_NAME, FILTER_NAME, TYPE,
VALIDATOR, CONVERTER, HELPER, VISIBILITY, SETTER, HEADER_SETTER, FOOTER_SETTER, ORDER_SEQ,
TABLE_NAME ) VALUES ( 
1102707, 1102700, 'StrikeQuoteMode', 'Strike Quote Mode', 'Strike Quote Mode', 'String'
, 'string', NULL, NULL, NULL, NULL, NULL, NULL, 310, 'StrikeQuoteMode'); 
INSERT INTO ARCH_REPORT_COLUMN ( ID, REPORT_ID, LOGICAL_NAME, VISIBLE_NAME, FILTER_NAME, TYPE,
VALIDATOR, CONVERTER, HELPER, VISIBILITY, SETTER, HEADER_SETTER, FOOTER_SETTER, ORDER_SEQ,
TABLE_NAME ) VALUES ( 
1102708, 1102700, 'PremiumAmount', 'Premium Amount', 'Premium Amount', 'Double', 'double'
, NULL, NULL, NULL, NULL, NULL, NULL, 200, 'PremiumAmount'); 
INSERT INTO ARCH_REPORT_COLUMN ( ID, REPORT_ID, LOGICAL_NAME, VISIBLE_NAME, FILTER_NAME, TYPE,
VALIDATOR, CONVERTER, HELPER, VISIBILITY, SETTER, HEADER_SETTER, FOOTER_SETTER, ORDER_SEQ,
TABLE_NAME ) VALUES ( 
1102709, 1102700, 'PremiumDate', 'Premium Date', 'Premium Date', 'Date', 'dateOrToday'
, NULL, NULL, NULL, NULL, NULL, NULL, 220, 'PremiumDate'); 
INSERT INTO ARCH_REPORT_COLUMN ( ID, REPORT_ID, LOGICAL_NAME, VISIBLE_NAME, FILTER_NAME, TYPE,
VALIDATOR, CONVERTER, HELPER, VISIBILITY, SETTER, HEADER_SETTER, FOOTER_SETTER, ORDER_SEQ,
TABLE_NAME ) VALUES ( 
1102710, 1102700, 'ExpiryDate', 'Expiry Date', 'Expiry Date', 'Date', 'dateOrToday'
, NULL, NULL, NULL, NULL, NULL, NULL, 140, 'ExpiryDate'); 
INSERT INTO ARCH_REPORT_COLUMN ( ID, REPORT_ID, LOGICAL_NAME, VISIBLE_NAME, FILTER_NAME, TYPE,
VALIDATOR, CONVERTER, HELPER, VISIBILITY, SETTER, HEADER_SETTER, FOOTER_SETTER, ORDER_SEQ,
TABLE_NAME ) VALUES ( 
1102711, 1102700, 'OptionStyle', 'Option Style', 'Option Style', 'String', 'string'
, NULL, NULL, NULL, NULL, NULL, NULL, 190, 'OptionStyle'); 
INSERT INTO ARCH_REPORT_COLUMN ( ID, REPORT_ID, LOGICAL_NAME, VISIBLE_NAME, FILTER_NAME, TYPE,
VALIDATOR, CONVERTER, HELPER, VISIBILITY, SETTER, HEADER_SETTER, FOOTER_SETTER, ORDER_SEQ,
TABLE_NAME ) VALUES ( 
1102712, 1102700, 'OptionType', 'Option Type', 'Option Type', 'String', 'string', NULL
, NULL, NULL, NULL, NULL, NULL, 80, 'OptionType'); 
INSERT INTO ARCH_REPORT_COLUMN ( ID, REPORT_ID, LOGICAL_NAME, VISIBLE_NAME, FILTER_NAME, TYPE,
VALIDATOR, CONVERTER, HELPER, VISIBILITY, SETTER, HEADER_SETTER, FOOTER_SETTER, ORDER_SEQ,
TABLE_NAME ) VALUES ( 
1102713, 1102700, 'MurexId', 'Murex Id', 'Murex Id', 'String', 'string', NULL, NULL
, NULL, NULL, NULL, NULL, 10, 'MurexId'); 
INSERT INTO ARCH_REPORT_COLUMN ( ID, REPORT_ID, LOGICAL_NAME, VISIBLE_NAME, FILTER_NAME, TYPE,
VALIDATOR, CONVERTER, HELPER, VISIBILITY, SETTER, HEADER_SETTER, FOOTER_SETTER, ORDER_SEQ,
TABLE_NAME ) VALUES ( 
1102714, 1102700, 'TraianaId', 'Traiana Id', 'Traiana Id', 'Long', 'long', NULL, NULL
, NULL, NULL, NULL, NULL, 20, 'TraianaId'); 
INSERT INTO ARCH_REPORT_COLUMN ( ID, REPORT_ID, LOGICAL_NAME, VISIBLE_NAME, FILTER_NAME, TYPE,
VALIDATOR, CONVERTER, HELPER, VISIBILITY, SETTER, HEADER_SETTER, FOOTER_SETTER, ORDER_SEQ,
TABLE_NAME ) VALUES ( 
1102715, 1102700, 'JpmcRole', 'Jpmc Role', 'Jpmc Role', 'String', 'string', NULL, NULL
, NULL, NULL, NULL, NULL, 30, 'JpmcRole'); 
INSERT INTO ARCH_REPORT_COLUMN ( ID, REPORT_ID, LOGICAL_NAME, VISIBLE_NAME, FILTER_NAME, TYPE,
VALIDATOR, CONVERTER, HELPER, VISIBILITY, SETTER, HEADER_SETTER, FOOTER_SETTER, ORDER_SEQ,
TABLE_NAME ) VALUES ( 
1102716, 1102700, 'OptionStatus', 'Option Status', 'Option Status', 'String', 'string'
, NULL, NULL, NULL, NULL, NULL, NULL, 40, 'OptionStatus'); 
INSERT INTO ARCH_REPORT_COLUMN ( ID, REPORT_ID, LOGICAL_NAME, VISIBLE_NAME, FILTER_NAME, TYPE,
VALIDATOR, CONVERTER, HELPER, VISIBILITY, SETTER, HEADER_SETTER, FOOTER_SETTER, ORDER_SEQ,
TABLE_NAME ) VALUES ( 
1102717, 1102700, 'LifeStatus', 'Life Status', 'Life Status', 'String', 'string', NULL
, NULL, NULL, NULL, NULL, NULL, 50, 'LifeStatus'); 
INSERT INTO ARCH_REPORT_COLUMN ( ID, REPORT_ID, LOGICAL_NAME, VISIBLE_NAME, FILTER_NAME, TYPE,
VALIDATOR, CONVERTER, HELPER, VISIBILITY, SETTER, HEADER_SETTER, FOOTER_SETTER, ORDER_SEQ,
TABLE_NAME ) VALUES ( 
1102718, 1102700, 'Underlying', 'Underlying', 'Underlying', 'String', 'string', NULL
, NULL, NULL, NULL, NULL, NULL, 70, 'Underlying'); 
INSERT INTO ARCH_REPORT_COLUMN ( ID, REPORT_ID, LOGICAL_NAME, VISIBLE_NAME, FILTER_NAME, TYPE,
VALIDATOR, CONVERTER, HELPER, VISIBILITY, SETTER, HEADER_SETTER, FOOTER_SETTER, ORDER_SEQ,
TABLE_NAME ) VALUES ( 
1102719, 1102700, 'Seller', 'Seller', 'Seller', 'String', 'string', NULL, NULL, NULL
, NULL, NULL, NULL, 100, 'Seller'); 
INSERT INTO ARCH_REPORT_COLUMN ( ID, REPORT_ID, LOGICAL_NAME, VISIBLE_NAME, FILTER_NAME, TYPE,
VALIDATOR, CONVERTER, HELPER, VISIBILITY, SETTER, HEADER_SETTER, FOOTER_SETTER, ORDER_SEQ,
TABLE_NAME ) VALUES ( 
1102720, 1102700, 'Buyer', 'Buyer', 'Buyer', 'String', 'string', NULL, NULL, NULL
, NULL, NULL, NULL, 110, 'Buyer'); 
INSERT INTO ARCH_REPORT_COLUMN ( ID, REPORT_ID, LOGICAL_NAME, VISIBLE_NAME, FILTER_NAME, TYPE,
VALIDATOR, CONVERTER, HELPER, VISIBILITY, SETTER, HEADER_SETTER, FOOTER_SETTER, ORDER_SEQ,
TABLE_NAME ) VALUES ( 
1102721, 1102700, 'MurexAccount', 'Murex Account', 'Murex Account', 'Long', 'long'
, NULL, NULL, NULL, NULL, NULL, NULL, 120, 'MurexAccount'); 
INSERT INTO ARCH_REPORT_COLUMN ( ID, REPORT_ID, LOGICAL_NAME, VISIBLE_NAME, FILTER_NAME, TYPE,
VALIDATOR, CONVERTER, HELPER, VISIBILITY, SETTER, HEADER_SETTER, FOOTER_SETTER, ORDER_SEQ,
TABLE_NAME ) VALUES ( 
1102722, 1102700, 'CutoffTime', 'Cutoff Time', 'Cutoff Time', 'String', 'string', NULL
, NULL, NULL, NULL, NULL, NULL, 160, 'CutoffTime'); 
INSERT INTO ARCH_REPORT_COLUMN ( ID, REPORT_ID, LOGICAL_NAME, VISIBLE_NAME, FILTER_NAME, TYPE,
VALIDATOR, CONVERTER, HELPER, VISIBILITY, SETTER, HEADER_SETTER, FOOTER_SETTER, ORDER_SEQ,
TABLE_NAME ) VALUES ( 
1102723, 1102700, 'CutoffCity', 'Cutoff City', 'Cutoff City', 'String', 'string', NULL
, NULL, NULL, NULL, NULL, NULL, 170, 'CutoffCity'); 
INSERT INTO ARCH_REPORT_COLUMN ( ID, REPORT_ID, LOGICAL_NAME, VISIBLE_NAME, FILTER_NAME, TYPE,
VALIDATOR, CONVERTER, HELPER, VISIBILITY, SETTER, HEADER_SETTER, FOOTER_SETTER, ORDER_SEQ,
TABLE_NAME ) VALUES ( 
1102724, 1102700, 'Settlement', 'Settlement', 'Settlement', 'String', 'string', NULL
, NULL, NULL, NULL, NULL, NULL, 180, 'Settlement'); 
INSERT INTO ARCH_REPORT_COLUMN ( ID, REPORT_ID, LOGICAL_NAME, VISIBLE_NAME, FILTER_NAME, TYPE,
VALIDATOR, CONVERTER, HELPER, VISIBILITY, SETTER, HEADER_SETTER, FOOTER_SETTER, ORDER_SEQ,
TABLE_NAME ) VALUES ( 
1102725, 1102700, 'PremiumCurrency', 'Premium Currency', 'Premium Currency', 'String'
, 'string', NULL, NULL, NULL, NULL, NULL, NULL, 210, 'PremiumCurrency'); 
INSERT INTO ARCH_REPORT_COLUMN ( ID, REPORT_ID, LOGICAL_NAME, VISIBLE_NAME, FILTER_NAME, TYPE,
VALIDATOR, CONVERTER, HELPER, VISIBILITY, SETTER, HEADER_SETTER, FOOTER_SETTER, ORDER_SEQ,
TABLE_NAME ) VALUES ( 
1102726, 1102700, 'Price', 'Price Paid', 'Price Paid', 'Double', 'double', NULL, NULL
, NULL, NULL, NULL, NULL, 230, 'Price'); 
INSERT INTO ARCH_REPORT_COLUMN ( ID, REPORT_ID, LOGICAL_NAME, VISIBLE_NAME, FILTER_NAME, TYPE,
VALIDATOR, CONVERTER, HELPER, VISIBILITY, SETTER, HEADER_SETTER, FOOTER_SETTER, ORDER_SEQ,
TABLE_NAME ) VALUES ( 
1102727, 1102700, 'PrimiumType', 'Primium Type', 'Primium Type', 'String', 'string'
, NULL, NULL, NULL, NULL, NULL, NULL, 240, 'PrimiumType'); 
INSERT INTO ARCH_REPORT_COLUMN ( ID, REPORT_ID, LOGICAL_NAME, VISIBLE_NAME, FILTER_NAME, TYPE,
VALIDATOR, CONVERTER, HELPER, VISIBILITY, SETTER, HEADER_SETTER, FOOTER_SETTER, ORDER_SEQ,
TABLE_NAME ) VALUES ( 
1102728, 1102700, 'SecondaryCcy', 'Secondary Ccy', 'Secondary Ccy', 'String', 'string'
, NULL, NULL, NULL, NULL, NULL, NULL, 260, 'SecondaryCcy'); 
INSERT INTO ARCH_REPORT_COLUMN ( ID, REPORT_ID, LOGICAL_NAME, VISIBLE_NAME, FILTER_NAME, TYPE,
VALIDATOR, CONVERTER, HELPER, VISIBILITY, SETTER, HEADER_SETTER, FOOTER_SETTER, ORDER_SEQ,
TABLE_NAME ) VALUES ( 
1102729, 1102700, 'Quantity1', 'Quantity1', 'Quantity1', 'Double', 'double', NULL
, NULL, NULL, NULL, NULL, NULL, 270, 'Quantity1'); 
INSERT INTO ARCH_REPORT_COLUMN ( ID, REPORT_ID, LOGICAL_NAME, VISIBLE_NAME, FILTER_NAME, TYPE,
VALIDATOR, CONVERTER, HELPER, VISIBILITY, SETTER, HEADER_SETTER, FOOTER_SETTER, ORDER_SEQ,
TABLE_NAME ) VALUES ( 
1102730, 1102700, 'BaseCcy', 'Base Ccy', 'Base Ccy', 'String', 'string', NULL, NULL
, NULL, NULL, NULL, NULL, 280, 'BaseCcy'); 
INSERT INTO ARCH_REPORT_COLUMN ( ID, REPORT_ID, LOGICAL_NAME, VISIBLE_NAME, FILTER_NAME, TYPE,
VALIDATOR, CONVERTER, HELPER, VISIBILITY, SETTER, HEADER_SETTER, FOOTER_SETTER, ORDER_SEQ,
TABLE_NAME ) VALUES ( 
1102731, 1102700, 'Strike', 'Strike', 'Strike', 'Double', 'double', NULL, NULL, NULL
, NULL, NULL, NULL, 300, 'Strike'); 
INSERT INTO ARCH_REPORT_COLUMN ( ID, REPORT_ID, LOGICAL_NAME, VISIBLE_NAME, FILTER_NAME, TYPE,
VALIDATOR, CONVERTER, HELPER, VISIBILITY, SETTER, HEADER_SETTER, FOOTER_SETTER, ORDER_SEQ,
TABLE_NAME ) VALUES ( 
1102732, 1102700, 'BarrierType', 'Barrier Type', 'Barrier Type', 'String', 'string'
, NULL, NULL, NULL, NULL, NULL, NULL, 320, 'BarrierType'); 
INSERT INTO ARCH_REPORT_COLUMN ( ID, REPORT_ID, LOGICAL_NAME, VISIBLE_NAME, FILTER_NAME, TYPE,
VALIDATOR, CONVERTER, HELPER, VISIBILITY, SETTER, HEADER_SETTER, FOOTER_SETTER, ORDER_SEQ,
TABLE_NAME ) VALUES ( 
1102733, 1102700, 'BarrierLevel', 'Barrier Level', 'Barrier Level', 'Double', 'double'
, NULL, NULL, NULL, NULL, NULL, NULL, 330, 'BarrierLevel'); 
INSERT INTO ARCH_REPORT_COLUMN ( ID, REPORT_ID, LOGICAL_NAME, VISIBLE_NAME, FILTER_NAME, TYPE,
VALIDATOR, CONVERTER, HELPER, VISIBILITY, SETTER, HEADER_SETTER, FOOTER_SETTER, ORDER_SEQ,
TABLE_NAME ) VALUES ( 
1102734, 1102700, 'BarrierLower', 'Barrier Lower', 'Barrier Lower', 'Double', 'double'
, NULL, NULL, NULL, NULL, NULL, NULL, 340, 'BarrierLower'); 
INSERT INTO ARCH_REPORT_COLUMN ( ID, REPORT_ID, LOGICAL_NAME, VISIBLE_NAME, FILTER_NAME, TYPE,
VALIDATOR, CONVERTER, HELPER, VISIBILITY, SETTER, HEADER_SETTER, FOOTER_SETTER, ORDER_SEQ,
TABLE_NAME ) VALUES ( 
1102735, 1102700, 'BarrierUpper', 'Barrier Upper', 'Barrier Upper', 'Double', 'double'
, NULL, NULL, NULL, NULL, NULL, NULL, 350, 'BarrierUpper'); 
INSERT INTO ARCH_REPORT_COLUMN ( ID, REPORT_ID, LOGICAL_NAME, VISIBLE_NAME, FILTER_NAME, TYPE,
VALIDATOR, CONVERTER, HELPER, VISIBILITY, SETTER, HEADER_SETTER, FOOTER_SETTER, ORDER_SEQ,
TABLE_NAME ) VALUES ( 
1102736, 1102700, 'RebateQuoteMode', 'Rebate Quote Mode', 'Rebate Quote Mode', 'String'
, 'string', NULL, NULL, NULL, NULL, NULL, NULL, 360, 'RebateQuoteMode'); 
INSERT INTO ARCH_REPORT_COLUMN ( ID, REPORT_ID, LOGICAL_NAME, VISIBLE_NAME, FILTER_NAME, TYPE,
VALIDATOR, CONVERTER, HELPER, VISIBILITY, SETTER, HEADER_SETTER, FOOTER_SETTER, ORDER_SEQ,
TABLE_NAME ) VALUES ( 
1102737, 1102700, 'RebatePercent1', 'Rebate Percent1', 'Rebate Percent1', 'Double'
, 'double', NULL, NULL, NULL, NULL, NULL, NULL, 370, 'RebatePercent1'); 
INSERT INTO ARCH_REPORT_COLUMN ( ID, REPORT_ID, LOGICAL_NAME, VISIBLE_NAME, FILTER_NAME, TYPE,
VALIDATOR, CONVERTER, HELPER, VISIBILITY, SETTER, HEADER_SETTER, FOOTER_SETTER, ORDER_SEQ,
TABLE_NAME ) VALUES ( 
1102738, 1102700, 'RebatePercent2', 'Rebate Percent2', 'Rebate Percent2', 'Double'
, 'double', NULL, NULL, NULL, NULL, NULL, NULL, 380, 'RebatePercent2'); 
INSERT INTO ARCH_REPORT_COLUMN ( ID, REPORT_ID, LOGICAL_NAME, VISIBLE_NAME, FILTER_NAME, TYPE,
VALIDATOR, CONVERTER, HELPER, VISIBILITY, SETTER, HEADER_SETTER, FOOTER_SETTER, ORDER_SEQ,
TABLE_NAME ) VALUES ( 
1102739, 1102700, 'RebateType', 'Rebate Type', 'Rebate Type', 'String', 'string', NULL
, NULL, NULL, NULL, NULL, NULL, 390, 'RebateType'); 
INSERT INTO ARCH_REPORT_COLUMN ( ID, REPORT_ID, LOGICAL_NAME, VISIBLE_NAME, FILTER_NAME, TYPE,
VALIDATOR, CONVERTER, HELPER, VISIBILITY, SETTER, HEADER_SETTER, FOOTER_SETTER, ORDER_SEQ,
TABLE_NAME ) VALUES ( 
1102740, 1102700, 'DigitalPayoutCcy', 'Digital Payout Ccy', 'Digital Payout Ccy', 'String'
, 'string', NULL, NULL, NULL, NULL, NULL, NULL, 400, 'DigitalPayoutCcy'); 
INSERT INTO ARCH_REPORT_COLUMN ( ID, REPORT_ID, LOGICAL_NAME, VISIBLE_NAME, FILTER_NAME, TYPE,
VALIDATOR, CONVERTER, HELPER, VISIBILITY, SETTER, HEADER_SETTER, FOOTER_SETTER, ORDER_SEQ,
TABLE_NAME ) VALUES ( 
1102741, 1102700, 'DigitalPayoutAmt', 'Digital Payout Amt', 'Digital Payout Amt', 'Double'
, 'double', NULL, NULL, NULL, NULL, NULL, NULL, 410, 'DigitalPayoutAmt'); 
INSERT INTO ARCH_REPORT_COLUMN ( ID, REPORT_ID, LOGICAL_NAME, VISIBLE_NAME, FILTER_NAME, TYPE,
VALIDATOR, CONVERTER, HELPER, VISIBILITY, SETTER, HEADER_SETTER, FOOTER_SETTER, ORDER_SEQ,
TABLE_NAME ) VALUES ( 
1102742, 1102700, 'Agreement', 'Agreement', 'Agreement', 'String', 'string', NULL
, NULL, NULL, NULL, NULL, NULL, 420, 'Agreement'); 
INSERT INTO ARCH_REPORT_COLUMN ( ID, REPORT_ID, LOGICAL_NAME, VISIBLE_NAME, FILTER_NAME, TYPE,
VALIDATOR, CONVERTER, HELPER, VISIBILITY, SETTER, HEADER_SETTER, FOOTER_SETTER, ORDER_SEQ,
TABLE_NAME ) VALUES ( 
1102743, 1102700, 'PrimeBroker', 'Prime Broker', 'Primebroker', 'String', 'string'
, NULL, NULL, NULL, NULL, NULL, NULL, 430, 'PrimeBroker');

INSERT INTO ARCH_REPORT_COLUMN ( ID, REPORT_ID, LOGICAL_NAME, VISIBLE_NAME, FILTER_NAME, TYPE, VALIDATOR, CONVERTER, HELPER, VISIBILITY, SETTER, ORDER_SEQ, TABLE_NAME )
    VALUES (1101650, 1101650, 'INTERFACE', 'Interface', 'Interface', 'String', 'string', NULL, NULL, NULL, 'reportnosort', 10, 'INTERFACE');
INSERT INTO ARCH_REPORT_COLUMN ( ID, REPORT_ID, LOGICAL_NAME, VISIBLE_NAME, FILTER_NAME, TYPE, VALIDATOR, CONVERTER, HELPER, VISIBILITY, SETTER, ORDER_SEQ, TABLE_NAME )
    VALUES (1101651, 1101650, 'LAST_TIME', 'Last Message', 'Last Message', 'String', 'string', NULL, NULL, NULL, 'reportnosort', 20, 'LAST_TIME');
-------------------- end: ARCH_REPORT_COLUMN --------------

-------------------- start: ARCH_WEB_PAGE_PART ------------
delete ARCH_WEB_PAGE_PART where web_uri_id=1100650 and type=2;
INSERT INTO ARCH_WEB_PAGE_PART ( WEB_URI_ID, TYPE, VALUE, RT_VALUE, IS_INCLUDED_JSP ) 
    VALUES ( 1100650, 2, 'Reallocated Split Note Page', NULL, 0); 
delete ARCH_WEB_PAGE_PART where web_uri_id=1100650 and type=7;
INSERT INTO ARCH_WEB_PAGE_PART ( WEB_URI_ID, TYPE, VALUE, RT_VALUE, IS_INCLUDED_JSP ) 
    VALUES ( 1100650, 7, '/pages/reallocatedSplitNote.jsp', NULL, 1); 
delete ARCH_WEB_PAGE_PART where web_uri_id=1101650 and type=2;
INSERT INTO ARCH_WEB_PAGE_PART ( WEB_URI_ID, TYPE, VALUE, RT_VALUE, IS_INCLUDED_JSP )
    VALUES ( 1101650, 2, 'Interfaces Status', NULL, 0);
delete ARCH_WEB_PAGE_PART where web_uri_id=1101650 and type=4;    
INSERT INTO ARCH_WEB_PAGE_PART ( WEB_URI_ID, TYPE, VALUE, RT_VALUE, IS_INCLUDED_JSP )
    VALUES ( 1101650, 4, '/pages/menus/menu.jsp', 'monitoring', 1);
delete ARCH_WEB_PAGE_PART where web_uri_id=1101650 and type=7;    
INSERT INTO ARCH_WEB_PAGE_PART ( WEB_URI_ID, TYPE, VALUE, RT_VALUE, IS_INCLUDED_JSP )
    VALUES ( 1101650, 7, '/pages/reports/reportNoFilter.jsp', NULL, 1);
-------------------- end: ARCH_WEB_PAGE_PART ------------

-------------------- start: ARCH_WEB_URI ------------
delete ARCH_WEB_URI where id in (1001009,1100500,1100452,1100453,1100454,1100510,1100520,1100540,1100550,1100560,1100570,1100600,1100620,1100650,1101650);
INSERT INTO ARCH_WEB_URI ( ID, URI, OBJECT, HISTORY_LABEL, APP_ID, IS_ACTIVE, PERMISSION, VIEW_ID,HISTORY_OPERATIONS, DEFAULT_WEB_URI_ID, HISTORY_URI ) 
	VALUES (1001009, '/archadm/frontpage.lwp', 'com.traiana.sol.jpmc.web.homepage.FrontPageForm', 'Home', 1, 1, 4294967295, 1, 'Init', 110, '/archadm/frontpage.lwp');
INSERT INTO ARCH_WEB_URI ( ID, URI, OBJECT, HISTORY_LABEL, APP_ID, IS_ACTIVE, PERMISSION, VIEW_ID, HISTORY_OPERATIONS, DEFAULT_WEB_URI_ID, HISTORY_URI )
	VALUES (1100500, '/archadm/usdspotrates.lwp', 'com.traiana.sol.fxpb.web.report.usdspotrates.USDSpotRatesReportForm', NULL, 1, 1, 4294967295, 1, 'Init,ExecuteReport', 110, '/archadm/usdspotrates.lwp');
INSERT INTO ARCH_WEB_URI ( ID, URI, OBJECT, HISTORY_LABEL, APP_ID, IS_ACTIVE, PERMISSION, VIEW_ID, HISTORY_OPERATIONS, DEFAULT_WEB_URI_ID, HISTORY_URI )
	VALUES ( 1100452, '/archadm/forwardccyposition.lwp', 'com.traiana.sol.jpmc.web.report.position.ForwardCcyPositionForm', 'Single Ccy Position Report', 1, 1, 4294967295, 1, 'Init,ExecuteReport', 110, '/archadm/forwardccyposition.lwp');
INSERT INTO ARCH_WEB_URI ( ID, URI, OBJECT, HISTORY_LABEL, APP_ID, IS_ACTIVE, PERMISSION, VIEW_ID, HISTORY_OPERATIONS, DEFAULT_WEB_URI_ID, HISTORY_URI )
	VALUES ( 1100453, '/archadm/forwardpairposition.lwp', 'com.traiana.sol.jpmc.web.report.position.ForwardCcyPairPositionReportForm', 'Ccy Pair Position Report', 1, 1, 4294967295, 1, 'Init,ExecuteReport', 110, '/archadm/forwardpairposition.lwp');
INSERT INTO ARCH_WEB_URI ( ID, URI, OBJECT, HISTORY_LABEL, APP_ID, IS_ACTIVE, PERMISSION, VIEW_ID,HISTORY_OPERATIONS, DEFAULT_WEB_URI_ID, HISTORY_URI )
	VALUES ( 1100454, '/archadm/outstandingposition.lwp', 'com.traiana.sol.jpmc.web.report.position.DealsOutPositionReportForm', 'Deals Outstanding Position Report', 1, 1, 4294967295, 1, 'Init,ExecuteReport', 110, '/archadm/outstandingposition.lwp');
INSERT INTO ARCH_WEB_URI ( ID, URI, OBJECT, HISTORY_LABEL, APP_ID, IS_ACTIVE, PERMISSION, VIEW_ID, HISTORY_OPERATIONS, DEFAULT_WEB_URI_ID, HISTORY_URI )
	VALUES (1100510, '/archadm/optionpositiondetailsreport.lwp', 'com.traiana.sol.jpmc.web.report.optionposition.OptionPositionDetailsReportForm', NULL, 1, 1, 4294967295, 1, 'Init,ExecuteReport', 110, '/archadm/optionpositiondetailsreport.lwp');
INSERT INTO ARCH_WEB_URI ( ID, URI, OBJECT, HISTORY_LABEL, APP_ID, IS_ACTIVE, PERMISSION, VIEW_ID, HISTORY_OPERATIONS, DEFAULT_WEB_URI_ID, HISTORY_URI )
	VALUES (1100520, '/archadm/suspectoptionreport.lwp', 'com.traiana.sol.fxpb.web.report.option.SuspectOptionReportForm', NULL, 1, 1, 4294967295, 1, 'Init,ExecuteReport', 110, '/archadm/suspectoptionreport.lwp');
INSERT INTO ARCH_WEB_URI ( ID, URI, OBJECT, HISTORY_LABEL, APP_ID, IS_ACTIVE, PERMISSION, VIEW_ID, HISTORY_OPERATIONS, DEFAULT_WEB_URI_ID, HISTORY_URI )
	VALUES (1100540, '/archadm/murexeodgen.lwp', 'com.traiana.sol.jpmc.web.admin.backoffice.MurexEODEmulationForm', NULL, 1, 1, 4294967295, 1, 'Init,ExecuteReport', 110, '/archadm/murexeodgen.lwp');
INSERT INTO ARCH_WEB_URI ( ID, URI, OBJECT, HISTORY_LABEL, APP_ID, IS_ACTIVE, PERMISSION, VIEW_ID, HISTORY_OPERATIONS, DEFAULT_WEB_URI_ID, HISTORY_URI )
	VALUES (1100550, '/archadm/eodctreport.lwp', 'com.traiana.sol.jpmc.web.report.eod.EodCTReportForm', 'EOD Reconciliation', 1, 1, 4294967295, 1, 'Init,ExecuteReport', 110, '/archadm/eodctreport.lwp');
INSERT INTO ARCH_WEB_URI ( ID, URI, OBJECT, HISTORY_LABEL, APP_ID, IS_ACTIVE, PERMISSION, VIEW_ID, HISTORY_OPERATIONS, DEFAULT_WEB_URI_ID, HISTORY_URI )
	VALUES (1100560, '/archadm/eodnoedirectreport.lwp', 'com.traiana.sol.jpmc.web.report.eod.EodNoeDirectReportForm', NULL, 1, 1, 4294967295, 1, 'Init,ExecuteReport', 110, '/archadm/eodnoedirectreport.lwp');
INSERT INTO ARCH_WEB_URI ( ID, URI, OBJECT, HISTORY_LABEL, APP_ID, IS_ACTIVE, PERMISSION, VIEW_ID, HISTORY_OPERATIONS, DEFAULT_WEB_URI_ID, HISTORY_URI )
	VALUES (1100570, '/archadm/eodnoegiveupreport.lwp', 'com.traiana.sol.jpmc.web.report.eod.EodNoeGiveupReportForm', NULL, 1, 1, 4294967295, 1, 'Init,ExecuteReport', 110, '/archadm/eodnoegiveupreport.lwp');
INSERT INTO ARCH_WEB_URI ( ID, URI, OBJECT, HISTORY_LABEL, APP_ID, IS_ACTIVE, PERMISSION, VIEW_ID, HISTORY_OPERATIONS, DEFAULT_WEB_URI_ID, HISTORY_URI )
	VALUES (1100600, '/archadm/giveupoptiondeals.lwp', 'com.traiana.sol.jpmc.web.report.murexnoedeals.MurexNOEDealsReportForm', 'Giveup Option Deals', 1, 1, 4294967295, 1, 'Init, ExecuteReport', 110, '/archadm/giveupoptiondeals.lwp');
INSERT INTO ARCH_WEB_URI ( ID, URI, OBJECT, HISTORY_LABEL, APP_ID, IS_ACTIVE, PERMISSION, VIEW_ID, HISTORY_OPERATIONS, DEFAULT_WEB_URI_ID, HISTORY_URI )
	VALUES (1100620, '/archadm/linearpositionreport.lwp', 'com.traiana.sol.fxpb.web.report.linearposition.form.LinearPositionReportForm', 'Linear Position Report', 1, 1, 4294967295, 1, 'Init, ExecuteReport', 110, '/archadm/linearpositionreport.lwp');
INSERT INTO ARCH_WEB_URI ( ID, URI, OBJECT, HISTORY_LABEL, APP_ID, IS_ACTIVE, PERMISSION, VIEW_ID, HISTORY_OPERATIONS, DEFAULT_WEB_URI_ID, HISTORY_URI ) 
	VALUES ( 1100650, '/archadm/reallocatedSplitNote.lwp', NULL, 'None', 1, 1, 4294967295, 1100000, NULL, NULL, NULL); 
INSERT INTO ARCH_WEB_URI ( ID, URI, OBJECT, HISTORY_LABEL, APP_ID, IS_ACTIVE, PERMISSION, VIEW_ID, HISTORY_OPERATIONS, DEFAULT_WEB_URI_ID, HISTORY_URI )
	VALUES ( 1101650, '/archadm/interfacesStastus.lwp', 'com.traiana.sol.fxpb.web.report.InterfacesStatusRepForm', 'Interfaces Status', 1, 1, 4294967295, 1, 'Init', 110, '/archadm/interfacesStastus.lwp');
-------------------- end: ARCH_WEB_URI ------------

-------------------- start: a_instrument ------------
update a_instrument set NDF  =1 
where name in ('ARS','BRL','CLP','CNY','COP','IDR','INR','KRW','PEN','PHP','RUB','TWD','VEB');
-------------------- end: a_instrument ------------

-------------------- start: A_PERSON ------------
 delete A_PERSON where id in (1100000,1100001);
INSERT INTO A_PERSON ( ID, TITLE, FIRST_NAME, LAST_NAME, USER_NAME, STATE_ID, DIST_LIST_ID,TYPE )
	VALUES ( 1100000, 'IRFE', 'IRFE', 'Protocol', 'IRFE', 1100001, 0, 2);
INSERT INTO A_PERSON ( ID, TITLE, FIRST_NAME, LAST_NAME, USER_NAME, STATE_ID, DIST_LIST_ID, TYPE )
    VALUES (1100001, 'MUREX', 'MUREX', 'Protocol', 'MUREX', 1100006, 0, 2); 
-------------------- end: A_PERSON ------------

-------------------- start: ARCH_CORE_REPORT------------
delete ARCH_CORE_REPORT where report_id in (112700,1101650);
INSERT INTO ARCH_CORE_REPORT ( REPORT_ID, TITLE, XSL_URI, TYPE ) 
	VALUES ( 1102700, 'Murex Reconciliation', '/config/arch/xsl/reports/html.xsl', 2);
INSERT INTO ARCH_CORE_REPORT ( REPORT_ID, TITLE, XSL_URI, TYPE )
    VALUES ( 1101650, 'Interfaces Status', '/config/arch/xsl/reports/html.xsl', 1);
-------------------- end: ARCH_CORE_REPORT------------

-------------------- strat: ARCH_DATA_MAPPING ------------
delete ARCH_DATA_MAPPING where id in (1000300,1000301,1000302,1000303,1200100,1200101,1002158,1200014,1200071,1200072);
INSERT INTO ARCH_DATA_MAPPING ( ID, NAMER_ID, MAP_TYPE, EXTERNAL_VALUE, INTERNAL_VALUE, TYPE, STATUS )
	VALUES ( 1000300, 1000000, 1, 'Trade Date must be prior or equal to Settlement Date', 1000030, 0, 1);
INSERT INTO ARCH_DATA_MAPPING ( ID, NAMER_ID, MAP_TYPE, EXTERNAL_VALUE, INTERNAL_VALUE, TYPE, STATUS )
	VALUES ( 1000301, 1000000, 1, 'Trade Date must be prior or equal to Expiry Date', 1000031, 0, 1);
INSERT INTO ARCH_DATA_MAPPING ( ID, NAMER_ID, MAP_TYPE, EXTERNAL_VALUE, INTERNAL_VALUE, TYPE, STATUS )
	VALUES ( 1000302, 1000000, 1, 'Trade Date must be prior or equal to Premium Date', 1000032, 0, 1);
INSERT INTO ARCH_DATA_MAPPING ( ID, NAMER_ID, MAP_TYPE, EXTERNAL_VALUE, INTERNAL_VALUE, TYPE, STATUS )
	VALUES ( 1000303, 1000000, 1, 'Expire Date must be prior or equal to Settlement Date', 1000033, 0, 1);
INSERT INTO ARCH_DATA_MAPPING ( ID, NAMER_ID, MAP_TYPE, EXTERNAL_VALUE, INTERNAL_VALUE, TYPE, STATUS )
	VALUES (1200100, 1000000, 1, 'CCY1/CCY2/Rate amount not internally consistent with different currency quoting direction', 1003100, 0, 1);
INSERT INTO ARCH_DATA_MAPPING ( ID, NAMER_ID, MAP_TYPE, EXTERNAL_VALUE, INTERNAL_VALUE, TYPE, STATUS )
	VALUES (1200101, 1000000, 1, 'The Split associated with this Giveup can no  longer be accessed', 1003101, 0, 1);
INSERT INTO "ARCH_DATA_MAPPING" ( "ID","NAMER_ID","MAP_TYPE","EXTERNAL_VALUE","INTERNAL_VALUE","TYPE","STATUS" )
	VALUES ( 1002158, 1000000, '1', 'External Value provided has already been used by another Organization. Please assign another value.', 50214, 0, 1);
INSERT INTO ARCH_DATA_MAPPING ( ID, NAMER_ID, MAP_TYPE, EXTERNAL_VALUE, INTERNAL_VALUE, TYPE, STATUS )
	VALUES ( 1200014, 1000000, 1, 'Barrier rebate are not allowed', 1003021, 0, 1);
INSERT INTO ARCH_DATA_MAPPING ( ID, NAMER_ID, MAP_TYPE, EXTERNAL_VALUE, INTERNAL_VALUE, TYPE, STATUS)
	VALUES (1200071, 1000000, 3, 'IRFE_EOD_Org', 1006000, 0, 1);
INSERT INTO ARCH_DATA_MAPPING (ID, NAMER_ID, MAP_TYPE, EXTERNAL_VALUE, INTERNAL_VALUE, TYPE, STATUS)
	VALUES (1200072, 1000000, 2, 'IRFE_EOD_Acc', 1006000, 0, 1);
-------------------- end: ARCH_DATA_MAPPING ------------	
	
-------------------- strat: ARCH_FILTER ------------	
delete ARCH_FILTER where id in (1102700,1102701,1101650,1101651);
INSERT INTO ARCH_FILTER ( ID, PARENT_ID, ROOT_GROUP, OPERATION, BROTHER_ID, COLUMN_ID, CONDITION,VALUE, CONDITION_CHANGEABLE, VALUE_CHANGEABLE, REQUIRES_BINDING, VISIBILITY,CONDITION_OVERRIDE_GROUP ) 
	VALUES ( 1102700, 0, 1102700, NULL, 1, 0, NULL, NULL, 1, 1, 0, 0, 0); 
INSERT INTO ARCH_FILTER ( ID, PARENT_ID, ROOT_GROUP, OPERATION, BROTHER_ID, COLUMN_ID, CONDITION,VALUE, CONDITION_CHANGEABLE, VALUE_CHANGEABLE, REQUIRES_BINDING, VISIBILITY,CONDITION_OVERRIDE_GROUP ) 
	VALUES ( 1102701, 1102700, 1102700, NULL, 1, 1102700, '=', 'today', 1, 1, 0, 0, 0);
INSERT INTO ARCH_FILTER ( ID, PARENT_ID, ROOT_GROUP, OPERATION, BROTHER_ID, COLUMN_ID, CONDITION, VALUE, CONDITION_CHANGEABLE, VALUE_CHANGEABLE, REQUIRES_BINDING, VISIBILITY, CONDITION_OVERRIDE_GROUP )
    VALUES ( 1101650, 0, 1101650, NULL, 1, 0, NULL, NULL, 1, 1, 0, 0, 0);
INSERT INTO ARCH_FILTER ( ID, PARENT_ID, ROOT_GROUP, OPERATION, BROTHER_ID, COLUMN_ID, CONDITION, VALUE, CONDITION_CHANGEABLE, VALUE_CHANGEABLE, REQUIRES_BINDING, VISIBILITY, CONDITION_OVERRIDE_GROUP )
    VALUES ( 1101651, 1101650, 1101650, NULL, 1, 1101650, 'IS NOT NULL', ' ', 1, 1, 0, 0, 0);
-------------------- end: ARCH_FILTER ------------	

-------------------- start: ARCH_LOG_MESSAGES ------------	
delete ARCH_LOG_MESSAGES where msg_id in (1000030,1000031,1000032,1000033,1003021,1003027,1003028,1003060,1003061,1003100,1003101);
INSERT INTO ARCH_LOG_MESSAGES ( MSG_ID, MESSAGE, LOG_MSG_DEVISION, LANG )
	VALUES ( 1000030, 'Trade Date must be prior or equal to Settlement Date', 1000001, NULL);
INSERT INTO ARCH_LOG_MESSAGES ( MSG_ID, MESSAGE, LOG_MSG_DEVISION, LANG )
	VALUES ( 1000031, 'Trade Date must be prior or equal to Expiry Date', 1000001, NULL);
INSERT INTO ARCH_LOG_MESSAGES ( MSG_ID, MESSAGE, LOG_MSG_DEVISION, LANG )
	VALUES ( 1000032, 'Trade Date must be prior or equal to Premium Date', 1000001, NULL);
INSERT INTO ARCH_LOG_MESSAGES ( MSG_ID, MESSAGE, LOG_MSG_DEVISION, LANG )
	VALUES ( 1000033, 'Expire Date must be prior or equal to Settlement Date', 1000001, NULL);
INSERT INTO ARCH_LOG_MESSAGES ( MSG_ID, MESSAGE, LOG_MSG_DEVISION,LANG )
	VALUES ( 1003021, 'Barrier rebate are not allowed', 1000004, NULL);
INSERT INTO ARCH_LOG_MESSAGES ( MSG_ID, MESSAGE, LOG_MSG_DEVISION,LANG ) 
	VALUES (1003027, 'Error while processing IRFE EoD UPL File', 1000004, NULL);
INSERT INTO ARCH_LOG_MESSAGES ( MSG_ID, MESSAGE, LOG_MSG_DEVISION,LANG ) 
	VALUES (1003028, 'Error while processing IRFE EoD RPL File', 1000004, NULL);
INSERT INTO ARCH_LOG_MESSAGES ( MSG_ID, MESSAGE, LOG_MSG_DEVISION,LANG ) 
	VALUES (1003060, 'Fxpb Upl Details ended with the following result: {0}', 1000004, NULL);
INSERT INTO ARCH_LOG_MESSAGES ( MSG_ID, MESSAGE, LOG_MSG_DEVISION,LANG ) 
	VALUES (1003061, 'Fxpb Rpl Summary ended with the following result: {0}', 1000004, NULL);
INSERT INTO ARCH_LOG_MESSAGES ( MSG_ID, MESSAGE, LOG_MSG_DEVISION,LANG ) 
	VALUES (1003100, 'CCY1/CCY2/Rate amount not internally consistent with different currency quoting direction', 1000002, NULL);
INSERT INTO ARCH_LOG_MESSAGES ( MSG_ID, MESSAGE, LOG_MSG_DEVISION,LANG ) 
	VALUES (1003101, 'The Split associated with this Giveup can no  longer be accessed', 1000002, NULL);
-------------------- end: ARCH_LOG_MESSAGES ------------	

-------------------- start: ARCH_NOTIFICATION ------------	
CREATE OR REPLACE procedure update_blob (sqltext varchar2, notid number)
is
temp long raw;
begin
	 temp:=utl_raw.cast_to_raw(sqltext);
	 update arch_notification set text=temp where id= notid;
end;
/

delete ARCH_NOTIFICATION where id=1100006;
INSERT INTO "ARCH_NOTIFICATION" ( "ID","NAME","TEXT" )
	VALUES ('1100006','Back Office Option Trade Rejection Notification',EMPTY_BLOB() ) ;

call update_blob('Back Office Option Trade Rejection
====================
Trade Id: $TRADE_ID
Has been rejected for the following reason: $REASON
Reason code recieved: $REASON_CODE
UID: $G_UID
TIME: $G_TIME
SERVER: $G_SERVER
NOTIFICATION ID: $G_NOTIFICATION_ID
Disclaimer: The valuations of foreign exchange transactions provided by JPMorgan Chase Bank are indicative values.  These valuations are provided for informational purposes only and are intended solely for your use.  These valuations do not represent the actual terms at which new transactions could be entered into or existing transactions could be closed-out and do not in all cases reflect valuations used by JPMorgan Chase Bank in respect of its foreign exchange positions.  The provided valuations are derived from JPMorgan Chase Bank''s assessment of market rates and proprietary and commercial models based upon well recognized financial principles and reasonable estimates about relevant future market conditions.  Valuations based on other estimates or assumptions may yield different results.  JPMorgan Chase Bank expressly disclaims any responsibility for (i) the accuracy of the assessments, models, estimates or assumptions used in deriving the valuations, (ii) any errors or omissions in computing or disseminating the valuations (iii) any uses to which the valuations are put.  In event of any discrepancy between information forth herein and information set forth in the confirmation of a foreign exchange transaction sent by JPMorgan Chase Bank, the latter shall prevail.
',1100006);

drop procedure update_blob;
-------------------- end: ARCH_NOTIFICATION ------------	

-------------------- start: ARCH_REPORT ------------	
delete ARCH_REPORT where id in (1120700,1101650);
INSERT INTO ARCH_REPORT ( ID, NAME, CATALOG_NAME, REPORT_NAME,REPORTING_ENGINE ) 
	VALUES ( 1102700, 'Murex Reconciliation', 'arch-admin', 'com.traiana.sol.jpmc.web.report.eod.murex.EodMurexReconReport', 'com.traiana.core.service.infra.report.imp.archreport.ArchReportService');
INSERT INTO ARCH_REPORT ( ID, NAME, CATALOG_NAME, REPORT_NAME, REPORTING_ENGINE )
	VALUES ( 1101650, 'Interfaces Status', 'arch-admin', 'V_FXPB_INTERFACE_STATUS', 'com.traiana.core.service.infra.report.imp.archreport.ArchReportService');
-------------------- end: ARCH_REPORT ------------	

-------------------- start: ARCH_REPORT_2_RECEIVER ------------	
delete ARCH_REPORT_2_RECEIVER where id in (1120700,1101650);
INSERT INTO ARCH_REPORT_2_RECEIVER ( ID, REPORT_INSTANCE_ID, RECEIVER_ID, REPORT_ID,RECEIVER_TYPE ) 
	VALUES ( 1102700, 1102700, 200, 1102700, 2); 
INSERT INTO ARCH_REPORT_2_RECEIVER ( ID, REPORT_INSTANCE_ID, RECEIVER_ID, REPORT_ID, RECEIVER_TYPE )
    VALUES (1101650, 1101650, 200, 1101650, 2);
-------------------- end: ARCH_REPORT_2_RECEIVER ------------	

-------------------- start: ARCH_REPORT_INSTANCE ------------	
delete ARCH_REPORT_INSTANCE where id in (1100370,1100390,1102700,1101650);
INSERT INTO ARCH_REPORT_INSTANCE ( ID, REPORT_ID, SORT_COLUMNS, SORT_ORDER, FILTER_ROOT )
	VALUES ( 1100370, 1100370, 'Id', 'ASC', 1100370);
INSERT INTO ARCH_REPORT_INSTANCE ( ID, REPORT_ID, SORT_COLUMNS, SORT_ORDER, FILTER_ROOT )
	VALUES ( 1100390, 1100390, 'Id', 'ASC', 1100390);
INSERT INTO ARCH_REPORT_INSTANCE ( ID, REPORT_ID, SORT_COLUMNS, SORT_ORDER,FILTER_ROOT ) 
	VALUES ( 1102700, 1102700, 'TradeDate', 'DESC', 1102700);
INSERT INTO ARCH_REPORT_INSTANCE ( ID, REPORT_ID, SORT_COLUMNS, SORT_ORDER, FILTER_ROOT )
    VALUES (1101650, 1101650, NULL, NULL, 1101650);
-------------------- end: ARCH_REPORT_INSTANCE ------------	

-------------------- start: FXPB_PREDEFINED_QUERIES ------------
delete FXPB_PREDEFINED_QUERIES where id=1000032;
INSERT INTO FXPB_PREDEFINED_QUERIES ( ID, ARCH_WEB_URI_ID, QUERY_URL, ORDER_SEQ, NAME )
    VALUES ( 1000032, 1100402, '/archadm/optionctrep.lwp?g0_fCond==&g0_fName=EXPIRY_DATE&g0_fOp=AND&g0_fValue=today%2B&g0_fltr=0&g0_fId=0&g0_fParentId=-1&g0_fVisibility=0&g1_fCond==&g1_fName=OPTION_STATUS&g1_fValue=Active&g1_fOp=NONE&g1_fltr=1&g1_fId=1&g1_fParentId=-1&g1_fVisibility=0&ExecuteFromLink=ExecuteFromLink&RecCount=15', 6, 'Unexercised Child Trade options expiring tomorrow');
-------------------- end: FXPB_PREDEFINED_QUERIES ------------	

-------------------- start: S_TRANSITION ------------	
delete S_TRANSITION where id=1000259;
INSERT INTO S_TRANSITION ( ID, PARENT_STATE_FROM, PARENT_STATE_TO, CHILD_STATE_FROM, CHILD_STATE_TO, RELATION, IS_STRICT, NAME, SUB_TRANSITION, ORDER_SEQ, PARENT_TYPE, CHILD_TYPE, PARENT_PROCESSOR, CHILD_PROCESSOR )
    VALUES (1000259, 1000060, 1000058, 0, 0, -1, 0, 'Option Trade From N/A to Terminated ', 0, 1, 4008, 0, NULL, NULL);
-------------------- end: S_TRANSITION ------------	


------------------------------------------------------------------------------------------------------------------------------
Create or replace view V_FXPB_INTERFACE_STATUS (
INTERFACE,
LAST_TIME
)
as (
select TEXT,
TO_CHAR(LAST_TIME, 'DD-MON-YYYY HH:MI:SS AM') from (
select 'Last IRFE In' TEXT, max(START_TIME) LAST_TIME from arch_flow where FLOW_DEF_ID = 1000060
union all
select 'Last MUREX In' TEXT, max(START_TIME) LAST_TIME from arch_flow where FLOW_DEF_ID = 1100034
union all
select 'Last GAPP Ack' TEXT, max(START_TIME) LAST_TIME from arch_flow f, arch_audit a
	   where f.FLOW_DEF_ID = 1100000 and
	   		 f.UUID = a.UUID and
			 a.PARTNER_ID = 1003000 and
			 a.DIRECTION = 1
union all
select 'Last GAPP Out' TEXT, max(REQUEST_TIME) LAST_TIME from arch_batch_data where ADDRESS_ID = 1000100
union all
select 'Last VOLMEISTER Ack' TEXT, max(START_TIME) LAST_TIME from arch_flow f, arch_audit a
	   where f.FLOW_DEF_ID = 1100000 and
	   		 f.UUID = a.UUID and
			 a.PARTNER_ID = 1004000 and
			 a.DIRECTION = 1
union all
select 'Last VOLMEISTER Out' TEXT, max(REQUEST_TIME) LAST_TIME from arch_batch_data where ADDRESS_ID = 1000200
)
)
;

-----------------------------------------------------------------------------------------------------------------------------
CREATE OR REPLACE FORCE VIEW V_FXPB_REPORT_LINEAR_NOE_DEALS
(ID, DOMAIN_ID, PARTNER_ID, PARTNER_NAME, STATUS, 
 REQUEST_ID, REASON, TIME, UUID, NOE_REF, 
 TRADING_PARTY, ENTERING_PARTY, SUBMITTER, COUNTER_PARTY, VALUE_DATE, 
 SECOND_CCY, BASE_CCY, VALUE_RATE, TRADE_DATE, FAR_VALUE_RATE, 
 FAR_VALUE_DATE, TRADE_TYPE, CONTRACT_DIRECTION, CONTRACT_TYPE, CONTRACT_QTY, 
 CLIENT_REF, TRADER, UNUSED_ID, OPERATION, OBJECT_TYPE, 
 FAR_QTY, DESCRIPTION, PB, FIXING_DATE, REPORTER, 
 NAMER_ID, TRADER_NAMER_ID)
AS 
SELECT /*+ ordered first_rows */
DEALS.ID, DEALS.DOMAIN_ID, PARTNER_ID, PARTNER.NAME,
(STATUS_CODE.DATA)STATUS, (DEALS.F19)REQUEST_ID,
REASON, TIME, UUID,
(CASE  WHEN (DEALS.STATUS=2) THEN NOE_REF ELSE '' END) NOE_REF,
(TPARTY_MAP.EXTERNAL_VALUE)TRADING_PARTY, (EPARTY_MAP.EXTERNAL_VALUE)ENTERING_PARTY,
(SUBMITTER_MAP.EXTERNAL_VALUE)SUBMITTER, (CPARTY_MAP.EXTERNAL_VALUE)COUNTER_PARTY,
(DEALS.F5)VALUE_DATE,
(SECOND_CCY.NAME)SECOND_CCY, (BASE_CCY.NAME)BASE_CCY, (DEALS.F8)VALUE_RATE,
(DEALS.F9)TRADE_DATE, (DEALS.F10)FAR_VALUE_RATE,
(DEALS.F11)FAR_VALUE_DATE,
(TRADE_TYPE.DATA)TRADE_TYPE,
(DIRECTION.DATA)CONTRACT_DIRECTION,
(CONTRACT_TYPE.DATA)CONTRACT_TYPE,
(DEALS.F15)CONTRACT_QTY,
(DEALS.F16)CLIENT_REF, (TRADER_MAP.EXTERNAL_VALUE)TRADER, (DEALS.F18)UNUSED_ID, (DEALS.F20)OPERATION,
(DEALS.F21)OBJECT_TYPE, (DEALS.F22)FAR_QTY, (DEALS.F23)DESCRIPTION, (PB_MAP.EXTERNAL_VALUE)PB, (DEALS.F25)FIXING_DATE, (DEALS.F26)REPORTER,
(TPARTY_MAP.NAMER_ID)NAMER_ID,
(TRADER_MAP.NAMER_ID)TRADER_NAMER_ID
 FROM
ARCH_PARTNER PARTNER,
A_INSTRUMENT BASE_CCY,
A_INSTRUMENT SECOND_CCY,
ARCH_GENERIC_NOE_DEALS DEALS,
--ARCH_GENERIC_NOE_DEALS_EXT EXT,
ARCH_DATA_MAPPING TPARTY_MAP,
ARCH_DATA_MAPPING EPARTY_MAP,
ARCH_DATA_MAPPING SUBMITTER_MAP,
ARCH_DATA_MAPPING TRADER_MAP,
ARCH_DATA_MAPPING CPARTY_MAP,
ARCH_DATA_MAPPING PB_MAP,
ARCH_CODE_MEMBER TRADE_TYPE,
ARCH_CODE_MEMBER DIRECTION,
ARCH_CODE_MEMBER CONTRACT_TYPE,
ARCH_CODE_MEMBER STATUS_CODE
--ARCH_CODE_MEMBER RECON,
--ARCH_CODE_MEMBER APPROVAL,
--ARCH_CODE_MEMBER LIFE
--ARCH_CODE_MEMBER SIDEAROLE,
--ARCH_CODE_MEMBER SIDEBROLE
WHERE
--DEALS.ID = 2000032 AND
-- find trading party map type
TPARTY_MAP.INTERNAL_VALUE=DEALS.F1
AND DEALS.F2 NOT LIKE '%Option%'
AND TPARTY_MAP.MAP_TYPE=3
AND TPARTY_MAP.TYPE=0
AND TPARTY_MAP.STATUS=1
-- find entering party map type
AND EPARTY_MAP.INTERNAL_VALUE=DEALS.F2
AND EPARTY_MAP.MAP_TYPE=3
AND EPARTY_MAP.TYPE=0
AND EPARTY_MAP.STATUS=1
AND EPARTY_MAP.NAMER_ID=TPARTY_MAP.NAMER_ID
-- find submitter name map type
AND SUBMITTER_MAP.INTERNAL_VALUE=DEALS.F3
AND SUBMITTER_MAP.MAP_TYPE=4
AND SUBMITTER_MAP.TYPE=0
AND SUBMITTER_MAP.STATUS=1
AND SUBMITTER_MAP.NAMER_ID=TPARTY_MAP.NAMER_ID
-- find counter party map type
AND CPARTY_MAP.INTERNAL_VALUE=DEALS.F4
AND CPARTY_MAP.MAP_TYPE=3
AND CPARTY_MAP.TYPE=0
AND CPARTY_MAP.STATUS=1
AND CPARTY_MAP.NAMER_ID=TPARTY_MAP.NAMER_ID
-- find pb map type
AND PB_MAP.INTERNAL_VALUE=DEALS.F24
AND PB_MAP.MAP_TYPE=3
AND PB_MAP.TYPE=0
AND PB_MAP.STATUS=1
AND PB_MAP.NAMER_ID=TPARTY_MAP.NAMER_ID
-- find trader name map type
AND TRADER_MAP.INTERNAL_VALUE(+)=DEALS.F17
AND TRADER_MAP.MAP_TYPE(+)=4
AND TRADER_MAP.TYPE(+)=0
AND TRADER_MAP.STATUS(+)=1
-- Map currencies
AND BASE_CCY.TYPE=5006
AND BASE_CCY.ID = DEALS.F7
AND SECOND_CCY.TYPE=5006
AND SECOND_CCY.ID = DEALS.F6
-- find trade type
AND TRADE_TYPE.GROUP_ID=1000024
AND TRADE_TYPE.CODE_KEY = DEALS.F12
-- find direction
AND DIRECTION.GROUP_ID=300021
AND DIRECTION.CODE_KEY = DEALS.F13
-- find contract type
AND CONTRACT_TYPE.GROUP_ID=20
AND CONTRACT_TYPE.CODE_KEY = DEALS.F14
-- status
AND STATUS_CODE.GROUP_ID=4
AND STATUS_CODE.CODE_KEY = TO_CHAR(DEALS.STATUS)
AND DEALS.PARTNER_ID = PARTNER.ID
AND DEALS.DOMAIN_ID = PARTNER.DOMAIN_ID;


------------------------------------------------------------------------------------------------
CREATE OR REPLACE VIEW V_FXPB_REPORT_LINEAR_OA_DEALS ( ID,
DOMAIN_ID, PARTNER_ID, PARTNER_NAME, STATUS,
REQUEST_ID, REASON, TIME, UUID,
OA_REF, TRADING_PARTY, ENTERING_PARTY, SUBMITTER,
TRADE_DATE, TOTAL_QTY, CLIENT_REF, FUND_NAME,
ALLOCATION_CLIENT_REF, ALLOCATION_QTY, OPERATION, OBJECT_TYPE,
NAMER_ID ) AS
SELECT
DEALS.ID, DEALS.DOMAIN_ID, (PARTNER.NAME)PARTNER_NAME, PARTNER.NAME,
(STATUS_CODE.DATA)STATUS, (DEALS.F19)REQUEST_ID,
REASON, TIME, UUID,
(CASE  WHEN (DEALS.STATUS=2) THEN OA_REF ELSE '' END) OA_REF,
(TPARTY_MAP.EXTERNAL_VALUE)TRADING_PARTY, (EPARTY_MAP.EXTERNAL_VALUE)ENTERING_PARTY,
(null)SUBMITTER,
--(CPARTY_MAP.EXTERNAL_VALUE)COUNTER_PARTY,
(DEALS.F10)TRADE_DATE,
(DEALS.F11)TOTAL_QTY,
(DEALS.F12)CLIENT_REF,
(DEALS.F13)FUND_NAME, 
(DEALS.F14)ALLOCATION_CLIENT_REF,
(DEALS.F15)ALLOCATION_QTY,
(DEALS.F20)OPERATION,
(DEALS.F21)OBJECT_TYPE,
(null)NAMER_ID
 FROM
ARCH_GENERIC_OA_DEALS DEALS,
ARCH_DATA_MAPPING TPARTY_MAP,
ARCH_DATA_MAPPING EPARTY_MAP,
--ARCH_DATA_MAPPING SUBMITTER_MAP,
ARCH_CODE_MEMBER STATUS_CODE,
--ARCH_DATA_MAPPING CPARTY_MAP,
ARCH_PARTNER PARTNER
WHERE
DEALS.F2 NOT LIKE '%Option%'
-- Find corresponding partner 
AND DEALS.PARTNER_ID = PARTNER.ID
-- find trading party map type
AND TPARTY_MAP.INTERNAL_VALUE=DEALS.F1
AND TPARTY_MAP.MAP_TYPE=3
AND TPARTY_MAP.TYPE=0
AND TPARTY_MAP.STATUS=1
-- find entering party map type
AND EPARTY_MAP.INTERNAL_VALUE=DEALS.F2
AND EPARTY_MAP.MAP_TYPE=3
AND EPARTY_MAP.TYPE=0
AND EPARTY_MAP.STATUS=1
AND EPARTY_MAP.NAMER_ID=TPARTY_MAP.NAMER_ID
-- find submitter name map type
/*AND SUBMITTER_MAP.INTERNAL_VALUE=DEALS.F3
AND SUBMITTER_MAP.MAP_TYPE=4
AND SUBMITTER_MAP.TYPE=0
AND SUBMITTER_MAP.STATUS=1
AND SUBMITTER_MAP.NAMER_ID=TPARTY_MAP.NAMER_ID*/
-- status
AND STATUS_CODE.GROUP_ID=4
AND STATUS_CODE.CODE_KEY = TO_CHAR(DEALS.STATUS)
--  partner
AND DEALS.PARTNER_ID = PARTNER.ID
AND DEALS.DOMAIN_ID = PARTNER.DOMAIN_ID;

------------------------------------------------------------------------------------------------------
CREATE OR REPLACE VIEW V_FXPB_REPORT_OPTION_CT ( TRADE_GROUP,
TRADE_ID, LIFE_STATUS, BOOKING_STATUS, OPTION_STATUS, SIDE_A_MANAGER,
SIDE_B_MANAGER, SIDE_A, SIDE_B, SIDE_A_NOE_ID,
SIDE_B_NOE_ID, CURRENCY1, CONTRACT_TYPE, QUANTITY1,
CURRENCY2, NEAR_QUANTITY2, EXPIRY_DATE, DATE_TERMINATED,
STRIKE, STRIKE_QUOTE_MODE, OPTION_TYPE, OPTION_STYLE,
BARRIER_TYPE, LOWER_BARRIER_LEVEL, UPPER_BARRIER_LEVEL, PRICE_PAID,
PRICE_QUOTE, FWD_DATE, RATE, TRADE_DATE, SETTLEMENT_DATE,
TRADE_TYPE, AGREEMENT, UNDERLYING, OPTION_BO_TRADE_ID
 ) AS
SELECT
  /*+ ordered */
	  TG.ID, -- tg id
	  TRADE.ID, -- trade id
	  (C_TR_LG.DATA)STATUS_TR,
	  (C_TR_BOR.DATA)STATUS_BOR,
	  (C_TR_OPTION.DATA)STATUS_OPTION,
	  M3.EXTERNAL_VALUE,
	  M4.EXTERNAL_VALUE,
	  M2.EXTERNAL_VALUE,
	  M1.EXTERNAL_VALUE,
	  TRADE.TRADING_ACTIVITY_SIDE_A, -- sell  NOE    (swaped)
	  TRADE.TRADING_ACTIVITY_SIDE_B, -- buyer NOE    (swaped)
	  I2.NAME, -- secondary ccy
      (C1.DATA) CONTRACT_TYPE,
	  TRADE.QUANTITY,
	  I1.NAME, -- base ccy
	  TRADE.QUANTITY2,
	  NOE.EXPIRY_DATE,
	  TRADE.TERMINATED_DATE, --cr 5160
	  (NOE.RATE) STRIKE,
 	  (C_STRIKE_Q_MODE.DATA) STRIKE_QUOTE_MODE,
	  (C_OPTION_TYPE.DATA) OPTION_TYPE,
 	  (C_OPTION_STYLE.DATA) OPTION_STYLE,
      (C_BARRIER_TYPE.DATA)BARRIER_TYPE,
	  NOE.LOWER_BARRIER_LEVEL,
	  NOE.UPPER_BARRIER_LEVEL,
	  NOE.PRICE_PAID,
	  (NOE.PREMIUM_TYPE) PRICE_QUOTE,
	  (NOE.VALUE_DATE) FWD_DATE,
	  TRADE.RATE,
	  TRADE.TRADE_DATE,
	  TRADE.SETTLEMENT_DATE,
	  (C.DATA) TRADE_TYPE,
	  (C_AGREEMENT.DATA) AGREEMENT,
	  (NOE.UNDERLYING_CLIENT_REF) UNDERLYING,
	  TRADE.OPTION_BO_TRADE_ID
FROM
	FXPB_OPTION_TRADE  TRADE,--TRADE
	ARCH_DATA_MAPPING M1, -- buyer da
	ARCH_DATA_MAPPING M2, -- seller da
	ARCH_DATA_MAPPING M3, -- side a manager
	ARCH_DATA_MAPPING M4, -- side b manager
	FXPB_OPTION_NOE NOE,
	A_INSTRUMENT I1, -- base currency
	A_INSTRUMENT I2, -- secondary currency
	A_TA_TA_REL B,
	FXPB_OPTION_TRADE  TG,--TRADE GROUP
	ARCH_CODE_MEMBER C1, -- contract type
	ARCH_CODE_MEMBER C_TR_LG, -- lifecycle status
	ARCH_CODE_MEMBER C_TR_BOR, -- BOR status
	ARCH_CODE_MEMBER C_TR_OPTION, -- OPTION status
	ARCH_CODE_MEMBER C, -- trade type
	ARCH_CODE_MEMBER C_AGREEMENT, -- trade type
	ARCH_CODE_MEMBER C_STRIKE_Q_MODE, -- Strike quote mode
	ARCH_CODE_MEMBER C_OPTION_TYPE, -- Option type
        ARCH_CODE_MEMBER C_BARRIER_TYPE, -- Barrier Type
	ARCH_CODE_MEMBER C_OPTION_STYLE -- Option style
WHERE
TG.TYPE = 4009
AND	 B.PARENT_TA_ID = TG.ID
AND B.RELATION = 13
AND B.CHILD_TA_ID = TRADE.ID--GET CHILD TA
AND NOE.ID = TRADE.TRADING_ACTIVITY_SIDE_A
 --  base currency
 AND NOE.BASE_INSTRUMENT_ID=I1.ID
 AND I1.TYPE = 5006 -- currency
 --  secondary currency
 AND NOE.SECONDARY_INSTRUMENT_ID=I2.ID
 AND I2.TYPE = 5006 -- currency
 -- life status
 AND C_TR_LG.CODE_KEY = TO_CHAR(TRADE.LIFE_STATUS)
 AND C_TR_LG.GROUP_ID = 1001018
 -- BOR status
 AND C_TR_BOR.CODE_KEY = TO_CHAR(TRADE.BOR_STATUS)
 AND C_TR_BOR.GROUP_ID = 1001019
 -- OPTION status
 AND C_TR_OPTION.CODE_KEY = TO_CHAR(TRADE.OPTION_STATUS)
 AND C_TR_OPTION.GROUP_ID = 1100025
  --trade type
  AND C.CODE_KEY=  TO_CHAR(NOE.TRADE_TYPE)
  AND C.GROUP_ID=1000024
 -- side a mapping
 AND TRADE.SIDE_B_ORG_ID=M1.INTERNAL_VALUE
 AND M1.MAP_TYPE IN (3,7) -- organization  or fund
 AND M1.NAMER_ID=1000000
 AND M1.STATUS=1
 AND M1.TYPE=0
 -- side b mapping
 AND TRADE.SIDE_A_ORG_ID=M2.INTERNAL_VALUE
 AND M2.MAP_TYPE IN (3,7) -- organization  or fund
 AND M2.NAMER_ID=1000000
 AND M2.STATUS=1
 AND M2.TYPE=0
  -- side a manager
 AND TRADE.SIDE_A_MANAGER_ID=M3.INTERNAL_VALUE
 AND M3.MAP_TYPE = 3
 AND M3.NAMER_ID=1000000
 AND M3.STATUS=1
 AND M3.TYPE=0
  -- side b manager
 AND TRADE.SIDE_b_MANAGER_ID=M4.INTERNAL_VALUE
 AND M4.MAP_TYPE = 3
 AND M4.NAMER_ID=1000000
 AND M4.STATUS=1
 AND M4.TYPE=0
 --contract type
  AND C1.CODE_KEY= TO_CHAR(NOE.CONTRACT_TYPE)
  AND C1.GROUP_ID=1100021
 -- Agreement
 AND C_AGREEMENT.CODE_KEY = TO_CHAR(NOE.AGREEMENT)
 AND C_AGREEMENT.GROUP_ID = 1000032
  -- Strike Quote Mode
  AND C_STRIKE_Q_MODE.CODE_KEY = TO_CHAR(NOE.STRIKE_QUOTE_MODE)
  AND C_STRIKE_Q_MODE.GROUP_ID = 1100024
  -- Option type
  AND C_OPTION_TYPE.CODE_KEY = TO_CHAR(NOE.OPTION_TYPE)
  AND C_OPTION_TYPE.GROUP_ID = 1100022
  -- Option style
  AND C_OPTION_STYLE.CODE_KEY = TO_CHAR(NOE.OPTION_STYLE)
  AND C_OPTION_STYLE.GROUP_ID = 1100020
  --Barrier Type
  AND C_BARRIER_TYPE.CODE_KEY = TO_CHAR(NOE.BARRIER_TYPE)
  AND C_BARRIER_TYPE.GROUP_ID = 1100045;
  
  ---------------------------------------------------------------------
  CREATE OR REPLACE VIEW V_FXPB_REPORT_OPTION_NOE_DEALS ( ID, 
  PARTNER_NAME, STATUS, REQUEST_ID, REASON, 
  TIME, UUID, CLIENT_NOE_ID, BANK_NOE_ID, 
  TRADE_REF_ID, TRN_TYPE, OPERATION, TRADING_PARTY, SUBMITER, 
  COUNTER_PARTY, SECONDARY_PARTY, VALUE_DATE, SECONDARY_CCY, 
  QTY, BASE_CCY, RATE, OPTION_TYPE, 
  CONTACT_DIRECTION, CONTRACT_TYPE, OPTION_STYLE, TRADE_TYPE, 
  CLIENT_REF, TRADER, REPORTER, LINKED_TRADE
   ) AS SELECT M.ID
  	        ,M.PARTNER_NAME
  	        ,CG1.DATA AS STATUS
  	        ,M.MUREX_TRADE_ID AS REQUEST_ID
  	        ,M.REASON
  	        ,M.TIME
  	        ,M.UUID
  	        ,(CASE WHEN (M.CLIENT_NOE_ID>0) THEN M.CLIENT_NOE_ID ELSE '' END) AS CLIENT_NOE_ID
  	        ,(CASE WHEN (M.BANK_NOE_ID>0) THEN M.BANK_NOE_ID ELSE '' END) AS BANK_NOE_ID
  	        ,(CASE WHEN (M.TRADE_REF_ID>0) THEN M.TRADE_REF_ID ELSE '' END) AS TRADE_REF_ID
  			,M.TRN_TYPE
  	        ,M.OPERATION AS OPERATION
  	        ,M.TRAIDING_PARTY AS TRADING_PARTY
  	        ,M.SUBMITTER_PERSON_ID AS SUBMITER
  	        ,M.COUNTER_PARTY AS COUNTER_PARTY
  	        ,M.SECONDARY_PARTY AS SECONDARY_PARTY
  	        ,M.VALUE_DATE AS VALUE_DATE
  	        ,M.SECONDARY_CCY_NAME AS SECONDARY_CCY
  	        ,M.QTY AS QTY
  	        ,M.BASE_CCY_NAME AS BASE_CCY
  	        ,M.RATE AS RATE
  	        ,M.OPTION_TYPE AS OPTION_TYPE
  	        ,(CASE WHEN (M.BINTERNAL='N') THEN 'BUY' ELSE (CASE WHEN (M.SINTERNAL='N') THEN 'SELL' ELSE '' END) END) AS CONTACT_DIRECTION
  	        ,CG3.DATA AS CONTRACT_TYPE
  	        ,(CASE WHEN (M.TP_AE='E') THEN 'European' ELSE (CASE WHEN (M.TP_AE='A') THEN 'American' ELSE '' END) END) AS OPTION_STYLE
  	        ,CG2.DATA AS TRADE_TYPE
  	        ,M.CLIENT_REF AS CLIENT_REF
  	        ,M.TP_TRADER AS TRADER
  			,'' AS REPORTER
  	        ,M.TP_CREATOR AS LINKED_TRADE
  FROM JPMC_GENERIC_MUREX_DEALS M
  	 ,ARCH_CODE_MEMBER CG1
  	 ,ARCH_CODE_MEMBER CG2
  	 ,ARCH_CODE_MEMBER CG3
  WHERE (CG1.GROUP_ID = 1100038) AND (CG1.CODE_KEY = M.STATUS)
    AND (CG2.GROUP_ID = 1000024) AND (CG2.CODE_KEY = M.TRADE_TYPE)
    AND (CG3.GROUP_ID = 1000022) AND (CG3.CODE_KEY = M.CONTRACT_TYPE)
;

--------------------------------------------------------------------------------------------------
CREATE OR REPLACE VIEW V_FXPB_REPORT_OPTION_POSITION ( GROUP_ID,
TRAIANA_ID, MUREX_ID, EXPIRY_DATE, STRIKE,
TRADER_ID, PORTFOLIO_ID, AGREEMENT_ID, TRD_TYPE,
FUND_ID, CLIENT_ID, EB_ID, PB_ID,
COUNTERPARTY_ID, OPTION_TYPE, CONTRACT_TYPE, PRICE,
PREMIUM_TYPE_ID, PREMIUM_CCY, RISK_NOTIONAL, BASE_NOTIONAL,
BASE_CCY_ID, RISK_CCY_ID, BASE_CCY, RISK_CCY,
DIRECTION, INSTRUMENT_ID, DELTA_CCY, DELTA_CCY_ID,
DELTA, SPOT_RATE, SPOT_DATE, CCY_PAIR,
GAMMA, VEGA, VOLATILITY, RATE_DIRECTION,
UNREALIZED_DAILY_PNL, UNREALIZES_MTM, UNREALIZED_M2D, REALIZED_DAILY_PNL,
REALIZES_MTM, REALIZED_M2D, TOTAL_DAILY_PNL, TOTAL_MTM_PNL,
TOTAL_MTD_PNL, FAKE_ROW, CORRECT_CCY_PAIR) AS SELECT
	   TG.ID as GROUP_ID
	   ,TRD.ID as TRAIANA_ID
	   ,TRD.OPTION_BO_TRADE_ID as MUREX_ID
 	   ,TRD.EXPIRY_DATE as EXPIRY_DATE
	   ,TRD.RATE as STRIKE
	   ,TRD.TRADER_ID as TRADER_ID
	   ,TRD.PORTFOLIO_ID as PORTFOLIO_ID
	   ,TRD.AGREEMENT as AGREEMENT_ID
	   --
	   ,(case when ((TRD.ROLE_A = 1000002) OR (TRD.ROLE_B = 1000002)) then (1) else
	    (case when ((TRD.ROLE_A = 1000003) OR (TRD.ROLE_B = 1000003)) then (2) else
		(case when ((TRD.ROLE_A = 1000004) OR (TRD.ROLE_B = 1000004)) then (3) else (0)
		end) end) end) as TRD_TYPE -- Bank = 1, Client = 2, Fund = 3
    	,(case when (TRD.ROLE_A=1000004) then TRD.SIDE_A_ORG_ID else (case when (TRD.ROLE_B=1000004) then TRD.SIDE_B_ORG_ID else (-1) end) end) as FUND_ID
	--
		,(case when (NOE.ROLE_A = 1000003) then (NOE.SIDE_A_ORG_ID) else (NOE.SIDE_B_ORG_ID) end) as CLIENT_ID
		,(case when (NOE.ROLE_A = 1000002) then (NOE.SIDE_A_ORG_ID) else (NOE.SIDE_B_ORG_ID) end) as EB_ID
		,NOE.PB_ID as PB_ID
	--
	   ,(case when (NOE.ROLE_A=1000002) then NOE.SIDE_A_ORG_ID else NOE.SIDE_B_ORG_ID end) as COUNTERPARTY_ID
	   ,OTYPE.NAME as OPTION_TYPE
	   ,CTYPE.NAME as CONTRACT_TYPE
	--
	   --,NOE.PREMIUM_AMOUNT as PRICE  <-- CR5922
	   ,NVL(MDVALEXT.MTM_PRICE, 0) as PRICE
	   ,NOE.PREMIUM_TYPE as PREMIUM_TYPE_ID
	   ,INSTR4.NAME as PREMIUM_CCY
	--
	   ,TRD.QUANTITY as RISK_NOTIONAL
	   ,TRD.QUANTITY2 as BASE_NOTIONAL
	--
	   ,NOE.BASE_INSTRUMENT_ID as BASE_CCY_ID --ccy2
	   ,NOE.SECONDARY_INSTRUMENT_ID as RISK_CCY_ID --ccy1
	   ,INSTR2.NAME as BASE_CCY
       ,INSTR1.NAME as RISK_CCY
	--
	   ,(case when(NOE.ROLE_A = 1000003) then (case when(NOE.DIRECTION=1) then ('Buy') else ('Sell') end)
	   else (case when(NOE.DIRECTION=1) then ('Sell') else ('Buy') end) end) as DIRECTION
		 ,NOE.INSTRUMENT_ID as INSTRUMENT_ID
		 -- FXPB_VAL_MD_OPTION_EXT
		 ,INSTR3.NAME as DELTA_CCY
		 ,NVL(MDVALEXT.GREEKS_CCY_ID,1000140) as DELTA_CCY_ID
		 ,NVL(MDVALEXT.DELTA, TRD.QUANTITY) as DELTA
		 ,NVL(MDVALEXT.GREEKS_SPOT, 1) as SPOT_RATE
		 ,NVL(MDVALEXT.GREEKS_SPOT_DATE, trunc(SYSDATE)-1) as SPOT_DATE
		 ,NVL(MDVALEXT.CCY_PAIR, 'EURUSD') as CCY_PAIR
		 ,NVL(MDVALEXT.GAMMA, 0) as GAMMA
		 ,NVL(MDVALEXT.VEGA, 0) as VEGA
		 ,NVL(MDVALEXT.VOLATILITY, 0) as VOLATILITY
		 ,NVL(MDVALEXT.IS_BASE_CCY_FIRST, 0) as RATE_DIRECTION
		 -- unrealised
		 ,NVL(MDVALEXT.UNREALIZED_DAILY_PNL, 0) as UNREALIZED_DAILY_PNL
		 ,NVL(MDVALEXT.UNREALIZED_INC_PNL, 0) as UNREALIZES_MTM
		 ,NVL(MDVALEXT.UNREALIZED_MONTH2DAY_PNL, 0) as UNREALIZED_M2D
		 -- realised
		 ,NVL(MDVALEXT.REALIZED_DAILY_PNL, 0) as REALIZED_DAILY_PNL
		 ,NVL(MDVALEXT.REALIZED_INC_PNL, 0) as REALIZES_MTM
		 ,NVL(MDVALEXT.REALIZED_MONTH2DAY_PNL, 0) as REALIZED_M2D
		 -- total
		 ,NVL((MDVALEXT.UNREALIZED_DAILY_PNL + MDVALEXT.REALIZED_DAILY_PNL), 0) as TOTAL_DAILY_PNL
		 ,NVL((MDVALEXT.UNREALIZED_INC_PNL + MDVALEXT.REALIZED_INC_PNL), 0) as TOTAL_MTM_PNL
		 ,NVL(MDVALEXT.MONTH2DAY_TOTAL_PNL, 0) as TOTAL_MTD_PNL
		 ,(case when (MDVALEXT.MUREX_TRADE_ID = NVL(MDVALEXT.MUREX_TRADE_ID, 0)) then (0) else (1) end) as FAKE_ROW
		 ,ABCR.CCY_PAIR as CORRECT_CCY_PAIR
  FROM
  	   fxpb_option_trade TRD
  	   ,fxpb_option_noe NOE
	   ,fxpb_md_option_ext MDVALEXT
	   ,ARCH_CODE_MEMBER OTYPE   -- Option Type
	   ,ARCH_CODE_MEMBER CTYPE   -- Contract Type
	   ,A_INSTRUMENT INSTR1
	   ,A_INSTRUMENT INSTR2
	   ,A_INSTRUMENT INSTR3
	   ,A_INSTRUMENT INSTR4
	   ,FXPB_OPTION_TRADE  TG--TRADE GROUP
	   ,A_TA_TA_REL RELATION
	   ,ARCH_BILLING_CCY_PAIR ABCR
 WHERE
 	    -- joints
		(TG.TYPE = 4009)
		AND	(RELATION.PARENT_TA_ID = TG.ID)
		AND (RELATION.RELATION = 13)
		AND (RELATION.CHILD_TA_ID = TRD.ID)
		AND (TRD.TRADING_ACTIVITY_SIDE_A = NOE.ID)
		--AND (MDVAL.ID = MDVALEXT.ID)  -- BUG joint should be by murex ID
		AND (TRD.OPTION_BO_TRADE_ID = TO_CHAR(MDVALEXT.MUREX_TRADE_ID(+)))
		AND (OTYPE.GROUP_ID = 1100022) AND (OTYPE.CODE_KEY = NOE.OPTION_TYPE)
	   	AND (CTYPE.GROUP_ID = 3000) AND (CTYPE.CODE_KEY = NOE.CONTRACT_TYPE)
	  	AND (INSTR2.ID = NOE.BASE_INSTRUMENT_ID)
      	AND (INSTR1.ID = NOE.SECONDARY_INSTRUMENT_ID)
		AND (INSTR3.ID = NVL(MDVALEXT.GREEKS_CCY_ID,1000140))
		AND (INSTR4.ID = NOE.PREMIUM_CCY)
		-- Calculate correct CCY pair
		AND (((ABCR.FIRST_CCY_ID = NOE.BASE_INSTRUMENT_ID)AND(ABCR.SECOND_CCY_ID = NOE.SECONDARY_INSTRUMENT_ID))
		 OR ((ABCR.FIRST_CCY_ID = NOE.SECONDARY_INSTRUMENT_ID)AND(ABCR.SECOND_CCY_ID = NOE.BASE_INSTRUMENT_ID)))
		-- trades filtering
		AND (TRD.TYPE = 4008)			 -- filter group trades
		AND ((TRD.ROLE_A = 1000001) OR (TRD.ROLE_B = 1000001)) -- filters master trade
		AND (TRD.LIFE_STATUS IN (2,5))   -- booked (2), not booked (5)
		--AND ((TRD.BOR_STATUS = 2) OR (TRD.OPTION_BO_TRADE_ID IS NULL))         -- reconciled (2)
		AND (TRD.BOR_STATUS = 2)
		-- OPTION_STATUS active <-> (1)
		AND ((TRD.OPTION_STATUS = 1)  OR (TRD.EXPIRY_DATE >= trunc(SYSDATE)-1));

------------------------------------

 ------------start: ARCH_REPORT_PRESET_FILTERS  
 CREATE SEQUENCE ARCH_REPORT_PRESET_FILTERS_SEQ INCREMENT BY 1 START WITH 2000000 MINVALUE 2000000 NOCYCLE CACHE 20 NOORDER;
 
 CREATE TABLE ARCH_REPORT_PRESET_FILTERS ( 
   ID           NUMBER (30)   NOT NULL, 
   NAME         VARCHAR2 (64)  NOT NULL, 
   LINK         LONG RAW, 
   DESCRIPTION  VARCHAR2 (256), 
   CONSTRAINT HRCH_REPORT_PRESET_FILTERS_PK
  PRIMARY KEY ( ID ) ) ; 
 
CREATE OR REPLACE procedure update_link (sqltext varchar2, notid number)
is
 temp long raw;
begin
 	 temp:=utl_raw.cast_to_raw(sqltext);
 	 update ARCH_REPORT_PRESET_FILTERS set link=temp where id=notid;
end;
/
     
INSERT INTO ARCH_REPORT_PRESET_FILTERS ( ID, NAME, DESCRIPTION ) 
  	VALUES (   1001, 'Today', NULL); 
call update_link('link for today',1001);
  
INSERT INTO ARCH_REPORT_PRESET_FILTERS ( ID, NAME, DESCRIPTION ) 
  	VALUES (   1002, 'Today in Process', NULL); 
call update_link('link for Today in Process',1002);
 
INSERT INTO ARCH_REPORT_PRESET_FILTERS ( ID, NAME, DESCRIPTION ) 
  	VALUES (   1003, 'Today Done', NULL); 
call update_link('link for Today Done',1003);
  
INSERT INTO ARCH_REPORT_PRESET_FILTERS ( ID, NAME, DESCRIPTION ) 
  	VALUES (   1004, 'Today Duplicates', NULL); 
call update_link('link for Today Duplicates',1004);

drop procedure update_link;
------------end: ARCH_REPORT_PRESET_FILTERS  
--++--++--++--++--++--++--++--++--++--++--++--++--++--++--++--++--++--++--++--++--++--++--++--++--++--++--++
--- Build 1.7.14.2:2

CREATE SEQUENCE FXPB_UPL_DETAILS_SEQ INCREMENT BY 1 START WITH 2000000 MINVALUE 2000000 NOCYCLE NOCACHE NOORDER;

CREATE TABLE FXPB_RPL_SUMMARY (
ID 			 NUMBER (30) NOT NULL,
TYPE		     NUMBER (30),
STATUS		     NUMBER (30),
INSERT_DATE     DATE,
REGION		 NUMBER (30),
PL_DATE		 DATE,
ORIGIN_SYSTEM   NUMBER (30),
BACKOFFICE_ID   NUMBER (30),
OBJECT_ID		     NUMBER (30),
OBJECT_TYPE	     NUMBER (30),
REF_ID		 NUMBER (30),
REF_TYPE		     NUMBER (30),
CCY			 NUMBER (30),
CCY_PAIR		     NUMBER (30),
ACCOUNT		 NUMBER (30),
CLIENT		 NUMBER (30),
EB 			 NUMBER (30),
PB 			 NUMBER (30),
FUND	     NUMBER (30),
PORTFOLIO		     NUMBER (30),
TRADER		 NUMBER (30),
AGREEMENT		     NUMBER (30),
DAILY_PL		     NUMBER (30, 10),
MTD_PL		 NUMBER (30, 10),
QTD_PL	     NUMBER (30, 10),
YTD_PL	     NUMBER (30, 10),
MTM_PL	     NUMBER (30, 10),
USD_EQUIV		 NUMBER (30, 10),
PLDATA_1		 NUMBER (30, 10),
PLDATA_2		 NUMBER (30, 10),
CONSTRAINT FXPB_RPL_SUMMARY_PK
PRIMARY KEY ( ID ))
LOGGING
NOCACHE
NOPARALLEL;

-----------------------
CREATE SEQUENCE FXPB_RPL_SUMMARY_SEQ INCREMENT BY 1 START WITH 2000000 MINVALUE 2000000 NOCYCLE NOCACHE NOORDER;

CREATE TABLE FXPB_UPL_DETAILS (
ID 			 NUMBER (30) NOT NULL,
TYPE		     NUMBER (30),
STATUS		     NUMBER (30),
INSERT_DATE     DATE,
REGION		 NUMBER (30),
PL_DATE		 DATE,
ORIGIN_SYSTEM   NUMBER (30),
BACKOFFICE_ID   NUMBER (30),
OBJECT_ID		     NUMBER (30),
OBJECT_TYPE	     NUMBER (30),
REF_ID		 NUMBER (30),
REF_TYPE		     NUMBER (30),
CCY			 NUMBER (30),
CCY_PAIR		     NUMBER (30),
ACCOUNT		 NUMBER (30),
CLIENT		 NUMBER (30),
EB 			 NUMBER (30),
PB 			 NUMBER (30),
FUND	     NUMBER (30),
PORTFOLIO		     NUMBER (30),
TRADER		 NUMBER (30),
AGREEMENT		     NUMBER (30),
DAILY_PL		     NUMBER (30, 10),
MTD_PL		 NUMBER (30, 10),
QTD_PL	     NUMBER (30, 10),
YTD_PL	     NUMBER (30, 10),
MTM_PL	     NUMBER (30, 10),
USD_EQUIV		 NUMBER (30, 10),
PLDATA_1		 NUMBER (30, 10),
PLDATA_2		 NUMBER (30, 10),
RATE		 NUMBER (30, 10),
VALUE_DATE 	 DATE,
MDATA_1	     NUMBER (30, 10),
MDATA_2	     NUMBER (30, 10),
MDATA_3	     NUMBER (30, 10),
MDATA_4	     NUMBER (30, 10),
MDATA_5	     NUMBER (30, 10),
MDATA_6	     NUMBER (30, 10),
MDATA_7	     NUMBER (30, 10),
MDATA_8	     NUMBER (30, 10),
--MDATA_9		     VARCHAR2 (255),
--MDATA_10 	 VARCHAR2 (255),
  CONSTRAINT FXPB_UPL_DETAILS_PK
  PRIMARY KEY ( ID ) )
LOGGING
NOCACHE
NOPARALLEL;

---- Option NOE Blotter Report:
delete ARCH_REPORT_COLUMN where id in (1101818,1101821);

INSERT INTO ARCH_REPORT_COLUMN ( ID, REPORT_ID, LOGICAL_NAME, VISIBLE_NAME, FILTER_NAME, TYPE,
VALIDATOR, CONVERTER, HELPER, VISIBILITY, SETTER, ORDER_SEQ, TABLE_NAME, FOOTER_SETTER,
HEADER_SETTER ) VALUES (
1101818, 1101800, 'STRIKE', 'Strike', 'Strike', 'Double', 'double', NULL, NULL, NULL
, 'double8', 190, 'STRIKE', NULL, 'nosort');
INSERT INTO ARCH_REPORT_COLUMN ( ID, REPORT_ID, LOGICAL_NAME, VISIBLE_NAME, FILTER_NAME, TYPE,
VALIDATOR, CONVERTER, HELPER, VISIBILITY, SETTER, ORDER_SEQ, TABLE_NAME, FOOTER_SETTER,
HEADER_SETTER ) VALUES (
1101821, 1101800, 'PRICE_PAID', 'Price Paid', 'Price Paid', 'Double', 'double', NULL
, NULL, NULL, 'double8', 220, 'PRICE_PAID', NULL, 'nosort');

---- Option_oa_flat_protocol_Report
delete ARCH_REPORT_COLUMN where id=1102202;
INSERT INTO ARCH_REPORT_COLUMN ( ID, REPORT_ID, LOGICAL_NAME, VISIBLE_NAME, FILTER_NAME, TYPE,
VALIDATOR, CONVERTER, HELPER, VISIBILITY, SETTER, ORDER_SEQ, TABLE_NAME, FOOTER_SETTER,
HEADER_SETTER ) VALUES (
1102202, 1102200, 'STATUS', 'Status', 'Status', 'Long', 'long', NULL, 'EngineOperationStatus', NULL, NULL
, 30, 'STATUS', NULL, NULL);

----- linear_position_report_deals_outstanding
delete ARCH_REPORT_COLUMN where id in (1102607,1102609);

INSERT INTO ARCH_REPORT_COLUMN ( ID, REPORT_ID, LOGICAL_NAME, VISIBLE_NAME, FILTER_NAME, TYPE,
VALIDATOR, CONVERTER, HELPER, VISIBILITY, SETTER, ORDER_SEQ, TABLE_NAME, FOOTER_SETTER,
HEADER_SETTER ) VALUES (
1102607, 1102600, 'CCY1_QTY', 'CCY1 Amount', 'CCY1 Amount', 'Double', 'double', NULL
, NULL, NULL, 'rccy_3state', 80, 'CCY1_QTY', NULL, 'nosort');
INSERT INTO ARCH_REPORT_COLUMN ( ID, REPORT_ID, LOGICAL_NAME, VISIBLE_NAME, FILTER_NAME, TYPE,
VALIDATOR, CONVERTER, HELPER, VISIBILITY, SETTER, ORDER_SEQ, TABLE_NAME, FOOTER_SETTER,
HEADER_SETTER ) VALUES (
1102609, 1102600, 'CCY2_QTY', 'CCY2 Amount', 'CCY2 Amount', 'Double', 'double', NULL
, NULL, NULL, 'rccy_3state', 100, 'CCY2_QTY', NULL, 'nosort');

------- A_PERSON
delete A_ACCOUNT where id=1006000;

INSERT INTO A_ACCOUNT (ID, TYPE, STATE_ID, EXTERNAL_REF, USER_COMMENT,VALUE_INSTRUMENT_ID, AGREEMENT_TYPE)
VALUES (1006000, 2000, 1200006, 'IRFE_EOD_Acc', 'master account of IRFE_EOD_Org', 2000,1);

------A_OBJECT_2_OBJECT
delete A_OBJECT_2_OBJECT where id in (1006000,1007000);

INSERT INTO A_OBJECT_2_OBJECT (ID, FROM_OBJECT_ID, FROM_OBJECT_TYPE, TO_OBJECT_ID, TO_OBJECT_TYPE, RELATION)
VALUES (1006000, 1006000, 1000, 1006000, 9000, 1);

INSERT INTO A_OBJECT_2_OBJECT (ID, FROM_OBJECT_ID, FROM_OBJECT_TYPE, TO_OBJECT_ID, TO_OBJECT_TYPE, RELATION)
VALUES (1007000, 1006000, 1000, 1006000, 2000, 1);

-----A_OBJECT_ROLE
delete A_OBJECT_ROLE  where id=1006000;

INSERT INTO A_OBJECT_ROLE (ID, OBJECT_ID, OBJECT_TYPE, ROLE, RELATIONSHIP_ID, DESCRIPTION)
VALUES (1006000, 1006000, 1000, 1000007, 0, 'Org added by administration');

-----A_ORGANIZATION
delete A_ORGANIZATION where id=1006000;

INSERT INTO A_ORGANIZATION (ID, NAME, STATE_ID, TYPE, NAMER_ID, STATUS_TYPE)
VALUES (1006000, 'IRFE_EOD_Org', 1006000, 1000, 0, 0);

----- A_STATE
delete A_STATE where id in (1006000,1200006);

INSERT INTO A_STATE ( ID ) VALUES (1006000);
INSERT INTO A_STATE ( ID ) VALUES (1200006);

---- A_STATE_DETAIL
delete A_STATE_DETAIL where status_type=6 and STATE_ID in (1006000,1200006);

INSERT INTO A_STATE_DETAIL ( STATE_ID, STATUS_TYPE, STATUS_VALUE, PROCESS_ID, STATUS_DATE,
OLD_STATUS_VALUE, STATUS_REASON )
VALUES (1006000, 6, 1, 0,	sysdate, 0, 'created');
INSERT INTO A_STATE_DETAIL ( STATE_ID, STATUS_TYPE, STATUS_VALUE, PROCESS_ID, STATUS_DATE,
OLD_STATUS_VALUE, STATUS_REASON )
VALUES (1200006, 6, 1, 0,	sysdate, 0, 'created');

-----
delete ARCH_CODE_MEMBER where group_id=1000106 and
	     code_key in ('1005','1006','1007','1008','1009','1010','1011','1012','1013','1014','1015','1016','1017','1018');
delete ARCH_CODE_MEMBER where group_id=1000107 and code_key in ('1006','1007','1008');

INSERT INTO ARCH_CODE_MEMBER ( GROUP_ID, CODE_KEY, DATA, NAME, CODE_COMMENT,STATUS )
VALUES ( 1000106, '1005', 'com.traiana.sol.fxpb.service.financial.position.combination.FXAllDirectPB', 'Default', 'FXAll with Agreement Type Direct or PB', 1);
INSERT INTO ARCH_CODE_MEMBER ( GROUP_ID, CODE_KEY, DATA, NAME, CODE_COMMENT,STATUS )
VALUES ( 1000106, '1006', 'com.traiana.sol.fxpb.service.financial.position.combination.FXAllGiveUp', 'Default', 'FXAll with Agreement Type Give Up', 1);
INSERT INTO ARCH_CODE_MEMBER ( GROUP_ID, CODE_KEY, DATA, NAME, CODE_COMMENT,STATUS )
VALUES ( 1000106, '1007', 'com.traiana.sol.fxpb.service.financial.position.combination.FXForwardDirectPB', 'Default', 'FXForward with Agreement Type Direct or PB', 1);
INSERT INTO ARCH_CODE_MEMBER ( GROUP_ID, CODE_KEY, DATA, NAME, CODE_COMMENT,STATUS )
VALUES ( 1000106, '1008', 'com.traiana.sol.fxpb.service.financial.position.combination.FXForwardGiveUp', 'Default', 'FXForward with Agreement Type Give Up', 1);
INSERT INTO ARCH_CODE_MEMBER ( GROUP_ID, CODE_KEY, DATA, NAME, CODE_COMMENT,STATUS )
VALUES ( 1000106, '1009', 'com.traiana.sol.fxpb.service.financial.position.combination.FXSpotDirectPB', 'Default', 'FXSpot with Agreement Type Direct or PB', 1);
INSERT INTO ARCH_CODE_MEMBER ( GROUP_ID, CODE_KEY, DATA, NAME, CODE_COMMENT,STATUS )
VALUES ( 1000106, '1010', 'com.traiana.sol.fxpb.service.financial.position.combination.FXSpotGiveUp', 'Default', 'FXSpot with Agreement Type Give Up', 1);
INSERT INTO ARCH_CODE_MEMBER ( GROUP_ID, CODE_KEY, DATA, NAME, CODE_COMMENT,STATUS )
VALUES ( 1000106, '1011', 'com.traiana.sol.fxpb.service.financial.position.combination.FXOptionDirectPB', 'Default', 'FXOption with Agreement Type Direct or PB', 1);
INSERT INTO ARCH_CODE_MEMBER ( GROUP_ID, CODE_KEY, DATA, NAME, CODE_COMMENT,STATUS )
VALUES ( 1000106, '1012', 'com.traiana.sol.fxpb.service.financial.position.combination.FXOptionGiveUp', 'Default', 'FXOption with Agreement Type Give Up', 1);
INSERT INTO ARCH_CODE_MEMBER ( GROUP_ID, CODE_KEY, DATA, NAME, CODE_COMMENT,STATUS )
VALUES ( 1000106, '1013', 'com.traiana.sol.fxpb.service.financial.position.combination.FXOptionExotic', 'Default', 'FXOptionExotic ', 1);
INSERT INTO ARCH_CODE_MEMBER ( GROUP_ID, CODE_KEY, DATA, NAME, CODE_COMMENT,STATUS )
VALUES ( 1000106, '1014', 'com.traiana.sol.fxpb.service.financial.position.combination.FXOptionExoticDirectPB', 'Default', 'FXOptionExotic with Agreement Type Direct or PB', 1);
INSERT INTO ARCH_CODE_MEMBER ( GROUP_ID, CODE_KEY, DATA, NAME, CODE_COMMENT,STATUS )
VALUES ( 1000106, '1015', 'com.traiana.sol.fxpb.service.financial.position.combination.FXOptionExoticGiveUp', 'Default', 'FXOptionExotic with Agreement Type Give Up', 1);
INSERT INTO ARCH_CODE_MEMBER ( GROUP_ID, CODE_KEY, DATA, NAME, CODE_COMMENT,STATUS )
VALUES ( 1000106, '1016', 'com.traiana.sol.fxpb.service.financial.position.combination.FXOptionSimple', 'Default', 'FXOptionSimple ', 1);
INSERT INTO ARCH_CODE_MEMBER ( GROUP_ID, CODE_KEY, DATA, NAME, CODE_COMMENT,STATUS )
VALUES ( 1000106, '1017', 'com.traiana.sol.fxpb.service.financial.position.combination.FXOptionSimpleDirectPB', 'Default', 'FXOptionSimple with Agreement Type Direct or PB', 1);
INSERT INTO ARCH_CODE_MEMBER ( GROUP_ID, CODE_KEY, DATA, NAME, CODE_COMMENT,STATUS )
VALUES ( 1000106, '1018', 'com.traiana.sol.fxpb.service.financial.position.combination.FXOptionSimpleGiveUp', 'Default', 'FXOptionSimple with Agreement Type Give Up', 1);
INSERT INTO ARCH_CODE_MEMBER ( GROUP_ID, CODE_KEY, DATA, NAME, CODE_COMMENT,STATUS ) 
	VALUES ( 1000107, '1006', 'PB FXAll', 'PB And Direct FXAll', NULL, 1); 
INSERT INTO ARCH_CODE_MEMBER ( GROUP_ID, CODE_KEY, DATA, NAME, CODE_COMMENT,STATUS ) 
	VALUES (1000107, '1007', 'PB FXOption', 'PB And Direct FXOption', NULL, 1); 
INSERT INTO ARCH_CODE_MEMBER ( GROUP_ID, CODE_KEY, DATA, NAME, CODE_COMMENT,STATUS ) 
	VALUES ( 1000107, '1008', 'PB FXAll and FXOption', 'FXAll and FXOption', NULL, 1); 


----ARCH_CREDIT_POS_CALL_2_POS_COM
delete ARCH_CREDIT_POS_CALL_2_POS_COM where id in (9,10,11,12);

INSERT INTO ARCH_CREDIT_POS_CALL_2_POS_COM ( ID, POSITION_CALL,POSITION_COMBINATION )
	     VALUES ( 9, 1006, 1005);
INSERT INTO ARCH_CREDIT_POS_CALL_2_POS_COM ( ID, POSITION_CALL,POSITION_COMBINATION )
	     VALUES ( 10, 1007, 1011);
INSERT INTO ARCH_CREDIT_POS_CALL_2_POS_COM ( ID, POSITION_CALL,POSITION_COMBINATION )
	     VALUES ( 11, 1008, 1005);
INSERT INTO ARCH_CREDIT_POS_CALL_2_POS_COM ( ID, POSITION_CALL,POSITION_COMBINATION )
	     VALUES ( 12, 1008, 1011);

------ARCH_CREDIT_POS_CALL_2_UCM
delete ARCH_CREDIT_POS_CALL_2_UCM where id between 28 and 47 ;

INSERT INTO ARCH_CREDIT_POS_CALL_2_UCM ( ID, POSITION_CALL, UCM_ID ) VALUES (
28, 1008, 1);
INSERT INTO ARCH_CREDIT_POS_CALL_2_UCM ( ID, POSITION_CALL, UCM_ID ) VALUES (
29, 1007, 1);
INSERT INTO ARCH_CREDIT_POS_CALL_2_UCM ( ID, POSITION_CALL, UCM_ID ) VALUES (
30, 1006, 4);
INSERT INTO ARCH_CREDIT_POS_CALL_2_UCM ( ID, POSITION_CALL, UCM_ID ) VALUES (
31,1008, 4);
INSERT INTO ARCH_CREDIT_POS_CALL_2_UCM ( ID, POSITION_CALL, UCM_ID ) VALUES (
32, 1007, 4);
INSERT INTO ARCH_CREDIT_POS_CALL_2_UCM ( ID, POSITION_CALL, UCM_ID ) VALUES (
33, 1006, 5);
INSERT INTO ARCH_CREDIT_POS_CALL_2_UCM ( ID, POSITION_CALL, UCM_ID ) VALUES (
34, 1006, 6);
INSERT INTO ARCH_CREDIT_POS_CALL_2_UCM ( ID, POSITION_CALL, UCM_ID ) VALUES (
35, 1007, 8);
INSERT INTO ARCH_CREDIT_POS_CALL_2_UCM ( ID, POSITION_CALL, UCM_ID ) VALUES (
36, 1007, 5);
INSERT INTO ARCH_CREDIT_POS_CALL_2_UCM ( ID, POSITION_CALL, UCM_ID ) VALUES (
37, 1008, 5);
INSERT INTO ARCH_CREDIT_POS_CALL_2_UCM ( ID, POSITION_CALL, UCM_ID ) VALUES (
38, 1008, 8);
INSERT INTO ARCH_CREDIT_POS_CALL_2_UCM ( ID, POSITION_CALL, UCM_ID ) VALUES (
39, 1006, 7);
INSERT INTO ARCH_CREDIT_POS_CALL_2_UCM ( ID, POSITION_CALL, UCM_ID ) VALUES (
40, 1007, 7);
INSERT INTO ARCH_CREDIT_POS_CALL_2_UCM ( ID, POSITION_CALL, UCM_ID ) VALUES (
41, 1008, 7);
INSERT INTO ARCH_CREDIT_POS_CALL_2_UCM ( ID, POSITION_CALL, UCM_ID ) VALUES (
42, 1006, 9);
INSERT INTO ARCH_CREDIT_POS_CALL_2_UCM ( ID, POSITION_CALL, UCM_ID ) VALUES (
43, 1007, 9);
INSERT INTO ARCH_CREDIT_POS_CALL_2_UCM ( ID, POSITION_CALL, UCM_ID ) VALUES (
44, 1008, 9);
INSERT INTO ARCH_CREDIT_POS_CALL_2_UCM ( ID, POSITION_CALL, UCM_ID ) VALUES (
45, 1007, 10);
INSERT INTO ARCH_CREDIT_POS_CALL_2_UCM ( ID, POSITION_CALL, UCM_ID ) VALUES (
46, 1008, 10);
INSERT INTO ARCH_CREDIT_POS_CALL_2_UCM ( ID, POSITION_CALL, UCM_ID ) VALUES (
47, 1006, 1);

-----ARCH_DATA_MAPPING
delete ARCH_DATA_MAPPING where id=1200030;

INSERT INTO ARCH_DATA_MAPPING ( ID, NAMER_ID, MAP_TYPE, EXTERNAL_VALUE, INTERNAL_VALUE, TYPE,
STATUS ) VALUES ( 1200030, 1000000, 1, 'Error while processing IRFE EOD PnL File', 1003027, 0, 1);


--------ARCH_FILTER
delete ARCH_FILTER where id=1102701;

INSERT INTO ARCH_FILTER ( ID, PARENT_ID, ROOT_GROUP, OPERATION, BROTHER_ID, COLUMN_ID, CONDITION,
VALUE, CONDITION_CHANGEABLE, VALUE_CHANGEABLE, REQUIRES_BINDING, VISIBILITY,
CONDITION_OVERRIDE_GROUP ) VALUES (
1102701, 1102700, 1102700, NULL, 1, 1102714, '>', '0', 1, 1, 0, 0, 0);



-------ARCH_FLOW_DEF
delete ARCH_FLOW_DEF where id in (1100051,1100053,1100054,1100055);

INSERT INTO ARCH_FLOW_DEF (ID, NAME, FLOW_CLASS, FLOW_MODE)
	     VALUES (1100051,'Irfe EOD PnL','com.traiana.sol.jpmc.flow.protocol.irfe.eod.fxpbPnL.IrfeEODPnLFlow',1);

INSERT INTO ARCH_FLOW_DEF ( ID, NAME, FLOW_CLASS, FLOW_MODE )
	 VALUES ( 1100053, 'CaxtonIntegration', 'com.traiana.sol.jpmc.flow.protocol.integration.caxton.CaxtonFlow', 1);

INSERT INTO ARCH_FLOW_DEF ( ID, NAME, FLOW_CLASS, FLOW_MODE ) VALUES (
1100054, 'Baxter Noe', 'com.traiana.sol.jpmc.integration.baxter.BaxterNoeFlow', 1);

INSERT INTO ARCH_FLOW_DEF ( ID, NAME, FLOW_CLASS, FLOW_MODE ) VALUES (
1100055, 'Ecn Noe Flow', 'com.traiana.sol.jpmc.integration.ecn.EcnNoeFlow', 1);

-----------ARCH_LOG_MESSAGES
delete ARCH_LOG_MESSAGES where MSG_ID in (1003027,1003028,1003060,1003061);

INSERT INTO ARCH_LOG_MESSAGES ( MSG_ID, MESSAGE, LOG_MSG_DEVISION,LANG )
	     VALUES (1003027, 'Error while processing IRFE EOD PnL File', 1000004, NULL);
INSERT INTO ARCH_LOG_MESSAGES ( MSG_ID, MESSAGE, LOG_MSG_DEVISION,LANG )
	     VALUES (1003028, 'IRFE EOD PnL ended with the following result: {0}', 1000004, NULL);


--------ARCH_MSG_GROUP_DETAIL
delete ARCH_MSG_GROUP_DETAIL where MSG_GROUP_ID=1000700 and PROTOCOL_MSG_ID=1100051;
delete ARCH_MSG_GROUP_DETAIL where MSG_GROUP_ID=1000800 and PROTOCOL_MSG_ID=1100053;
delete ARCH_MSG_GROUP_DETAIL where MSG_GROUP_ID=1000900 and PROTOCOL_MSG_ID=1100054;

INSERT INTO ARCH_MSG_GROUP_DETAIL (MSG_GROUP_ID, PROTOCOL_MSG_ID)
	     VALUES (1000700, 1100051);
INSERT INTO ARCH_MSG_GROUP_DETAIL ( MSG_GROUP_ID, PROTOCOL_MSG_ID )
	 VALUES ( 1000800, 1100053);
INSERT INTO ARCH_MSG_GROUP_DETAIL ( MSG_GROUP_ID, PROTOCOL_MSG_ID )
	 VALUES (1000900, 1100054);

---------ARCH_MSG_LOGIC_INFO
delete ARCH_MSG_LOGIC_INFO where id in (1100051,1100053,1100054);

INSERT INTO ARCH_MSG_LOGIC_INFO (ID, ATTR, DESCRIPTION, PRE_FLOW_ID, FLOW_ID)
	     VALUES (1100051,3,'Irfe EOD PnL',null,1100051);
INSERT INTO ARCH_MSG_LOGIC_INFO ( ID, ATTR, DESCRIPTION, PRE_FLOW_ID, FLOW_ID )
	 VALUES ( 1100053, 3, 'Caxton Protocol Integration', NULL, 1100053);
INSERT INTO ARCH_MSG_LOGIC_INFO ( ID, ATTR, DESCRIPTION, PRE_FLOW_ID, FLOW_ID )
	  VALUES (1100054, 1, 'Baxter Noe', NULL, 1100054);

---------ARCH_MSG_PROTOCOL_INFO
delete ARCH_MSG_PROTOCOL_INFO where id in (1100051,1100053,1100054);

INSERT INTO ARCH_MSG_PROTOCOL_INFO (ID, LOGIC_MSG_ID, IN_TRANSFORMER, OUT_TRANSFORMER, DESCRIPTION, NAME )
	     VALUES (1100051, 1100051, 'irfeEofDDoc-CsvParser', 'irfeEofDDoc-CsvParser', 'IRFE EndOfDay PnL Upload', 'IrfeEoDPnL');
INSERT INTO ARCH_MSG_PROTOCOL_INFO ( ID, LOGIC_MSG_ID, IN_TRANSFORMER, OUT_TRANSFORMER, DESCRIPTION, NAME )
	 VALUES ( 1100053, 1100053, 'CaxtonDoc-ExcelSol', 'CaxtonDoc-ExcelSol', 'Caxton Protocol Integration', 'CaxtonProtocolIntegration');
INSERT INTO ARCH_MSG_PROTOCOL_INFO ( ID, LOGIC_MSG_ID, IN_TRANSFORMER, OUT_TRANSFORMER, DESCRIPTION, NAME )
	 VALUES (1100054, 1100054, 'BaxterNoeDoc-Xml', NULL, 'Baxter Noe', 'Baxter Noe');


--------ARCH_MSG_TOKEN
delete ARCH_MSG_TOKEN where PROTOCOL_MSG_ID=1100051 and TOKEN is null;
delete ARCH_MSG_TOKEN where PROTOCOL_MSG_ID=1100053 and TOKEN is null;
delete ARCH_MSG_TOKEN where PROTOCOL_MSG_ID=1100054 and TOKEN='entity="NOE"';

INSERT INTO ARCH_MSG_TOKEN (PROTOCOL_MSG_ID, TOKEN)
	     VALUES (1100051, NULL);
INSERT INTO ARCH_MSG_TOKEN ( PROTOCOL_MSG_ID, TOKEN )
	 VALUES ( 1100053, NULL);
INSERT INTO ARCH_MSG_TOKEN ( PROTOCOL_MSG_ID, TOKEN )
	 VALUES ( 1100054, 'entity="NOE"');

------- ARCH_NAMER
delete ARCH_NAMER where id=1006000;

INSERT INTO ARCH_NAMER ( ID, NAME, PARENT_NAMER )
VALUES (1006000, 'IRFE_EOD Namer', 1000000);

-------ARCH_PARTNER
delete ARCH_PARTNER where id=1006000;
INSERT INTO ARCH_PARTNER (ID, NAME, STATUS, DESCRIPTION, DOMAIN_ID)
VALUES (1006000, 'IRFE_EOD', 1, 'IRFE_EOD Dummy', 1000000);


-------ARCH_PARTNER_2_MSG_GROUP
delete ARCH_PARTNER_2_MSG_GROUP where PARTNER_ID=1006000 and MSG_GROUP_ID=1000700;

INSERT INTO ARCH_PARTNER_2_MSG_GROUP ( PARTNER_ID, MSG_GROUP_ID )
	     VALUES ( 1006000, 1000700);


--------ARCH_REPORT_COLUMN
delete ARCH_REPORT_COLUMN where id in (1001034,1100497,1100504,1100532,1101552,1101605,1102744,1101631,1102700,2000000);
INSERT INTO ARCH_REPORT_COLUMN ( ID, REPORT_ID, LOGICAL_NAME, VISIBLE_NAME, FILTER_NAME, TYPE, VALIDATOR, CONVERTER, HELPER, VISIBILITY, SETTER, HEADER_SETTER, FOOTER_SETTER, ORDER_SEQ, TABLE_NAME )
	 VALUES ( 1001034, 1001000, 'ORIGIN_SYSTEM', 'Origin System', 'Origin System', 'Long', 'long', NULL, NULL, 'none', NULL, NULL, NULL, 600, 'ORIGIN_SYSTEM');
INSERT INTO ARCH_REPORT_COLUMN ( ID, REPORT_ID, LOGICAL_NAME, VISIBLE_NAME, FILTER_NAME, TYPE,
VALIDATOR, CONVERTER, HELPER, VISIBILITY, SETTER, ORDER_SEQ, TABLE_NAME, FOOTER_SETTER,
HEADER_SETTER ) VALUES (
1100497, 1100402, 'STRIKE', 'Strike', 'Strike', 'Double', 'double', NULL, NULL, NULL
, 'double8', 180, 'STRIKE', NULL, NULL);
INSERT INTO ARCH_REPORT_COLUMN ( ID, REPORT_ID, LOGICAL_NAME, VISIBLE_NAME, FILTER_NAME, TYPE,
VALIDATOR, CONVERTER, HELPER, VISIBILITY, SETTER, ORDER_SEQ, TABLE_NAME, FOOTER_SETTER,
HEADER_SETTER ) VALUES (
1100504, 1100402, 'PRICE_PAID', 'Price Paid', 'Price Paid', 'Double', 'double', NULL
, NULL, NULL, 'double8', 250, 'PRICE_PAID', NULL, NULL);
INSERT INTO ARCH_REPORT_COLUMN ( ID, REPORT_ID, LOGICAL_NAME, VISIBLE_NAME, FILTER_NAME, TYPE,
VALIDATOR, CONVERTER, HELPER, VISIBILITY, SETTER, ORDER_SEQ, TABLE_NAME, FOOTER_SETTER,
HEADER_SETTER ) VALUES (
1100532, 1100403, 'STRIKE', 'Strike', 'Strike', 'Double', 'double', NULL, NULL, NULL
, 'double8', 130, 'STRIKE', NULL, NULL); 
INSERT INTO ARCH_REPORT_COLUMN ( ID, REPORT_ID, LOGICAL_NAME, VISIBLE_NAME, FILTER_NAME, TYPE,
VALIDATOR, CONVERTER, HELPER, VISIBILITY, SETTER, ORDER_SEQ, TABLE_NAME ) VALUES (
1101552, 1101540, 'Id', 'ID', 'ID', 'Long', 'long', NULL, NULL, NULL, NULL, 10, 'Id');
INSERT INTO ARCH_REPORT_COLUMN ( ID, REPORT_ID, LOGICAL_NAME, VISIBLE_NAME, FILTER_NAME, TYPE,
VALIDATOR, CONVERTER, HELPER, VISIBILITY, SETTER, ORDER_SEQ, TABLE_NAME ) VALUES (
1101605, 1101600, 'Id', 'ID', 'ID', 'Long', 'long', NULL, NULL, NULL, NULL, 10, 'Id');
INSERT INTO ARCH_REPORT_COLUMN ( ID, REPORT_ID, LOGICAL_NAME, VISIBLE_NAME, FILTER_NAME, TYPE, VALIDATOR, CONVERTER, HELPER, VISIBILITY, SETTER, HEADER_SETTER, FOOTER_SETTER, ORDER_SEQ, TABLE_NAME )
	 VALUES ( 1102744, 1100400, 'ORIGIN_SYSTEM', 'Origin System', 'Origin System', 'Long', 'long', NULL, NULL, 'none', NULL, NULL, NULL, 600, 'ORIGIN_SYSTEM');
INSERT INTO ARCH_REPORT_COLUMN ( ID, REPORT_ID, LOGICAL_NAME, VISIBLE_NAME, FILTER_NAME, TYPE,
VALIDATOR, CONVERTER, HELPER, VISIBILITY, SETTER, ORDER_SEQ, TABLE_NAME ) VALUES (
1101631, 1101600, 'ClientRegion', 'IRFE Region', 'IRFE Region', 'String', 'string'
, NULL, NULL, 'report', NULL, 2, 'ClientRegion');
INSERT INTO ARCH_REPORT_COLUMN ( ID, REPORT_ID, LOGICAL_NAME, VISIBLE_NAME, FILTER_NAME, TYPE,
VALIDATOR, CONVERTER, HELPER, VISIBILITY, SETTER, HEADER_SETTER, FOOTER_SETTER, ORDER_SEQ,
TABLE_NAME ) VALUES (
1102700, 1102700, 'TradeDate', 'Trade Date', 'Trade Date', 'Date', 'dateOrToday', NULL
, NULL, NULL, NULL, NULL, NULL, 90, 'TradeDate');



----------ARCH_WEB_PAGE_PART
delete ARCH_WEB_PAGE_PART where WEB_URI_ID=1101700 and type in (4,7,99);
INSERT INTO ARCH_WEB_PAGE_PART ( WEB_URI_ID, TYPE, VALUE, RT_VALUE, IS_INCLUDED_JSP )
	     VALUES ( 1101700, 4, '/pages/menus/menu.jsp', 'monitoring', 1);
INSERT INTO ARCH_WEB_PAGE_PART ( WEB_URI_ID, TYPE, VALUE, RT_VALUE, IS_INCLUDED_JSP )
	     VALUES ( 1101700, 7, '/pages/reports/report.jsp', NULL, 1);
INSERT INTO ARCH_WEB_PAGE_PART ( WEB_URI_ID, TYPE, VALUE, RT_VALUE, IS_INCLUDED_JSP )
	     VALUES ( 1101700, 99, '/pages/reports/eodRepExt.jsp', NULL, 1);



---------- ARCH_WEB_URI
delete ARCH_WEB_URI  where id=1101700;
INSERT INTO ARCH_WEB_URI ( ID, URI, OBJECT, HISTORY_LABEL, APP_ID, IS_ACTIVE, PERMISSION, VIEW_ID, HISTORY_OPERATIONS, DEFAULT_WEB_URI_ID, HISTORY_URI )
	     VALUES ( 1101700, '/archadm/murexreconrep.lwp', 'com.traiana.sol.jpmc.web.report.eod.murex.EodMurexReconReportForm', 'Murex Reconciliation', 1, 1, 4294967295, 1, 'Init,ExecuteReport', 110, '/archadm/murexreconrep.lwp');


-------------------------------------------
CREATE OR REPLACE VIEW V_FXPB_EOD_OPTION_GIVEUP (
MUREX_ID,	TRAIANA_ID, LIFE_STATUS,  CREATION_DATE,
UNDERLYING,  OPTION_TYPE, TRADE_DATE,  SIDE_A, SIDE_A_ID,
SIDE_B, SIDE_B_ID, DIRECTION, EXPIRY, VALUE_DATE,
CUTOFF_TIME, CUTOFF_CITY, SETTLEMENT, OPTION_STYLE,
PREMIUM_AMOUNT, PREMIUM_CURRENCY, PREMIUM_DATE,
PRICE_PAID, PREMIUM_TYPE, CONTRACT_TYPE, SECONDARY_CCY,
QUANTITY1,BASE_CCY,QUANTITY2,STRIKE,STRIKE_QUOTE_MODE,
BARRIER_TYPE,BARRIER_LEVEL,BARRIER_LOWER,BARRIER_UPPER,
REBATE_QUOTE_MODE,REBATE_PERCENT_1,REBATE_PERCENT_2,
REBATE_TYPE,CCY_PAYOUT,PAYOUT_AMOUNT,AGREEMENT,
PRIME_BROKER,TRADE_TYPE, TP_ROLE)
AS  SELECT  /*+ ordered */
(NOE.OPTION_BO_TRADE_ID)MUREX_ID,
(NOE.ID)TRAIANA_ID,
(C_LIFE.DATA)LIFE_STATUS, --life status
(NOE.CREATION_DATE)CREATION_DATE, --creation date
(NOE.UNDERLYING_CLIENT_REF)UNDERLYING, -- underlying client ref
(C_OPTION_TYPE.DATA)OPTION_TYPE, -- option type
(NOE.SETTLEMENT_DATE)TRADE_DATE,
 (E.EXTERNAL_VALUE) SIDE_A,
(NOE.SIDE_A_ORG_ID)SIDE_A_ID,
(F.EXTERNAL_VALUE) SIDE_B,
(NOE.SIDE_B_ORG_ID)SIDE_B_ID,
(C2.DATA)DIRECTION,
(NOE.EXPIRY_DATE)EXPIRY,
(NOE.VALUE_DATE)VALUE_DATE,
(NOE.EXPIRY_TIME)CUTOFF_TIME,
(NOE.CUT_OFF_ZONE)CUTOFF_CITY,
(C_DELIVERY_METHOD.DATA)SETTLEMENT,
(C_OPTION_STYLE.DATA)OPTION_STYLE,
(NOE.PREMIUM_AMOUNT)PREMIUM_AMOUNT,
(CCY_PREMIUM.NAME)PREMIUM_CURRENCY,
(NOE.PREMIUM_DATE)PREMIUM_DATE,
(NOE.PRICE_PAID)PRICE_PAID,
(C_PREMIUM_TYPE.DATA)PREMIUM_TYPE,
(C1.DATA)CONTRACT_TYPE,
(H.NAME)SECONDARY_CCY,
(NOE.QUANTITY)QUANTITY1,
(G.NAME)BASE_CCY,
(NOE.QUANTITY2)QUANTITY2,
(NOE.RATE)STRIKE,
(C_STRIKE_Q_MODE.DATA)STRIKE_QUOTE_MODE,
(C_BARRIER_TYPE.DATA)BARRIER_TYPE,
(NOE.BARRIER_LEVEL)BARRIER_LEVEL,
(NOE.LOWER_BARRIER_LEVEL)BARRIER_LOWER,
(NOE.UPPER_BARRIER_LEVEL)BARRIER_UPPER,
(C_REBATE_QUOTE_MODE.DATA)REBATE_QUOTE_MODE,
(NOE.REBATE_PERCENT_1)REBATE_PERCENT_1,
(NOE.REBATE_PERCENT_2)REBATE_PERCENT_2,
(C_REBATE_TYPE.DATA)REBATE_TYPE,
(CCY_PAYOUT.NAME)CCY_PAYOUT,
(NOE.PAYOUT_AMOUNT)PAYOUT_AMOUNT,
(C_AGREEMENT.DATA)AGREEMENT,
(PB_MAP.EXTERNAL_VALUE)PRIME_BROKE,
(C3.DATA)TRADE_TYPE,
(CASE WHEN TP_ROLE.ROLE = '1000002' THEN 'bank' ELSE 'client' END) TP_ROLE
FROM
FXPB_OPTION_NOE NOE,
ARCH_DATA_MAPPING D, -- submitter
ARCH_DATA_MAPPING E, -- side a
ARCH_DATA_MAPPING F, -- side  b
A_INSTRUMENT G, -- base currency
A_INSTRUMENT H, -- secondary currency
ARCH_DATA_MAPPING I, --  entering org
A_PERSON J, --  trader (optional)
ARCH_CODE_MEMBER C1, -- contract type
ARCH_CODE_MEMBER C2, -- direction
ARCH_CODE_MEMBER C3, -- trade type
ARCH_CODE_MEMBER C_LIFE, -- lifecycle status
ARCH_CODE_MEMBER C_AGREEMENT, --  Agreement
ARCH_CODE_MEMBER C_STRIKE_Q_MODE, -- Strike quote mode
A_INSTRUMENT CCY_PAYOUT,	 -- Payout Ccy
A_INSTRUMENT CCY_PREMIUM,	-- Premium Ccy
ARCH_CODE_MEMBER C_PREMIUM_TYPE, -- Premium Type
ARCH_CODE_MEMBER C_OPTION_STYLE, -- Option style
ARCH_CODE_MEMBER C_OPTION_C_TYPE, -- Option contract type
ARCH_CODE_MEMBER C_OPTION_TYPE, -- Option type
ARCH_CODE_MEMBER C_DELIVERY_METHOD, -- Delivery method
ARCH_CODE_MEMBER C_BARRIER_TYPE, -- Barrier Type
ARCH_CODE_MEMBER C_REBATE_QUOTE_MODE, -- rebate quote mode
ARCH_CODE_MEMBER C_REBATE_TYPE, -- rebate type
A_ORGANIZATION TP,
A_OBJECT_ROLE TP_ROLE,
ARCH_DATA_MAPPING PB_MAP -- prime broker mapping
WHERE
 NOE.SUBMITTER_PERSON_ID = D.INTERNAL_VALUE
 AND D.MAP_TYPE=4 -- person
 AND D.NAMER_ID=1000000
 AND D.STATUS=1
 AND D.TYPE=0
 -- side a mapping
 AND NOE.SIDE_A_ORG_ID=E.INTERNAL_VALUE
 AND E.MAP_TYPE=3 -- organization
 AND E.NAMER_ID=1000000
 AND E.STATUS=1
 AND E.TYPE=0
 -- side b mapping
 AND NOE.SIDE_B_ORG_ID=F.INTERNAL_VALUE
 AND F.MAP_TYPE=3 -- organization
 AND F.NAMER_ID=1000000
 AND F.STATUS=1
 AND F.TYPE=0
 --  base currency
 AND NOE.BASE_INSTRUMENT_ID=G.ID
 AND G.TYPE = 5006 -- currency
 --  secondary currency
 AND NOE.SECONDARY_INSTRUMENT_ID=H.ID
 AND H.TYPE = 5006 -- currency
 -- entering org mapping
 AND  NOE.ENTERING_ORG_ID=I.INTERNAL_VALUE
 AND I.MAP_TYPE=3 -- organization
 AND I.NAMER_ID=1000000
 AND I.STATUS=1
 AND I.TYPE=0
 -- optional trader
 AND NOE.TRADER_ID = J.ID(+)
 --contract type
  AND C1.CODE_KEY= TO_CHAR(NOE.CONTRACT_TYPE)
  AND C1.GROUP_ID=1100021
  --direction
  AND C2.CODE_KEY=  TO_CHAR(NOE.DIRECTION)
  AND C2.GROUP_ID=1000021
  --trade type
  AND C3.CODE_KEY=  TO_CHAR(NOE.TRADE_TYPE)
  AND C3.GROUP_ID=1100026
  -- life status
  AND  NOE.LIFE_STATUS = 10 -- ONLY GIVEUP DEALS
  AND C_LIFE.CODE_KEY = TO_CHAR(NOE.LIFE_STATUS)
  AND C_LIFE.GROUP_ID = 1001014
  -- Agreement
  AND C_AGREEMENT.CODE_KEY = TO_CHAR(NOE.AGREEMENT)
  AND C_AGREEMENT.GROUP_ID = 1000032
  -- Strike Quote Mode
  AND C_STRIKE_Q_MODE.CODE_KEY = TO_CHAR(NOE.STRIKE_QUOTE_MODE)
  AND C_STRIKE_Q_MODE.GROUP_ID = 1100024
  -- Premium Ccy
  AND NOE.PREMIUM_CCY = CCY_PREMIUM.ID
  AND CCY_PREMIUM.TYPE = 5006 -- currency
  -- Premium Type
  AND C_PREMIUM_TYPE.CODE_KEY = TO_CHAR(NOE.PREMIUM_TYPE)
  AND C_PREMIUM_TYPE.GROUP_ID = 1100019
  -- Option style
  AND C_OPTION_STYLE.CODE_KEY = TO_CHAR(NOE.OPTION_STYLE)
  AND C_OPTION_STYLE.GROUP_ID = 1100020
  -- Option contract type
  AND C_OPTION_C_TYPE.CODE_KEY = TO_CHAR(NOE.CONTRACT_TYPE)
  AND C_OPTION_C_TYPE.GROUP_ID = 1100021
  -- Option type
  AND C_OPTION_TYPE.CODE_KEY = TO_CHAR(NOE.OPTION_TYPE)
  AND C_OPTION_TYPE.GROUP_ID = 1100022
  -- Delivery Method
  AND C_DELIVERY_METHOD.CODE_KEY = TO_CHAR(NOE.DELIVERY_METHOD)
  AND C_DELIVERY_METHOD.GROUP_ID = 1100023
  -- Payout Ccy
  AND NOE.PAYOUT_CURRENCY = CCY_PAYOUT.ID(+)
  AND CCY_PAYOUT.TYPE(+) = 5006 -- currency
  -- TP Role
  AND TP.ID = NOE.SIDE_A_ORG_ID
  AND TP.ID = TP_ROLE.OBJECT_ID
  AND TP_ROLE.OBJECT_TYPE = 1000
  --Barrier Type
  AND C_BARRIER_TYPE.CODE_KEY = TO_CHAR(NOE.BARRIER_TYPE)
  AND C_BARRIER_TYPE.GROUP_ID = 1100045
  --rebate type
  AND C_REBATE_TYPE.CODE_KEY = NVL(TO_CHAR(NOE.REBATE_TYPE),0)
  AND C_REBATE_TYPE.GROUP_ID = 1100031
  --rebate quote mode
  AND C_REBATE_QUOTE_MODE.CODE_KEY = NVL(TO_CHAR(NOE.REBATE_QUOTE_MODE), 0)
  AND C_REBATE_QUOTE_MODE.GROUP_ID = 1100046
  -- pb mapping
 AND NOE.PB_ID = PB_MAP.INTERNAL_VALUE
 AND PB_MAP.MAP_TYPE IN (3,7) -- organization  or fund
 AND PB_MAP.NAMER_ID=1000000
 AND PB_MAP.STATUS=1
 AND PB_MAP.TYPE=0;


 -------------------------------------------------------------
 CREATE OR REPLACE VIEW V_FXPB_OPTION_NOE_DETAIL ( ACCOUNT_ID, CREATION_DATE, TYPE,  POSITION_DATE,
 LONG_AMOUNT,  SHORT_AMOUNT, UPDATE_DATE, INSTRUMENT_ID, SOURCE_ID,  SOURCE_TYPE, SOURCE_REF, SOURCE_REF_TYPE,
 DELTA, SIGMA,MARKET_SPOT,MD_SOURCE_ID,DELTA_CURRENCY,DELTA_SEC, TRADER_ID, PORTFOLIO_ID, AGREEMENT, DEAL_ID)
 AS select posDetails.ACCOUNT_ID, posDetails.CREATION_DATE, posDetails.TYPE, posDetails.POSITION_DATE,
 posDetails.LONG_AMOUNT, posDetails.SHORT_AMOUNT, posDetails.UPDATE_DATE, posDetails.INSTRUMENT_ID,
 (posDetails.SOURCE_ID) SOURCE_ID, posDetails.SOURCE_TYPE, posDetails.SOURCE_REF, posDetails.SOURCE_REF_TYPE,
 mdOption.DELTA, mdOption.SIGMA, mdOption.MARKET_SPOT, (mdOption.SOURCE_ID) MD_SOURCE_ID, mdOption.DELTA_CURRENCY,
 mdOption.DELTA_SEC, fxpbOptionNoe.TRADER_ID, fxpbOptionNoe.PORTFOLIO_ID, fxpbOptionNoe.AGREEMENT, fxpbOptionNoe.ID
 FROM
 ARCH_POSITION_DETAILS posDetails,
 ARCH_VAL_MD_OPTION mdOption ,
 FXPB_OPTION_NOE fxpbOptionNoe
 where posDetails.source_id = mdOption.INSTRUMENT_ID
	     AND posDetails.SOURCE_REF_TYPE = 4007
	     AND posDetails.TYPE = 1
	     AND posDetails.SOURCE_REF = TO_CHAR(fxpbOptionNoe.ID);


------------------------------------------------------------
CREATE OR REPLACE VIEW V_FXPB_OPTION_TRADE_DETAIL ( ACCOUNT_ID, CREATION_DATE,TYPE, POSITION_DATE,
LONG_AMOUNT, SHORT_AMOUNT,UPDATE_DATE,INSTRUMENT_ID,SOURCE_ID, SOURCE_TYPE,SOURCE_REF,SOURCE_REF_TYPE,DELTA,
SIGMA,MARKET_SPOT,MD_SOURCE_ID,DELTA_CURRENCY,DELTA_SEC, TRADER_ID, PORTFOLIO_ID, AGREEMENT, DEAL_ID)
AS select posDetails.ACCOUNT_ID,posDetails.CREATION_DATE,posDetails.TYPE,posDetails.POSITION_DATE,
posDetails.LONG_AMOUNT, posDetails.SHORT_AMOUNT, posDetails.UPDATE_DATE, posDetails.INSTRUMENT_ID,
(posDetails.SOURCE_ID) SOURCE_ID, posDetails.SOURCE_TYPE, posDetails.SOURCE_REF, posDetails.SOURCE_REF_TYPE,
mdOption.DELTA,mdOption.SIGMA, mdOption.MARKET_SPOT, (mdOption.SOURCE_ID) MD_SOURCE_ID, mdOption.DELTA_CURRENCY,
mdOption.DELTA_SEC ,fxpbOptionTrade.TRADER_ID, fxpbOptionTrade.PORTFOLIO_ID, fxpbOptionTrade.AGREEMENT,
fxpbOptionTrade.ID
FROM
ARCH_POSITION_DETAILS posDetails,
ARCH_VAL_MD_OPTION mdOption,
FXPB_OPTION_TRADE fxpbOptionTrade
WHERE   posDetails.SOURCE_REF = TO_CHAR(fxpbOptionTrade.ID)
	     AND posDetails.SOURCE_REF_TYPE = 4008
	     AND posDetails.TYPE = 2
	     AND posDetails.source_id = mdOption.INSTRUMENT_ID;

----------------------------------------------------------------
CREATE OR REPLACE VIEW V_FXPB_POSITION_NOE ( INSTRUMENT_ID,
ACCOUNT_ID, POSITION_DATE, CREATION_DATE,	SOURCE_TYPE, SOURCE_REF,  SOURCE_REF_TYPE, TYPE,
LONG_AMOUNT, SHORT_AMOUNT, SOURCE_ID, TRADER_ID, PORTFOLIO_ID, AGREEMENT,
DEAL_ID ) AS SELECT  A.INSTRUMENT_ID,
	     A.ACCOUNT_ID,
	     A.POSITION_DATE,
	     A.CREATION_DATE,
	     A.SOURCE_ID,
	     A.SOURCE_TYPE,
	     A.SOURCE_REF,
	     A.SOURCE_REF_TYPE,
	     A.TYPE,
	     A.LONG_AMOUNT,
	     A.SHORT_AMOUNT,
	     B.TRADER_ID,
	     B.PORTFOLIO_ID,
	     B.AGREEMENT,
	     B.ID
FROM    ARCH_POSITION_DETAILS A,  FXPB_NOE B
WHERE   A.SOURCE_REF = TO_CHAR(B.ID)
	     AND A.SOURCE_REF_TYPE = 4003
	     AND A.TYPE = 1  ;


--------------------------------------------------------------
CREATE OR REPLACE VIEW V_FXPB_POSITION_TRADE ( INSTRUMENT_ID,
ACCOUNT_ID, POSITION_DATE, CREATION_DATE,	SOURCE_TYPE, SOURCE_REF, SOURCE_REF_TYPE ,TYPE,
LONG_AMOUNT, SHORT_AMOUNT, SOURCE_ID, TRADER_ID, PORTFOLIO_ID, AGREEMENT,
DEAL_ID ) AS SELECT  A.INSTRUMENT_ID,
	     A.ACCOUNT_ID,
	     A.POSITION_DATE,
	     A.CREATION_DATE,
	     A.SOURCE_ID,
	     A.SOURCE_TYPE,
	     A.SOURCE_REF,
	     A.SOURCE_REF_TYPE,
	     A.TYPE,
	     A.LONG_AMOUNT,
	     A.SHORT_AMOUNT,
	     B.TRADER_ID,
	     B.PORTFOLIO_ID,
	     B.AGREEMENT,
	     B.ID
FROM    ARCH_POSITION_DETAILS A,  FXPB_TRADE B
WHERE   A.SOURCE_REF = TO_CHAR(B.ID)
	     AND A.SOURCE_REF_TYPE = 4005
	     AND A.TYPE = 2 ;


-----------------------------------------------------------------
CREATE OR REPLACE VIEW V_FXPB_REPORT_EOD_DIRECT_CT (
MUREX_ID, TRAIANA_ID, LIFE_STATUS, CREATION_DATE,
TRADE_DATE,      SELLER, SIDE_A_MANAGER, BUYER, SIDE_B_MANAGER,
VALUE_DATE,     SECONDARY_CCY,  QUANTITY1, BASE_CCY,
QUANTITY2,      STRIKE, AGREEMENT, PRIME_BROKER, PB_ROLE,
TRADE_TYPE,SIDE_A_NOE_ID, SIDE_B_NOE_ID, SIDE_A_ORG_ID, SIDE_B_ORG_ID) AS
SELECT
/*+ first_rows */
	     (TRADE.OPTION_BO_TRADE_ID)MUREX_ID,
	     (TRADE.ID)TRAIANA_ID,
	     (C_TR_LG.DATA)LIFE_STATUS, --life status
	     (TRADE.CREATION_DATE)CREATION_DATE, --creation date
	     (TRADE.TRADE_DATE)TRADE_DATE,
	     (M2.EXTERNAL_VALUE)SELLER,
	     (TRADE.SIDE_A_MANAGER_ID)SIDE_A_MANAGER,
	     (M1.EXTERNAL_VALUE)BUYER,
	     (TRADE.SIDE_B_MANAGER_ID)SIDE_B_MANAGER,
	     (TRADE.SETTLEMENT_DATE)VALUE_DATE,
	     (I2.NAME)SECONDARY_CCY,
	     (TRADE.QUANTITY)QUANTITY1,
	     (I1.NAME)BASE_CCY,
	     (TRADE.QUANTITY2)QUANTITY2,
	     (NOE.RATE)STRIKE,
	     (C_AGREEMENT.DATA)AGREEMENT,
	     (PB_MAP.EXTERNAL_VALUE)PRIME_BROKE,
	     (CASE WHEN TRADE.SIDE_A_ORG_ID = 1000000 THEN 'SELL' ELSE 'BUY' END)PB_ROLE,
	     (C.DATA)TRADE_TYPE,
	     (TRADE.TRADING_ACTIVITY_SIDE_A)SIDE_A_NOE_ID,
	     (TRADE.TRADING_ACTIVITY_SIDE_B)SIDE_B_NOE_ID,
	     TRADE.SIDE_A_ORG_ID,
	     TRADE.SIDE_B_ORG_ID
FROM
	     FXPB_TRADE  TG,--TRADE GROUP
	     FXPB_TRADE  TRADE,--TRADE
	     A_TA_TA_REL B,
	     FXPB_NOE NOE,
	     ARCH_DATA_MAPPING M1, -- buyer da
	     ARCH_DATA_MAPPING M2, -- seller da
	     A_INSTRUMENT I1, -- base currency
	     A_INSTRUMENT I2, -- secondary currency
	     ARCH_CODE_MEMBER C_TR_LG, -- lifecycle status
	     ARCH_CODE_MEMBER C, -- trade type
	     ARCH_CODE_MEMBER C_AGREEMENT, -- trade type
	     ARCH_DATA_MAPPING PB_MAP -- prime broker mapping
WHERE
	     TG.TYPE = 4006
	     AND      B.PARENT_TA_ID = TG.ID
	     AND B.RELATION = 4
	     AND B.CHILD_TA_ID = TRADE.ID--GET CHILD TA
	     AND NOE.ID = TRADE.TRADING_ACTIVITY_SIDE_A
	     --  base currency
	     AND NOE.BASE_INSTRUMENT_ID=I1.ID
	     AND I1.TYPE = 5006 -- currency
	     --  secondary currency
	     AND NOE.SECONDARY_INSTRUMENT_ID=I2.ID
	     AND I2.TYPE = 5006 -- currency
	     -- life status
	     AND TRADE.LIFE_STATUS IN (2,5)
	     AND C_TR_LG.CODE_KEY = TO_CHAR(TRADE.LIFE_STATUS)
	     AND C_TR_LG.GROUP_ID = 1001018
	     --trade type
	     AND C.CODE_KEY=  TO_CHAR(NOE.TRADE_TYPE)
	     AND C.GROUP_ID=1000024
	     -- side a mapping
	     AND TRADE.SIDE_B_ORG_ID=M1.INTERNAL_VALUE
	     AND M1.MAP_TYPE IN (3,7) -- organization  or fund
	     AND M1.NAMER_ID=1000000
	     AND M1.STATUS=1
	     AND M1.TYPE=0
	     -- side b mapping
	     AND TRADE.SIDE_A_ORG_ID=M2.INTERNAL_VALUE
	     AND M2.MAP_TYPE IN (3,7) -- organization  or fund
	     AND M2.NAMER_ID=1000000
	     AND M2.STATUS=1
	     AND M2.TYPE=0
	     -- Agreement
	     AND NOE.AGREEMENT = 2
	     AND C_AGREEMENT.CODE_KEY = TO_CHAR(NOE.AGREEMENT)
	     AND C_AGREEMENT.GROUP_ID = 1000032
	     -- pb mapping
	     AND NOE.PB_ID = PB_MAP.INTERNAL_VALUE
	     AND PB_MAP.MAP_TYPE IN (3,7) -- organization  or fund
	     AND PB_MAP.NAMER_ID=1000000
	     AND PB_MAP.STATUS=1
	     AND PB_MAP.TYPE=0
	     -- Origin System
	     AND NOE.ORIGIN = 3;


-------------------------------------------------------------------
CREATE OR REPLACE VIEW V_FXPB_REPORT_EOD_OPTION_CT ( MUREX_ID,
TRAIANA_ID, OPTION_STATUS, LIFE_STATUS, CREATION_DATE,
UNDERLYING, OPTION_TYPE, TRADE_DATE, SELLER,
SIDE_A_MANAGER, BUYER, SIDE_B_MANAGER, EXPIRY,
VALUE_DATE, CUTOFF_TIME, CUTOFF_CITY, SETTLEMENT,
OPTION_STYLE, PREMIUM_AMOUNT, PREMIUM_CURRENCY, PREMIUM_DATE,
PRICE_PAID, PREMIUM_TYPE, CONTRACT_TYPE, SECONDARY_CCY,
QUANTITY1, BASE_CCY, QUANTITY2, STRIKE,
STRIKE_QUOTE_MODE, BARRIER_TYPE, BARRIER_LEVEL, BARRIER_LOWER,
BARRIER_UPPER, REBATE_QUOTE_MODE, REBATE_PERCENT_1, REBATE_PERCENT_2,
REBATE_TYPE, CCY_PAYOUT, PAYOUT_AMOUNT, AGREEMENT,
PRIME_BROKER, PB_ROLE, TRADE_TYPE, TG_ID,
STATUS_BOR, TRADING_ACTIVITY_SIDE_A, TRADING_ACTIVITY_SIDE_B, TERMINATED_DATE,
FWD_DATE, SIDE_A_ORG_ID, SIDE_B_ORG_ID ) AS SELECT
	     (TRADE.OPTION_BO_TRADE_ID)MUREX_ID, --Murex ID
	     (TRADE.ID)TRAIANA_ID, -- trade id
	     (C_TR_OPTION.DATA)OPTION_STATUS, --option status
	     (C_TR_LG.DATA)LIFE_STATUS, --life status
	     (TRADE.CREATION_DATE)CREATION_DATE, --creation date
	     (NOE.UNDERLYING_CLIENT_REF) UNDERLYING, -- underlying client ref
	     (C_OPTION_TYPE.DATA) OPTION_TYPE, -- option type
	     (TRADE.TRADE_DATE)TRADE_DATE,
	     (M2.EXTERNAL_VALUE)SELLER,
	     (TRADE.SIDE_A_MANAGER_ID)SIDE_A_MANAGER,
	     (M1.EXTERNAL_VALUE)BUYER,
	     (TRADE.SIDE_B_MANAGER_ID)SIDE_B_MANAGER,
	     (NOE.EXPIRY_DATE)EXPIRY,
	     (TRADE.SETTLEMENT_DATE)VALUE_DATE,
	     (NOE.EXPIRY_TIME)CUTOFF_TIME,
	     (NOE.CUT_OFF_ZONE)CUTOFF_CITY,
	     (C_SETTLEMENT.DATA)SETTLEMENT,
	     (C_OPTION_STYLE.DATA) OPTION_STYLE,
	     (TRADE.PRIMIUM_AMOUNT) PREMIUM_AMOUNT,
	     (PREMIUM_CURRENCY.NAME) PREMIUM_CURRENCY,
	     (NOE.PREMIUM_DATE) PREMIUM_DATE,
	     (NOE.PRICE_PAID)PRICE_PAID,
	     (C_PREMIUM_TYPE.DATA)PREMIUM_TYPE,
	     (C1.DATA) CONTRACT_TYPE,
	     I2.NAME, -- secondary ccy
	     TRADE.QUANTITY,
	     I1.NAME, -- base ccy
	     TRADE.QUANTITY2,
	     (NOE.RATE) STRIKE,
	     (C_STRIKE_Q_MODE.DATA) STRIKE_QUOTE_MODE,
	     (C_BARRIER_TYPE.DATA)BARRIER_TYPE,
	     (NOE.BARRIER_LEVEL)BARRIER_LEVEL,
	     (NOE.LOWER_BARRIER_LEVEL)BARRIER_LOWER,
	     (NOE.UPPER_BARRIER_LEVEL)BARRIER_UPPER,
	     (C_REBATE_QUOTE_MODE.DATA)REBATE_QUOTE_MODE,
	     (NOE.REBATE_PERCENT_1)REBATE_PERCENT_1,
	     (NOE.REBATE_PERCENT_2)REBATE_PERCENT_2,
	     (C_REBATE_TYPE.DATA)REBATE_TYPE,
	     (CCY_PAYOUT.NAME)CCY_PAYOUT,
	     (NOE.PAYOUT_AMOUNT)PAYOUT_AMOUNT,
	     (C_AGREEMENT.DATA) AGREEMENT,
	     (PB_MAP.EXTERNAL_VALUE)PRIME_BROKE,
	     (CASE WHEN TRADE.SIDE_A_ORG_ID = 1000000 THEN 'SELL' ELSE 'BUY' END)PB_ROLE,
	     (C.DATA) TRADE_TYPE,
	     TG.ID, -- tg id  (traiana ID)
	     (C_TR_BOR.DATA)STATUS_BOR,
	     TRADE.TRADING_ACTIVITY_SIDE_A, -- sell  NOE    (swaped)
	     TRADE.TRADING_ACTIVITY_SIDE_B, -- buyer NOE    (swaped)
	     TRADE.TERMINATED_DATE, --cr 5160
	     (NOE.VALUE_DATE) FWD_DATE,
	     TRADE.SIDE_A_ORG_ID,
	     TRADE.SIDE_B_ORG_ID
FROM
	     FXPB_OPTION_TRADE	TG,--TRADE GROUP
	     FXPB_OPTION_TRADE	TRADE,--TRADE
	     A_TA_TA_REL B,
	     FXPB_OPTION_NOE NOE,
	     ARCH_DATA_MAPPING M1, -- buyer da
	     ARCH_DATA_MAPPING M2, -- seller da
	     A_INSTRUMENT I1, -- base currency
	     A_INSTRUMENT I2, -- secondary currency
	     A_INSTRUMENT PREMIUM_CURRENCY, -- premium currency
	     ARCH_CODE_MEMBER C1, -- contract type
	     ARCH_CODE_MEMBER C_TR_LG, -- lifecycle status
	     ARCH_CODE_MEMBER C_TR_BOR, -- BOR status
	     ARCH_CODE_MEMBER C_TR_OPTION, -- OPTION status
	     ARCH_CODE_MEMBER C, -- trade type
	     ARCH_CODE_MEMBER C_AGREEMENT, -- trade type
	     ARCH_CODE_MEMBER C_STRIKE_Q_MODE, -- Strike quote mode
	     ARCH_CODE_MEMBER C_OPTION_TYPE, -- Option type
	     ARCH_CODE_MEMBER C_BARRIER_TYPE, -- Barrier Type
	     ARCH_CODE_MEMBER C_OPTION_STYLE, -- Option style
	     ARCH_CODE_MEMBER C_SETTLEMENT, -- Delivery method
	     ARCH_CODE_MEMBER C_PREMIUM_TYPE, -- PREMIUM TYPE
	     ARCH_CODE_MEMBER C_REBATE_QUOTE_MODE, -- rebate quote mode
	     ARCH_CODE_MEMBER C_REBATE_TYPE,
	     A_INSTRUMENT CCY_PAYOUT,	 -- Payout Ccy
	     ARCH_DATA_MAPPING PB_MAP -- prime broker mapping
WHERE
	     TG.TYPE = 4009
	     AND      B.PARENT_TA_ID = TG.ID
	     AND B.RELATION = 13
	     AND B.CHILD_TA_ID = TRADE.ID--GET CHILD TA
	     AND NOE.ID = TRADE.TRADING_ACTIVITY_SIDE_A
	     --  base currency
	     AND NOE.BASE_INSTRUMENT_ID=I1.ID
	     AND I1.TYPE = 5006 -- currency
	     --  secondary currency
	     AND NOE.SECONDARY_INSTRUMENT_ID=I2.ID
	     AND I2.TYPE = 5006 -- currency
	     -- life status
	     AND C_TR_LG.CODE_KEY = TO_CHAR(TRADE.LIFE_STATUS)
	     AND C_TR_LG.GROUP_ID = 1001018
	     AND TRADE.LIFE_STATUS IN (2,5)
	     -- BOR status
	     AND C_TR_BOR.CODE_KEY = TO_CHAR(TRADE.BOR_STATUS)
	     AND C_TR_BOR.GROUP_ID = 1001019
	     -- OPTION status
	     AND C_TR_OPTION.CODE_KEY = TO_CHAR(TRADE.OPTION_STATUS)
	     AND C_TR_OPTION.GROUP_ID = 1100025
	     --trade type
	     AND C.CODE_KEY=  TO_CHAR(NOE.TRADE_TYPE)
	     AND C.GROUP_ID=1000024
	     -- side a mapping
	     AND TRADE.SIDE_B_ORG_ID=M1.INTERNAL_VALUE
	     AND M1.MAP_TYPE IN (3,7) -- organization  or fund
	     AND M1.NAMER_ID=1000000
	     AND M1.STATUS=1
	     AND M1.TYPE=0
	     -- side b mapping
	     AND TRADE.SIDE_A_ORG_ID=M2.INTERNAL_VALUE
	     AND M2.MAP_TYPE IN (3,7) -- organization  or fund
	     AND M2.NAMER_ID=1000000
	     AND M2.STATUS=1
	     AND M2.TYPE=0
	     --contract type
	     AND C1.CODE_KEY= TO_CHAR(NOE.CONTRACT_TYPE)
	     AND C1.GROUP_ID=1100021
	     -- Agreement
	     AND C_AGREEMENT.CODE_KEY = TO_CHAR(NOE.AGREEMENT)
	     AND C_AGREEMENT.GROUP_ID = 1000032
	     -- Strike Quote Mode
	     AND C_STRIKE_Q_MODE.CODE_KEY = TO_CHAR(NOE.STRIKE_QUOTE_MODE)
	     AND C_STRIKE_Q_MODE.GROUP_ID = 1100024
	     -- Option type
	     AND C_OPTION_TYPE.CODE_KEY = TO_CHAR(NOE.OPTION_TYPE)
	     AND C_OPTION_TYPE.GROUP_ID = 1100022
	     -- Option style
	     AND C_OPTION_STYLE.CODE_KEY = TO_CHAR(NOE.OPTION_STYLE)
	     AND C_OPTION_STYLE.GROUP_ID = 1100020
	     --Barrier Type
	     AND C_BARRIER_TYPE.CODE_KEY = TO_CHAR(NOE.BARRIER_TYPE)
	     AND C_BARRIER_TYPE.GROUP_ID = 1100045
	     -- settlement
	     AND C_SETTLEMENT.CODE_KEY = TO_CHAR(NOE.DELIVERY_METHOD)
	     AND C_SETTLEMENT.GROUP_ID = 1100023
	     --premium currency
	     AND NOE.PREMIUM_CCY=PREMIUM_CURRENCY.ID
	     AND PREMIUM_CURRENCY.TYPE = 5006 -- currency
	     -- PREMIUM TYPE
	     AND C_PREMIUM_TYPE.CODE_KEY = TO_CHAR(NOE.PREMIUM_TYPE)
	     AND C_PREMIUM_TYPE.GROUP_ID =1100019
	     -- REBATE_QUOTE_MODE
	     AND C_REBATE_QUOTE_MODE.CODE_KEY = NVL(TO_CHAR(NOE.REBATE_QUOTE_MODE), 0)
	     AND C_REBATE_QUOTE_MODE.GROUP_ID = 1100046
	     -- Payout Ccy
	     AND NOE.PAYOUT_CURRENCY = CCY_PAYOUT.ID(+)
	     AND CCY_PAYOUT.TYPE(+) = 5006 -- currency
	     --rebate type
	     AND C_REBATE_TYPE.CODE_KEY = NVL(TO_CHAR(NOE.REBATE_TYPE),0)
	     AND C_REBATE_TYPE.GROUP_ID = 1100031
	     -- pb mapping
	     AND NOE.PB_ID = PB_MAP.INTERNAL_VALUE
	     AND PB_MAP.MAP_TYPE IN (3,7) -- organization  or fund
	     AND PB_MAP.NAMER_ID=1000000
	     AND PB_MAP.STATUS=1
	     AND PB_MAP.TYPE=0;


----------------------------------------------------------------------
CREATE OR REPLACE VIEW V_FXPB_REPORT_NOE ( ID,
CLIENT_REF, APPROVAL, APPR_REASON, RECON,
ALLOC, LIFECYCLE, CREATION_DATE, ENTERING_ORG,
SETTLEMENT_DATE, SUBMITTER_PERSON, TRADE_DATE, RATE,
SIDE_A, SIDE_B, TRADER, U_FAR_RATE,
BASE_CCY, SECONDARY_CCY, CONTRACT_TYPE, DIRECTION,
QUANTITY, QUANTITY2, VALUE_DATE, FAR_QUANTITY,
FAR_QUANTITY2, FAR_VALUE_DATE, REPORTER, TRADE_TYPE,
NEW_NOE, OLD_NOE, IS_DUMMY, AGREEMENT,
SPOT_RATE, FORWARD_POINTS, TRADER_MARKUP, FORWARD_MARKUP,
FAR_SPOT_RATE, FAR_FORWARD_POINTS, FAR_TRADER_MARKUP, FAR_FORWARD_MARKUP, TP_ROLE,
ORIGIN_SYSTEM
 ) AS SELECT  /*+ ordered */
 NOE.ID,
 NOE.EXTERNAL_REF,
 C_APPR.DATA,
 (NOE.APPROVE_STATUS_REASON)APPR_REASON,
 C_RECON.DATA,
 C_ALLOC.DATA,
 C_LIFE.DATA,
 NOE.CREATION_DATE,
 I.EXTERNAL_VALUE,
 NOE.SETTLEMENT_DATE,
 D.EXTERNAL_VALUE,
 NOE.TRADE_DATE,
 NOE.RATE,
 E.EXTERNAL_VALUE,
 F.EXTERNAL_VALUE,
 J.FIRST_NAME||' '||J.LAST_NAME,
 NOE.U_FAR_RATE,
 G.NAME,
 H.NAME,
 C1.DATA,
 C2.DATA,
 NOE.QUANTITY,
 NOE.QUANTITY2,
 NOE.VALUE_DATE,
 NOE.FAR_QUANTITY,
 NOE.FAR_QUANTITY2,
 NOE.FAR_VALUE_DATE,
 NOE.REPORTER,
C3.DATA,
NOE.NEW_ID,
NOE.OLD_ID,
case when NOE.IS_DUMMY = 1 then 'yes' else 'no' end,
C_AGREEMENT.DATA,
  NOE.SPOT_RATE,
  NOE.FORWARD_POINTS,
  NOE.TRADER_MARKUP,
  NOE.FORWARD_MARKUP,
  NOE.FAR_SPOT_RATE,
  NOE.FAR_FORWARD_POINTS,
  NOE.FAR_TRADER_MARKUP,
  NOE.FAR_FORWARD_MARKUP,
 (CASE WHEN TP_ROLE.ROLE = '1000002' THEN 'bank' ELSE 'client' END) TP_ROLE,
  NOE.ORIGIN
FROM
FXPB_NOE NOE,
ARCH_DATA_MAPPING D, -- submitter
ARCH_DATA_MAPPING E, -- side a
ARCH_DATA_MAPPING F, -- side  b
A_INSTRUMENT G, -- base currency
A_INSTRUMENT H, -- secondary currency
ARCH_DATA_MAPPING I, --  entering org
A_PERSON J, --  trader (optional)
ARCH_CODE_MEMBER C1, -- contract type
ARCH_CODE_MEMBER C2, -- direction
ARCH_CODE_MEMBER C3, -- trade type
ARCH_CODE_MEMBER C_APPR, -- approval status
ARCH_CODE_MEMBER C_RECON, -- reconstatus
ARCH_CODE_MEMBER C_ALLOC, -- alloc status
ARCH_CODE_MEMBER C_LIFE, -- lifecycle status
ARCH_CODE_MEMBER C_AGREEMENT, --  Agreement
A_ORGANIZATION TP,
A_OBJECT_ROLE TP_ROLE
WHERE
 NOE.SUBMITTER_PERSON_ID = D.INTERNAL_VALUE
 AND D.MAP_TYPE=4 -- person
 AND D.NAMER_ID=1000000
 AND D.STATUS=1
 AND D.TYPE=0
 -- side a mapping
 AND NOE.SIDE_A_ORG_ID=E.INTERNAL_VALUE
 AND E.MAP_TYPE=3 -- organization
 AND E.NAMER_ID=1000000
 AND E.STATUS=1
 AND E.TYPE=0
 -- side b mapping
 AND NOE.SIDE_B_ORG_ID=F.INTERNAL_VALUE
 AND F.MAP_TYPE=3 -- organization
 AND F.NAMER_ID=1000000
 AND F.STATUS=1
 AND F.TYPE=0
 --  base currency
 AND NOE.BASE_INSTRUMENT_ID=G.ID
 AND G.TYPE = 5006 -- currency
 --  secondary currency
 AND NOE.SECONDARY_INSTRUMENT_ID=H.ID
 AND H.TYPE = 5006 -- currency
 -- entering org mapping
 AND  NOE.ENTERING_ORG_ID=I.INTERNAL_VALUE
 AND I.MAP_TYPE=3 -- organization
 AND I.NAMER_ID=1000000
 AND I.STATUS=1
 AND I.TYPE=0
 -- optional trader
 AND NOE.TRADER_ID = J.ID(+)
 --contract type
  AND C1.CODE_KEY= TO_CHAR(NOE.CONTRACT_TYPE)
  AND C1.GROUP_ID=1000022
  --direction
  AND C2.CODE_KEY=  TO_CHAR(NOE.DIRECTION)
  AND C2.GROUP_ID=1000021
  --trade type
  AND C3.CODE_KEY=  TO_CHAR(NOE.TRADE_TYPE)
  AND C3.GROUP_ID=1000024
  -- approval status
  AND C_APPR.CODE_KEY = TO_CHAR(NOE.APPROVE_STATUS)
  AND C_APPR.GROUP_ID = 1001011
  -- recon status
  AND C_RECON.CODE_KEY = TO_CHAR(NOE.RECON_STATUS)
  AND C_RECON.GROUP_ID = 1001012
  -- alloc status
  AND C_ALLOC.CODE_KEY = TO_CHAR(NOE.ALLOC_STATUS)
  AND C_ALLOC.GROUP_ID = 1001013
  -- life status
  AND C_LIFE.CODE_KEY = TO_CHAR(NOE.LIFE_STATUS)
  AND C_LIFE.GROUP_ID = 1001014
  -- Agreement
  AND C_AGREEMENT.CODE_KEY = TO_CHAR(NOE.AGREEMENT)
  AND C_AGREEMENT.GROUP_ID = 1000032
  AND TP.ID = NOE.SIDE_A_ORG_ID
  AND TP.ID = TP_ROLE.OBJECT_ID
  AND TP_ROLE.OBJECT_TYPE = 1000
;


--------------------------------------------------------------------
CREATE OR REPLACE VIEW V_FXPB_REPORT_OPTION_NOE ( ID,
ALLOC, RECON, APPROVAL, APPR_REASON,
LIFECYCLE, SIDE_A, SIDE_B, OPTION_TYPE,
DIRECTION, EXPIRY_DATE, SETTLEMENT_DATE, VALUE_DATE,
CONTRACT_TYPE, SECONDARY_CCY, QUANTITY, BASE_CCY,
QUANTITY2, STRIKE, STRIKE_QUOTE_MODE, OPTION_STYLE,
PRICE_PAID, PREMIUM_TYPE, PREMIUM_AMOUNT, PREMIUM_CCY,
PREMIUM_DATE, BARRIER_TYPE, BARRIER_LEVEL, LOWER_BARRIER_LEVEL,
UPPER_BARRIER_LEVEL, REBATE_PERCENT_1, REBATE_PERCENT_2, REBATE_QUOTE_MODE,
REBATE_TYPE, PAYOUT_AMOUNT, PAYOUT_CCY, TRADER,
TRADE_DATE, CREATION_DATE, EXTERNAL_REF, TRADE_TYPE,
PORTFOLIO, IS_DUMMY, AGREEMENT, SUBMITTER_PERSON,
ENTERING_ORG, CUT_OFF_ZONE, UNDERLYING_CLIENT_REF, DELIVERY_METHOD,
REPORTER, NEW_NOE, OLD_NOE, OPTION_CONTRACT_TYPE,
EXPIRY_TIME, DATE_TERMINATED, NDF, NDF_FIXING_DATE,
NDF_LINKED_TRADE, TP_ROLE, ORIGIN_SYSTEM ) AS SELECT  /*+ ordered */
 NOE.ID,
 (C_ALLOC.DATA) ALLOC,
 (C_RECON.DATA) RECON,
 (C_APPR.DATA) APPROVAL,
 (NOE.APPROVE_STATUS_REASON)APPR_REASON,
 (C_LIFE.DATA) LIFECYCLE,
 (E.EXTERNAL_VALUE) SIDE_A,
 (F.EXTERNAL_VALUE) SIDE_B,
 (C_OPTION_TYPE.DATA) OPTION_TYPE,
 (C2.DATA) DIRECTION,
 NOE.EXPIRY_DATE,
 NOE.SETTLEMENT_DATE,
 NOE.VALUE_DATE,
 (C1.DATA) CONTRACT_TYPE,
 (H.NAME) SECONDARY_CCY,
 NOE.QUANTITY,
 (G.NAME) BASE_CCY,
 NOE.QUANTITY2,
 (NOE.RATE) STRIKE,
 (C_STRIKE_Q_MODE.DATA) STRIKE_QUOTE_MODE,
 (C_OPTION_STYLE.DATA) OPTION_STYLE,
 NOE.PRICE_PAID,
 (C_PREMIUM_TYPE.DATA) PREMIUM_TYPE,
 NOE.PREMIUM_AMOUNT,
 (CCY_PREMIUM.NAME) PREMIUM_CCY,
 NOE.PREMIUM_DATE,
(C_BARRIER_TYPE.DATA)BARRIER_TYPE,
 NOE.BARRIER_LEVEL,
 NOE.LOWER_BARRIER_LEVEL,
 NOE.UPPER_BARRIER_LEVEL,
 NOE.REBATE_PERCENT_1,
 NOE.REBATE_PERCENT_2,
 (C_REBATE_QUOTE_MODE.DATA)REBATE_QUOTE_MODE,
 (C_REBATE_TYPE.DATA) REBATE_TYPE,
 NOE.PAYOUT_AMOUNT,
 (CCY_PAYOUT.NAME) PAYOUT_CCY,
 (J.FIRST_NAME||' '||J.LAST_NAME) TRADER,
 NOE.TRADE_DATE,
 NOE.CREATION_DATE,
 NOE.EXTERNAL_REF,
 (C3.DATA) TRADE_TYPE,
 D_MAP_NAME.EXTERNAL_VALUE,
 (CASE WHEN NOE.IS_DUMMY = 1 THEN 'true' ELSE 'false' END) IS_DUMMY,
 (C_AGREEMENT.DATA) AGREEMENT,
 (D.EXTERNAL_VALUE) SUBMITTER_PERSON,
 (I.EXTERNAL_VALUE) ENTERING_ORG,
 NOE.CUT_OFF_ZONE,
 NOE.UNDERLYING_CLIENT_REF,
 (C_DELIVERY_METHOD.DATA) DELIVERY_METHOD,
 NOE.REPORTER,
 (NOE.NEW_ID) NEW_NOE,
 (NOE.OLD_ID) OLD_NOE,
 (C_OPTION_C_TYPE.DATA) OPTION_CONTRACT_TYPE,
 NOE.EXPIRY_TIME,
 NOE.DATE_TERMINATED,
 (CASE WHEN NOE.NDF = 1 THEN 'true' ELSE 'false' END) NDF,
 NOE.NDF_FIXING_DATE,
 NOE.NDF_LINKED_TRADE,
 (CASE WHEN TP_ROLE.ROLE = '1000002' THEN 'bank' ELSE 'client' END) TP_ROLE,
 NOE.ORIGIN
FROM
FXPB_OPTION_NOE NOE,
ARCH_DATA_MAPPING D, -- submitter
ARCH_DATA_MAPPING E, -- side a
ARCH_DATA_MAPPING F, -- side  b
A_INSTRUMENT G, -- base currency
A_INSTRUMENT H, -- secondary currency
ARCH_DATA_MAPPING I, --  entering org
A_PERSON J, --  trader (optional)
ARCH_CODE_MEMBER C1, -- contract type
ARCH_CODE_MEMBER C2, -- direction
ARCH_CODE_MEMBER C3, -- trade type
ARCH_CODE_MEMBER C_APPR, -- approval status
ARCH_CODE_MEMBER C_RECON, -- reconstatus
ARCH_CODE_MEMBER C_ALLOC, -- alloc status
ARCH_CODE_MEMBER C_LIFE, -- lifecycle status
ARCH_CODE_MEMBER C_AGREEMENT, --  Agreement
ARCH_CODE_MEMBER C_STRIKE_Q_MODE, -- Strike quote mode
A_INSTRUMENT CCY_PAYOUT,	 -- Payout Ccy
A_INSTRUMENT CCY_PREMIUM,	-- Premium Ccy
ARCH_CODE_MEMBER C_PREMIUM_TYPE, -- Premium Type
ARCH_CODE_MEMBER C_OPTION_STYLE, -- Option style
ARCH_CODE_MEMBER C_OPTION_C_TYPE, -- Option contract type
ARCH_CODE_MEMBER C_OPTION_TYPE, -- Option type
ARCH_CODE_MEMBER C_DELIVERY_METHOD, -- Delivery method
ARCH_CODE_MEMBER C_BARRIER_TYPE, -- Barrier Type
ARCH_CODE_MEMBER C_REBATE_QUOTE_MODE, -- rebate quote mode
ARCH_CODE_MEMBER C_REBATE_TYPE, -- rebate type
A_ORGANIZATION TP,
A_OBJECT_ROLE TP_ROLE,
ARCH_DATA_MAPPING D_MAP_NAME
WHERE
 NOE.SUBMITTER_PERSON_ID = D.INTERNAL_VALUE
 AND D.MAP_TYPE=4 -- person
 AND D.NAMER_ID=1000000
 AND D.STATUS=1
 AND D.TYPE=0
 -- side a mapping
 AND NOE.SIDE_A_ORG_ID=E.INTERNAL_VALUE
 AND E.MAP_TYPE=3 -- organization
 AND E.NAMER_ID=1000000
 AND E.STATUS=1
 AND E.TYPE=0
 -- side b mapping
 AND NOE.SIDE_B_ORG_ID=F.INTERNAL_VALUE
 AND F.MAP_TYPE=3 -- organization
 AND F.NAMER_ID=1000000
 AND F.STATUS=1
 AND F.TYPE=0
 --  base currency
 AND NOE.BASE_INSTRUMENT_ID=G.ID
 AND G.TYPE = 5006 -- currency
 --  secondary currency
 AND NOE.SECONDARY_INSTRUMENT_ID=H.ID
 AND H.TYPE = 5006 -- currency
 -- entering org mapping
 AND  NOE.ENTERING_ORG_ID=I.INTERNAL_VALUE
 AND I.MAP_TYPE=3 -- organization
 AND I.NAMER_ID=1000000
 AND I.STATUS=1
 AND I.TYPE=0
 -- optional trader
 AND NOE.TRADER_ID = J.ID(+)
 --contract type
  AND C1.CODE_KEY= TO_CHAR(NOE.CONTRACT_TYPE)
  AND C1.GROUP_ID=1100021
  --direction
  AND C2.CODE_KEY=  TO_CHAR(NOE.DIRECTION)
  AND C2.GROUP_ID=1000021
  --trade type
  AND C3.CODE_KEY=  TO_CHAR(NOE.TRADE_TYPE)
  AND C3.GROUP_ID=1100026
  -- approval status
  AND C_APPR.CODE_KEY = TO_CHAR(NOE.APPROVE_STATUS)
  AND C_APPR.GROUP_ID = 1001011
  -- recon status
  AND C_RECON.CODE_KEY = TO_CHAR(NOE.RECON_STATUS)
  AND C_RECON.GROUP_ID = 1001012
  -- alloc status
  AND C_ALLOC.CODE_KEY = TO_CHAR(NOE.ALLOC_STATUS)
  AND C_ALLOC.GROUP_ID = 1001013
  -- life status
  AND C_LIFE.CODE_KEY = TO_CHAR(NOE.LIFE_STATUS)
  AND C_LIFE.GROUP_ID = 1001014
  -- Agreement
  AND C_AGREEMENT.CODE_KEY = TO_CHAR(NOE.AGREEMENT)
  AND C_AGREEMENT.GROUP_ID = 1000032
  -- Strike Quote Mode
  AND C_STRIKE_Q_MODE.CODE_KEY = TO_CHAR(NOE.STRIKE_QUOTE_MODE)
  AND C_STRIKE_Q_MODE.GROUP_ID = 1100024
  -- Premium Ccy
  AND NOE.PREMIUM_CCY = CCY_PREMIUM.ID
  AND CCY_PREMIUM.TYPE = 5006 -- currency
  -- Premium Type
  AND C_PREMIUM_TYPE.CODE_KEY = TO_CHAR(NOE.PREMIUM_TYPE)
  AND C_PREMIUM_TYPE.GROUP_ID = 1100019
  -- Option style
  AND C_OPTION_STYLE.CODE_KEY = TO_CHAR(NOE.OPTION_STYLE)
  AND C_OPTION_STYLE.GROUP_ID = 1100020
  -- Option contract type
  AND C_OPTION_C_TYPE.CODE_KEY = TO_CHAR(NOE.CONTRACT_TYPE)
  AND C_OPTION_C_TYPE.GROUP_ID = 1100021
  -- Option type
  AND C_OPTION_TYPE.CODE_KEY = TO_CHAR(NOE.OPTION_TYPE)
  AND C_OPTION_TYPE.GROUP_ID = 1100022
  -- Delivery Method
  AND C_DELIVERY_METHOD.CODE_KEY = TO_CHAR(NOE.DELIVERY_METHOD)
  AND C_DELIVERY_METHOD.GROUP_ID = 1100023
  -- Payout Ccy
  AND NOE.PAYOUT_CURRENCY = CCY_PAYOUT.ID(+)
  AND CCY_PAYOUT.TYPE(+) = 5006 -- currency
  -- TP Role
  AND TP.ID = NOE.SIDE_A_ORG_ID
  AND TP.ID = TP_ROLE.OBJECT_ID
  AND TP_ROLE.OBJECT_TYPE = 1000
  --Barrier Type
  AND C_BARRIER_TYPE.CODE_KEY = TO_CHAR(NOE.BARRIER_TYPE)
  AND C_BARRIER_TYPE.GROUP_ID = 1100045
  --rebate type
  AND C_REBATE_TYPE.CODE_KEY = NVL(TO_CHAR(NOE.REBATE_TYPE),0)
  AND C_REBATE_TYPE.GROUP_ID = 1100031
  --rebate quote mode
  AND C_REBATE_QUOTE_MODE.CODE_KEY = NVL(TO_CHAR(NOE.REBATE_QUOTE_MODE), 0)
  AND C_REBATE_QUOTE_MODE.GROUP_ID = 1100046
  --portfolio
  AND NOE.PORTFOLIO_ID = D_MAP_NAME.INTERNAL_VALUE
  AND D_MAP_NAME.MAP_TYPE = 10
  AND D_MAP_NAME.TYPE = 0
  AND D_MAP_NAME.NAMER_ID = 1000000;

--++--++--++--++--++--++--++--++--++--++--++--++--++--++--++--++--++--++--++--++--++--++--++--++--++--++--++
-- Build 1.7.14.2:3

--- This fix records that should have update at 1.7.12.1 but left out.
delete arch_report where id in (1101500,1101540,1101600);
INSERT INTO ARCH_REPORT ( ID, NAME, CATALOG_NAME, REPORT_NAME, REPORTING_ENGINE )
    VALUES (1101500, 'EOD Child Trade Report', 'arch-admin', 'com.traiana.sol.jpmc.web.report.eod.EodCTReport', 'com.traiana.core.service.infra.report.imp.archreport.ArchReportService');
INSERT INTO ARCH_REPORT ( ID, NAME, CATALOG_NAME, REPORT_NAME, REPORTING_ENGINE )
    VALUES (1101540, 'EOD NOE Direct Report', 'arch-admin', 'com.traiana.sol.jpmc.web.report.eod.EodNoeDirectReport', 'com.traiana.core.service.infra.report.imp.archreport.ArchReportService');
INSERT INTO ARCH_REPORT ( ID, NAME, CATALOG_NAME, REPORT_NAME, REPORTING_ENGINE )
    VALUES (1101600, 'EOD NOE Giveup Report', 'arch-admin', 'com.traiana.sol.jpmc.web.report.eod.EodNoeGiveupReport', 'com.traiana.core.service.infra.report.imp.archreport.ArchReportService');
---- end leftout records


----option_position_details_report.sql
delete ARCH_REPORT_COLUMN where id=1100811;
INSERT INTO ARCH_REPORT_COLUMN ( ID, REPORT_ID, LOGICAL_NAME, VISIBLE_NAME, FILTER_NAME, TYPE,
VALIDATOR, CONVERTER, HELPER, VISIBILITY, SETTER, ORDER_SEQ, TABLE_NAME, FOOTER_SETTER,
HEADER_SETTER ) VALUES ( 
1100811, 1100800, 'STRIKE', 'Strike', 'Strike', 'Double', 'double', NULL, NULL, NULL
, 'double8', 120, 'STRIKE', NULL, 'nosort'); 




----option_supect_report.sql
delete ARCH_REPORT_COLUMN where id in (1100918,1100921);
INSERT INTO ARCH_REPORT_COLUMN ( ID, REPORT_ID, LOGICAL_NAME, VISIBLE_NAME, FILTER_NAME, TYPE,
VALIDATOR, CONVERTER, HELPER, VISIBILITY, SETTER, ORDER_SEQ, TABLE_NAME, FOOTER_SETTER,
HEADER_SETTER ) VALUES ( 
1100918, 1100900, 'STRIKE', 'Strike', 'Strike', 'Double', 'double', NULL, NULL, NULL
, 'double8', 190, 'STRIKE', NULL, NULL); 
INSERT INTO ARCH_REPORT_COLUMN ( ID, REPORT_ID, LOGICAL_NAME, VISIBLE_NAME, FILTER_NAME, TYPE,
VALIDATOR, CONVERTER, HELPER, VISIBILITY, SETTER, ORDER_SEQ, TABLE_NAME, FOOTER_SETTER,
HEADER_SETTER ) VALUES ( 
1100921, 1100900, 'PRICE_PAID', 'Price Paid', 'Price Paid', 'Double', 'double', NULL
, NULL, NULL, 'double8', 220, 'PRICE_PAID', NULL, NULL); 



----ARCH_REPORT_COLUMN
delete ARCH_REPORT_COLUMN where id in (1000060,1100418,1100421,1102700,1102701,1102709,1102710,1102721,1102726,1102731);
INSERT INTO ARCH_REPORT_COLUMN ( ID, REPORT_ID, LOGICAL_NAME, VISIBLE_NAME, FILTER_NAME, TYPE,
VALIDATOR, CONVERTER, HELPER, VISIBILITY, SETTER, ORDER_SEQ, TABLE_NAME, FOOTER_SETTER,
HEADER_SETTER ) VALUES ( 
1000060, 1000040, 'ID', 'ID', 'ID', 'Long', 'long', NULL, NULL, NULL, NULL
, 0, 'ID', NULL, NULL); 
INSERT INTO ARCH_REPORT_COLUMN ( ID, REPORT_ID, LOGICAL_NAME, VISIBLE_NAME, FILTER_NAME, TYPE,
VALIDATOR, CONVERTER, HELPER, VISIBILITY, SETTER, ORDER_SEQ, TABLE_NAME, FOOTER_SETTER,
HEADER_SETTER ) VALUES ( 
1100418, 1100400, 'STRIKE', 'Strike', 'Strike', 'Double', 'double', NULL, NULL, NULL
, 'double8', 190, 'STRIKE', NULL, NULL); 
INSERT INTO ARCH_REPORT_COLUMN ( ID, REPORT_ID, LOGICAL_NAME, VISIBLE_NAME, FILTER_NAME, TYPE,
VALIDATOR, CONVERTER, HELPER, VISIBILITY, SETTER, ORDER_SEQ, TABLE_NAME, FOOTER_SETTER,
HEADER_SETTER ) VALUES ( 
1100421, 1100400, 'PRICE_PAID', 'Price Paid', 'Price Paid', 'Double', 'double', NULL
, NULL, NULL, 'double8', 220, 'PRICE_PAID', NULL, NULL); 
INSERT INTO ARCH_REPORT_COLUMN ( ID, REPORT_ID, LOGICAL_NAME, VISIBLE_NAME, FILTER_NAME, TYPE,
VALIDATOR, CONVERTER, HELPER, VISIBILITY, SETTER, HEADER_SETTER, FOOTER_SETTER, ORDER_SEQ,
TABLE_NAME ) VALUES ( 
1102700, 1102700, 'TradeDate', 'Trade Date', 'Trade Date', 'Date', 'dateOrToday', NULL
, NULL, NULL, NULL, NULL, NULL, 90, 'trunc(TradeDate)'); 
INSERT INTO ARCH_REPORT_COLUMN ( ID, REPORT_ID, LOGICAL_NAME, VISIBLE_NAME, FILTER_NAME, TYPE,
VALIDATOR, CONVERTER, HELPER, VISIBILITY, SETTER, HEADER_SETTER, FOOTER_SETTER, ORDER_SEQ,
TABLE_NAME ) VALUES ( 
1102701, 1102700, 'ValueDate', 'Value Date', 'Value Date', 'Date', 'dateOrToday', NULL
, NULL, NULL, NULL, NULL, NULL, 150, 'trunc(ValueDate)'); 
INSERT INTO ARCH_REPORT_COLUMN ( ID, REPORT_ID, LOGICAL_NAME, VISIBLE_NAME, FILTER_NAME, TYPE,
VALIDATOR, CONVERTER, HELPER, VISIBILITY, SETTER, HEADER_SETTER, FOOTER_SETTER, ORDER_SEQ,
TABLE_NAME ) VALUES ( 
1102709, 1102700, 'PremiumDate', 'Premium Date', 'Premium Date', 'Date', 'dateOrToday'
, NULL, NULL, NULL, NULL, NULL, NULL, 220, 'trunc(PremiumDate)'); 
INSERT INTO ARCH_REPORT_COLUMN ( ID, REPORT_ID, LOGICAL_NAME, VISIBLE_NAME, FILTER_NAME, TYPE,
VALIDATOR, CONVERTER, HELPER, VISIBILITY, SETTER, HEADER_SETTER, FOOTER_SETTER, ORDER_SEQ,
TABLE_NAME ) VALUES ( 
1102710, 1102700, 'ExpiryDate', 'Expiry Date', 'Expiry Date', 'Date', 'dateOrToday'
, NULL, NULL, NULL, NULL, NULL, NULL, 140, 'trunc(ExpiryDate)'); 
INSERT INTO ARCH_REPORT_COLUMN ( ID, REPORT_ID, LOGICAL_NAME, VISIBLE_NAME, FILTER_NAME, TYPE,
VALIDATOR, CONVERTER, HELPER, VISIBILITY, SETTER, HEADER_SETTER, FOOTER_SETTER, ORDER_SEQ,
TABLE_NAME ) VALUES ( 
1102721, 1102700, 'MurexAccount', 'Murex Account', 'Murex Account', 'String', 'string'
, NULL, NULL, NULL, NULL, NULL, NULL, 120, 'MurexAccount'); 
INSERT INTO ARCH_REPORT_COLUMN ( ID, REPORT_ID, LOGICAL_NAME, VISIBLE_NAME, FILTER_NAME, TYPE,
VALIDATOR, CONVERTER, HELPER, VISIBILITY, SETTER, HEADER_SETTER, FOOTER_SETTER, ORDER_SEQ,
TABLE_NAME ) VALUES ( 
1102726, 1102700, 'Price', 'Price Paid', 'Price Paid', 'Double', 'double', NULL, NULL
, NULL, NULL, NULL, 'double8', 230, 'Price'); 
INSERT INTO ARCH_REPORT_COLUMN ( ID, REPORT_ID, LOGICAL_NAME, VISIBLE_NAME, FILTER_NAME, TYPE,
VALIDATOR, CONVERTER, HELPER, VISIBILITY, SETTER, HEADER_SETTER, FOOTER_SETTER, ORDER_SEQ,
TABLE_NAME ) VALUES ( 
1102731, 1102700, 'Strike', 'Strike', 'Strike', 'Double', 'double', NULL, NULL, NULL
, NULL, NULL, 'double8', 300, 'Strike'); 



----FXPB_PREDEFINED_QUERIES
delete FXPB_PREDEFINED_QUERIES where id=1000032;
INSERT INTO FXPB_PREDEFINED_QUERIES ( ID, ARCH_WEB_URI_ID, QUERY_URL, ORDER_SEQ, NAME )
    VALUES ( 1000032, 1100402, '/archadm/optionctrep.lwp?g0_fCond==&g0_fName=EXPIRY_DATE&g0_fOp=AND&g0_fValue=today%2B1&g0_fltr=0&g0_fId=0&g0_fParentId=-1&g0_fVisibility=0&g1_fCond==&g1_fName=OPTION_STATUS&g1_fValue=Active&g1_fOp=NONE&g1_fltr=1&g1_fId=1&g1_fParentId=-1&g1_fVisibility=0&ExecuteFromLink=ExecuteFromLink&RecCount=15', 6, 'Unexercised Child Trade options expiring tomorrow');

--++--++--++--++--++--++--++--++--++--++--++--++--++--++--++--++--++--++--++--++--++--++--++--++--++--++--++
-- 1.7.14.2:4

---- option_position_details_report
delete ARCH_REPORT_COLUMN where id=1100830;
INSERT INTO ARCH_REPORT_COLUMN ( ID, REPORT_ID, LOGICAL_NAME, VISIBLE_NAME, FILTER_NAME, TYPE, VALIDATOR, CONVERTER, HELPER, VISIBILITY, SETTER, ORDER_SEQ, TABLE_NAME, FOOTER_SETTER, HEADER_SETTER )
VALUES (1100830, 1100800, 'MUREX_ID', 'Contract ID', 'Contract ID', 'Long', 'long', NULL, NULL, NULL, NULL, 15, 'MUREX_ID', NULL, 'nosort');

CREATE OR REPLACE VIEW V_FXPB_REPORT_OPTION_POSITION ( GROUP_ID,
TRAIANA_ID, MUREX_ID, EXPIRY_DATE, STRIKE,
TRADER_ID, PORTFOLIO_ID, AGREEMENT_ID, TRD_TYPE,
FUND_ID, CLIENT_ID, EB_ID, PB_ID,
COUNTERPARTY_ID, OPTION_TYPE, CONTRACT_TYPE, PRICE,
PREMIUM_TYPE_ID, PREMIUM_CCY, RISK_NOTIONAL, BASE_NOTIONAL,
BASE_CCY_ID, RISK_CCY_ID, BASE_CCY, RISK_CCY,
DIRECTION, INSTRUMENT_ID, DELTA_CCY, DELTA_CCY_ID,
DELTA, SPOT_RATE, SPOT_DATE, CCY_PAIR,
GAMMA, VEGA, VOLATILITY, RATE_DIRECTION,
UNREALIZED_DAILY_PNL, UNREALIZES_MTM, UNREALIZED_M2D, REALIZED_DAILY_PNL,
REALIZES_MTM, REALIZED_M2D, TOTAL_DAILY_PNL, TOTAL_MTM_PNL,
TOTAL_MTD_PNL, FAKE_ROW, CORRECT_CCY_PAIR) AS SELECT
	   TG.ID as GROUP_ID
	   ,TRD.ID as TRAIANA_ID
	   ,TRD.OPTION_BO_TRADE_ID as MUREX_ID
 	   ,TRD.EXPIRY_DATE as EXPIRY_DATE
	   ,TRD.RATE as STRIKE
	   ,TRD.TRADER_ID as TRADER_ID
	   ,TRD.PORTFOLIO_ID as PORTFOLIO_ID
	   ,TRD.AGREEMENT as AGREEMENT_ID
	   --
	   ,(case when ((TRD.ROLE_A = 1000002) OR (TRD.ROLE_B = 1000002)) then (1) else
	    (case when ((TRD.ROLE_A = 1000003) OR (TRD.ROLE_B = 1000003)) then (2) else
		(case when ((TRD.ROLE_A = 1000004) OR (TRD.ROLE_B = 1000004)) then (3) else (0)
		end) end) end) as TRD_TYPE -- Bank = 1, Client = 2, Fund = 3
    	,(case when (TRD.ROLE_A=1000004) then TRD.SIDE_A_ORG_ID else (case when (TRD.ROLE_B=1000004) then TRD.SIDE_B_ORG_ID else (-1) end) end) as FUND_ID
	--
		,(case when (NOE.ROLE_A = 1000003) then (NOE.SIDE_A_ORG_ID) else (NOE.SIDE_B_ORG_ID) end) as CLIENT_ID
		,(case when (NOE.ROLE_A = 1000002) then (NOE.SIDE_A_ORG_ID) else (NOE.SIDE_B_ORG_ID) end) as EB_ID
		,NOE.PB_ID as PB_ID
	--
	   ,(case when (NOE.ROLE_A=1000002) then NOE.SIDE_A_ORG_ID else NOE.SIDE_B_ORG_ID end) as COUNTERPARTY_ID
	   ,OTYPE.NAME as OPTION_TYPE
	   ,CTYPE.NAME as CONTRACT_TYPE
	--
	   --,NOE.PREMIUM_AMOUNT as PRICE  <-- CR5922
	   ,NVL(MDVALEXT.MTM_PRICE, 0) as PRICE
	   ,NOE.PREMIUM_TYPE as PREMIUM_TYPE_ID
	   ,INSTR4.NAME as PREMIUM_CCY
	--
	   ,TRD.QUANTITY as RISK_NOTIONAL
	   ,TRD.QUANTITY2 as BASE_NOTIONAL
	--
	   ,NOE.BASE_INSTRUMENT_ID as BASE_CCY_ID --ccy2
	   ,NOE.SECONDARY_INSTRUMENT_ID as RISK_CCY_ID --ccy1
	   ,INSTR2.NAME as BASE_CCY
       ,INSTR1.NAME as RISK_CCY
	--
	   ,(case when(NOE.ROLE_A = 1000003) then (case when(NOE.DIRECTION=1) then ('Buy') else ('Sell') end)
	   else (case when(NOE.DIRECTION=1) then ('Sell') else ('Buy') end) end) as DIRECTION
		 ,NOE.INSTRUMENT_ID as INSTRUMENT_ID
		 -- FXPB_VAL_MD_OPTION_EXT
		 ,INSTR3.NAME as DELTA_CCY
		 ,NVL(MDVALEXT.GREEKS_CCY_ID, NOE.SECONDARY_INSTRUMENT_ID) as DELTA_CCY_ID
		 ,NVL(MDVALEXT.DELTA, TRD.QUANTITY) as DELTA
		 ,NVL(MDVALEXT.GREEKS_SPOT, 1) as SPOT_RATE
		 ,NVL(MDVALEXT.GREEKS_SPOT_DATE, trunc(SYSDATE)-1) as SPOT_DATE
		 ,NVL(MDVALEXT.CCY_PAIR, 'EURUSD') as CCY_PAIR
		 ,NVL(MDVALEXT.GAMMA, 0) as GAMMA
		 ,NVL(MDVALEXT.VEGA, 0) as VEGA
		 ,NVL(MDVALEXT.VOLATILITY, 0) as VOLATILITY
		 ,NVL(MDVALEXT.IS_BASE_CCY_FIRST, 0) as RATE_DIRECTION
		 -- unrealised
		 ,NVL(MDVALEXT.UNREALIZED_DAILY_PNL, 0) as UNREALIZED_DAILY_PNL
		 ,NVL(MDVALEXT.UNREALIZED_INC_PNL, 0) as UNREALIZES_MTM
		 ,NVL(MDVALEXT.UNREALIZED_MONTH2DAY_PNL, 0) as UNREALIZED_M2D
		 -- realised
		 ,NVL(MDVALEXT.REALIZED_DAILY_PNL, 0) as REALIZED_DAILY_PNL
		 ,NVL(MDVALEXT.REALIZED_INC_PNL, 0) as REALIZES_MTM
		 ,NVL(MDVALEXT.REALIZED_MONTH2DAY_PNL, 0) as REALIZED_M2D
		 -- total
		 ,NVL((MDVALEXT.UNREALIZED_DAILY_PNL + MDVALEXT.REALIZED_DAILY_PNL), 0) as TOTAL_DAILY_PNL
		 ,NVL((MDVALEXT.UNREALIZED_INC_PNL + MDVALEXT.REALIZED_INC_PNL), 0) as TOTAL_MTM_PNL
		 ,NVL(MDVALEXT.MONTH2DAY_TOTAL_PNL, 0) as TOTAL_MTD_PNL
		 ,(case when (MDVALEXT.MUREX_TRADE_ID = NVL(MDVALEXT.MUREX_TRADE_ID, 0)) then (0) else (1) end) as FAKE_ROW
		 ,ABCR.CCY_PAIR as CORRECT_CCY_PAIR
  FROM
  	   fxpb_option_trade TRD
  	   ,fxpb_option_noe NOE
	   ,fxpb_md_option_ext MDVALEXT
	   ,ARCH_CODE_MEMBER OTYPE   -- Option Type
	   ,ARCH_CODE_MEMBER CTYPE   -- Contract Type
	   ,A_INSTRUMENT INSTR1
	   ,A_INSTRUMENT INSTR2
	   ,A_INSTRUMENT INSTR3
	   ,A_INSTRUMENT INSTR4
	   ,FXPB_OPTION_TRADE  TG--TRADE GROUP
	   ,A_TA_TA_REL RELATION
	   ,ARCH_BILLING_CCY_PAIR ABCR
 WHERE
 	    -- joints
		(TG.TYPE = 4009)
		AND	(RELATION.PARENT_TA_ID = TG.ID)
		AND (RELATION.RELATION = 13)
		AND (RELATION.CHILD_TA_ID = TRD.ID)
		AND (TRD.TRADING_ACTIVITY_SIDE_A = NOE.ID)
		--AND (MDVAL.ID = MDVALEXT.ID)  -- BUG joint should be by murex ID
		AND (TRD.OPTION_BO_TRADE_ID = TO_CHAR(MDVALEXT.MUREX_TRADE_ID(+)))
		AND (OTYPE.GROUP_ID = 1100022) AND (OTYPE.CODE_KEY = NOE.OPTION_TYPE)
	   	AND (CTYPE.GROUP_ID = 3000) AND (CTYPE.CODE_KEY = NOE.CONTRACT_TYPE)
	  	AND (INSTR2.ID = NOE.BASE_INSTRUMENT_ID)
      	AND (INSTR1.ID = NOE.SECONDARY_INSTRUMENT_ID)
		AND (INSTR3.ID = NVL(MDVALEXT.GREEKS_CCY_ID, NOE.SECONDARY_INSTRUMENT_ID))
		AND (INSTR4.ID = NOE.PREMIUM_CCY)
		-- Calculate correct CCY pair
		AND (((ABCR.FIRST_CCY_ID = NOE.BASE_INSTRUMENT_ID)AND(ABCR.SECOND_CCY_ID = NOE.SECONDARY_INSTRUMENT_ID))
		 OR ((ABCR.FIRST_CCY_ID = NOE.SECONDARY_INSTRUMENT_ID)AND(ABCR.SECOND_CCY_ID = NOE.BASE_INSTRUMENT_ID)))
		-- trades filtering
		AND (TRD.TYPE = 4008)			 -- filter group trades
		AND ((TRD.ROLE_A = 1000001) OR (TRD.ROLE_B = 1000001)) -- filters master trade
		AND (TRD.LIFE_STATUS IN (2,5))   -- booked (2), not booked (5)
		--AND ((TRD.BOR_STATUS = 2) OR (TRD.OPTION_BO_TRADE_ID IS NULL))         -- reconciled (2)
		AND (TRD.BOR_STATUS = 2)
		-- OPTION_STATUS active <-> (1)
		AND ((TRD.OPTION_STATUS = 1)  OR (TRD.EXPIRY_DATE >= trunc(SYSDATE)-1));


--++--++--++--++--++--++--++--++--++--++--++--++--++--++--++--++--++--++--++--++--++--++--++--++--++--++--++
-- build 1.7.14.2.5

---- platform
delete ARCH_CODE_GROUP where id=1100048;
INSERT INTO ARCH_CODE_GROUP ( ID, NAME, STATUS, DOMAIN_ID, ATTR, SOURCE, SOLUTION_NAME,GROUP_COMMENT, KEYS_DATA_TYPE, VALUES_DATA_TYPE, CODES_CLASS ) 
	VALUES ( 1100048, 'MessageGroupNames', 1, 100, 0, NULL, 'ALL', 'Message Group Names for connectivity', 'String', 'String', NULL); 


---- solution

---------arch_code_member
delete ARCH_CODE_MEMBER where GROUP_ID=1000024 and CODE_KEY='5' ; 
INSERT INTO ARCH_CODE_MEMBER ( GROUP_ID, CODE_KEY, DATA, NAME, CODE_COMMENT,STATUS )
	VALUES ( 1000024, '5', 'HEDGE', 'HEDGE', 'Hedge Trade Type', 1);
delete ARCH_CODE_MEMBER where GROUP_ID=1001000 and CODE_KEY='5' ; 
INSERT INTO ARCH_CODE_MEMBER ( GROUP_ID, CODE_KEY, DATA, NAME, CODE_COMMENT, STATUS )
    VALUES (1001000, '5', 'ECN', 'ECN', 'Origin System ECN', 1);
delete ARCH_CODE_MEMBER where GROUP_ID=1000106 and CODE_KEY='1005' ; 
INSERT INTO ARCH_CODE_MEMBER ( GROUP_ID, CODE_KEY, DATA, NAME, CODE_COMMENT,STATUS ) 
	VALUES ( 1000106, '1005', 'com.traiana.sol.fxpb.service.financial.position.combination.FXAllDirectPB', 'PB FXAll', 'FXAll with Agreement Type Direct or PB', 1); 
delete ARCH_CODE_MEMBER where GROUP_ID=1000106 and CODE_KEY='1011' ; 
INSERT INTO ARCH_CODE_MEMBER ( GROUP_ID, CODE_KEY, DATA, NAME, CODE_COMMENT,STATUS ) 
	VALUES ( 1000106, '1011', 'com.traiana.sol.fxpb.service.financial.position.combination.FXOptionDirectPB', 'PB FXOption', 'FXOption with Agreement Type Direct or PB', 1); 
delete ARCH_CODE_MEMBER where GROUP_ID=1000107 and CODE_KEY='1006' ; 
INSERT INTO ARCH_CODE_MEMBER ( GROUP_ID, CODE_KEY, DATA, NAME, CODE_COMMENT,STATUS ) 
	VALUES ( 1000107, '1006', 'FXAll Direct+PB', 'PB And Direct FXAll', NULL, 1); 
delete ARCH_CODE_MEMBER where GROUP_ID=1000107 and CODE_KEY='1007' ; 
INSERT INTO ARCH_CODE_MEMBER ( GROUP_ID, CODE_KEY, DATA, NAME, CODE_COMMENT,STATUS ) 
	VALUES (1000107, '1007', 'FXOption Direct+PB', 'PB And Direct FXOption', NULL, 1); 
delete ARCH_CODE_MEMBER where GROUP_ID=1000107 and CODE_KEY='1008' ; 
INSERT INTO ARCH_CODE_MEMBER ( GROUP_ID, CODE_KEY, DATA, NAME, CODE_COMMENT,STATUS ) 
	VALUES ( 1000107, '1008', 'FXAll and FXOption Direct+PB', 'FXAll and FXOption', NULL, 1); 
delete ARCH_CODE_MEMBER where GROUP_ID=1100048 and CODE_KEY='1000900' ; 
INSERT INTO ARCH_CODE_MEMBER ( GROUP_ID, CODE_KEY, DATA, NAME, CODE_COMMENT,STATUS ) 
	VALUES (1100048, '1000900', 'Baxter', 'Baxter', 'Forth Code Group', 1);
delete ARCH_CODE_MEMBER where GROUP_ID=1100048 and CODE_KEY='1000800' ; 
INSERT INTO ARCH_CODE_MEMBER ( GROUP_ID, CODE_KEY, DATA, NAME, CODE_COMMENT,STATUS ) 
	VALUES (1100048, '1000800', 'Caxton', 'Caxton', 'Forth Code Group', 1);


-------arch_event
delete ARCH_EVENT where id in (1000041,1000042,1000043,1000044);
INSERT INTO ARCH_EVENT ( ID, NAME, TYPE, TRANSFORMER_DOC, DESCRIPTION, TRANSFORMER_PARSER )
	VALUES ( 1000041, 'Book New Option Trade Of Type Hedged', 1, 'booktrade_out', 'Book new Hedge Option Trade', 'Template');
INSERT INTO ARCH_EVENT ( ID, NAME, TYPE, TRANSFORMER_DOC, DESCRIPTION, TRANSFORMER_PARSER )
	VALUES ( 1000042, 'Split Option Trade Of Type Hedged', 1, 'booksplit_out', 'Book new Hedge Option Trade', 'Template');
INSERT INTO ARCH_EVENT ( ID, NAME, TYPE, TRANSFORMER_DOC, DESCRIPTION, TRANSFORMER_PARSER )
	VALUES ( 1000043, 'ReSplit Option Trade Of Type Hedged', 1, 'bookresplit_out', 'Book new Hedge Option Trade', 'Template');
INSERT INTO ARCH_EVENT ( ID, NAME, TYPE, TRANSFORMER_DOC, DESCRIPTION, TRANSFORMER_PARSER )
	VALUES ( 1000044, 'Cancel Option Trade Of Type Hedged', 1, 'bookdeletetrade_out', 'Book new Hedge Option Trade', 'Template');


--------arch_event_2_dl
delete ARCH_EVENT_2_DL where id in (1001014,1001015,1001016,1001017);
INSERT INTO ARCH_EVENT_2_DL ( ID, EVENT_ID, DL_ID ) 
	VALUES ( 1001014, 1000041, 1001010); 
INSERT INTO ARCH_EVENT_2_DL ( ID, EVENT_ID, DL_ID ) 
	VALUES ( 1001015, 1000042, 1001010); 
INSERT INTO ARCH_EVENT_2_DL ( ID, EVENT_ID, DL_ID ) 
	VALUES ( 1001016, 1000043, 1001010); 
INSERT INTO ARCH_EVENT_2_DL ( ID, EVENT_ID, DL_ID ) 
	VALUES ( 1001017, 1000044, 1001010); 

--------arch_msg_logic_info
delete ARCH_MSG_LOGIC_INFO where id=1100054;
INSERT INTO ARCH_MSG_LOGIC_INFO ( ID, ATTR, DESCRIPTION, PRE_FLOW_ID, FLOW_ID )
     VALUES (1100054, 3, 'Baxter Noe', NULL, 1100054);  

--------arch_obj_prop_def
delete ARCH_OBJ_PROP_DEF where id=1100015;
INSERT INTO ARCH_OBJ_PROP_DEF ( ID, NAME, VALIDATOR, REQUIRED, GROUP_ID, VALUE_TYPE, VALUES_CODE_GROUP, DEFAULT_VALUE, VISIBILITY_MODE )
    VALUES (1100015, 'Is ECN participant', NULL, 1, 1100015, 'java.lang.String', 'TrueFalsePropValues', 'false', NULL);

--------ARCH_OBJ_PROP_GROUP_DEF
delete ARCH_OBJ_PROP_GROUP_DEF where id=1100015;
INSERT INTO ARCH_OBJ_PROP_GROUP_DEF ( ID, NAME, SOLUTION_ID,OBJECT_TYPE )
    VALUES (1100015, 'Is ECN participant', 1000000, 1000);

--------
delete ARCH_OBJ_PROP_META_GROUP_DEF where SOLUTION_ID=1000000 and OBJECT_TYPE=1000 and META_GROUP='CLIENT';
delete ARCH_OBJ_PROP_META_GROUP_DEF where SOLUTION_ID=1000000 and OBJECT_TYPE=1000 and META_GROUP='BANK';
INSERT INTO ARCH_OBJ_PROP_META_GROUP_DEF ( SOLUTION_ID, OBJECT_TYPE, META_GROUP, GROUP_IDS ) 
	VALUES ( 1000000, 1000, 'CLIENT', '1100000,1000004,1000005,1000002,1000001,1000000,1100001,1100002,1100014,1100015'); 
INSERT INTO ARCH_OBJ_PROP_META_GROUP_DEF ( SOLUTION_ID, OBJECT_TYPE, META_GROUP, GROUP_IDS ) 
	VALUES ( 1000000, 1000, 'BANK', '1100000,1000003,1000002,1000001,1100001,1100002,1100015');

--++--++--++--++--++--++--++--++--++--++--++--++--++--++--++--++--++--++--++--++--++--++--++--++--++--++--++
-- Build 1.7.14.2:7

---- PLATFORM ----
delete ARCH_REPORT_INSTANCE where ID=10012;
INSERT INTO ARCH_REPORT_INSTANCE ( ID, REPORT_ID, SORT_COLUMNS, SORT_ORDER,FILTER_ROOT ) 
	VALUES ( 10012, '10243', 'CcyPair', 'ASC', '10510'); 

delete ARCH_WEB_URI where ID=10007;
INSERT INTO ARCH_WEB_URI ( ID, URI, OBJECT, HISTORY_LABEL, APP_ID, IS_ACTIVE, PERMISSION, VIEW_ID,HISTORY_OPERATIONS, DEFAULT_WEB_URI_ID, HISTORY_URI ) 
	VALUES ( 10007, '/archadm/participant.lwp', 'com.traiana.sol.fxpb.web.admin.org.ParticipantExtForm', 'Participant', 1, 1, 4294967295, 1, 'Init,Display,Persons,Traders,CoupledAccounts,ROOT_ORGANIZATION,PB,CLIENT,BANK,EXT_BANK,FUND', 110, '/archadm/participant.lwp'); 

---- SOUTION ----
	--option_position_details_report.sql
delete ARCH_REPORT_COLUMN where id in (1100815,1100816);
INSERT INTO ARCH_REPORT_COLUMN ( ID, REPORT_ID, LOGICAL_NAME, VISIBLE_NAME, FILTER_NAME, TYPE, VALIDATOR, CONVERTER, HELPER, VISIBILITY, SETTER, ORDER_SEQ, TABLE_NAME, FOOTER_SETTER, HEADER_SETTER )
	VALUES (1100815, 1100800, 'SPOT', 'Spot', 'Spot', 'Double', 'double', NULL, NULL, NULL, 'm_spot8', 160, 'SPOT', NULL, 'nosort');
INSERT INTO ARCH_REPORT_COLUMN ( ID, REPORT_ID, LOGICAL_NAME, VISIBLE_NAME, FILTER_NAME, TYPE, VALIDATOR, CONVERTER, HELPER, VISIBILITY, SETTER, ORDER_SEQ, TABLE_NAME, FOOTER_SETTER, HEADER_SETTER )
	VALUES (1100816, 1100800, 'DELTA_CCY', 'Delta Ccy', 'Delta Ccy', 'String', 'string', NULL, NULL, NULL, NULL, 170, 'DELTA_CCY', NULL, 'nosort');



delete ARCH_CODE_MEMBER where  GROUP_ID=1000022 and CODE_KEY='4';
delete ARCH_CODE_MEMBER where  GROUP_ID=1000019 and CODE_KEY='7';
INSERT INTO ARCH_CODE_MEMBER ( GROUP_ID, CODE_KEY, DATA, NAME, CODE_COMMENT, STATUS )
	VALUES ( 1000019, '7', 'WAITING_FOR_BO_ID', 'WAITING_FOR_BO_ID', 'WAITING_FOR_BO_ID status', 1);


delete ARCH_REPORT_COLUMN where ID in (1000119,1100568,1100569,1100570,1100571,1100572,1100573); 
INSERT INTO ARCH_REPORT_COLUMN ( ID, REPORT_ID, LOGICAL_NAME, VISIBLE_NAME, FILTER_NAME, TYPE,VALIDATOR, CONVERTER, HELPER, VISIBILITY, SETTER, ORDER_SEQ, TABLE_NAME, FOOTER_SETTER,HEADER_SETTER ) 
	VALUES ( 1000119, 1000100, 'BOR_STATUS', 'IRFE', 'IRFE', 'String', 'string', NULL, 'VFXPBTradeBORStatus', NULL, 'bsrStatus', 40, 'BOR_STATUS', NULL, NULL); 
INSERT INTO ARCH_REPORT_COLUMN ( ID, REPORT_ID, LOGICAL_NAME, VISIBLE_NAME, FILTER_NAME, TYPE,VALIDATOR, CONVERTER, HELPER, VISIBILITY, SETTER, ORDER_SEQ, TABLE_NAME, FOOTER_SETTER,HEADER_SETTER ) 
	VALUES ( 1100568, 1100404, 'ExercisedOption', 'Exercised', 'Exercised', 'Long', 'long', NULL, NULL, 'report', 'LINK:optionctrep.lwp?RecCount=15&ExecuteFromLink=ExecuteFromLink&g0_fCond=like&g0_fName=DUMMY&g0_fOp=NONE&g0_fValue=DUMMY&g0_fltr=0&g0_fId=0&g0_fParentId=-1&g0_fVisibility=0&g0_fHelperType=&g1_fCond==&g1_fName=DATE_TERMINATED&g1_fOp=AND&g1_fValue=today&g1_fltr=1&g1_fId=1&g1_fParentId=0&g1_fVisibility=0&g1_fHelperType=&g2_fCond==&g2_fName=OPTION_STATUS&g2_fOp=AND-GROUP&g2_fValue=Exercised&g2_fltr=2&g2_fId=2&g2_fParentId=0&g2_fVisibility=0&g3_fCond=like&g3_fName=DUMMY&g3_fOp=NONE&g3_fValue=DUMMY&g3_fltr=3&g3_fId=3&g3_fParentId=0&g3_fVisibility=0&g4_fCond==&g4_fName=SIDE_A&g4_fOp=OR&g4_fValue=$ClientName&g4_fltr=4&g4_fId=4&g4_fParentId=3&g4_fVisibility=0&g5_fCond==&g5_fName=SIDE_B&g5_fOp=NONE&g5_fValue=$ClientName&g5_fltr=5&g5_fId=5&g5_fParentId=3&g5_fVisibility=0', 140, 'ExercisedOption', NULL, NULL); 
INSERT INTO ARCH_REPORT_COLUMN ( ID, REPORT_ID, LOGICAL_NAME, VISIBLE_NAME, FILTER_NAME, TYPE,VALIDATOR, CONVERTER, HELPER, VISIBILITY, SETTER, ORDER_SEQ, TABLE_NAME, FOOTER_SETTER,HEADER_SETTER ) 
	VALUES ( 1100569, 1100404, 'ExpiredOption', 'Expired', 'Expired', 'Long', 'long', NULL, NULL, 'report', 'LINK:optionctrep.lwp?RecCount=15&ExecuteFromLink=ExecuteFromLink&g0_fCond=like&g0_fName=DUMMY&g0_fOp=NONE&g0_fValue=DUMMY&g0_fltr=0&g0_fId=0&g0_fParentId=-1&g0_fVisibility=0&g0_fHelperType=&g1_fCond==&g1_fName=DATE_TERMINATED&g1_fOp=AND&g1_fValue=today&g1_fltr=1&g1_fId=1&g1_fParentId=0&g1_fVisibility=0&g1_fHelperType=&g2_fCond==&g2_fName=OPTION_STATUS&g2_fOp=AND-GROUP&g2_fValue=Expired&g2_fltr=2&g2_fId=2&g2_fParentId=0&g2_fVisibility=0&g3_fCond=like&g3_fName=DUMMY&g3_fOp=NONE&g3_fValue=DUMMY&g3_fltr=3&g3_fId=3&g3_fParentId=0&g3_fVisibility=0&g4_fCond==&g4_fName=SIDE_A&g4_fOp=OR&g4_fValue=$ClientName&g4_fltr=4&g4_fId=4&g4_fParentId=3&g4_fVisibility=0&g5_fCond==&g5_fName=SIDE_B&g5_fOp=NONE&g5_fValue=$ClientName&g5_fltr=5&g5_fId=5&g5_fParentId=3&g5_fVisibility=0', 150, 'ExpiredOption', NULL, NULL); 
INSERT INTO ARCH_REPORT_COLUMN ( ID, REPORT_ID, LOGICAL_NAME, VISIBLE_NAME, FILTER_NAME, TYPE,VALIDATOR, CONVERTER, HELPER, VISIBILITY, SETTER, ORDER_SEQ, TABLE_NAME, FOOTER_SETTER,HEADER_SETTER ) 
	VALUES ( 1100570, 1100404, 'ExpiringTodayOption', 'Expiring In Date', 'Expiring Today', 'Long', 'long', NULL, NULL, 'report', 'LINK:optionctrep.lwp?RecCount=15&ExecuteFromLink=ExecuteFromLink&g0_fCond=like&g0_fName=DUMMY&g0_fOp=NONE&g0_fValue=DUMMY&g0_fltr=0&g0_fId=0&g0_fParentId=-1&g0_fVisibility=0&g0_fHelperType=&g1_fCond==&g1_fName=EXPIRY_DATE&g1_fOp=AND&g1_fValue=today&g1_fltr=1&g1_fId=1&g1_fParentId=0&g1_fVisibility=0&g1_fHelperType=&g2_fCond==&g2_fName=OPTION_STATUS&g2_fOp=AND-GROUP&g2_fValue=Active&g2_fltr=2&g2_fId=2&g2_fParentId=0&g2_fVisibility=0&g3_fCond=like&g3_fName=DUMMY&g3_fOp=NONE&g3_fValue=DUMMY&g3_fltr=3&g3_fId=3&g3_fParentId=0&g3_fVisibility=0&g4_fCond==&g4_fName=SIDE_A&g4_fOp=OR&g4_fValue=$ClientName&g4_fltr=4&g4_fId=4&g4_fParentId=3&g4_fVisibility=0&g5_fCond==&g5_fName=SIDE_B&g5_fOp=NONE&g5_fValue=$ClientName&g5_fltr=5&g5_fId=5&g5_fParentId=3&g5_fVisibility=0', 160, 'ExpiringTodayOption', NULL, NULL); 
INSERT INTO ARCH_REPORT_COLUMN ( ID, REPORT_ID, LOGICAL_NAME, VISIBLE_NAME, FILTER_NAME, TYPE,VALIDATOR, CONVERTER, HELPER, VISIBILITY, SETTER, ORDER_SEQ, TABLE_NAME, FOOTER_SETTER,HEADER_SETTER ) 
	VALUES ( 1100571, 1100404, 'ExpiringTomorrowOption', 'Expiring In Date + 1', 'Expiring Tomorrow', 'Long', 'long', NULL, NULL, 'report', 'LINK:optionctrep.lwp?RecCount=15&ExecuteFromLink=ExecuteFromLink&g0_fCond=like&g0_fName=DUMMY&g0_fOp=NONE&g0_fValue=DUMMY&g0_fltr=0&g0_fId=0&g0_fParentId=-1&g0_fVisibility=0&g0_fHelperType=&g1_fCond==&g1_fName=EXPIRY_DATE&g1_fOp=AND&g1_fValue=today%2B1&g1_fltr=1&g1_fId=1&g1_fParentId=0&g1_fVisibility=0&g1_fHelperType=&g2_fCond==&g2_fName=OPTION_STATUS&g2_fOp=AND-GROUP&g2_fValue=Active&g2_fltr=2&g2_fId=2&g2_fParentId=0&g2_fVisibility=0&g3_fCond=like&g3_fName=DUMMY&g3_fOp=NONE&g3_fValue=DUMMY&g3_fltr=3&g3_fId=3&g3_fParentId=0&g3_fVisibility=0&g4_fCond==&g4_fName=SIDE_A&g4_fOp=OR&g4_fValue=$ClientName&g4_fltr=4&g4_fId=4&g4_fParentId=3&g4_fVisibility=0&g5_fCond==&g5_fName=SIDE_B&g5_fOp=NONE&g5_fValue=$ClientName&g5_fltr=5&g5_fId=5&g5_fParentId=3&g5_fVisibility=0', 170, 'ExpiringTomorrowOption', NULL, NULL); 
INSERT INTO ARCH_REPORT_COLUMN ( ID, REPORT_ID, LOGICAL_NAME, VISIBLE_NAME, FILTER_NAME, TYPE,VALIDATOR, CONVERTER, HELPER, VISIBILITY, SETTER, ORDER_SEQ, TABLE_NAME, FOOTER_SETTER,HEADER_SETTER ) 
	VALUES ( 1100572, 1100404, 'TerminatedOption', 'Terminated', 'Terminated', 'Long', 'long', NULL, NULL, 'report', 'LINK:optionctrep.lwp?RecCount=15&ExecuteFromLink=ExecuteFromLink&g0_fCond=like&g0_fName=DUMMY&g0_fOp=NONE&g0_fValue=DUMMY&g0_fltr=0&g0_fId=0&g0_fParentId=-1&g0_fVisibility=0&g0_fHelperType=&g1_fCond==&g1_fName=DATE_TERMINATED&g1_fOp=AND&g1_fValue=today&g1_fltr=1&g1_fId=1&g1_fParentId=0&g1_fVisibility=0&g1_fHelperType=&g2_fCond==&g2_fName=OPTION_STATUS&g2_fOp=AND-GROUP&g2_fValue=Terminated&g2_fltr=2&g2_fId=2&g2_fParentId=0&g2_fVisibility=0&g3_fCond=like&g3_fName=DUMMY&g3_fOp=NONE&g3_fValue=DUMMY&g3_fltr=3&g3_fId=3&g3_fParentId=0&g3_fVisibility=0&g4_fCond==&g4_fName=SIDE_A&g4_fOp=OR&g4_fValue=$ClientName&g4_fltr=4&g4_fId=4&g4_fParentId=3&g4_fVisibility=0&g5_fCond==&g5_fName=SIDE_B&g5_fOp=NONE&g5_fValue=$ClientName&g5_fltr=5&g5_fId=5&g5_fParentId=3&g5_fVisibility=0', 180, 'TerminatedOption', NULL, NULL); 
INSERT INTO ARCH_REPORT_COLUMN ( ID, REPORT_ID, LOGICAL_NAME, VISIBLE_NAME, FILTER_NAME, TYPE,VALIDATOR, CONVERTER, HELPER, VISIBILITY, SETTER, ORDER_SEQ, TABLE_NAME, FOOTER_SETTER,HEADER_SETTER ) 
	VALUES ( 1100573, 1100404, 'RequiresManualBooking', 'Requires Manual Booking', 'Requires Manual Booking', 'Long', 'long', NULL, NULL, 'report', 'LINK:optionctrep.lwp?RecCount=15&ExecuteFromLink=ExecuteFromLink&g0_fCond=like&g0_fName=DUMMY&g0_fOp=NONE&g0_fValue=DUMMY&g0_fltr=0&g0_fId=0&g0_fParentId=-1&g0_fVisibility=0&g0_fHelperType=&g1_fCond==&g1_fName=TRADE_DATE&g1_fOp=AND&g1_fValue=today&g1_fltr=1&g1_fId=1&g1_fParentId=0&g1_fVisibility=0&g1_fHelperType=&g2_fCond==&g2_fName=BOOKING_STATUS&g2_fOp=AND-GROUP&g2_fValue=Needs%20Manual&g2_fltr=2&g2_fId=2&g2_fParentId=0&g2_fVisibility=0&g3_fCond=like&g3_fName=DUMMY&g3_fOp=NONE&g3_fValue=DUMMY&g3_fltr=3&g3_fId=3&g3_fParentId=0&g3_fVisibility=0&g4_fCond==&g4_fName=SIDE_A&g4_fOp=OR&g4_fValue=$ClientName&g4_fltr=4&g4_fId=4&g4_fParentId=3&g4_fVisibility=0&g5_fCond==&g5_fName=SIDE_B&g5_fOp=NONE&g5_fValue=$ClientName&g5_fltr=5&g5_fId=5&g5_fParentId=3&g5_fVisibility=0', 190, 'RequiresManualBooking', NULL, NULL); 



CREATE OR REPLACE VIEW V_FXPB_REPORT_LINEAR_NOE_DEALS ( ID, 
DOMAIN_ID, PARTNER_ID, PARTNER_NAME, STATUS, 
REQUEST_ID, REASON, TIME, UUID, 
NOE_REF, TRADING_PARTY, ENTERING_PARTY, SUBMITTER, 
COUNTER_PARTY, VALUE_DATE, SECOND_CCY, BASE_CCY, 
VALUE_RATE, TRADE_DATE, FAR_VALUE_RATE, FAR_VALUE_DATE, 
TRADE_TYPE, CONTRACT_DIRECTION, CONTRACT_TYPE, CONTRACT_QTY, 
CLIENT_REF, TRADER, UNUSED_ID, OPERATION, 
OBJECT_TYPE, FAR_QTY, DESCRIPTION, PB, 
FIXING_DATE, REPORTER, NAMER_ID, TRADER_NAMER_ID
 ) AS 
SELECT /*+ ordered first_rows */ 
DEALS.ID, DEALS.DOMAIN_ID, PARTNER_ID, PARTNER.NAME, 
(STATUS_CODE.DATA)STATUS, (DEALS.F19)REQUEST_ID, 
REASON, TIME, UUID, 
(CASE  WHEN (DEALS.STATUS=2) THEN NOE_REF ELSE '' END) NOE_REF, 
(TPARTY_MAP.EXTERNAL_VALUE)TRADING_PARTY, (EPARTY_MAP.EXTERNAL_VALUE)ENTERING_PARTY, 
(SUBMITTER_MAP.EXTERNAL_VALUE)SUBMITTER, (CPARTY_MAP.EXTERNAL_VALUE)COUNTER_PARTY, 
(DEALS.F5)VALUE_DATE, 
(SECOND_CCY.NAME)SECOND_CCY, (BASE_CCY.NAME)BASE_CCY, (DEALS.F8)VALUE_RATE, 
(DEALS.F9)TRADE_DATE, (DEALS.F10)FAR_VALUE_RATE, 
(DEALS.F11)FAR_VALUE_DATE, 
(TRADE_TYPE.DATA)TRADE_TYPE, 
(DIRECTION.DATA)CONTRACT_DIRECTION, 
(CONTRACT_TYPE.DATA)CONTRACT_TYPE, 
(DEALS.F15)CONTRACT_QTY, 
(DEALS.F16)CLIENT_REF, (TRADER_MAP.EXTERNAL_VALUE)TRADER, (DEALS.F18)UNUSED_ID, (DEALS.F20)OPERATION, 
(DEALS.F21)OBJECT_TYPE, (DEALS.F22)FAR_QTY, (DEALS.F23)DESCRIPTION, (PB_MAP.EXTERNAL_VALUE)PB, (DEALS.F25)FIXING_DATE, (DEALS.F26)REPORTER, 
(TPARTY_MAP.NAMER_ID)NAMER_ID, 
(TRADER_MAP.NAMER_ID)TRADER_NAMER_ID 
 FROM 
ARCH_GENERIC_NOE_DEALS DEALS,
ARCH_PARTNER PARTNER, 
A_INSTRUMENT BASE_CCY, 
A_INSTRUMENT SECOND_CCY, 
--ARCH_GENERIC_NOE_DEALS_EXT EXT, 
ARCH_DATA_MAPPING TPARTY_MAP, 
ARCH_DATA_MAPPING EPARTY_MAP, 
ARCH_DATA_MAPPING SUBMITTER_MAP, 
ARCH_DATA_MAPPING TRADER_MAP, 
ARCH_DATA_MAPPING CPARTY_MAP, 
ARCH_DATA_MAPPING PB_MAP, 
ARCH_CODE_MEMBER TRADE_TYPE, 
ARCH_CODE_MEMBER DIRECTION, 
ARCH_CODE_MEMBER CONTRACT_TYPE, 
ARCH_CODE_MEMBER STATUS_CODE 
--ARCH_CODE_MEMBER RECON, 
--ARCH_CODE_MEMBER APPROVAL, 
--ARCH_CODE_MEMBER LIFE 
--ARCH_CODE_MEMBER SIDEAROLE, 
--ARCH_CODE_MEMBER SIDEBROLE 
WHERE 
--DEALS.ID = 2000020 AND 
-- find trading party map type 
TPARTY_MAP.INTERNAL_VALUE=DEALS.F1 
AND DEALS.F2 NOT LIKE '%Option%' 
AND TPARTY_MAP.MAP_TYPE=3 
AND TPARTY_MAP.TYPE=0 
AND TPARTY_MAP.STATUS=1 
-- find entering party map type 
AND EPARTY_MAP.INTERNAL_VALUE=DEALS.F2 
AND EPARTY_MAP.MAP_TYPE=3 
AND EPARTY_MAP.TYPE=0 
AND EPARTY_MAP.STATUS=1 
AND EPARTY_MAP.NAMER_ID=TPARTY_MAP.NAMER_ID 
-- find submitter name map type 
AND SUBMITTER_MAP.INTERNAL_VALUE=DEALS.F3 
AND SUBMITTER_MAP.MAP_TYPE=4 
AND SUBMITTER_MAP.TYPE=0 
AND SUBMITTER_MAP.STATUS=1 
AND SUBMITTER_MAP.NAMER_ID=TPARTY_MAP.NAMER_ID 
-- find counter party map type 
AND CPARTY_MAP.INTERNAL_VALUE=DEALS.F4 
AND CPARTY_MAP.MAP_TYPE=3 
AND CPARTY_MAP.TYPE=0 
AND CPARTY_MAP.STATUS=1 
AND CPARTY_MAP.NAMER_ID=TPARTY_MAP.NAMER_ID 
-- find pb map type 
AND PB_MAP.INTERNAL_VALUE=DEALS.F24 
AND PB_MAP.MAP_TYPE=3 
AND PB_MAP.TYPE=0 
AND PB_MAP.STATUS=1 
AND PB_MAP.NAMER_ID=TPARTY_MAP.NAMER_ID 
-- find trader name map type 
AND TRADER_MAP.INTERNAL_VALUE(+)=DEALS.F17 
AND TRADER_MAP.MAP_TYPE(+)=4 
AND TRADER_MAP.TYPE(+)=0 
AND TRADER_MAP.STATUS(+)=1 
-- Map currencies 
AND BASE_CCY.TYPE=5006 
AND BASE_CCY.ID = DEALS.F7 
AND SECOND_CCY.TYPE=5006 
AND SECOND_CCY.ID = DEALS.F6 
-- find trade type 
AND TRADE_TYPE.GROUP_ID=1000024 
AND TRADE_TYPE.CODE_KEY = DEALS.F12 
-- find direction 
AND DIRECTION.GROUP_ID=1000021 -- 300021 
AND DIRECTION.CODE_KEY = DEALS.F13 
-- find contract type 
AND CONTRACT_TYPE.GROUP_ID=20 
AND CONTRACT_TYPE.CODE_KEY = DEALS.F14 
-- status 
AND STATUS_CODE.GROUP_ID=4 
AND STATUS_CODE.CODE_KEY = TO_CHAR(DEALS.STATUS) 
AND DEALS.PARTNER_ID = PARTNER.ID 
AND DEALS.DOMAIN_ID = PARTNER.DOMAIN_ID
;

CREATE OR REPLACE VIEW V_FXPB_REPORT_LINEAR_OA_DEALS ( ID,
DOMAIN_ID, PARTNER_ID, PARTNER_NAME, STATUS,
REQUEST_ID, REASON, TIME, UUID,
OA_REF, TRADING_PARTY, ENTERING_PARTY, SUBMITTER,
TRADE_DATE, TOTAL_QTY, CLIENT_REF, FUND_NAME,
ALLOCATION_CLIENT_REF, ALLOCATION_QTY, OPERATION, OBJECT_TYPE,
NAMER_ID ) AS
SELECT
DEALS.ID, DEALS.DOMAIN_ID, (PARTNER.NAME)PARTNER_NAME, PARTNER.NAME,
(STATUS_CODE.DATA)STATUS, (DEALS.F19)REQUEST_ID,
REASON, TIME, UUID,
(CASE  WHEN (DEALS.STATUS=2) THEN OA_REF ELSE '' END) OA_REF,
(TPARTY_MAP.EXTERNAL_VALUE)TRADING_PARTY, (EPARTY_MAP.EXTERNAL_VALUE)ENTERING_PARTY,
(null)SUBMITTER,
--(CPARTY_MAP.EXTERNAL_VALUE)COUNTER_PARTY,
(to_date('mm/dd/yyyy',DEALS.F10))TRADE_DATE,
(DEALS.F11)TOTAL_QTY,
(DEALS.F12)CLIENT_REF,
(DEALS.F13)FUND_NAME, 
(DEALS.F14)ALLOCATION_CLIENT_REF,
(DEALS.F15)ALLOCATION_QTY,
(DEALS.F20)OPERATION,
(DEALS.F21)OBJECT_TYPE,
(null)NAMER_ID
 FROM
ARCH_GENERIC_OA_DEALS DEALS,
ARCH_DATA_MAPPING TPARTY_MAP,
ARCH_DATA_MAPPING EPARTY_MAP,
--ARCH_DATA_MAPPING SUBMITTER_MAP,
ARCH_CODE_MEMBER STATUS_CODE,
--ARCH_DATA_MAPPING CPARTY_MAP,
ARCH_PARTNER PARTNER
WHERE
DEALS.F2 NOT LIKE '%Option%'
-- Find corresponding partner 
AND DEALS.PARTNER_ID = PARTNER.ID
-- find trading party map type
AND TPARTY_MAP.INTERNAL_VALUE=DEALS.F1
AND TPARTY_MAP.MAP_TYPE=3
AND TPARTY_MAP.TYPE=0
AND TPARTY_MAP.STATUS=1
-- find entering party map type
AND EPARTY_MAP.INTERNAL_VALUE=DEALS.F2
AND EPARTY_MAP.MAP_TYPE=3
AND EPARTY_MAP.TYPE=0
AND EPARTY_MAP.STATUS=1
AND EPARTY_MAP.NAMER_ID=TPARTY_MAP.NAMER_ID
-- find submitter name map type
/*AND SUBMITTER_MAP.INTERNAL_VALUE=DEALS.F3
AND SUBMITTER_MAP.MAP_TYPE=4
AND SUBMITTER_MAP.TYPE=0
AND SUBMITTER_MAP.STATUS=1
AND SUBMITTER_MAP.NAMER_ID=TPARTY_MAP.NAMER_ID*/
-- status
AND STATUS_CODE.GROUP_ID=4
AND STATUS_CODE.CODE_KEY = TO_CHAR(DEALS.STATUS)
--  partner
AND DEALS.PARTNER_ID = PARTNER.ID
AND DEALS.DOMAIN_ID = PARTNER.DOMAIN_ID
;


CREATE OR REPLACE VIEW V_FXPB_REPORT_OPTION_POSITION ( GROUP_ID,
TRAIANA_ID, MUREX_ID, EXPIRY_DATE, STRIKE,
TRADER_ID, PORTFOLIO_ID, AGREEMENT_ID, TRD_TYPE,
FUND_ID, CLIENT_ID, EB_ID, PB_ID,
COUNTERPARTY_ID, OPTION_TYPE, CONTRACT_TYPE, PRICE,
PREMIUM_TYPE_ID, PREMIUM_CCY, RISK_NOTIONAL, BASE_NOTIONAL,
BASE_CCY_ID, RISK_CCY_ID, BASE_CCY, RISK_CCY,
DIRECTION, INSTRUMENT_ID, DELTA_CCY, DELTA_CCY_ID,
DELTA, SPOT_RATE, SPOT_DATE, CCY_PAIR,
GAMMA, VEGA, VOLATILITY, RATE_DIRECTION,
UNREALIZED_DAILY_PNL, UNREALIZES_MTM, UNREALIZED_M2D, REALIZED_DAILY_PNL,
REALIZES_MTM, REALIZED_M2D, TOTAL_DAILY_PNL, TOTAL_MTM_PNL,
TOTAL_MTD_PNL, FAKE_ROW, CORRECT_CCY_PAIR) AS SELECT
	   TG.ID as GROUP_ID
	   ,TRD.ID as TRAIANA_ID
	   ,TRD.OPTION_BO_TRADE_ID as MUREX_ID
 	   ,TRD.EXPIRY_DATE as EXPIRY_DATE
	   ,TRD.RATE as STRIKE
	   ,TRD.TRADER_ID as TRADER_ID
	   ,TRD.PORTFOLIO_ID as PORTFOLIO_ID
	   ,TRD.AGREEMENT as AGREEMENT_ID
	   --
	   ,(case when ((TRD.ROLE_A = 1000002) OR (TRD.ROLE_B = 1000002)) then (1) else
	    (case when ((TRD.ROLE_A = 1000003) OR (TRD.ROLE_B = 1000003)) then (2) else
		(case when ((TRD.ROLE_A = 1000004) OR (TRD.ROLE_B = 1000004)) then (3) else (0)
		end) end) end) as TRD_TYPE -- Bank = 1, Client = 2, Fund = 3
    	,(case when (TRD.ROLE_A=1000004) then TRD.SIDE_A_ORG_ID else (case when (TRD.ROLE_B=1000004) then TRD.SIDE_B_ORG_ID else (-1) end) end) as FUND_ID
	--
		,(case when (NOE.ROLE_A = 1000003) then (NOE.SIDE_A_ORG_ID) else (NOE.SIDE_B_ORG_ID) end) as CLIENT_ID
		,(case when (NOE.ROLE_A = 1000002) then (NOE.SIDE_A_ORG_ID) else (NOE.SIDE_B_ORG_ID) end) as EB_ID
		,NOE.PB_ID as PB_ID
	--
	   ,(case when (NOE.ROLE_A=1000002) then NOE.SIDE_A_ORG_ID else NOE.SIDE_B_ORG_ID end) as COUNTERPARTY_ID
	   ,OTYPE.NAME as OPTION_TYPE
	   ,CTYPE.NAME as CONTRACT_TYPE
	--
	   --,NOE.PREMIUM_AMOUNT as PRICE  <-- CR5922
	   ,NVL(MDVALEXT.MTM_PRICE, NOE.PRICE_PAID) as PRICE
	   ,NOE.PREMIUM_TYPE as PREMIUM_TYPE_ID
	   ,INSTR4.NAME as PREMIUM_CCY
	--
	   ,TRD.QUANTITY as RISK_NOTIONAL
	   ,TRD.QUANTITY2 as BASE_NOTIONAL
	--
	   ,NOE.BASE_INSTRUMENT_ID as BASE_CCY_ID --ccy2
	   ,NOE.SECONDARY_INSTRUMENT_ID as RISK_CCY_ID --ccy1
	   ,INSTR2.NAME as BASE_CCY
       ,INSTR1.NAME as RISK_CCY
	--
	   ,(case when(NOE.ROLE_A = 1000003) then (case when(NOE.DIRECTION=1) then ('Buy') else ('Sell') end)
	   else (case when(NOE.DIRECTION=1) then ('Sell') else ('Buy') end) end) as DIRECTION
		 ,NOE.INSTRUMENT_ID as INSTRUMENT_ID
		 -- FXPB_VAL_MD_OPTION_EXT
		 ,INSTR3.NAME as DELTA_CCY
		 ,NVL(MDVALEXT.GREEKS_CCY_ID, NOE.SECONDARY_INSTRUMENT_ID) as DELTA_CCY_ID
		 ,NVL(MDVALEXT.DELTA, TRD.QUANTITY) as DELTA
		 ,NVL(MDVALEXT.GREEKS_SPOT, 1) as SPOT_RATE
		 ,NVL(MDVALEXT.GREEKS_SPOT_DATE, trunc(SYSDATE)-1) as SPOT_DATE
		 ,NVL(MDVALEXT.CCY_PAIR, 'EURUSD') as CCY_PAIR
		 ,NVL(MDVALEXT.GAMMA, 0) as GAMMA
		 ,NVL(MDVALEXT.VEGA, 0) as VEGA
		 ,NVL(MDVALEXT.VOLATILITY, 0) as VOLATILITY
		 ,NVL(MDVALEXT.IS_BASE_CCY_FIRST, 0) as RATE_DIRECTION
		 -- unrealised
		 ,NVL(MDVALEXT.UNREALIZED_DAILY_PNL, 0) as UNREALIZED_DAILY_PNL
		 ,NVL(MDVALEXT.UNREALIZED_INC_PNL, 0) as UNREALIZES_MTM
		 ,NVL(MDVALEXT.UNREALIZED_MONTH2DAY_PNL, 0) as UNREALIZED_M2D
		 -- realised
		 ,NVL(MDVALEXT.REALIZED_DAILY_PNL, 0) as REALIZED_DAILY_PNL
		 ,NVL(MDVALEXT.REALIZED_INC_PNL, 0) as REALIZES_MTM
		 ,NVL(MDVALEXT.REALIZED_MONTH2DAY_PNL, 0) as REALIZED_M2D
		 -- total
		 ,NVL((MDVALEXT.UNREALIZED_DAILY_PNL + MDVALEXT.REALIZED_DAILY_PNL), 0) as TOTAL_DAILY_PNL
		 ,NVL((MDVALEXT.UNREALIZED_INC_PNL + MDVALEXT.REALIZED_INC_PNL), 0) as TOTAL_MTM_PNL
		 ,NVL(MDVALEXT.MONTH2DAY_TOTAL_PNL, 0) as TOTAL_MTD_PNL
		 ,(case when (MDVALEXT.MUREX_TRADE_ID = NVL(MDVALEXT.MUREX_TRADE_ID, 0)) then (0) else (1) end) as FAKE_ROW
		 ,ABCR.CCY_PAIR as CORRECT_CCY_PAIR
  FROM
  	   fxpb_option_trade TRD
  	   ,fxpb_option_noe NOE
	   ,fxpb_md_option_ext MDVALEXT
	   ,ARCH_CODE_MEMBER OTYPE   -- Option Type
	   ,ARCH_CODE_MEMBER CTYPE   -- Contract Type
	   ,A_INSTRUMENT INSTR1
	   ,A_INSTRUMENT INSTR2
	   ,A_INSTRUMENT INSTR3
	   ,A_INSTRUMENT INSTR4
	   ,FXPB_OPTION_TRADE  TG--TRADE GROUP
	   ,A_TA_TA_REL RELATION
	   ,ARCH_BILLING_CCY_PAIR ABCR
 WHERE
 	    -- joints
		(TG.TYPE = 4009)
		AND	(RELATION.PARENT_TA_ID = TG.ID)
		AND (RELATION.RELATION = 13)
		AND (RELATION.CHILD_TA_ID = TRD.ID)
		AND (TRD.TRADING_ACTIVITY_SIDE_A = NOE.ID)
		--AND (MDVAL.ID = MDVALEXT.ID)  -- BUG joint should be by murex ID
		AND (TRD.OPTION_BO_TRADE_ID = TO_CHAR(MDVALEXT.MUREX_TRADE_ID(+)))
		AND (OTYPE.GROUP_ID = 1100022) AND (OTYPE.CODE_KEY = NOE.OPTION_TYPE)
	   	AND (CTYPE.GROUP_ID = 3000) AND (CTYPE.CODE_KEY = NOE.CONTRACT_TYPE)
	  	AND (INSTR2.ID = NOE.BASE_INSTRUMENT_ID)
      	AND (INSTR1.ID = NOE.SECONDARY_INSTRUMENT_ID)
		AND (INSTR3.ID = NVL(MDVALEXT.GREEKS_CCY_ID, NOE.SECONDARY_INSTRUMENT_ID))
		AND (INSTR4.ID = NOE.PREMIUM_CCY)
		-- Calculate correct CCY pair
		AND (((ABCR.FIRST_CCY_ID = NOE.BASE_INSTRUMENT_ID)AND(ABCR.SECOND_CCY_ID = NOE.SECONDARY_INSTRUMENT_ID))
		 OR ((ABCR.FIRST_CCY_ID = NOE.SECONDARY_INSTRUMENT_ID)AND(ABCR.SECOND_CCY_ID = NOE.BASE_INSTRUMENT_ID)))
		-- trades filtering
		AND (TRD.TYPE = 4008)			 -- filter group trades
		AND ((TRD.ROLE_A = 1000001) OR (TRD.ROLE_B = 1000001)) -- filters master trade
		AND (TRD.LIFE_STATUS IN (2,5))   -- booked (2), not booked (5)
		--AND ((TRD.BOR_STATUS = 2) OR (TRD.OPTION_BO_TRADE_ID IS NULL))         -- reconciled (2)
		AND (TRD.BOR_STATUS = 2)
		-- OPTION_STATUS active <-> (1)
		AND ((TRD.OPTION_STATUS = 1)  OR (TRD.EXPIRY_DATE >= trunc(SYSDATE)-1))
;

--++--++--++--++--++--++--++--++--++--++--++--++--++--++--++--++--++--++--++--++--++--++--++--++--++--++--++
-- build 1.7.14.9

delete ARCH_REPORT_COLUMN where id=1100815;
INSERT INTO ARCH_REPORT_COLUMN ( ID, REPORT_ID, LOGICAL_NAME, VISIBLE_NAME, FILTER_NAME, TYPE, VALIDATOR, CONVERTER, HELPER, VISIBILITY, SETTER, ORDER_SEQ, TABLE_NAME, FOOTER_SETTER, HEADER_SETTER )
	VALUES (1100815, 1100800, 'SPOT', 'Spot', 'Spot', 'Double', 'double', NULL, NULL, NULL, 'spot8', 160, 'SPOT', NULL, 'nosort');

delete ARCH_MSG_PROTOCOL_INFO where id=1100053;
INSERT INTO ARCH_MSG_PROTOCOL_INFO ( ID, LOGIC_MSG_ID, IN_TRANSFORMER, OUT_TRANSFORMER, DESCRIPTION, NAME )
    VALUES ( 1100053, 1100053, 'CaxtonDoc-ExcelSol', NULL, 'Caxton Protocol Integration', 'CaxtonProtocolIntegration');

--- CR 6922
UPDATE arch_generic_noe_deals SET
	f30=f31, f31=f32, f32=f33, f33=f34, f34=f35, f35=f36, f36=f37, f37=f38, f38=f39, f39=f40 ,
	f40=f41, f41=f42, f42=f43, f43=f44, f44=f45, f45=f46, f46=f47, f47=f48, f48=f49, f49=f50 ,
	f50=f51, f51=f52, f52=f53, f53=f54, f54=f55, f55=f56, f56=f57, f57=f58, f58=f59, f59=f60 ,
	f60=null
WHERE F42= 'EXPLICIT';


CREATE OR REPLACE VIEW V_FXPB_OPTION_FLAT_REPORT ( ID, PARTNER_NAME, STATUS, REQUEST_ID, REASON, TIME, UUID, GIVEUP_REF, OPERATION, TRADING_PARTY, SUBMITTER, COUNTER_PARTY, VALUE_DATE, CCY1, QTY1, CCY2, RATE, STRIKE_QUOTE_MODE, PREMIUM_AMOUNT, PREMIUM_CCY, PREMIUM_DATE, OPTION_TYPE, DIRECTION, CONTRACT_TYPE, OPTION_STYLE, EXPIRY_DATE, EXPIRY_ZONE, EXPIRY_TIME, BARRIER_TYPE, BARRIER_1, BARRIER_2, REBATE_CCY, REBATE_PERCENT_1, REBATE_PERCENT_2, REBATE_TIME, PAYOUT_CCY, PAYOUT_AMOUNT, TRADE_TYPE, CLIENT_REF, TRADER, PORTFOLIO, DESCRIPTION, PB, EXECUTION_PLATFORM, LINKED_TRADE ) AS SELECT
/*+ ordered  */
(DEALS.ID)ID,
(PARTNER.NAME)PARTNER_NAME,
(STATUS_CODE.DATA)STATUS,
(DEALS.F3)REQUEST_ID,
(DEALS.REASON)REASON,
(DEALS.TIME)TIME,
(DEALS.UUID)UUID,
(DEALS.NOE_REF)GIVEUP_REF,
(DEALS.F2)OPERATION,
(TPARTY_MAP.EXTERNAL_VALUE)TRADING_PARTY,
(SUBMITTER_MAP.EXTERNAL_VALUE)SUBMITTER,
(CPARTY_MAP.EXTERNAL_VALUE)COUNTER_PARTY,
(DEALS.F37)VALUE_DATE,
(SECOND_CCY.NAME)CCY1,
(DEALS.F28)QTY1,
(BASE_CCY.NAME)CCY2,
(DEALS.F30)RATE,
(DEALS.F31)STRIKE_QUOTE_MODE,
(DEALS.F40)PREMIUM_AMOUNT,
(PREMIUM_CCY.NAME)PREMIUM_CCY,
(DEALS.F43)PREMIUM_DATE,
(DEALS.F22)OPTION_TYPE,
(DEALS.F26)DIRECTION,
(DEALS.F27)CONTRACT_TYPE,
(DEALS.F25)OPTION_STYLE,
(DEALS.F34)EXPIRY_DATE,
(DEALS.F36)EXPIRY_ZONE,
(DEALS.F35)EXPIRY_TIME,
(DEALS.F44)BARRIER_TYPE,
(DEALS.F50)BARRIER_1,
(DEALS.F48)BARRIER_2,
(DEALS.F45)REBATE_CCY,
(DEALS.F51)REBATE_PERCENT_1,
(DEALS.F49)REBATE_PERCENT_2,
(DEALS.F46)REBATE_TIME,
(DEALS.F52)PAYOUT_CCY,
(DEALS.F55)PAYOUT_AMOUNT,
(TRADE_TYPE.DATA)TRADE_TYPE,
(DEALS.F12)CLIENT_REF,
(TRADER_MAP.EXTERNAL_VALUE)TRADER,
(DEALS.F18)PORTFOLIO,
(DEALS.F19)DESCRIPTION,
(PB_MAP.EXTERNAL_VALUE)PB,
(DEALS.F59)EXECUTION_PLATFORM,
(DEALS.F58)LINKED_TRADE
FROM
ARCH_GENERIC_NOE_DEALS DEALS,
ARCH_DATA_MAPPING TPARTY_MAP,
ARCH_DATA_MAPPING CPARTY_MAP,
ARCH_DATA_MAPPING SUBMITTER_MAP,
ARCH_DATA_MAPPING TRADER_MAP,
ARCH_DATA_MAPPING PB_MAP,
ARCH_PARTNER PARTNER,
ARCH_CODE_MEMBER STATUS_CODE,
ARCH_CODE_MEMBER TRADE_TYPE,
A_INSTRUMENT SECOND_CCY,
A_INSTRUMENT BASE_CCY,
A_INSTRUMENT PREMIUM_CCY
WHERE
-- Option Noe selections
(DEALS.F2 = 'InsertOptionNoe' OR
DEALS.F2 = 'ModifyOptionNoe' OR
DEALS.F2 = 'DeleteOptionNoe') AND
-- Find corresponding partner
DEALS.PARTNER_ID = PARTNER.ID AND
-- Find trading party map type
TPARTY_MAP.INTERNAL_VALUE=DEALS.F4 AND
TPARTY_MAP.MAP_TYPE=3 AND
-- Namer ???
TPARTY_MAP.STATUS=1 AND
TPARTY_MAP.TYPE=0 AND
-- Find counter party map type
CPARTY_MAP.INTERNAL_VALUE=DEALS.F21 AND
CPARTY_MAP.MAP_TYPE=3 AND
CPARTY_MAP.NAMER_ID=TPARTY_MAP.NAMER_ID AND
CPARTY_MAP.STATUS=1 AND
CPARTY_MAP.TYPE=0 AND
-- Find submitter name map type
SUBMITTER_MAP.INTERNAL_VALUE=DEALS.F6 AND
SUBMITTER_MAP.MAP_TYPE=4 AND
SUBMITTER_MAP.NAMER_ID=TPARTY_MAP.NAMER_ID AND
SUBMITTER_MAP.STATUS=1 AND
SUBMITTER_MAP.TYPE=0 AND
-- Map currencies
BASE_CCY.TYPE=5006 AND
BASE_CCY.ID = DEALS.F23 AND
SECOND_CCY.TYPE=5006 AND
SECOND_CCY.ID = DEALS.F24 AND
PREMIUM_CCY.TYPE=5006 AND
PREMIUM_CCY.ID = DEALS.F42 AND
-- Find pb map type
PB_MAP.INTERNAL_VALUE=DEALS.F14 AND
PB_MAP.MAP_TYPE=3 AND
PB_MAP.NAMER_ID=TPARTY_MAP.NAMER_ID AND
PB_MAP.STATUS=1 AND
PB_MAP.TYPE=0 AND
-- Find trader name map type
TRADER_MAP.INTERNAL_VALUE(+)=DEALS.F17 AND
TRADER_MAP.MAP_TYPE(+)=4 AND
TRADER_MAP.TYPE(+)=0 AND
TRADER_MAP.STATUS(+)=1 AND
-- Find trade type
TRADE_TYPE.GROUP_ID=1000024 AND
TRADE_TYPE.CODE_KEY = DEALS.F16 AND
-- status
STATUS_CODE.GROUP_ID=4 AND
STATUS_CODE.CODE_KEY = TO_CHAR(DEALS.STATUS);


CREATE OR REPLACE VIEW V_FXPB_POSITION_NOE ( INSTRUMENT_ID, 
	ACCOUNT_ID, 
	POSITION_DATE, 
	CREATION_DATE, 
	SOURCE_ID ,  
	SOURCE_TYPE, 
	SOURCE_REF, 
	SOURCE_REF_TYPE ,
	TYPE,
	LONG_AMOUNT, 
	SHORT_AMOUNT, 
	TRADER_ID, 
	PORTFOLIO_ID, 
	AGREEMENT, 
	DEAL_ID ) 
AS SELECT  A.INSTRUMENT_ID,
	A.ACCOUNT_ID,
	A.POSITION_DATE,
	A.CREATION_DATE,
	A.SOURCE_ID,
	A.SOURCE_TYPE,
	A.SOURCE_REF,
	A.SOURCE_REF_TYPE,
	A.TYPE,
	A.LONG_AMOUNT,
	A.SHORT_AMOUNT,
	B.TRADER_ID,
	B.PORTFOLIO_ID,
	B.AGREEMENT,
	B.ID
FROM 	ARCH_POSITION_DETAILS A,  FXPB_NOE B
WHERE 	A.SOURCE_REF = TO_CHAR(B.ID)
  	AND A.SOURCE_REF_TYPE = 4003
	AND A.TYPE = 1  ;


CREATE OR REPLACE VIEW V_FXPB_POSITION_TRADE ( INSTRUMENT_ID, 
	ACCOUNT_ID, 
	POSITION_DATE, 
	CREATION_DATE, 
	SOURCE_ID ,  
	SOURCE_TYPE, 
	SOURCE_REF, 
	SOURCE_REF_TYPE ,
	TYPE,
	LONG_AMOUNT, 
	SHORT_AMOUNT, 
	TRADER_ID, 
	PORTFOLIO_ID, 
	AGREEMENT, 
	DEAL_ID ) 
AS SELECT  A.INSTRUMENT_ID,
	A.ACCOUNT_ID,
	A.POSITION_DATE,
	A.CREATION_DATE,
	A.SOURCE_ID,
	A.SOURCE_TYPE,
	A.SOURCE_REF,
	A.SOURCE_REF_TYPE,
	A.TYPE,
	A.LONG_AMOUNT,
	A.SHORT_AMOUNT,
	B.TRADER_ID,
	B.PORTFOLIO_ID,
	B.AGREEMENT,
	B.ID
FROM 	ARCH_POSITION_DETAILS A,  FXPB_TRADE B
WHERE 	A.SOURCE_REF = TO_CHAR(B.ID)
  	AND A.SOURCE_REF_TYPE = 4005
	AND A.TYPE = 2 ; 


CREATE OR REPLACE VIEW V_FXPB_REPORT_OPTION_NOE_DEALS ( ID,
PARTNER_NAME, STATUS, REQUEST_ID, REASON,
TIME, UUID, CLIENT_NOE_ID, BANK_NOE_ID,
TRADE_REF_ID, TRN_TYPE, OPERATION, TRADING_PARTY, SUBMITER,
COUNTER_PARTY, SECONDARY_PARTY, VALUE_DATE, SECONDARY_CCY,
QTY, BASE_CCY, RATE, OPTION_TYPE,
CONTACT_DIRECTION, CONTRACT_TYPE, OPTION_STYLE, TRADE_TYPE,
CLIENT_REF, TRADER, REPORTER, LINKED_TRADE
 ) AS SELECT M.ID
	        ,M.PARTNER_NAME
	        ,CG1.DATA AS STATUS
	        ,M.MUREX_TRADE_ID AS REQUEST_ID
	        ,M.REASON
	        ,M.TIME
	        ,M.UUID
	        ,(CASE WHEN (M.CLIENT_NOE_ID>0) THEN M.CLIENT_NOE_ID ELSE '' END) AS CLIENT_NOE_ID
	        ,(CASE WHEN (M.BANK_NOE_ID>0) THEN M.BANK_NOE_ID ELSE '' END) AS BANK_NOE_ID
	        ,(CASE WHEN (M.TRADE_REF_ID>0) THEN M.TRADE_REF_ID ELSE '' END) AS TRADE_REF_ID
			,M.TRN_TYPE
	        ,M.OPERATION AS OPERATION
	        ,M.TRAIDING_PARTY AS TRADING_PARTY
	        ,M.SUBMITTER_PERSON_ID AS SUBMITER
	        ,M.COUNTER_PARTY AS COUNTER_PARTY
	        ,M.SECONDARY_PARTY AS SECONDARY_PARTY
	        ,M.VALUE_DATE AS VALUE_DATE
	        ,M.SECONDARY_CCY_NAME AS SECONDARY_CCY
	        ,M.QTY AS QTY
	        ,M.BASE_CCY_NAME AS BASE_CCY
	        ,M.RATE AS RATE
	        ,M.OPTION_TYPE AS OPTION_TYPE
	        ,(CASE WHEN (M.BINTERNAL='N') THEN 'BUY' ELSE (CASE WHEN (M.SINTERNAL='N') THEN 'SELL' ELSE '' END) END) AS CONTACT_DIRECTION
	        ,CG3.DATA AS CONTRACT_TYPE
	        ,(CASE WHEN (M.TP_AE='E') THEN 'European' ELSE (CASE WHEN (M.TP_AE='A') THEN 'American' ELSE '' END) END) AS OPTION_STYLE
	        ,CG2.DATA AS TRADE_TYPE
	        ,M.CLIENT_REF AS CLIENT_REF
	        ,M.TP_TRADER AS TRADER
			,'' AS REPORTER
	        ,M.TP_CREATOR AS LINKED_TRADE
FROM JPMC_GENERIC_MUREX_DEALS M
	 ,ARCH_CODE_MEMBER CG1
	 ,ARCH_CODE_MEMBER CG2
	 ,ARCH_CODE_MEMBER CG3
WHERE (CG1.GROUP_ID = 1100038) AND (CG1.CODE_KEY = M.STATUS)
  AND (CG2.GROUP_ID = 1100026) AND (CG2.CODE_KEY = M.TRADE_TYPE)
  AND (CG3.GROUP_ID = 1000022) AND (CG3.CODE_KEY = M.CONTRACT_TYPE)
;

--++--++--++--++--++--++--++--++--++--++--++--++--++--++--++--++--++--++--++--++--++--++--++--++--++--++--++
-- build 1.7.14.2:10
 -- CR 6789 starts here
 delete ARCH_CODE_MEMBER where group_id=1100048 and code_key='1001000';
 INSERT INTO ARCH_CODE_MEMBER ( GROUP_ID, CODE_KEY, DATA, NAME, CODE_COMMENT, STATUS ) 
 	VALUES ( 1100048, '1001000', 'Vega', 'Vega', 'Vega Client', 1);
 -- CR 6789 ends here

delete ARCH_FILTER where ID=1101651;
INSERT INTO ARCH_FILTER ( ID, PARENT_ID, ROOT_GROUP, OPERATION, BROTHER_ID, COLUMN_ID, CONDITION, VALUE, CONDITION_CHANGEABLE, VALUE_CHANGEABLE, REQUIRES_BINDING, VISIBILITY, CONDITION_OVERRIDE_GROUP )
    VALUES ( 1101651, 1101650, 1101650, NULL, 1, 1101650, 'IS NOT NULL', NULL, 1, 1, 0, 0, 0);

 -- CR 6789 starts here
 delete ARCH_FLOW_DEF where id=1100056;
 INSERT INTO ARCH_FLOW_DEF ( ID, NAME, FLOW_CLASS, FLOW_MODE ) 
 	VALUES ( 1100056, 'Vega Noe Flow', 'com.traiana.sol.jpmc.integration.vega.VegaNoeFlow', NULL);
 -- CR 6789 ends here

-- CR 6789 starts here
delete ARCH_MSG_GROUP_DETAIL where MSG_GROUP_ID=1001000 and PROTOCOL_MSG_ID=1100056;
INSERT INTO ARCH_MSG_GROUP_DETAIL ( MSG_GROUP_ID, PROTOCOL_MSG_ID ) 
	VALUES (1001000, 1100056);
 -- CR 6789 ends here

-- CR 6789 starts here
delete ARCH_MSG_LOGIC_INFO where id=1100056;
 INSERT INTO ARCH_MSG_LOGIC_INFO ( ID, ATTR, DESCRIPTION, PRE_FLOW_ID, FLOW_ID ) 
 	VALUES ( 1100056, 3, 'Vega Noe', NULL, 1100056);
 -- CR 6789 ends here
 
-- CR 6789 starts here
delete ARCH_MSG_PROTOCOL_INFO where id=1100056;
INSERT INTO ARCH_MSG_PROTOCOL_INFO ( ID, LOGIC_MSG_ID, IN_TRANSFORMER, OUT_TRANSFORMER, DESCRIPTION,NAME ) 
	VALUES (1100056, 1100056, 'VegaDoc-VegaExcelParser', NULL, 'Vega Noe', 'Vega Noe');
 -- CR 6789 ends here

-- CR 6789 starts here
INSERT INTO ARCH_MSG_TOKEN ( PROTOCOL_MSG_ID, TOKEN ) VALUES (1100056, NULL);
 -- CR 6789 ends here

delete ARCH_REPORT_COLUMN where id=1100318;
INSERT INTO ARCH_REPORT_COLUMN ( ID, REPORT_ID, LOGICAL_NAME, VISIBLE_NAME, FILTER_NAME, TYPE,VALIDATOR, CONVERTER, HELPER, VISIBILITY, SETTER, ORDER_SEQ, TABLE_NAME, FOOTER_SETTER,HEADER_SETTER ) 
	VALUES ( 1100318, 1100300, 'TRADE_DATE', 'Trade Date', 'Trade Date', 'Date', 'dateOrToday', NULL, NULL, NULL, NULL, 190, 'trunc(TRADE_DATE)', NULL, NULL); 


CREATE OR REPLACE VIEW V_FXPB_REPORT_EOD_OPTION_CT ( MUREX_ID, 
TRAIANA_ID, OPTION_STATUS, LIFE_STATUS, CREATION_DATE, 
UNDERLYING, OPTION_TYPE, TRADE_DATE, SELLER, 
SIDE_A_MANAGER, BUYER, SIDE_B_MANAGER, EXPIRY, 
VALUE_DATE, CUTOFF_TIME, CUTOFF_CITY, SETTLEMENT, 
OPTION_STYLE, PREMIUM_AMOUNT, PREMIUM_CURRENCY, PREMIUM_DATE, 
PRICE_PAID, PREMIUM_TYPE, CONTRACT_TYPE, SECONDARY_CCY, 
QUANTITY1, BASE_CCY, QUANTITY2, STRIKE, 
STRIKE_QUOTE_MODE, BARRIER_TYPE, BARRIER_LEVEL, BARRIER_LOWER, 
BARRIER_UPPER, REBATE_QUOTE_MODE, REBATE_PERCENT_1, REBATE_PERCENT_2, 
REBATE_TYPE, CCY_PAYOUT, PAYOUT_AMOUNT, AGREEMENT, 
PRIME_BROKER, PB_ROLE, TRADE_TYPE, TG_ID, 
STATUS_BOR, TRADING_ACTIVITY_SIDE_A, TRADING_ACTIVITY_SIDE_B, TERMINATED_DATE, 
FWD_DATE, SIDE_A_ORG_ID, SIDE_B_ORG_ID ) AS SELECT /*+ ordered */
	(TRADE.OPTION_BO_TRADE_ID)MUREX_ID, --Murex ID
	(TRADE.ID)TRAIANA_ID, -- trade id
	(C_TR_OPTION.DATA)OPTION_STATUS, --option status
	(C_TR_LG.DATA)LIFE_STATUS, --life status
	(TRADE.CREATION_DATE)CREATION_DATE, --creation date
	(NOE.UNDERLYING_CLIENT_REF) UNDERLYING, -- underlying client ref
	(C_OPTION_TYPE.DATA) OPTION_TYPE, -- option type
	(TRADE.TRADE_DATE)TRADE_DATE,
	(M2.EXTERNAL_VALUE)SELLER,
	(TRADE.SIDE_A_MANAGER_ID)SIDE_A_MANAGER,
	(M1.EXTERNAL_VALUE)BUYER,
	(TRADE.SIDE_B_MANAGER_ID)SIDE_B_MANAGER,
	(NOE.EXPIRY_DATE)EXPIRY,
	(TRADE.SETTLEMENT_DATE)VALUE_DATE,
	(NOE.EXPIRY_TIME)CUTOFF_TIME,
	(NOE.CUT_OFF_ZONE)CUTOFF_CITY,
	(C_SETTLEMENT.DATA)SETTLEMENT,
	(C_OPTION_STYLE.DATA) OPTION_STYLE,
	(TRADE.PRIMIUM_AMOUNT) PREMIUM_AMOUNT,
	(PREMIUM_CURRENCY.NAME) PREMIUM_CURRENCY,
	(NOE.PREMIUM_DATE) PREMIUM_DATE,
	(NOE.PRICE_PAID)PRICE_PAID,
	(C_PREMIUM_TYPE.DATA)PREMIUM_TYPE,
	(C1.DATA) CONTRACT_TYPE,
	I2.NAME, -- secondary ccy
	TRADE.QUANTITY,
	I1.NAME, -- base ccy
	TRADE.QUANTITY2,
	(NOE.RATE) STRIKE,
	(C_STRIKE_Q_MODE.DATA) STRIKE_QUOTE_MODE,
	(C_BARRIER_TYPE.DATA)BARRIER_TYPE,
	(NOE.BARRIER_LEVEL)BARRIER_LEVEL,
	(NOE.LOWER_BARRIER_LEVEL)BARRIER_LOWER,
	(NOE.UPPER_BARRIER_LEVEL)BARRIER_UPPER,
	(C_REBATE_QUOTE_MODE.DATA)REBATE_QUOTE_MODE,
	(NOE.REBATE_PERCENT_1)REBATE_PERCENT_1,
	(NOE.REBATE_PERCENT_2)REBATE_PERCENT_2,
	(C_REBATE_TYPE.DATA)REBATE_TYPE,
	(CCY_PAYOUT.NAME)CCY_PAYOUT,
	(NOE.PAYOUT_AMOUNT)PAYOUT_AMOUNT,
	(C_AGREEMENT.DATA) AGREEMENT,
	(PB_MAP.EXTERNAL_VALUE)PRIME_BROKE,
	(CASE WHEN TRADE.SIDE_A_ORG_ID = 1000000 THEN 'SELL' ELSE 'BUY' END)PB_ROLE,
	(C.DATA) TRADE_TYPE,
	TG.ID, -- tg id  (traiana ID)
	(C_TR_BOR.DATA)STATUS_BOR,
	TRADE.TRADING_ACTIVITY_SIDE_A, -- sell  NOE    (swaped)
	TRADE.TRADING_ACTIVITY_SIDE_B, -- buyer NOE    (swaped)
	TRADE.TERMINATED_DATE, --cr 5160
	(NOE.VALUE_DATE) FWD_DATE,
	TRADE.SIDE_A_ORG_ID,
	TRADE.SIDE_B_ORG_ID
FROM
	FXPB_OPTION_TRADE  TG,--TRADE GROUP
	FXPB_OPTION_TRADE  TRADE,--TRADE
	A_TA_TA_REL B,
	FXPB_OPTION_NOE NOE,
	ARCH_DATA_MAPPING M1, -- buyer da
	ARCH_DATA_MAPPING M2, -- seller da
	A_INSTRUMENT I1, -- base currency
	A_INSTRUMENT I2, -- secondary currency
	A_INSTRUMENT PREMIUM_CURRENCY, -- premium currency
	ARCH_CODE_MEMBER C1, -- contract type
	ARCH_CODE_MEMBER C_TR_LG, -- lifecycle status
	ARCH_CODE_MEMBER C_TR_BOR, -- BOR status
	ARCH_CODE_MEMBER C_TR_OPTION, -- OPTION status
	ARCH_CODE_MEMBER C, -- trade type
	ARCH_CODE_MEMBER C_AGREEMENT, -- trade type
	ARCH_CODE_MEMBER C_STRIKE_Q_MODE, -- Strike quote mode
	ARCH_CODE_MEMBER C_OPTION_TYPE, -- Option type
	ARCH_CODE_MEMBER C_BARRIER_TYPE, -- Barrier Type
	ARCH_CODE_MEMBER C_OPTION_STYLE, -- Option style
	ARCH_CODE_MEMBER C_SETTLEMENT, -- Delivery method
	ARCH_CODE_MEMBER C_PREMIUM_TYPE, -- PREMIUM TYPE
	ARCH_CODE_MEMBER C_REBATE_QUOTE_MODE, -- rebate quote mode
	ARCH_CODE_MEMBER C_REBATE_TYPE,
	A_INSTRUMENT CCY_PAYOUT,    -- Payout Ccy
	ARCH_DATA_MAPPING PB_MAP -- prime broker mapping
WHERE
	TG.TYPE = 4009
	AND	 B.PARENT_TA_ID = TG.ID
	AND B.RELATION = 13
	AND B.CHILD_TA_ID = TRADE.ID--GET CHILD TA
	AND NOE.ID = TRADE.TRADING_ACTIVITY_SIDE_A
	--  base currency
	AND NOE.BASE_INSTRUMENT_ID=I1.ID
	AND I1.TYPE = 5006 -- currency
	--  secondary currency
	AND NOE.SECONDARY_INSTRUMENT_ID=I2.ID
	AND I2.TYPE = 5006 -- currency
	-- life status
	AND C_TR_LG.CODE_KEY = TO_CHAR(TRADE.LIFE_STATUS)
	AND C_TR_LG.GROUP_ID = 1001018
	AND TRADE.LIFE_STATUS IN (2,5)
	-- BOR status
	AND C_TR_BOR.CODE_KEY = TO_CHAR(TRADE.BOR_STATUS)
	AND C_TR_BOR.GROUP_ID = 1001019
	-- OPTION status
	AND C_TR_OPTION.CODE_KEY = TO_CHAR(TRADE.OPTION_STATUS)
	AND C_TR_OPTION.GROUP_ID = 1100025
	--trade type
	AND C.CODE_KEY=  TO_CHAR(NOE.TRADE_TYPE)
	AND C.GROUP_ID=1000024
	-- side a mapping
	AND TRADE.SIDE_B_ORG_ID=M1.INTERNAL_VALUE
	AND M1.MAP_TYPE IN (3,7) -- organization  or fund
	AND M1.NAMER_ID=1000000
	AND M1.STATUS=1
	AND M1.TYPE=0
	-- side b mapping
	AND TRADE.SIDE_A_ORG_ID=M2.INTERNAL_VALUE
	AND M2.MAP_TYPE IN (3,7) -- organization  or fund
	AND M2.NAMER_ID=1000000
	AND M2.STATUS=1
	AND M2.TYPE=0
	--contract type
	AND C1.CODE_KEY= TO_CHAR(NOE.CONTRACT_TYPE)
	AND C1.GROUP_ID=1100021
	-- Agreement
	AND C_AGREEMENT.CODE_KEY = TO_CHAR(NOE.AGREEMENT)
	AND C_AGREEMENT.GROUP_ID = 1000032
	-- Strike Quote Mode
	AND C_STRIKE_Q_MODE.CODE_KEY = TO_CHAR(NOE.STRIKE_QUOTE_MODE)
	AND C_STRIKE_Q_MODE.GROUP_ID = 1100024
	-- Option type
	AND C_OPTION_TYPE.CODE_KEY = TO_CHAR(NOE.OPTION_TYPE)
	AND C_OPTION_TYPE.GROUP_ID = 1100022
	-- Option style
	AND C_OPTION_STYLE.CODE_KEY = TO_CHAR(NOE.OPTION_STYLE)
	AND C_OPTION_STYLE.GROUP_ID = 1100020
	--Barrier Type
	AND C_BARRIER_TYPE.CODE_KEY = TO_CHAR(NOE.BARRIER_TYPE)
	AND C_BARRIER_TYPE.GROUP_ID = 1100045
	-- settlement
	AND C_SETTLEMENT.CODE_KEY = TO_CHAR(NOE.DELIVERY_METHOD)
	AND C_SETTLEMENT.GROUP_ID = 1100023
	--premium currency
	AND NOE.PREMIUM_CCY=PREMIUM_CURRENCY.ID
	AND PREMIUM_CURRENCY.TYPE = 5006 -- currency
	-- PREMIUM TYPE
	AND C_PREMIUM_TYPE.CODE_KEY = TO_CHAR(NOE.PREMIUM_TYPE)
	AND C_PREMIUM_TYPE.GROUP_ID =1100019
	-- REBATE_QUOTE_MODE
	AND C_REBATE_QUOTE_MODE.CODE_KEY = NVL(TO_CHAR(NOE.REBATE_QUOTE_MODE), 0)
	AND C_REBATE_QUOTE_MODE.GROUP_ID = 1100046
	-- Payout Ccy
	AND NOE.PAYOUT_CURRENCY = CCY_PAYOUT.ID(+)
	AND CCY_PAYOUT.TYPE(+) = 5006 -- currency
	--rebate type
	AND C_REBATE_TYPE.CODE_KEY = NVL(TO_CHAR(NOE.REBATE_TYPE),0)
	AND C_REBATE_TYPE.GROUP_ID = 1100031
	-- pb mapping
	AND NOE.PB_ID = PB_MAP.INTERNAL_VALUE
	AND PB_MAP.MAP_TYPE IN (3,7) -- organization  or fund
	AND PB_MAP.NAMER_ID=1000000
	AND PB_MAP.STATUS=1
	AND PB_MAP.TYPE=0;


CREATE OR REPLACE VIEW V_FXPB_REPORT_LINEAR_NOE_DEALS ( ID, 
DOMAIN_ID, PARTNER_ID, PARTNER_NAME, STATUS, 
REQUEST_ID, REASON, TIME, UUID, 
NOE_REF, TRADING_PARTY, ENTERING_PARTY, SUBMITTER, 
COUNTER_PARTY, VALUE_DATE, SECOND_CCY, BASE_CCY, 
VALUE_RATE, TRADE_DATE, FAR_VALUE_RATE, FAR_VALUE_DATE, 
TRADE_TYPE, CONTRACT_DIRECTION, CONTRACT_TYPE, CONTRACT_QTY, 
CLIENT_REF, TRADER, UNUSED_ID, OPERATION, 
OBJECT_TYPE, FAR_QTY, DESCRIPTION, PB, 
FIXING_DATE, REPORTER, NAMER_ID, TRADER_NAMER_ID
 ) AS 
SELECT /*+ ordered first_rows */ 
DEALS.ID, DEALS.DOMAIN_ID, PARTNER_ID, PARTNER.NAME, 
(STATUS_CODE.DATA)STATUS, (DEALS.F19)REQUEST_ID, 
REASON, TIME, UUID, 
(CASE  WHEN (DEALS.STATUS=2) THEN NOE_REF ELSE '' END) NOE_REF, 
(TPARTY_MAP.EXTERNAL_VALUE)TRADING_PARTY, (EPARTY_MAP.EXTERNAL_VALUE)ENTERING_PARTY, 
(SUBMITTER_MAP.EXTERNAL_VALUE)SUBMITTER, (CPARTY_MAP.EXTERNAL_VALUE)COUNTER_PARTY, 
(DEALS.F5)VALUE_DATE, 
(SECOND_CCY.NAME)SECOND_CCY, (BASE_CCY.NAME)BASE_CCY, (DEALS.F8)VALUE_RATE, 
(to_date(DEALS.F9,'mm/dd/yyyy'))TRADE_DATE, (DEALS.F10)FAR_VALUE_RATE, 
(to_date(DEALS.F11,'mm/dd/yyyy'))FAR_VALUE_DATE, 
(TRADE_TYPE.DATA)TRADE_TYPE, 
(DIRECTION.DATA)CONTRACT_DIRECTION, 
(CONTRACT_TYPE.DATA)CONTRACT_TYPE, 
(DEALS.F15)CONTRACT_QTY, 
(DEALS.F16)CLIENT_REF, (TRADER_MAP.EXTERNAL_VALUE)TRADER, (DEALS.F18)UNUSED_ID, (DEALS.F20)OPERATION, 
(DEALS.F21)OBJECT_TYPE, (DEALS.F22)FAR_QTY, (DEALS.F23)DESCRIPTION, (PB_MAP.EXTERNAL_VALUE)PB, (to_date(DEALS.F25,'mm/dd/yyyy'))FIXING_DATE, (DEALS.F26)REPORTER, 
(TPARTY_MAP.NAMER_ID)NAMER_ID, 
(TRADER_MAP.NAMER_ID)TRADER_NAMER_ID 
 FROM 
ARCH_GENERIC_NOE_DEALS DEALS,
ARCH_PARTNER PARTNER, 
A_INSTRUMENT BASE_CCY, 
A_INSTRUMENT SECOND_CCY, 
--ARCH_GENERIC_NOE_DEALS_EXT EXT, 
ARCH_DATA_MAPPING TPARTY_MAP, 
ARCH_DATA_MAPPING EPARTY_MAP, 
ARCH_DATA_MAPPING SUBMITTER_MAP, 
ARCH_DATA_MAPPING TRADER_MAP, 
ARCH_DATA_MAPPING CPARTY_MAP, 
ARCH_DATA_MAPPING PB_MAP, 
ARCH_CODE_MEMBER TRADE_TYPE, 
ARCH_CODE_MEMBER DIRECTION, 
ARCH_CODE_MEMBER CONTRACT_TYPE, 
ARCH_CODE_MEMBER STATUS_CODE 
--ARCH_CODE_MEMBER RECON, 
--ARCH_CODE_MEMBER APPROVAL, 
--ARCH_CODE_MEMBER LIFE 
--ARCH_CODE_MEMBER SIDEAROLE, 
--ARCH_CODE_MEMBER SIDEBROLE 
WHERE 
--DEALS.ID = 2000020 AND 
-- find trading party map type 
TPARTY_MAP.INTERNAL_VALUE=DEALS.F1 
AND DEALS.F2 NOT LIKE '%Option%' 
AND TPARTY_MAP.MAP_TYPE=3 
AND TPARTY_MAP.TYPE=0 
AND TPARTY_MAP.STATUS=1 
-- find entering party map type 
AND EPARTY_MAP.INTERNAL_VALUE=DEALS.F2 
AND EPARTY_MAP.MAP_TYPE=3 
AND EPARTY_MAP.TYPE=0 
AND EPARTY_MAP.STATUS=1 
AND EPARTY_MAP.NAMER_ID=TPARTY_MAP.NAMER_ID 
-- find submitter name map type 
AND SUBMITTER_MAP.INTERNAL_VALUE=DEALS.F3 
AND SUBMITTER_MAP.MAP_TYPE=4 
AND SUBMITTER_MAP.TYPE=0 
AND SUBMITTER_MAP.STATUS=1 
AND SUBMITTER_MAP.NAMER_ID=TPARTY_MAP.NAMER_ID 
-- find counter party map type 
AND CPARTY_MAP.INTERNAL_VALUE=DEALS.F4 
AND CPARTY_MAP.MAP_TYPE=3 
AND CPARTY_MAP.TYPE=0 
AND CPARTY_MAP.STATUS=1 
AND CPARTY_MAP.NAMER_ID=TPARTY_MAP.NAMER_ID 
-- find pb map type 
AND PB_MAP.INTERNAL_VALUE=DEALS.F24 
AND PB_MAP.MAP_TYPE=3 
AND PB_MAP.TYPE=0 
AND PB_MAP.STATUS=1 
AND PB_MAP.NAMER_ID=TPARTY_MAP.NAMER_ID 
-- find trader name map type 
AND TRADER_MAP.INTERNAL_VALUE(+)=DEALS.F17 
AND TRADER_MAP.MAP_TYPE(+)=4 
AND TRADER_MAP.TYPE(+)=0 
AND TRADER_MAP.STATUS(+)=1 
-- Map currencies 
AND BASE_CCY.TYPE=5006 
AND BASE_CCY.ID = DEALS.F7 
AND SECOND_CCY.TYPE=5006 
AND SECOND_CCY.ID = DEALS.F6 
-- find trade type 
AND TRADE_TYPE.GROUP_ID=1000024 
AND TRADE_TYPE.CODE_KEY = DEALS.F12 
-- find direction 
AND DIRECTION.GROUP_ID=1000021 -- 300021 
AND DIRECTION.CODE_KEY = DEALS.F13 
-- find contract type 
AND CONTRACT_TYPE.GROUP_ID=20 
AND CONTRACT_TYPE.CODE_KEY = DEALS.F14 
-- status 
AND STATUS_CODE.GROUP_ID=4 
AND STATUS_CODE.CODE_KEY = TO_CHAR(DEALS.STATUS) 
AND DEALS.PARTNER_ID = PARTNER.ID 
AND DEALS.DOMAIN_ID = PARTNER.DOMAIN_ID
;

--++--++--++--++--++--++--++--++--++--++--++--++--++--++--++--++--++--++--++--++--++--++--++--++--++--++--++
-- build 1.7.14.2:12
delete ARCH_REPORT_COLUMN where ID=1000152;
INSERT INTO ARCH_REPORT_COLUMN ( ID, REPORT_ID, LOGICAL_NAME, VISIBLE_NAME, FILTER_NAME, TYPE,VALIDATOR, CONVERTER, HELPER, VISIBILITY, SETTER, ORDER_SEQ, TABLE_NAME, FOOTER_SETTER,HEADER_SETTER ) 
	VALUES ( 1000152, 1000120, 'TradeDate', 'Trade date', 'Trade Date', 'Date', 'dateOrToday', NULL, NULL, 'filters', NULL, 130, 'trunc(TradeDate)', NULL, NULL); 

delete ARCH_FILTER where id in (1100415,1000125);
INSERT INTO ARCH_FILTER ( ID, PARENT_ID, ROOT_GROUP, OPERATION, BROTHER_ID, COLUMN_ID, CONDITION,VALUE, CONDITION_CHANGEABLE, VALUE_CHANGEABLE, REQUIRES_BINDING, VISIBILITY,CONDITION_OVERRIDE_GROUP ) 
	VALUES (1100415, 1100412, 1100410, 'NONE', 2, 1100550, 'like', '$VisibleClientName', 1, 1, 1, 3, NULL);
INSERT INTO ARCH_FILTER ( ID, PARENT_ID, ROOT_GROUP, OPERATION, BROTHER_ID, COLUMN_ID, CONDITION,VALUE, CONDITION_CHANGEABLE, VALUE_CHANGEABLE, REQUIRES_BINDING, VISIBILITY,CONDITION_OVERRIDE_GROUP )
    VALUES (1000125, 1000122, 1000120, 'NONE', 2, 1000140, 'like', '$VisibleClientName', 1, 1, 1, 3, NULL);

--++--++--++--++--++--++--++--++--++--++--++--++--++--++--++--++--++--++--++--++--++--++--++--++--++--++--++
-- build 1.7.14.2:13
delete ARCH_REPORT_INSTANCE where id=1101700;
INSERT INTO ARCH_REPORT_INSTANCE ( ID, REPORT_ID, SORT_COLUMNS, SORT_ORDER, FILTER_ROOT )
    VALUES ( 1101700, 1101700, 'ID', 'DESC', 1101700);
--++--++--++--++--++--++--++--++--++--++--++--++--++--++--++--++--++--++--++--++--++--++--++--++--++--++--++
-- build 1.7.14.2:15

DELETE FROM ARCH_REPORT_COLUMN WHERE ID in (1101650,1101651);
INSERT INTO ARCH_REPORT_COLUMN ( ID, REPORT_ID, LOGICAL_NAME, VISIBLE_NAME, FILTER_NAME, TYPE, VALIDATOR, CONVERTER, HELPER, VISIBILITY, SETTER, ORDER_SEQ, TABLE_NAME, HEADER_SETTER, FOOTER_SETTER )
	VALUES ( 1101650, 1101650, 'INTERFACE', 'Interface', 'Interface', 'String', 'string', NULL, NULL, NULL, 'report', 10, 'INTERFACE', 'nosort', NULL);
INSERT INTO ARCH_REPORT_COLUMN ( ID, REPORT_ID, LOGICAL_NAME, VISIBLE_NAME, FILTER_NAME, TYPE, VALIDATOR, CONVERTER, HELPER, VISIBILITY, SETTER, ORDER_SEQ, TABLE_NAME, HEADER_SETTER, FOOTER_SETTER )
	VALUES ( 1101651, 1101650, 'LAST_TIME', 'Last Message', 'Last Message', 'String', 'string', NULL, NULL, NULL, 'report', 20, 'LAST_TIME', 'nosort', NULL);
--++--++--++--++--++--++--++--++--++--++--++--++--++--++--++--++--++--++--++--++--++--++--++--++--++--++--++
-- build 1.7.14.2:18
delete ARCH_REPORT_COLUMN where id in (1101650,1101651);
INSERT INTO ARCH_REPORT_COLUMN ( ID, REPORT_ID, LOGICAL_NAME, VISIBLE_NAME, FILTER_NAME, TYPE,VALIDATOR, CONVERTER, HELPER, VISIBILITY, SETTER, ORDER_SEQ, TABLE_NAME, HEADER_SETTER,FOOTER_SETTER ) 
	VALUES ( 1101650, 1101650, 'INTERFACE', 'Interface', 'Interface', 'String', 'string', NULL, NULL, 'report', NULL, 10, 'INTERFACE', 'nosort', NULL); 
INSERT INTO ARCH_REPORT_COLUMN ( ID, REPORT_ID, LOGICAL_NAME, VISIBLE_NAME, FILTER_NAME, TYPE,VALIDATOR, CONVERTER, HELPER, VISIBILITY, SETTER, ORDER_SEQ, TABLE_NAME, HEADER_SETTER,FOOTER_SETTER ) 
	VALUES ( 1101651, 1101650, 'LAST_TIME', 'Last Message', 'Last Message', 'String', 'string', NULL, NULL, 'report', NULL, 20, 'LAST_TIME', 'nosort', NULL); 

CREATE OR REPLACE VIEW V_FXPB_REPORT_LINEAR_NOE_DEALS ( ID, 
DOMAIN_ID, PARTNER_ID, PARTNER_NAME, STATUS, 
REQUEST_ID, REASON, TIME, UUID, 
NOE_REF, TRADING_PARTY, ENTERING_PARTY, SUBMITTER, 
COUNTER_PARTY, VALUE_DATE, SECOND_CCY, BASE_CCY, 
VALUE_RATE, TRADE_DATE, FAR_VALUE_RATE, FAR_VALUE_DATE, 
TRADE_TYPE, CONTRACT_DIRECTION, CONTRACT_TYPE, CONTRACT_QTY, 
CLIENT_REF, TRADER, UNUSED_ID, OPERATION, 
OBJECT_TYPE, FAR_QTY, DESCRIPTION, PB, 
FIXING_DATE, REPORTER, NAMER_ID, TRADER_NAMER_ID
 ) AS 
SELECT /*+ ordered first_rows */ 
DEALS.ID, DEALS.DOMAIN_ID, PARTNER_ID, PARTNER.NAME, 
(STATUS_CODE.DATA)STATUS, (DEALS.F19)REQUEST_ID, 
REASON, TIME, UUID, 
(CASE  WHEN (DEALS.STATUS=2) THEN NOE_REF ELSE '' END) NOE_REF, 
(TPARTY_MAP.EXTERNAL_VALUE)TRADING_PARTY, (EPARTY_MAP.EXTERNAL_VALUE)ENTERING_PARTY, 
(SUBMITTER_MAP.EXTERNAL_VALUE)SUBMITTER, (CPARTY_MAP.EXTERNAL_VALUE)COUNTER_PARTY, 
(DEALS.F5)VALUE_DATE, 
(SECOND_CCY.NAME)SECOND_CCY, (BASE_CCY.NAME)BASE_CCY, (DEALS.F8)VALUE_RATE, 
(to_date(DEALS.F9,'mm/dd/yyyy'))TRADE_DATE, (DEALS.F10)FAR_VALUE_RATE, 
(to_date(DEALS.F11,'mm/dd/yyyy'))FAR_VALUE_DATE, 
(TRADE_TYPE.DATA)TRADE_TYPE, 
(DIRECTION.DATA)CONTRACT_DIRECTION, 
(CONTRACT_TYPE.DATA)CONTRACT_TYPE, 
(DEALS.F15)CONTRACT_QTY, 
(DEALS.F16)CLIENT_REF, (TRADER_MAP.EXTERNAL_VALUE)TRADER, (DEALS.F18)UNUSED_ID, (DEALS.F20)OPERATION, 
(DEALS.F21)OBJECT_TYPE, (DEALS.F22)FAR_QTY, (DEALS.F23)DESCRIPTION, (PB_MAP.EXTERNAL_VALUE)PB, (to_date(DEALS.F25,'mm/dd/yyyy'))FIXING_DATE, (DEALS.F26)REPORTER, 
(TPARTY_MAP.NAMER_ID)NAMER_ID, 
(TRADER_MAP.NAMER_ID)TRADER_NAMER_ID 
 FROM 
ARCH_GENERIC_NOE_DEALS DEALS,
ARCH_PARTNER PARTNER, 
A_INSTRUMENT BASE_CCY, 
A_INSTRUMENT SECOND_CCY, 
--ARCH_GENERIC_NOE_DEALS_EXT EXT, 
ARCH_DATA_MAPPING TPARTY_MAP, 
ARCH_DATA_MAPPING EPARTY_MAP, 
ARCH_DATA_MAPPING SUBMITTER_MAP, 
ARCH_DATA_MAPPING TRADER_MAP, 
ARCH_DATA_MAPPING CPARTY_MAP, 
ARCH_DATA_MAPPING PB_MAP, 
ARCH_CODE_MEMBER TRADE_TYPE, 
ARCH_CODE_MEMBER DIRECTION, 
ARCH_CODE_MEMBER CONTRACT_TYPE, 
ARCH_CODE_MEMBER STATUS_CODE 
--ARCH_CODE_MEMBER RECON, 
--ARCH_CODE_MEMBER APPROVAL, 
--ARCH_CODE_MEMBER LIFE 
--ARCH_CODE_MEMBER SIDEAROLE, 
--ARCH_CODE_MEMBER SIDEBROLE 
WHERE 
--DEALS.ID = 2000020 AND 
-- find trading party map type 
TPARTY_MAP.INTERNAL_VALUE=DEALS.F1 
AND DEALS.F2 NOT LIKE '%Option%' 
AND TPARTY_MAP.MAP_TYPE=3 
AND TPARTY_MAP.TYPE=0 
AND TPARTY_MAP.STATUS=1 
-- find entering party map type 
AND EPARTY_MAP.INTERNAL_VALUE=DEALS.F2 
AND EPARTY_MAP.MAP_TYPE=3 
AND EPARTY_MAP.TYPE=0 
AND EPARTY_MAP.STATUS=1 
AND EPARTY_MAP.NAMER_ID=TPARTY_MAP.NAMER_ID 
-- find submitter name map type 
AND SUBMITTER_MAP.INTERNAL_VALUE=DEALS.F3 
AND SUBMITTER_MAP.MAP_TYPE=4 
AND SUBMITTER_MAP.TYPE=0 
AND SUBMITTER_MAP.STATUS=1 
AND SUBMITTER_MAP.NAMER_ID=TPARTY_MAP.NAMER_ID 
-- find counter party map type 
AND CPARTY_MAP.INTERNAL_VALUE=DEALS.F4 
AND CPARTY_MAP.MAP_TYPE=3 
AND CPARTY_MAP.TYPE=0 
AND CPARTY_MAP.STATUS=1 
AND CPARTY_MAP.NAMER_ID=TPARTY_MAP.NAMER_ID 
-- find pb map type 
AND PB_MAP.INTERNAL_VALUE=DEALS.F24 
AND PB_MAP.MAP_TYPE=3 
AND PB_MAP.TYPE=0 
AND PB_MAP.STATUS=1 
AND PB_MAP.NAMER_ID=TPARTY_MAP.NAMER_ID 
-- find trader name map type 
AND TRADER_MAP.INTERNAL_VALUE(+)=DEALS.F17 
AND TRADER_MAP.MAP_TYPE(+)=4 
AND TRADER_MAP.TYPE(+)=0 
AND TRADER_MAP.STATUS(+)=1 
-- Map currencies 
AND BASE_CCY.TYPE=5006 
AND BASE_CCY.ID = DEALS.F7 
AND SECOND_CCY.TYPE=5006 
AND SECOND_CCY.ID = DEALS.F6 
-- find trade type 
AND TRADE_TYPE.GROUP_ID=1000024 
AND TRADE_TYPE.CODE_KEY = DEALS.F12 
-- find direction 
AND DIRECTION.GROUP_ID=1000021 -- 300021 
AND DIRECTION.CODE_KEY = DEALS.F13 
-- find contract type 
AND ((CONTRACT_TYPE.GROUP_ID=20
AND CONTRACT_TYPE.CODE_KEY = DEALS.F14)
or (CONTRACT_TYPE.GROUP_ID=1000022 
AND CONTRACT_TYPE.CODE_KEY = DEALS.F14))
-- status 
AND STATUS_CODE.GROUP_ID=4 
AND STATUS_CODE.CODE_KEY = TO_CHAR(DEALS.STATUS) 
AND DEALS.PARTNER_ID = PARTNER.ID 
AND DEALS.DOMAIN_ID = PARTNER.DOMAIN_ID
;
--++--++--++--++--++--++--++--++--++--++--++--++--++--++--++--++--++--++--++--++--++--++--++--++--++--++--++
-- build 1.7.14.2.19
CREATE TABLE PROP_DELETED_PROPERTIES (
	DELETE_DATE 	DATE,
	ID		NUMBER(30),
	OBJECT_ID	NUMBER(30),
	OBJECT_TYPE	NUMBER(30),
	CODE_ID		NUMBER(30),
	VALUE		VARCHAR2(255)
);

-- Create a flat table from arch_obj_prop_meta_group_def
CREATE TABLE PROP_FLAT_META_GROUPS (
	SOLUTION_ID NUMBER (30) ,
	OBJECT_TYPE NUMBER (30) , 
	META_GROUP  VARCHAR(255), 
	GROUP_ID    NUMBER (30)
);

CREATE OR REPLACE FORCE VIEW V_PROP_ALL_PROPERTIES AS 
-- Returns all the possible properties for all the existing organizations. The	--
-- list of properties is a result of join organization with all the properties 	--
-- it should have according to its role (i.e. client, bank,...).		--
	SELECT -- all  properties
		org.ID		Object_ID, 
		1000		Object_Type, 
		props.id	Code_ID,
		props.required	Required
	FROM	v_PROP_upg_orgs 		org, 
		PROP_flat_meta_groups	flat, 
		arch_obj_prop_def	props 
	WHERE 	org.participant_role = flat.meta_group and	/* Join		*/ 
		flat.GROUP_ID        = props.group_id and	/* Join		*/ 
		flat.object_type     = 1000  			/* Get orgs only*/ 
;
CREATE OR REPLACE FORCE VIEW V_PROP_UPG_ORGS AS
-- This view returns all candidates organizations --
	SELECT  a.external_value	participant_name,
		f.id			id, 
	        c1.data			participant_role
	FROM	arch_data_mapping 	a,
		a_object_role 		e,
		a_organization 		f,
		arch_code_member 	c1,
		a_state_detail 		d,
		arch_code_member 	m 
	WHERE 	a.map_type  = 3			AND 
		a.type      = 0			AND 
		a.internal_value = f.id		AND 
		e.object_id = f.id		AND 
		e.object_type = 1000		AND 
		c1.code_key = TO_CHAR(e.role)	AND 
		c1.group_id = 1000000		AND 
		a.namer_id  = 1000000		AND 
		d.state_id  = f.state_id	AND 
		d.status_type   = 6		AND 
--		d.status_value <> -1		AND 
		m.group_id  = 6			AND 
		m.code_key  = d.status_value
;


CREATE OR REPLACE FORCE VIEW V_PROP_DELETE_CANDIDATES AS 
-- This view returns all organization properties from arch_objects_props table		--
-- that are obsolete and should be deleted. It finds those properties by 		--
-- eliminating all the possible orgs properties from all actual orgs properties.	--
	SELECT	--  All existing properties for all the organizations  
		props.object_id, 
		props.object_type, 
		props.code_id 
	FROM	arch_object_props	props, 
		v_PROP_upg_orgs		orgs  
	WHERE	props.object_type=1000  AND
		props.object_id=orgs.id
	MINUS
	SELECT  --- all valid properties
		object_id,
		object_type,
		code_id
	FROM 	v_PROP_all_properties
;

CREATE OR REPLACE FORCE VIEW V_PROP_MISSING_PROPS AS 
-- Returns all the actual properties that are missing. This view is created by  	--
-- finding all the possible requires properties of the organizations and then 		--
-- removing the existing actual properties						--
	SELECT 	-- all mandatory properties
		object_id, 
		object_type, 
		code_id
	FROM 	v_PROP_all_properties props
	WHERE	props.required = 1	/* Mandatory props only */ 
	MINUS	
	SELECT	-- Existing properties 
		object_id  , 
		object_type, 
		code_id 
	FROM 	arch_object_props 
	WHERE 	object_type = 1000
;


-- create stored procedure
CREATE OR REPLACE PROCEDURE PROP_UPDATE_PROPERTIES AS
----------------------------------------------------------------------------------------------------------
--													--
-- Date : 21-JUN-2004											--
-- Company: Traiana Inc. 										--
-- Author : Isaac Raz 											--
--													--
-- procedure Target: 											--
--	Current version expects all organization to have a defined set of properties. Some of the 	--
--	properties are new and mandatory while others obsolete. Every property has a default value. 	--
--	This script removes the obsolete organizations properties and creates the missing ones.		--
--													--
-- procedure methodology:										--
--	1. Flat the meta groups to flat groups table (PROP_flat_meta_groups). 				--
--	   All organizations properties are defined by meta groups through groups in properties table.	--
--	   Meta groups has a list of groups, and groups have a set of properties.			--
--	   This stage populate a single table with all the properties related to a meta-group		--
--	   1. Meta groups table is ARCH_OBJ_PROP_META_GROUP_DEF						--
--	   2. Groups table is ARCH_OBJ_PROP_GROUP_DEF 							--
--	   3. Properties definitions table is ARCH_OBJ_PROP_DEF 					--
--	   4. Actual properties table is ARCH_OBJECT_PROPS						--
--	2. Save obsolete properties in a table (for tracking reasons only)				--
--	3. Delete obsolete properties 									--
--	4. Add missing properties.									--
--		Insert the missing properties with the default value as defined for each property	--
-- The procedure uses the views:									--
--		1. v_PROP_upg_orgs - 									--
--			This view returns all candidates organizations		 			--
--		2. v_PROP_all_properties - 								--
--			Returns all the possible properties for all the existing organizations. The	--
--			list of properties is a result of join organization with all the properties 	--
--			it should have according to its role (i.e. client, bank,...).			--
--		3. v_PROP_delete_candidates -								--
--			This view returns all organization properties from arch_objects_props table	--
--			that are obsolete and should be deleted. It finds those properties by 		--
--			eliminating all the possible orgs properties from all actual orgs properties.	--
--		4. v_PROP_missing_props - 								--
--			Returns all the actual properties that are missing. This view is created by  	--
--			finding all the possible requires properties of the organizations and then 	--
--			removing the existing actual properties						--
--													--
-- Updates Tacking:											--
----------------------------------------------------------------------------------------------------------
	cursor MetaData is 
		select * 
		from arch_obj_prop_meta_group_def 
		where solution_id>999999 ;
	nStartPos number;
	nEndPos number; 
	nVal number;  
	nOccurences  number; 
BEGIN
--------------------------------------------------------------------------------------------------------------------------------------------------------------------
-- STEP 1: Flat the meta groups table
--------------------------------------------------------------------------------------------------------------------------------------------------------------------
	-- Clear the table
	DELETE FROM PROP_flat_meta_groups;
	-- Flat the table arch_obj_prop_meta_group_def
	FOR MetaGroup IN MetaData LOOP
		-- Assumption : There  are no records with empty groups_ids field																		 
		nOccurences:=  1 ;
		nEndPos    := -1 ;
		WHILE instr(MetaGroup.Group_IDs,',',1,nOccurences)<>0 LOOP
			-- extract all IDs but the last one
			nStartPos := nEndPos+2;                                       --  skip the comma 
			nEndPos   := instr(MetaGroup.Group_IDs,',',1,nOccurences)-1;
			nVal      := to_number( substr(MetaGroup.Group_IDs,nStartPos,nEndPos-nStartPos+1));
			INSERT INTO PROP_flat_meta_groups 
                                        ( SOLUTION_ID          , OBJECT_TYPE          , META_GROUP          , GROUP_ID) 
				  VALUES( MetaGroup.Solution_id, MetaGroup.Object_Type, MetaGroup.Meta_Group, nVal    );
			nOccurences:= nOccurences+1;
		END LOOP ;   /* while */
		IF nOccurences = 1 THEN
			-- Single group_id
			nVal  := to_number(MetaGroup.Group_IDs);
		ELSE
			-- Last group_id in the list
			nVal  :=to_number(  substr(MetaGroup.Group_IDs,nEndPos+2,length(MetaGroup.Group_IDs)-nEndPos+3));
		END IF;
		INSERT INTO PROP_flat_meta_groups
                              ( SOLUTION_ID          , OBJECT_TYPE          , META_GROUP          , GROUP_ID) 
			VALUES( MetaGroup.Solution_id, MetaGroup.Object_Type, MetaGroup.Meta_Group, nVal    );
	 END LOOP ; -- for MetaGroup in ...
--------------------------------------------------------------------------------------------------------------------------------------------------------------------
-- STEP 2: Save (before deletion) all obsolete properties
--------------------------------------------------------------------------------------------------------------------------------------------------------------------
	INSERT INTO PROP_DELETED_PROPERTIES 
		SELECT 	sysdate,
			props.id,
			props.object_id,
			props.object_type,
			props.code_id,
			props.value
		FROM 	arch_object_props 	props, 
			v_PROP_delete_candidates del 
		WHERE 	props.OBJECT_ID = del.OBJECT_ID
			AND props.OBJECT_TYPE = del.OBJECT_TYPE 
			AND props.CODE_ID = del.CODE_ID
		;
--------------------------------------------------------------------------------------------------------------------------------------------------------------------
-- STEP 3: Delete all obsolete properties
--------------------------------------------------------------------------------------------------------------------------------------------------------------------
	DELETE FROM arch_object_props 
	WHERE id IN (
		SELECT 	props.id
		FROM 	arch_object_props 	props, 
			v_PROP_delete_candidates del 
		WHERE 	props.OBJECT_ID = del.OBJECT_ID
			AND props.OBJECT_TYPE = del.OBJECT_TYPE 
			AND props.CODE_ID = del.CODE_ID
		)
	;
-------------------------------------------------------------------------------------------------------------------------------------------------------------------
-- STEP 4: Add missing properties with default values
--------------------------------------------------------------------------------------------------------------------------------------------------------------------
	INSERT INTO arch_object_props (ID, object_id, object_type, code_id, value) 
	SELECT 
		ARCH_OBJECT_PROPS_SEQ.nextval,  
		m.OBJECT_ID                  , 
		m.OBJECT_TYPE                , 
		m.Code_ID                    , 
		pd.default_value 
	FROM 
		v_PROP_missing_props 	m, 
		arch_obj_prop_def 	pd 
	WHERE 
	    m.CODE_ID=pd.ID
	;
	 
END; /* of procedure */
/

CREATE OR REPLACE VIEW V_FXPB_REPORT_LINEAR_OA_DEALS ( ID,
DOMAIN_ID, PARTNER_ID, PARTNER_NAME, STATUS,
REQUEST_ID, REASON, TIME, UUID,
OA_REF, TRADING_PARTY, ENTERING_PARTY, SUBMITTER,
TRADE_DATE, TOTAL_QTY, CLIENT_REF, FUND_NAME,
ALLOCATION_CLIENT_REF, ALLOCATION_QTY, OPERATION, OBJECT_TYPE,
NAMER_ID ) AS
SELECT
DEALS.ID, DEALS.DOMAIN_ID, (PARTNER.NAME)PARTNER_NAME, PARTNER.NAME,
(STATUS_CODE.DATA)STATUS, (DEALS.F19)REQUEST_ID,
REASON, TIME, UUID,
(CASE  WHEN (DEALS.STATUS=2) THEN OA_REF ELSE '' END) OA_REF,
(TPARTY_MAP.EXTERNAL_VALUE)TRADING_PARTY, (EPARTY_MAP.EXTERNAL_VALUE)ENTERING_PARTY,
(null)SUBMITTER,
--(CPARTY_MAP.EXTERNAL_VALUE)COUNTER_PARTY,
(to_date(DEALS.F10,'mm/dd/yyyy'))TRADE_DATE,
(DEALS.F11)TOTAL_QTY,
(DEALS.F12)CLIENT_REF,
(DEALS.F13)FUND_NAME, 
(DEALS.F14)ALLOCATION_CLIENT_REF,
(DEALS.F15)ALLOCATION_QTY,
(DEALS.F20)OPERATION,
(DEALS.F21)OBJECT_TYPE,
(null)NAMER_ID
 FROM
ARCH_GENERIC_OA_DEALS DEALS,
ARCH_DATA_MAPPING TPARTY_MAP,
ARCH_DATA_MAPPING EPARTY_MAP,
--ARCH_DATA_MAPPING SUBMITTER_MAP,
ARCH_CODE_MEMBER STATUS_CODE,
--ARCH_DATA_MAPPING CPARTY_MAP,
ARCH_PARTNER PARTNER
WHERE
DEALS.F2 NOT LIKE '%Option%'
-- Find corresponding partner 
AND DEALS.PARTNER_ID = PARTNER.ID
-- find trading party map type
AND TPARTY_MAP.INTERNAL_VALUE=DEALS.F1
AND TPARTY_MAP.MAP_TYPE=3
AND TPARTY_MAP.TYPE=0
AND TPARTY_MAP.STATUS=1
-- find entering party map type
AND EPARTY_MAP.INTERNAL_VALUE=DEALS.F2
AND EPARTY_MAP.MAP_TYPE=3
AND EPARTY_MAP.TYPE=0
AND EPARTY_MAP.STATUS=1
AND EPARTY_MAP.NAMER_ID=TPARTY_MAP.NAMER_ID
-- find submitter name map type
/*AND SUBMITTER_MAP.INTERNAL_VALUE=DEALS.F3
AND SUBMITTER_MAP.MAP_TYPE=4
AND SUBMITTER_MAP.TYPE=0
AND SUBMITTER_MAP.STATUS=1
AND SUBMITTER_MAP.NAMER_ID=TPARTY_MAP.NAMER_ID*/
-- status
AND STATUS_CODE.GROUP_ID=4
AND STATUS_CODE.CODE_KEY = TO_CHAR(DEALS.STATUS)
--  partner
AND DEALS.PARTNER_ID = PARTNER.ID
AND DEALS.DOMAIN_ID = PARTNER.DOMAIN_ID;
--++--++--++--++--++--++--++--++--++--++--++--++--++--++--++--++--++--++--++--++--++--++--++--++--++--++--++
-- build 1.7.14.2:20
-- CR 7157 starts here
delete ARCH_OBJ_PROP_DEF where id=1100016;
INSERT INTO ARCH_OBJ_PROP_DEF ( ID, NAME, VALIDATOR, REQUIRED, GROUP_ID, VALUE_TYPE,VALUES_CODE_GROUP, DEFAULT_VALUE, VISIBILITY_MODE, ORDER_SEQ ) 
	VALUES (1100016, 'Match ECN deals', NULL, 1, 1100016, 'java.lang.String', 'ClientConfirmationProperty','auto-match', NULL, NULL);

delete ARCH_OBJ_PROP_GROUP_DEF where id=1100016;
INSERT INTO ARCH_OBJ_PROP_GROUP_DEF ( ID, NAME, SOLUTION_ID,OBJECT_TYPE )
	VALUES (1100016, 'Match ECN deals', 1000000, 1000); 
 
 delete ARCH_OBJ_PROP_META_GROUP_DEF where SOLUTION_ID=1000000 and OBJECT_TYPE=1000 and META_GROUP='CLIENT';
INSERT INTO ARCH_OBJ_PROP_META_GROUP_DEF ( SOLUTION_ID, OBJECT_TYPE, META_GROUP, GROUP_IDS )
	VALUES ( 1000000, 1000, 'CLIENT', '1100000,1000004,1000005,1000002,1000001,1000000,1100001,1100002,1100014,1100015,1100016');
-- CR 7157 ends here
--++--++--++--++--++--++--++--++--++--++--++--++--++--++--++--++--++--++--++--++--++--++--++--++--++--++--++
-- build 1.7.14.2:24
CREATE OR REPLACE VIEW V_FXPB_REPORT_LINEAR_NOE_DEALS ( ID,
DOMAIN_ID, PARTNER_ID, PARTNER_NAME, STATUS,
REQUEST_ID, REASON, TIME, UUID,
NOE_REF, TRADING_PARTY, ENTERING_PARTY, SUBMITTER,
COUNTER_PARTY, VALUE_DATE, SECOND_CCY, BASE_CCY,
VALUE_RATE, TRADE_DATE, FAR_VALUE_RATE, FAR_VALUE_DATE,
TRADE_TYPE, CONTRACT_DIRECTION, CONTRACT_TYPE, CONTRACT_QTY,
CLIENT_REF, TRADER, UNUSED_ID, OPERATION,
OBJECT_TYPE, FAR_QTY, DESCRIPTION, PB,
FIXING_DATE, REPORTER, NAMER_ID, TRADER_NAMER_ID
 ) AS
 SELECT /*+ ordered first_rows */
DEALS.ID, DEALS.DOMAIN_ID, PARTNER_ID, PARTNER.NAME,
(STATUS_CODE.DATA)STATUS, (DEALS.F19)REQUEST_ID,
REASON, TIME, UUID,
(CASE  WHEN (DEALS.STATUS=2) THEN NOE_REF ELSE '' END) NOE_REF,
(TPARTY_MAP.EXTERNAL_VALUE)TRADING_PARTY, (EPARTY_MAP.EXTERNAL_VALUE)ENTERING_PARTY,
(SUBMITTER_MAP.EXTERNAL_VALUE)SUBMITTER, (CPARTY_MAP.EXTERNAL_VALUE)COUNTER_PARTY,
(DEALS.F5)VALUE_DATE,
(SECOND_CCY.NAME)SECOND_CCY, (BASE_CCY.NAME)BASE_CCY, (DEALS.F8)VALUE_RATE,
(to_date(DEALS.F9,'mm/dd/yyyy'))TRADE_DATE, (DEALS.F10)FAR_VALUE_RATE,
(to_date(DEALS.F11,'mm/dd/yyyy'))FAR_VALUE_DATE,
(TRADE_TYPE.DATA)TRADE_TYPE,
(DIRECTION.DATA)CONTRACT_DIRECTION,
(CONTRACT_TYPE.DATA)CONTRACT_TYPE,
(DEALS.F15)CONTRACT_QTY,
(DEALS.F16)CLIENT_REF, (TRADER_MAP.EXTERNAL_VALUE)TRADER, (DEALS.F18)UNUSED_ID, (DEALS.F20)OPERATION,
(DEALS.F21)OBJECT_TYPE, (DEALS.F22)FAR_QTY, (DEALS.F23)DESCRIPTION, (PB_MAP.EXTERNAL_VALUE)PB,
--(to_date(DEALS.F25,'mm/dd/yyyy'))FIXING_DATE,
(case when (DEALS.partner_id=1001000) THEN   -- IRFE=1001000
	  (case when (DEALS.F25='0') THEN NULL ELSE to_date(DEALS.F25,'yyyyMMdd') END)
ELSE to_date(DEALS.F25,'mm/dd/yyyy') END)FIXING_DATE,
(DEALS.F26)REPORTER,
(TPARTY_MAP.NAMER_ID)NAMER_ID,
(TRADER_MAP.NAMER_ID)TRADER_NAMER_ID
 FROM
ARCH_GENERIC_NOE_DEALS DEALS,
ARCH_PARTNER PARTNER,
A_INSTRUMENT BASE_CCY,
A_INSTRUMENT SECOND_CCY,
--ARCH_GENERIC_NOE_DEALS_EXT EXT,
ARCH_DATA_MAPPING TPARTY_MAP,
ARCH_DATA_MAPPING EPARTY_MAP,
ARCH_DATA_MAPPING SUBMITTER_MAP,
ARCH_DATA_MAPPING TRADER_MAP,
ARCH_DATA_MAPPING CPARTY_MAP,
ARCH_DATA_MAPPING PB_MAP,
ARCH_CODE_MEMBER TRADE_TYPE,
ARCH_CODE_MEMBER DIRECTION,
ARCH_CODE_MEMBER CONTRACT_TYPE,
ARCH_CODE_MEMBER STATUS_CODE
--ARCH_CODE_MEMBER RECON,
--ARCH_CODE_MEMBER APPROVAL,
--ARCH_CODE_MEMBER LIFE
--ARCH_CODE_MEMBER SIDEAROLE,
--ARCH_CODE_MEMBER SIDEBROLE
WHERE
--DEALS.ID = 2000020 AND
-- find trading party map type
TPARTY_MAP.INTERNAL_VALUE=DEALS.F1
AND DEALS.F2 NOT LIKE '%Option%'
AND TPARTY_MAP.MAP_TYPE=3
AND TPARTY_MAP.TYPE=0
AND TPARTY_MAP.STATUS=1
-- find entering party map type
AND EPARTY_MAP.INTERNAL_VALUE=DEALS.F2
AND EPARTY_MAP.MAP_TYPE=3
AND EPARTY_MAP.TYPE=0
AND EPARTY_MAP.STATUS=1
AND EPARTY_MAP.NAMER_ID=TPARTY_MAP.NAMER_ID
-- find submitter name map type
AND SUBMITTER_MAP.INTERNAL_VALUE=DEALS.F3
AND SUBMITTER_MAP.MAP_TYPE=4
AND SUBMITTER_MAP.TYPE=0
AND SUBMITTER_MAP.STATUS=1
AND SUBMITTER_MAP.NAMER_ID=TPARTY_MAP.NAMER_ID
-- find counter party map type
AND CPARTY_MAP.INTERNAL_VALUE=DEALS.F4
AND CPARTY_MAP.MAP_TYPE=3
AND CPARTY_MAP.TYPE=0
AND CPARTY_MAP.STATUS=1
AND CPARTY_MAP.NAMER_ID=TPARTY_MAP.NAMER_ID
-- find pb map type
AND PB_MAP.INTERNAL_VALUE=DEALS.F24
AND PB_MAP.MAP_TYPE=3
AND PB_MAP.TYPE=0
AND PB_MAP.STATUS=1
AND PB_MAP.NAMER_ID=TPARTY_MAP.NAMER_ID
-- find trader name map type
AND TRADER_MAP.INTERNAL_VALUE(+)=DEALS.F17
AND TRADER_MAP.MAP_TYPE(+)=4
AND TRADER_MAP.TYPE(+)=0
AND TRADER_MAP.STATUS(+)=1
-- Map currencies
AND BASE_CCY.TYPE=5006
AND BASE_CCY.ID = DEALS.F7
AND SECOND_CCY.TYPE=5006
AND SECOND_CCY.ID = DEALS.F6
-- find trade type
AND TRADE_TYPE.GROUP_ID=1000024
AND TRADE_TYPE.CODE_KEY = DEALS.F12
-- find direction
AND DIRECTION.GROUP_ID=1000021 -- 300021
AND DIRECTION.CODE_KEY = DEALS.F13
-- find contract type
AND ((CONTRACT_TYPE.GROUP_ID=20
AND CONTRACT_TYPE.CODE_KEY = DEALS.F14)
or (CONTRACT_TYPE.GROUP_ID=1000022
AND CONTRACT_TYPE.CODE_KEY = DEALS.F14))
-- status
AND STATUS_CODE.GROUP_ID=4
AND STATUS_CODE.CODE_KEY = TO_CHAR(DEALS.STATUS)
AND DEALS.PARTNER_ID = PARTNER.ID
AND DEALS.DOMAIN_ID = PARTNER.DOMAIN_ID
;

CREATE OR REPLACE VIEW V_FXPB_OPTION_OA_FLAT_REPORT
( ID, PARTNER_NAME, STATUS, REQUEST_ID, REASON, TIME, UUID, SPLIT_REF,
OPERATION, TRADING_PARTY, ENTERING_PARTY, SUBMITTER, TRADE_DATE,
TOTAL_QTY, CLIENT_REF, FUND_NAME, ALLOCATION_CLIENT_REF, ALLOCATION_QTY )
AS SELECT /*+ ordered*/
	(OA_DEALS.ID)ID,
	(PARTNER.NAME)PARTNER_NAME,
	(STATUS_CODE.DATA)STATUS,
	(OA_DEALS.F3)REQUEST_ID,
	(OA_DEALS.REASON)REASON,
	(OA_DEALS.TIME)TIME,
	(OA_DEALS.UUID)UUID,
	(OA_DEALS.OA_REF)SPLIT_REF,
	(OA_DEALS.F2)OPERATION,
	(TPARTY_MAP.EXTERNAL_VALUE)TRADING_PARTY,
	(EPARTY_MAP.EXTERNAL_VALUE)ENTERING_PARTY,
	(SUBMITTER_MAP.EXTERNAL_VALUE)SUBMITTER,
	(OA_DEALS.F10)TRADE_DATE,
	(OA_DEALS.F11)TOTAL_QTY,
	(OA_DEALS.F9)CLIENT_REF,
	(OA_DEALS.F14)FUND_NAME,
	(OA_DEALS.F16)ALLOCATION_CLIENT_REF,
	(OA_DEALS.F15)ALLOCATION_QTY
FROM
	ARCH_GENERIC_OA_DEALS OA_DEALS,
	ARCH_PARTNER PARTNER,
	ARCH_CODE_MEMBER STATUS_CODE,
	ARCH_DATA_MAPPING TPARTY_MAP,
	ARCH_DATA_MAPPING EPARTY_MAP,
	ARCH_DATA_MAPPING SUBMITTER_MAP
WHERE
	-- Option Noe selections
	(OA_DEALS.F2 = 'InsertOptionSplit' OR
	OA_DEALS.F2 = 'ModifyOptionSplit' OR
	OA_DEALS.F2 = 'DeleteOptionSplit') AND
	-- Find corresponding partner
	OA_DEALS.PARTNER_ID = PARTNER.ID AND
	-- Find trading party map type
	TPARTY_MAP.INTERNAL_VALUE=OA_DEALS.F4 AND
	TPARTY_MAP.MAP_TYPE=3 AND
	TPARTY_MAP.TYPE=0 AND
	TPARTY_MAP.STATUS=1 AND
	-- Find entering party map type
	EPARTY_MAP.INTERNAL_VALUE=OA_DEALS.F5 AND
	EPARTY_MAP.MAP_TYPE=3 AND
	EPARTY_MAP.TYPE=0 AND
	EPARTY_MAP.STATUS=1 AND
	EPARTY_MAP.NAMER_ID=TPARTY_MAP.NAMER_ID AND
	-- Find submitter name map type
	SUBMITTER_MAP.INTERNAL_VALUE=OA_DEALS.F6 AND
	SUBMITTER_MAP.MAP_TYPE=4 AND
	SUBMITTER_MAP.TYPE=0 AND
	SUBMITTER_MAP.STATUS=1 AND
	SUBMITTER_MAP.NAMER_ID=TPARTY_MAP.NAMER_ID AND
	-- status
	STATUS_CODE.GROUP_ID=4 AND
	STATUS_CODE.CODE_KEY = TO_CHAR(OA_DEALS.STATUS);
--++--++--++--++--++--++--++--++--++--++--++--++--++--++--++--++--++--++--++--++--++--++--++--++--++--++--++

--********************************************************************************************************--
--**			F I X E D   F O O T E R	 starts here 						**--
--********************************************************************************************************--

---- others.sql (start)
-- Override Origin System Defs for Linear/Option Back-Office Systems
DELETE FROM ARCH_CODE_MEMBER WHERE group_id = 1001000 AND code_key IN ('2', '3');
INSERT INTO ARCH_CODE_MEMBER ( GROUP_ID, CODE_KEY, DATA, NAME, CODE_COMMENT, STATUS ) VALUES ( 
1001000, '2', 'IRFE', 'IRFE', 'Origin System IRFE', 1); 
INSERT INTO ARCH_CODE_MEMBER ( GROUP_ID, CODE_KEY, DATA, NAME, CODE_COMMENT, STATUS ) VALUES ( 
1001000, '3', 'Murex', 'Murex', 'Origin System Murex', 1);

-- Override MAIL connector def for JP
Delete ARCH_CONN_CHECKER_DATA where PROTOCOL_NAME='MAIL';
INSERT INTO ARCH_CONN_CHECKER_DATA ( PROTOCOL_NAME, IMPLEMENTATION_CLASS,TO_CHECK ) 
	VALUES ( 'MAIL', 'com.traiana.sol.jpmc.core.engine.connector.mail.WEduMailData', 1); 
----others.sql (end)

exec PROP_UPDATE_PROPERTIES; 
exec ALTER_CONSTRAINTS('enable');

---- Mark current version 
INSERT INTO ARCH_VERSION ( TIMESTAMP, VERSION, DESCRIPTION, LOGFILE, SOLUTION_VERSION )
  	VALUES (sysdate , '1.7.14.2', 'JPMC 1.7 STF 14.2 ', '/Arch2.0/installationLog/databaseInstall.log', '2.8.14.2');

commit;

-- spool off