-----------------------------------------------------
--- Creation Date: 20-May-2004
--- Aouthor : Isaac Raz
--- Company : Traiana Inc
--- Script Target:
---	Update Database schema 1.7.12 to  1.7.14 on JPMC project
--- 	Merge of files at the same delivery (14.1)
---		1.7.12.3 to  1.7.14.1:1 
---		1.7.14.1:1 to  1.7.14.1:3	
---		1.7.14.1:3 to  1.7.14.1:4
---		1.7.14.1:4 to  1.7.14.1:5
---		1.7.14.1:5 to  1.7.14.1:7
------------------------------------------------------
set echo on
set scan off
-- spool DBScript1-7-14.log

begin
 alter_constraints('enable'); 
end;
/

begin
 alter_constraints('disable');
end;
/

----****-------------------------****---
----****---platform updates------****---
----****-------------------------****---

----------------------------------
---- \TABLES\ARCH_AUDIT\TABLE.sql
----------------------------------
CREATE INDEX UID_INDEX ON ARCH_AUDIT(UUID); 

----------------------------------
---- \TABLES\ARCH_CORE_REPORT\DATA.sql
----------------------------------
INSERT INTO ARCH_CORE_REPORT ( REPORT_ID, TITLE, XSL_URI, TYPE ) 
	VALUES ( 8316, 'Coupled Accounts', '/config/arch/xsl/reports/html.xsl', 1); 


----------------------------------
---- \TABLES\ARCH_CREDIT_LINE_2_UCM\DATA.sql
----------------------------------
INSERT INTO ARCH_CREDIT_LINE_2_UCM ( ID, CREDIT_LINE_ID, UCM_ID ) 
	VALUES ( 25, 8, 10); 
INSERT INTO ARCH_CREDIT_LINE_2_UCM ( ID, CREDIT_LINE_ID, UCM_ID ) 
	VALUES ( 26, 9, 10); 
INSERT INTO ARCH_CREDIT_LINE_2_UCM ( ID, CREDIT_LINE_ID, UCM_ID ) 
	VALUES ( 27, 10, 10); 
INSERT INTO ARCH_CREDIT_LINE_2_UCM ( ID, CREDIT_LINE_ID, UCM_ID ) 
	VALUES ( 28, 11, 10); 
INSERT INTO ARCH_CREDIT_LINE_2_UCM ( ID, CREDIT_LINE_ID, UCM_ID ) 
	VALUES ( 29, 12, 10); 
INSERT INTO ARCH_CREDIT_LINE_2_UCM ( ID, CREDIT_LINE_ID, UCM_ID ) 
	VALUES ( 24, 7, 10); 


----------------------------------
---- \TABLES\ARCH_CREDIT_LINE_2_UCM\DATA.sql
----------------------------------
INSERT INTO ARCH_CREDIT_UCM ( ID, NAME, DESCRIPTION, IMPL_CLASS, UNIT ) 
	VALUES ( 10, 'DeltaDsl', 'OptionDeltaDsl', 'com.traiana.core.service.financial.credit.ucm.option.dsl.OptionDeltaDsl', 'USD'); 


----------------------------------
---- \TABLES\ARCH_FILTER\DATA.sql
----------------------------------
INSERT INTO ARCH_FILTER ( ID, PARENT_ID, ROOT_GROUP, OPERATION, BROTHER_ID, COLUMN_ID, CONDITION,VALUE, CONDITION_CHANGEABLE, VALUE_CHANGEABLE, REQUIRES_BINDING, VISIBILITY,CONDITION_OVERRIDE_GROUP ) 
	VALUES ( 1012, 0, 1012, NULL, 1, NULL, NULL, NULL, 1, 1, 0, 0, NULL); 
INSERT INTO ARCH_FILTER ( ID, PARENT_ID, ROOT_GROUP, OPERATION, BROTHER_ID, COLUMN_ID, CONDITION,VALUE, CONDITION_CHANGEABLE, VALUE_CHANGEABLE, REQUIRES_BINDING, VISIBILITY,CONDITION_OVERRIDE_GROUP ) 
	VALUES ( 1013, 1012, 1012, NULL, 1, 8420, '>', '0', 1, 1, 0, 0, NULL); 


----------------------------------
---- \TABLES\ARCH_LOG_MESSAGES\DATA.sql
----------------------------------
DELETE ARCH_LOG_MESSAGES WHERE MSG_ID=50215;
INSERT INTO ARCH_LOG_MESSAGES ( MSG_ID, MESSAGE, LOG_MSG_DEVISION,LANG ) 
	VALUES ( 50215, 'Primary name: {0}, is already in use. Please set other value in Primary name field. Internal value is {1}.', 23, NULL); 


----------------------------------
---- \TABLES\ARCH_REPORT\DATA.sql
----------------------------------
INSERT INTO ARCH_REPORT ( ID, NAME, CATALOG_NAME, REPORT_NAME,REPORTING_ENGINE ) 
	VALUES ( 8316, 'Coupled Accounts', 'arch-admin', 'V_A_REPORT_COUPLED_ACCOUNTS', 'com.traiana.core.service.infra.report.imp.archreport.ArchReportService'); 

----------------------------------
---- \TABLES\ARCH_REPORT_2_RECEIVER\DATA.sql
----------------------------------
INSERT INTO ARCH_REPORT_2_RECEIVER ( ID, REPORT_INSTANCE_ID, RECEIVER_ID, REPORT_ID,RECEIVER_TYPE ) 
	VALUES ( 21, 7020, 200, 8316, 2); 


----------------------------------
---- \TABLES\ARCH_REPORT_COLUMN\DATA.sql
----------------------------------
DELETE ARCH_REPORT_COLUMN WHERE ID=8370;
DELETE ARCH_REPORT_COLUMN WHERE ID=8371;
INSERT INTO ARCH_REPORT_COLUMN ( ID, REPORT_ID, LOGICAL_NAME, VISIBLE_NAME, FILTER_NAME, TYPE,VALIDATOR, CONVERTER, HELPER, VISIBILITY, SETTER, ORDER_SEQ, TABLE_NAME ) 
	VALUES ( 8420, 8316, 'ID', 'Id', 'ID', NULL, NULL, NULL, NULL, NULL, 'reportnosort;LINK:account.lwp?Display=Display&AccId=$ID&DetailsCurTab=BaseTab&ChildrenCurTab=AccountsTab&OwnerId=$MANAGES_ORG_ID&OwnerRelType=$ORG_REL_TYPE', 10, 'ID'); 
INSERT INTO ARCH_REPORT_COLUMN ( ID, REPORT_ID, LOGICAL_NAME, VISIBLE_NAME, FILTER_NAME, TYPE,VALIDATOR, CONVERTER, HELPER, VISIBILITY, SETTER, ORDER_SEQ, TABLE_NAME ) 
	VALUES (8421, 8316, 'EXTERNAL_REF', 'External ref', 'External Ref', NULL, NULL, NULL, NULL, NULL, 'reportnosort', 20, 'EXTERNAL_REF'); 
INSERT INTO ARCH_REPORT_COLUMN ( ID, REPORT_ID, LOGICAL_NAME, VISIBLE_NAME, FILTER_NAME, TYPE,VALIDATOR, CONVERTER, HELPER, VISIBILITY, SETTER, ORDER_SEQ, TABLE_NAME ) 
	VALUES (8422, 8316, 'USER_COMMENT', 'Comment', 'User Comment', NULL, NULL, NULL, NULL, 'none', 'reportnosort', 30, 'USER_COMMENT'); 
INSERT INTO ARCH_REPORT_COLUMN ( ID, REPORT_ID, LOGICAL_NAME, VISIBLE_NAME, FILTER_NAME, TYPE,VALIDATOR, CONVERTER, HELPER, VISIBILITY, SETTER, ORDER_SEQ, TABLE_NAME ) 
	VALUES (8423, 8316, 'TRIPARTY_BANK', 'Triparty Bank', 'Triparty Bank', NULL, NULL, NULL, NULL, NULL, 'reportnosort', 40, 'TRIPARTY_BANK'); 
INSERT INTO ARCH_REPORT_COLUMN ( ID, REPORT_ID, LOGICAL_NAME, VISIBLE_NAME, FILTER_NAME, TYPE,VALIDATOR, CONVERTER, HELPER, VISIBILITY, SETTER, ORDER_SEQ, TABLE_NAME ) 
	VALUES (8424, 8316, 'MANAGES_ORG_ID', 'Parent Org', 'Parent Org', NULL, NULL, NULL, NULL, NULL, 'reportnosort', 50, 'MANAGES_ORG_ID'); 
INSERT INTO ARCH_REPORT_COLUMN ( ID, REPORT_ID, LOGICAL_NAME, VISIBLE_NAME, FILTER_NAME, TYPE,VALIDATOR, CONVERTER, HELPER, VISIBILITY, SETTER, ORDER_SEQ, TABLE_NAME ) 
	VALUES (8425, 8316, 'ORG_REL_TYPE', 'ORG_REL_TYPE', 'ORG_REL_TYPE', NULL, NULL, NULL, NULL, 'none', 'reportnosort', 60, 'ORG_REL_TYPE'); 
INSERT INTO ARCH_REPORT_COLUMN ( ID, REPORT_ID, LOGICAL_NAME, VISIBLE_NAME, FILTER_NAME, TYPE,VALIDATOR, CONVERTER, HELPER, VISIBILITY, SETTER, ORDER_SEQ, TABLE_NAME ) 
	VALUES (8426, 8316, 'AGREEMENT_TYPE', 'Agreement Type', 'Agreement Type', NULL, NULL, NULL, NULL, NULL, 'reportnosort', 70, 'AGREEMENT_TYPE'); 
INSERT INTO ARCH_REPORT_COLUMN ( ID, REPORT_ID, LOGICAL_NAME, VISIBLE_NAME, FILTER_NAME, TYPE,VALIDATOR, CONVERTER, HELPER, VISIBILITY, SETTER, ORDER_SEQ, TABLE_NAME ) 
	VALUES (8427, 8316, 'PB_ORG_NAME', 'PB Name', 'PB Name', NULL, NULL, NULL, NULL, NULL, 'reportnosort', 80, 'PB_ORG_NAME'); 
INSERT INTO ARCH_REPORT_COLUMN ( ID, REPORT_ID, LOGICAL_NAME, VISIBLE_NAME, FILTER_NAME, TYPE,VALIDATOR, CONVERTER, HELPER, VISIBILITY, SETTER, ORDER_SEQ, TABLE_NAME ) 
	VALUES (8428, 8316, 'NAMER_ID', 'Namer Id', 'Namer Id', NULL, NULL, NULL, NULL, 'none', 'reportnosort', 90, 'NAMER_ID'); 
INSERT INTO ARCH_REPORT_COLUMN ( ID, REPORT_ID, LOGICAL_NAME, VISIBLE_NAME, FILTER_NAME, TYPE,VALIDATOR, CONVERTER, HELPER, VISIBILITY, SETTER, ORDER_SEQ, TABLE_NAME ) 
	VALUES (8429, 8316, 'STATUS', 'Status', 'Status', NULL, NULL, NULL, 'State', NULL, 'reportnosort', 100, 'STATUS'); 


----------------------------------
---- \TABLES\ARCH_REPORT_INSTANCE\DATA.sql
----------------------------------
INSERT INTO ARCH_REPORT_INSTANCE ( ID, REPORT_ID, SORT_COLUMNS, SORT_ORDER,FILTER_ROOT ) 
	VALUES ( 7020, 8316, 'ID', 'ASC', 1000); 


----------------------------------
---- \VIEWS
----------------------------------
CREATE OR REPLACE VIEW V_A_REPORT_COUPLED_ACCOUNTS ( ID, 
TRIPARTY_BANK, EXTERNAL_REF, USER_COMMENT, VALUE_INSTRUMENT_ID, 
STATUS, ORG_REL_TYPE_STR, ORG_REL_TYPE, MANAGES_ORG_ID, 
NAMER_ID, PB_ORG_NAME, AGREEMENT_TYPE ) AS 
SELECT  /*+ ordered index(C, A_STATE_DETAIL_PK)*/
DISTINCT A.ID,
(DECODE(R.COUPLED_OWNER_ROLE,
                1000002, DM.EXTERNAL_VALUE,
				200002, DM.EXTERNAL_VALUE,
				NULL))TRIPARTY_BANK,
A.EXTERNAL_REF,
A.USER_COMMENT,
 A.VALUE_INSTRUMENT_ID,
 (B.DATA)STATE_ID,
 (E.DATA)RELATION,
D.RELATION,
D.FROM_OBJECT_ID,
DM.NAMER_ID,
DM_PB.EXTERNAL_VALUE AS PB_ORG_NAME,
AGR_TYPE.DATA
FROM
A_OBJECT_2_OBJECT D,
A_ACCOUNT A,
A_STATE_DETAIL C,
ARCH_CODE_MEMBER B,
ARCH_CODE_MEMBER E,
A_TRIPLE_ACCOUNT R,   -- Triparty Bank
ARCH_DATA_MAPPING DM,
ARCH_DATA_MAPPING DM_PB,
ARCH_CODE_MEMBER AGR_TYPE
WHERE
A.STATE_ID = C.STATE_ID
AND C.STATUS_VALUE <> -1
AND (D.FROM_OBJECT_TYPE = 1000 AND D.TO_OBJECT_TYPE = 2000 AND D.TO_OBJECT_ID = A.ID)
AND TO_CHAR(C.STATUS_VALUE) = B.CODE_KEY
AND B.GROUP_ID IN(6,200006,1000100)
AND TO_CHAR(D.RELATION) = E.CODE_KEY
AND E.CODE_KEY <> '1'
AND E.GROUP_ID=24
-- Triparty Bank
AND R.ACCOUNT_ID = A.ID
AND R.COUPLED_OWNER_ORG_ID = DM.INTERNAL_VALUE
AND DM.MAP_TYPE = 3
AND DM.TYPE = 0
AND DM.STATUS = 1
AND DM.NAMER_ID = 1000000
-- PB Name
AND R.ACCOUNT_ID = A.ID
AND R.PB_ORG_ID = DM_PB.INTERNAL_VALUE
AND DM_PB.MAP_TYPE = 3
AND DM_PB.TYPE = 0
AND DM_PB.STATUS = 1
AND DM_PB.NAMER_ID = 1000000
-- Agreement Type
AND AGR_TYPE.GROUP_ID IN (1032, 1000032)
AND TO_CHAR(A.AGREEMENT_TYPE) = AGR_TYPE.CODE_KEY;



CREATE OR REPLACE VIEW V_A_REPORT_ORG_ACCOUNTS ( ID, 
EXTERNAL_REF, USER_COMMENT, VALUE_INSTRUMENT_ID, STATUS, 
ORG_REL_TYPE_STR, ORG_REL_TYPE, MANAGES_ORG_ID ) AS 
SELECT  /*+ ordered index(C, A_STATE_DETAIL_PK)*/ 
DISTINCT A.ID, 
A.EXTERNAL_REF, 
A.USER_COMMENT, 
 A.VALUE_INSTRUMENT_ID, 
 (B.DATA)STATE_ID, 
 (E.DATA)RELATION, 
D.RELATION, 
D.FROM_OBJECT_ID 
FROM 
A_OBJECT_2_OBJECT D, 
A_ACCOUNT A, 
A_STATE_DETAIL C, 
ARCH_CODE_MEMBER B, 
ARCH_CODE_MEMBER E 
WHERE 
A.STATE_ID = C.STATE_ID 
AND C.STATUS_VALUE <> -1 
AND (D.FROM_OBJECT_TYPE = 1000 AND D.TO_OBJECT_TYPE = 2000 AND D.TO_OBJECT_ID = A.ID) 
AND TO_CHAR(C.STATUS_VALUE) = B.CODE_KEY 
AND B.GROUP_ID IN(6,200006,1000100) 
AND TO_CHAR(D.RELATION) = E.CODE_KEY 
AND E.GROUP_ID=24;



----****-------------------------****---
----****---solution updates------****---
----****-------------------------****---

----------------------------------
---- \REPORTS\option_position_details_report.sql
----------------------------------
INSERT INTO ARCH_REPORT_COLUMN ( ID, REPORT_ID, LOGICAL_NAME, VISIBLE_NAME, FILTER_NAME, TYPE,VALIDATOR, CONVERTER, HELPER, VISIBILITY, SETTER, ORDER_SEQ, TABLE_NAME )
    VALUES (1100830, 1100800, 'MUREX_ID', 'Contract ID', 'Contract ID', 'Long', 'long', NULL, NULL, NULL, 'reportnosort', 15, 'MUREX_ID');

----------------------------------
---- \REPORTS\option_supect_report.sql
----------------------------------
DELETE ARCH_REPORT_COLUMN WHERE ID=1100942;
INSERT INTO ARCH_REPORT_COLUMN ( ID, REPORT_ID, LOGICAL_NAME, VISIBLE_NAME, FILTER_NAME, TYPE, VALIDATOR, CONVERTER, HELPER, VISIBILITY, SETTER, ORDER_SEQ, TABLE_NAME )
    VALUES (1100942, 1100900, 'IS_DUMMY', 'Is Dummy', 'Is Dummy', 'String', 'string', NULL, NULL, NULL, NULL, 430, 'IS_DUMMY');

----------------------------------
---- \TABLES\ARCH_CODE_MEMBER\data.sql
----------------------------------
DELETE ARCH_CODE_MEMBER WHERE GROUP_ID=1000107 AND CODE_KEY='1001';
DELETE ARCH_CODE_MEMBER WHERE GROUP_ID=1000107 AND CODE_KEY='1002';
DELETE ARCH_CODE_MEMBER WHERE GROUP_ID=1000107 AND CODE_KEY='1003';
INSERT INTO ARCH_CODE_MEMBER ( GROUP_ID, CODE_KEY, DATA, NAME, CODE_COMMENT, STATUS )
    VALUES (1100031, '0', ' ', 'EMPTY_OPERATION', 'Empty operation', 1);


----------------------------------
---- \TABLES\ARCH_CREDIT_POS_CALL_2_POS_COM\data.sql
----------------------------------
DELETE ARCH_CREDIT_POS_CALL_2_POS_COM WHERE ID=2;
DELETE ARCH_CREDIT_POS_CALL_2_POS_COM WHERE ID=3;
DELETE ARCH_CREDIT_POS_CALL_2_POS_COM WHERE ID=4;
DELETE ARCH_CREDIT_POS_CALL_2_POS_COM WHERE ID=5;


----------------------------------
---- \TABLES\ARCH_CREDIT_POS_CALL_2_UCM\data.sql
----------------------------------
DELETE ARCH_CREDIT_POS_CALL_2_UCM WHERE ID=14;
DELETE ARCH_CREDIT_POS_CALL_2_UCM WHERE ID=15;


----------------------------------
---- \TABLES\ARCH_DATA_MAPPING\data.sql
----------------------------------
DELETE ARCH_DATA_MAPPING WHERE ID=1200016;
INSERT INTO ARCH_DATA_MAPPING ( ID, NAMER_ID, MAP_TYPE, EXTERNAL_VALUE, INTERNAL_VALUE, TYPE, STATUS )
	VALUES ( 1200016, 1000000, 1, 'Barrier Level 2 must be higher than Barrier Level 1', 1003023, 0, 1);


----------------------------------
---- \TABLES\ARCH_OBJ_PROP_META_GROUP_DEF\data.sql
----------------------------------
DELETE ARCH_OBJ_PROP_META_GROUP_DEF WHERE META_GROUP='FUND' and OBJECT_TYPE=1000 and SOLUTION_ID=1000000;
INSERT INTO ARCH_OBJ_PROP_META_GROUP_DEF ( SOLUTION_ID, OBJECT_TYPE, META_GROUP, GROUP_IDS ) 
	VALUES ( 1000000, 1000, 'FUND', '1100003'); 


----------------------------------
---- \TABLES\ARCH_RECON_EXP\data.sql
----------------------------------
INSERT INTO ARCH_RECON_EXP ( ID, RECON_DETAIL_ID, COMPARE_COLUMN_NAME, EXPRESSION, EXPRESSION_TYPE,WEIGHT, METHOD_PATH, METHOD_NAME )
    VALUES (1000019, 1000019, 'FAR_QUANTITY', NULL, '1', 1, NULL, NULL); 
   

----------------------------------
---- \TABLES\ARCH_REPORT_COLUMN\data.sql
----------------------------------
DELETE ARCH_REPORT_COLUMN WHERE ID=1100341; 
INSERT INTO ARCH_REPORT_COLUMN ( ID, REPORT_ID, LOGICAL_NAME, VISIBLE_NAME, FILTER_NAME, TYPE,VALIDATOR, CONVERTER, HELPER, VISIBILITY, SETTER, ORDER_SEQ, TABLE_NAME ) 
	VALUES (1100341, 1100301, 'STATUS', 'Status', 'Status', 'String', 'string', NULL, 'EngineOperationStatus', NULL, NULL, 50, 'STATUS');
DELETE ARCH_REPORT_COLUMN WHERE ID=1100439; 
INSERT INTO ARCH_REPORT_COLUMN ( ID, REPORT_ID, LOGICAL_NAME, VISIBLE_NAME, FILTER_NAME, TYPE,VALIDATOR, CONVERTER, HELPER, VISIBILITY, SETTER, ORDER_SEQ, TABLE_NAME ) 
	VALUES (1100439, 1100400, 'EXTERNAL_REF', 'Client Ref', 'Client Ref', 'String', 'string', NULL, NULL, NULL, NULL, 400, 'EXTERNAL_REF');
DELETE ARCH_REPORT_COLUMN WHERE ID=1100482; 
INSERT INTO ARCH_REPORT_COLUMN ( ID, REPORT_ID, LOGICAL_NAME, VISIBLE_NAME, FILTER_NAME, TYPE,VALIDATOR, CONVERTER, HELPER, VISIBILITY, SETTER, ORDER_SEQ, TABLE_NAME ) 
	VALUES (1100482, 1100402, 'LIFE_STATUS', 'Life Status', 'Life Status', 'String', 'string', NULL, 'VFXPBTradeLifeStatus', NULL, 'lifeStatus', 30, 'LIFE_STATUS');
DELETE ARCH_REPORT_COLUMN WHERE ID=1100521; 
INSERT INTO ARCH_REPORT_COLUMN ( ID, REPORT_ID, LOGICAL_NAME, VISIBLE_NAME, FILTER_NAME, TYPE,VALIDATOR, CONVERTER, HELPER, VISIBILITY, SETTER, ORDER_SEQ, TABLE_NAME ) 
	VALUES (1100521, 1100403, 'STATUS', 'Status', 'Status', 'String', 'string', NULL, 'VFXPBNOELifeStatus', NULL, 'tgStatus', 20, 'STATUS');
INSERT INTO ARCH_REPORT_COLUMN ( ID, REPORT_ID, LOGICAL_NAME, VISIBLE_NAME, FILTER_NAME, TYPE, VALIDATOR, CONVERTER, HELPER, VISIBILITY, SETTER, ORDER_SEQ,TABLE_NAME ) 
	VALUES (1101625, 1100400, 'TP_ROLE', 'TP Role', 'TP Role', 'String', 'string', NULL, NULL, 'reportHidden', NULL, 290, 'TP_ROLE');


----------------------------------
---- \TABLES\ARCH_WEB_PAGE_PART\data.sql
----------------------------------
DELETE ARCH_WEB_PAGE_PART WHERE WEB_URI_ID=110 and TYPE=200;
DELETE ARCH_WEB_PAGE_PART WHERE WEB_URI_ID=1100510 and TYPE=7;
INSERT INTO ARCH_WEB_PAGE_PART ( WEB_URI_ID, TYPE, VALUE, RT_VALUE, IS_INCLUDED_JSP )
    VALUES ( 1100510, 7, '/pages/reports/reportNamed.jsp', NULL, 1);

INSERT INTO ARCH_WEB_PAGE_PART ( WEB_URI_ID, TYPE, VALUE, RT_VALUE, IS_INCLUDED_JSP )
    VALUES ( 1100620, 4, '/pages/menus/menu.jsp', 'analytics', 1);
INSERT INTO ARCH_WEB_PAGE_PART ( WEB_URI_ID, TYPE, VALUE, RT_VALUE, IS_INCLUDED_JSP )
    VALUES ( 1100620, 2, 'Linear Position Report ', NULL, 0);
INSERT INTO ARCH_WEB_PAGE_PART ( WEB_URI_ID, TYPE, VALUE, RT_VALUE, IS_INCLUDED_JSP )
    VALUES ( 1100620, 7, '/pages/linearpositionreportmain.jsp', NULL, 1);



--------------------------
---- \TABLES\S_TRANSITION\data.sql
--------------------------
INSERT INTO S_TRANSITION ( ID, PARENT_STATE_FROM, PARENT_STATE_TO, CHILD_STATE_FROM, CHILD_STATE_TO,RELATION, IS_STRICT, NAME, 
			   SUB_TRANSITION, ORDER_SEQ, PARENT_TYPE, CHILD_TYPE, PARENT_PROCESSOR,CHILD_PROCESSOR ) 
    VALUES (1000257, 1000008, 1000046, 0, 0, -1, 0, 'Option NOE Alloc Allocated to Hold', 0, 1, 4007, 0, NULL, NULL);

--------------------------
---- \VIEWS
--------------------------
CREATE OR REPLACE VIEW V_FXPB_ARCH_COUPLED_ACCOUNT ( PB_ID,
PB_NAME, COUPLED_OWNER_ID, COUPLED_OWNER_NAME, COUPLED_ID,
COUPLED_NAME, ACCOUNT_ID, COUPLED_CODE ) AS SELECT
	   PB1.FROM_OBJECT_ID,
	   PB2.EXTERNAL_VALUE,
	   BK1.FROM_OBJECT_ID,
	   BK2.EXTERNAL_VALUE,
	   CL1.FROM_OBJECT_ID,
	   CL2.EXTERNAL_VALUE,
	   BK1.TO_OBJECT_ID,
	   case when  P.VALUE is null then '-NONE-'  else P.VALUE end
FROM
	A_OBJECT_2_OBJECT BK1, -- Bank to account
	A_OBJECT_2_OBJECT CL1, -- Client to account
	A_OBJECT_2_OBJECT PB1, -- PB ro account
	ARCH_DATA_MAPPING BK2,
	ARCH_DATA_MAPPING CL2,
	ARCH_DATA_MAPPING PB2,
	 ARCH_OBJECT_PROPS P
WHERE
	  BK1.FROM_OBJECT_TYPE = 1000 -- org
	  AND BK1.TO_OBJECT_TYPE = 2000 -- account
	  AND BK1.RELATION = 5 -- coupled owner
	  AND CL1.FROM_OBJECT_TYPE = 1000 -- org
	  AND CL1.TO_OBJECT_TYPE = 2000 -- account
	  AND CL1.RELATION = 3 -- coupled
	  AND PB1.FROM_OBJECT_TYPE = 1000 -- org
	  AND PB1.TO_OBJECT_TYPE = 2000 -- account
	  AND PB1.RELATION = 4 --  PB
	  AND BK1.TO_OBJECT_ID = CL1.TO_OBJECT_ID
	  AND PB1.TO_OBJECT_ID = CL1.TO_OBJECT_ID
	  AND BK1.TO_OBJECT_ID = PB1.TO_OBJECT_ID
	  AND BK2.INTERNAL_VALUE =  BK1.FROM_OBJECT_ID
	  AND CL2.INTERNAL_VALUE = CL1.FROM_OBJECT_ID
	  AND PB2.INTERNAL_VALUE =  PB1.FROM_OBJECT_ID
	  AND BK2.MAP_TYPE=3 AND BK2.TYPE=0
	  AND CL2.MAP_TYPE=3 AND CL2.TYPE=0
	  AND PB2.MAP_TYPE=3 AND PB2.TYPE=0
	  AND BK2.NAMER_ID = 1000000
  	  AND CL2.NAMER_ID = 1000000
  	  AND PB2.NAMER_ID = 1000000
	  -- code 
	 AND P.OBJECT_TYPE(+) = 1000
	 AND P.CODE_ID(+) = 1100001
	 AND P.OBJECT_ID(+)  =  CL1.FROM_OBJECT_ID;
	 
	 

CREATE OR REPLACE VIEW V_FXPB_REPORT_EOD_NOE_DIRECT ( ID,
CLIENT_REF, APPROVAL, APPR_REASON, RECON,
ALLOC, LIFECYCLE, CREATION_DATE, ENTERING_ORG,
SETTLEMENT_DATE, SUBMITTER_PERSON, TRADE_DATE, RATE,
SIDE_A, SIDE_A_ORG_ID, SIDE_B, SIDE_B_ORG_ID,
TRADER, U_FAR_RATE, BASE_CCY, SECONDARY_CCY,
CONTRACT_TYPE, DIRECTION, QUANTITY, QUANTITY2,
VALUE_DATE, FAR_QUANTITY, FAR_QUANTITY2, FAR_VALUE_DATE,
REPORTER, TRADE_TYPE, NEW_NOE, OLD_NOE,
IS_DUMMY, AGREEMENT, SPOT_RATE, FORWARD_POINTS,
TRADER_MARKUP, FORWARD_MARKUP, FAR_SPOT_RATE, FAR_FORWARD_POINTS,
FAR_TRADER_MARKUP, FAR_FORWARD_MARKUP, TP_ROLE ) AS SELECT  /*+ ordered */
 NOE.ID,
 NOE.EXTERNAL_REF,
 C_APPR.DATA,
 (NOE.APPROVE_STATUS_REASON)APPR_REASON,
 C_RECON.DATA,
 C_ALLOC.DATA,
 C_LIFE.DATA,
 TO_DATE(TO_CHAR( NOE.CREATION_DATE,'DD/MM/YYYY'),'DD/MM/YYYY'),
 I.EXTERNAL_VALUE,
 NOE.SETTLEMENT_DATE,
 D.EXTERNAL_VALUE,
 NOE.TRADE_DATE,
 NOE.RATE,
 E.EXTERNAL_VALUE,
 NOE.SIDE_A_ORG_ID,
 F.EXTERNAL_VALUE,
 NOE.SIDE_B_ORG_ID,
 J.FIRST_NAME||' '||J.LAST_NAME,
 NOE.U_FAR_RATE,
 G.NAME,
 H.NAME,
 C1.DATA,
 C2.DATA,
 NOE.QUANTITY,
 NOE.QUANTITY2,
 NOE.VALUE_DATE,
 NOE.FAR_QUANTITY,
 NOE.FAR_QUANTITY2,
 NOE.FAR_VALUE_DATE,
 NOE.REPORTER,
C3.DATA,
NOE.NEW_ID,
NOE.OLD_ID,
case when NOE.IS_DUMMY = 1 then 'yes' else 'no' end,
C_AGREEMENT.DATA,
  NOE.SPOT_RATE,
  NOE.FORWARD_POINTS,
  NOE.TRADER_MARKUP,
  NOE.FORWARD_MARKUP,
  NOE.FAR_SPOT_RATE,
  NOE.FAR_FORWARD_POINTS,
  NOE.FAR_TRADER_MARKUP,
  NOE.FAR_FORWARD_MARKUP,
 (CASE WHEN TP_ROLE.ROLE = '1000002' THEN 'bank' ELSE 'client' END) TP_ROLE
FROM
FXPB_NOE NOE,
ARCH_DATA_MAPPING D, -- submitter
ARCH_DATA_MAPPING E, -- side a
ARCH_DATA_MAPPING F, -- side  b
A_INSTRUMENT G, -- base currency
A_INSTRUMENT H, -- secondary currency
ARCH_DATA_MAPPING I, --  entering org
A_PERSON J, --  trader (optional)
ARCH_CODE_MEMBER C1, -- contract type
ARCH_CODE_MEMBER C2, -- direction
ARCH_CODE_MEMBER C3, -- trade type
ARCH_CODE_MEMBER C_APPR, -- approval status
ARCH_CODE_MEMBER C_RECON, -- reconstatus
ARCH_CODE_MEMBER C_ALLOC, -- alloc status
ARCH_CODE_MEMBER C_LIFE, -- lifecycle status
ARCH_CODE_MEMBER C_AGREEMENT, --  Agreement
A_ORGANIZATION TP,
A_OBJECT_ROLE TP_ROLE
WHERE
 NOE.SUBMITTER_PERSON_ID = D.INTERNAL_VALUE
 AND D.MAP_TYPE=4 -- person
 AND D.NAMER_ID=1000000
 AND D.STATUS=1
 AND D.TYPE=0
 -- side a mapping
 AND NOE.SIDE_A_ORG_ID=E.INTERNAL_VALUE
 AND E.MAP_TYPE=3 -- organization
 AND E.NAMER_ID=1000000
 AND E.STATUS=1
 AND E.TYPE=0
 -- side b mapping
 AND NOE.SIDE_B_ORG_ID=F.INTERNAL_VALUE
 AND F.MAP_TYPE=3 -- organization
 AND F.NAMER_ID=1000000
 AND F.STATUS=1
 AND F.TYPE=0
 --  base currency
 AND NOE.BASE_INSTRUMENT_ID=G.ID
 AND G.TYPE = 5006 -- currency
 --  secondary currency
 AND NOE.SECONDARY_INSTRUMENT_ID=H.ID
 AND H.TYPE = 5006 -- currency
 -- entering org mapping
 AND  NOE.ENTERING_ORG_ID=I.INTERNAL_VALUE
 AND I.MAP_TYPE=3 -- organization
 AND I.NAMER_ID=1000000
 AND I.STATUS=1
 AND I.TYPE=0
 -- optional trader
 AND NOE.TRADER_ID = J.ID(+)
 --contract type
  AND C1.CODE_KEY= TO_CHAR(NOE.CONTRACT_TYPE)
  AND C1.GROUP_ID=1000022
  --direction
  AND C2.CODE_KEY=  TO_CHAR(NOE.DIRECTION)
  AND C2.GROUP_ID=1000021
  --trade type
  AND C3.CODE_KEY=  TO_CHAR(NOE.TRADE_TYPE)
  AND C3.GROUP_ID=1000024
  -- approval status
  AND C_APPR.CODE_KEY = TO_CHAR(NOE.APPROVE_STATUS)
  AND C_APPR.GROUP_ID = 1001011
  -- recon status
  AND C_RECON.CODE_KEY = TO_CHAR(NOE.RECON_STATUS)
  AND C_RECON.GROUP_ID = 1001012
  -- alloc status
  AND C_ALLOC.CODE_KEY = TO_CHAR(NOE.ALLOC_STATUS)
  AND C_ALLOC.GROUP_ID = 1001013
  -- life status
  AND C_LIFE.CODE_KEY = TO_CHAR(NOE.LIFE_STATUS)
  AND C_LIFE.GROUP_ID = 1001014
  -- Agreement
  AND NOE.AGREEMENT = 2
  AND C_AGREEMENT.CODE_KEY = TO_CHAR(NOE.AGREEMENT)
  AND C_AGREEMENT.GROUP_ID = 1000032
  AND TP.ID = NOE.SIDE_A_ORG_ID
  AND TP.ID = TP_ROLE.OBJECT_ID
  AND TP_ROLE.OBJECT_TYPE = 1000;

CREATE OR REPLACE VIEW V_FXPB_REPORT_EOD_NOE_GIVEUP ( ID,
CLIENT_REF, APPROVAL, APPR_REASON, RECON,
ALLOC, LIFECYCLE, CREATION_DATE, ENTERING_ORG,
SETTLEMENT_DATE, SUBMITTER_PERSON, TRADE_DATE, RATE,
SIDE_A, SIDE_A_ORG_ID, SIDE_B, SIDE_B_ORG_ID,
TRADER, U_FAR_RATE, BASE_CCY, SECONDARY_CCY,
CONTRACT_TYPE, DIRECTION, QUANTITY, QUANTITY2,
VALUE_DATE, FAR_QUANTITY, FAR_QUANTITY2, FAR_VALUE_DATE,
REPORTER, TRADE_TYPE, NEW_NOE, OLD_NOE,
IS_DUMMY, AGREEMENT, SPOT_RATE, FORWARD_POINTS,
TRADER_MARKUP, FORWARD_MARKUP, FAR_SPOT_RATE, FAR_FORWARD_POINTS,
FAR_TRADER_MARKUP, FAR_FORWARD_MARKUP, TP_ROLE ) AS SELECT  /*+ ordered */
 NOE.ID,
 NOE.EXTERNAL_REF,
 C_APPR.DATA,
 (NOE.APPROVE_STATUS_REASON)APPR_REASON,
 C_RECON.DATA,
 C_ALLOC.DATA,
 C_LIFE.DATA,
 TO_DATE(TO_CHAR( NOE.CREATION_DATE,'DD/MM/YYYY'),'DD/MM/YYYY'),
 I.EXTERNAL_VALUE,
 NOE.SETTLEMENT_DATE,
 D.EXTERNAL_VALUE,
 NOE.TRADE_DATE,
 NOE.RATE,
 E.EXTERNAL_VALUE,
 NOE.SIDE_A_ORG_ID,
 F.EXTERNAL_VALUE,
 NOE.SIDE_B_ORG_ID,
 J.FIRST_NAME||' '||J.LAST_NAME,
 NOE.U_FAR_RATE,
 G.NAME,
 H.NAME,
 C1.DATA,
 C2.DATA,
 NOE.QUANTITY,
 NOE.QUANTITY2,
 NOE.VALUE_DATE,
 NOE.FAR_QUANTITY,
 NOE.FAR_QUANTITY2,
 NOE.FAR_VALUE_DATE,
 NOE.REPORTER,
C3.DATA,
NOE.NEW_ID,
NOE.OLD_ID,
case when NOE.IS_DUMMY = 1 then 'yes' else 'no' end,
 C_AGREEMENT.DATA,
  NOE.SPOT_RATE,
  NOE.FORWARD_POINTS,
  NOE.TRADER_MARKUP,
  NOE.FORWARD_MARKUP,
  NOE.FAR_SPOT_RATE,
  NOE.FAR_FORWARD_POINTS,
  NOE.FAR_TRADER_MARKUP,
  NOE.FAR_FORWARD_MARKUP,
 (CASE WHEN TP_ROLE.ROLE = '1000002' THEN 'bank' ELSE 'client' END) TP_ROLE
FROM
FXPB_NOE NOE,
ARCH_DATA_MAPPING D, -- submitter
ARCH_DATA_MAPPING E, -- side a
ARCH_DATA_MAPPING F, -- side  b
A_INSTRUMENT G, -- base currency
A_INSTRUMENT H, -- secondary currency
ARCH_DATA_MAPPING I, --  entering org
A_PERSON J, --  trader (optional)
ARCH_CODE_MEMBER C1, -- contract type
ARCH_CODE_MEMBER C2, -- direction
ARCH_CODE_MEMBER C3, -- trade type
ARCH_CODE_MEMBER C_APPR, -- approval status
ARCH_CODE_MEMBER C_RECON, -- reconstatus
ARCH_CODE_MEMBER C_ALLOC, -- alloc status
ARCH_CODE_MEMBER C_LIFE, -- lifecycle status
ARCH_CODE_MEMBER C_AGREEMENT, --  Agreement
A_ORGANIZATION TP,
A_OBJECT_ROLE TP_ROLE
WHERE
 NOE.SUBMITTER_PERSON_ID = D.INTERNAL_VALUE
 AND D.MAP_TYPE=4 -- person
 AND D.NAMER_ID=1000000
 AND D.STATUS=1
 AND D.TYPE=0
 -- side a mapping
 AND NOE.SIDE_A_ORG_ID=E.INTERNAL_VALUE
 AND E.MAP_TYPE=3 -- organization
 AND E.NAMER_ID=1000000
 AND E.STATUS=1
 AND E.TYPE=0
 -- side b mapping
 AND NOE.SIDE_B_ORG_ID=F.INTERNAL_VALUE
 AND F.MAP_TYPE=3 -- organization
 AND F.NAMER_ID=1000000
 AND F.STATUS=1
 AND F.TYPE=0
 --  base currency
 AND NOE.BASE_INSTRUMENT_ID=G.ID
 AND G.TYPE = 5006 -- currency
 --  secondary currency
 AND NOE.SECONDARY_INSTRUMENT_ID=H.ID
 AND H.TYPE = 5006 -- currency
 -- entering org mapping
 AND  NOE.ENTERING_ORG_ID=I.INTERNAL_VALUE
 AND I.MAP_TYPE=3 -- organization
 AND I.NAMER_ID=1000000
 AND I.STATUS=1
 AND I.TYPE=0
 -- optional trader
 AND NOE.TRADER_ID = J.ID(+)
 --contract type
  AND C1.CODE_KEY= TO_CHAR(NOE.CONTRACT_TYPE)
  AND C1.GROUP_ID=1000022
  --direction
  AND C2.CODE_KEY=  TO_CHAR(NOE.DIRECTION)
  AND C2.GROUP_ID=1000021
  --trade type
  AND C3.CODE_KEY=  TO_CHAR(NOE.TRADE_TYPE)
  AND C3.GROUP_ID=1000024
  -- approval status
  AND C_APPR.CODE_KEY = TO_CHAR(NOE.APPROVE_STATUS)
  AND C_APPR.GROUP_ID = 1001011
  -- recon status
  AND C_RECON.CODE_KEY = TO_CHAR(NOE.RECON_STATUS)
  AND C_RECON.GROUP_ID = 1001012
  -- alloc status
  AND C_ALLOC.CODE_KEY = TO_CHAR(NOE.ALLOC_STATUS)
  AND C_ALLOC.GROUP_ID = 1001013
  -- life status
  AND NOE.LIFE_STATUS = 10
  AND C_LIFE.CODE_KEY = TO_CHAR(NOE.LIFE_STATUS)
  AND C_LIFE.GROUP_ID = 1001014
  -- Agreement
  AND C_AGREEMENT.CODE_KEY = TO_CHAR(NOE.AGREEMENT)
  AND C_AGREEMENT.GROUP_ID = 1000032
  AND TP.ID = NOE.SIDE_A_ORG_ID
  AND TP.ID = TP_ROLE.OBJECT_ID
  AND TP_ROLE.OBJECT_TYPE = 1000;
  
  
  CREATE OR REPLACE VIEW V_FXPB_REPORT_LINEAR_OA_DEALS ( ID,
  DOMAIN_ID, PARTNER_ID, PARTNER_NAME, STATUS,
  REQUEST_ID, REASON, TIME, UUID,
  OA_REF, TRADING_PARTY, ENTERING_PARTY, SUBMITTER,
  TRADE_DATE, TOTAL_QTY, CLIENT_REF, FUND_NAME,
  ALLOCATION_CLIENT_REF, ALLOCATION_QTY, OPERATION, OBJECT_TYPE,
  NAMER_ID ) AS
  SELECT
  DEALS.ID, DEALS.DOMAIN_ID, PARTNER_ID, PARTNER.NAME,
  (STATUS_CODE.DATA)STATUS, (DEALS.F19)REQUEST_ID,
  REASON, TIME, UUID,
  (CASE  WHEN (DEALS.STATUS=2) THEN OA_REF ELSE '' END) OA_REF,
  (null)TRADING_PARTY, (EPARTY_MAP.EXTERNAL_VALUE)ENTERING_PARTY,
  (null)SUBMITTER,
  --(CPARTY_MAP.EXTERNAL_VALUE)COUNTER_PARTY,
  (DEALS.F1)TRADE_DATE,
  (DEALS.F2)TOTAL_QTY,
  (DEALS.F3)CLIENT_REF,
  (DEALS.F13)FUND_NAME, 
  (DEALS.F5)ALLOCATION_CLIENT_REF,
  (DEALS.F6)ALLOCATION_QTY,
   (DEALS.F20)OPERATION,
  (DEALS.F21)OBJECT_TYPE,
  (null)NAMER_ID
   FROM
  ARCH_GENERIC_OA_DEALS DEALS,
  --ARCH_DATA_MAPPING TPARTY_MAP,
  ARCH_DATA_MAPPING EPARTY_MAP,
  --ARCH_DATA_MAPPING SUBMITTER_MAP,
  ARCH_CODE_MEMBER STATUS_CODE,
  --ARCH_DATA_MAPPING CPARTY_MAP,
  ARCH_PARTNER PARTNER
  WHERE
  -- find trading party map type
  /*TPARTY_MAP.INTERNAL_VALUE=DEALS.F1
  AND TPARTY_MAP.MAP_TYPE=3
  AND TPARTY_MAP.TYPE=0
  AND TPARTY_MAP.STATUS=1*/
  -- find entering party map type
  EPARTY_MAP.INTERNAL_VALUE=DEALS.F2
  AND EPARTY_MAP.MAP_TYPE=3
  AND EPARTY_MAP.TYPE=0
  AND EPARTY_MAP.STATUS=1
  --AND EPARTY_MAP.NAMER_ID=TPARTY_MAP.NAMER_ID
  -- find submitter name map type
  /*AND SUBMITTER_MAP.INTERNAL_VALUE=DEALS.F3
  AND SUBMITTER_MAP.MAP_TYPE=4
  AND SUBMITTER_MAP.TYPE=0
  AND SUBMITTER_MAP.STATUS=1
  AND SUBMITTER_MAP.NAMER_ID=TPARTY_MAP.NAMER_ID*/
  -- status
  AND STATUS_CODE.GROUP_ID=4
  AND STATUS_CODE.CODE_KEY = TO_CHAR(DEALS.STATUS)
  --  partner
  AND DEALS.PARTNER_ID = PARTNER.ID
  AND DEALS.DOMAIN_ID = PARTNER.DOMAIN_ID;
  


CREATE OR REPLACE VIEW V_FXPB_REPORT_NOE ( ID,
CLIENT_REF, APPROVAL, APPR_REASON, RECON,
ALLOC, LIFECYCLE, CREATION_DATE, ENTERING_ORG,
SETTLEMENT_DATE, SUBMITTER_PERSON, TRADE_DATE, RATE,
SIDE_A, SIDE_B, TRADER, U_FAR_RATE,
BASE_CCY, SECONDARY_CCY, CONTRACT_TYPE, DIRECTION,
QUANTITY, QUANTITY2, VALUE_DATE, FAR_QUANTITY,
FAR_QUANTITY2, FAR_VALUE_DATE, REPORTER, TRADE_TYPE,
NEW_NOE, OLD_NOE, IS_DUMMY, AGREEMENT,
SPOT_RATE, FORWARD_POINTS, TRADER_MARKUP, FORWARD_MARKUP,
FAR_SPOT_RATE, FAR_FORWARD_POINTS, FAR_TRADER_MARKUP, FAR_FORWARD_MARKUP, TP_ROLE
 ) AS SELECT  /*+ ordered */
 NOE.ID,
 NOE.EXTERNAL_REF,
 C_APPR.DATA,
 (NOE.APPROVE_STATUS_REASON)APPR_REASON,
 C_RECON.DATA,
 C_ALLOC.DATA,
 C_LIFE.DATA,
 NOE.CREATION_DATE,
 I.EXTERNAL_VALUE,
 NOE.SETTLEMENT_DATE,
 D.EXTERNAL_VALUE,
 NOE.TRADE_DATE,
 NOE.RATE,
 E.EXTERNAL_VALUE,
 F.EXTERNAL_VALUE,
 J.FIRST_NAME||' '||J.LAST_NAME,
 NOE.U_FAR_RATE,
 G.NAME,
 H.NAME,
 C1.DATA,
 C2.DATA,
 NOE.QUANTITY,
 NOE.QUANTITY2,
 NOE.VALUE_DATE,
 NOE.FAR_QUANTITY,
 NOE.FAR_QUANTITY2,
 NOE.FAR_VALUE_DATE,
 NOE.REPORTER,
C3.DATA,
NOE.NEW_ID,
NOE.OLD_ID,
case when NOE.IS_DUMMY = 1 then 'yes' else 'no' end,
C_AGREEMENT.DATA,
  NOE.SPOT_RATE,
  NOE.FORWARD_POINTS,
  NOE.TRADER_MARKUP,
  NOE.FORWARD_MARKUP,
  NOE.FAR_SPOT_RATE,
  NOE.FAR_FORWARD_POINTS,
  NOE.FAR_TRADER_MARKUP,
  NOE.FAR_FORWARD_MARKUP,
 (CASE WHEN TP_ROLE.ROLE = '1000002' THEN 'bank' ELSE 'client' END) TP_ROLE
FROM
FXPB_NOE NOE,
ARCH_DATA_MAPPING D, -- submitter
ARCH_DATA_MAPPING E, -- side a
ARCH_DATA_MAPPING F, -- side  b
A_INSTRUMENT G, -- base currency
A_INSTRUMENT H, -- secondary currency
ARCH_DATA_MAPPING I, --  entering org
A_PERSON J, --  trader (optional)
ARCH_CODE_MEMBER C1, -- contract type
ARCH_CODE_MEMBER C2, -- direction
ARCH_CODE_MEMBER C3, -- trade type
ARCH_CODE_MEMBER C_APPR, -- approval status
ARCH_CODE_MEMBER C_RECON, -- reconstatus
ARCH_CODE_MEMBER C_ALLOC, -- alloc status
ARCH_CODE_MEMBER C_LIFE, -- lifecycle status
ARCH_CODE_MEMBER C_AGREEMENT, --  Agreement
A_ORGANIZATION TP, 
A_OBJECT_ROLE TP_ROLE
WHERE
 NOE.SUBMITTER_PERSON_ID = D.INTERNAL_VALUE
 AND D.MAP_TYPE=4 -- person
 AND D.NAMER_ID=1000000
 AND D.STATUS=1
 AND D.TYPE=0
 -- side a mapping
 AND NOE.SIDE_A_ORG_ID=E.INTERNAL_VALUE
 AND E.MAP_TYPE=3 -- organization
 AND E.NAMER_ID=1000000
 AND E.STATUS=1
 AND E.TYPE=0
 -- side b mapping
 AND NOE.SIDE_B_ORG_ID=F.INTERNAL_VALUE
 AND F.MAP_TYPE=3 -- organization
 AND F.NAMER_ID=1000000
 AND F.STATUS=1
 AND F.TYPE=0
 --  base currency
 AND NOE.BASE_INSTRUMENT_ID=G.ID
 AND G.TYPE = 5006 -- currency
 --  secondary currency
 AND NOE.SECONDARY_INSTRUMENT_ID=H.ID
 AND H.TYPE = 5006 -- currency
 -- entering org mapping
 AND  NOE.ENTERING_ORG_ID=I.INTERNAL_VALUE
 AND I.MAP_TYPE=3 -- organization
 AND I.NAMER_ID=1000000
 AND I.STATUS=1
 AND I.TYPE=0
 -- optional trader
 AND NOE.TRADER_ID = J.ID(+)
 --contract type
  AND C1.CODE_KEY= TO_CHAR(NOE.CONTRACT_TYPE)
  AND C1.GROUP_ID=1000022
  --direction
  AND C2.CODE_KEY=  TO_CHAR(NOE.DIRECTION)
  AND C2.GROUP_ID=1000021
  --trade type
  AND C3.CODE_KEY=  TO_CHAR(NOE.TRADE_TYPE)
  AND C3.GROUP_ID=1000024
  -- approval status
  AND C_APPR.CODE_KEY = TO_CHAR(NOE.APPROVE_STATUS)
  AND C_APPR.GROUP_ID = 1001011
  -- recon status
  AND C_RECON.CODE_KEY = TO_CHAR(NOE.RECON_STATUS)
  AND C_RECON.GROUP_ID = 1001012
  -- alloc status
  AND C_ALLOC.CODE_KEY = TO_CHAR(NOE.ALLOC_STATUS)
  AND C_ALLOC.GROUP_ID = 1001013
  -- life status
  AND C_LIFE.CODE_KEY = TO_CHAR(NOE.LIFE_STATUS)
  AND C_LIFE.GROUP_ID = 1001014
  -- Agreement
  AND C_AGREEMENT.CODE_KEY = TO_CHAR(NOE.AGREEMENT)
  AND C_AGREEMENT.GROUP_ID = 1000032
  AND TP.ID = NOE.SIDE_A_ORG_ID  
  AND TP.ID = TP_ROLE.OBJECT_ID 
  AND TP_ROLE.OBJECT_TYPE = 1000
;



CREATE OR REPLACE VIEW V_FXPB_REPORT_NOE_FRONT_PAGE ( ID,
CLIENT_REF, APPROVAL, APPR_REASON, RECON,
ALLOC, LIFECYCLE, CREATION_DATE, ENTERING_ORG,
SETTLEMENT_DATE, SUBMITTER_PERSON, TRADE_DATE, RATE,
SIDE_A, SIDE_B, TRADER, U_FAR_RATE,
BASE_CCY, SECONDARY_CCY, CONTRACT_TYPE, DIRECTION,
QUANTITY, QUANTITY2, VALUE_DATE, FAR_QUANTITY,
FAR_QUANTITY2, FAR_VALUE_DATE, REPORTER, TRADE_TYPE,
NEW_NOE, OLD_NOE, IS_DUMMY, AGREEMENT,
SPOT_RATE, FORWARD_POINTS, TRADER_MARKUP, FORWARD_MARKUP,
FAR_SPOT_RATE, FAR_FORWARD_POINTS, FAR_TRADER_MARKUP, FAR_FORWARD_MARKUP
 ) AS SELECT  NOE.ID,
 NOE.EXTERNAL_REF,
 C_APPR.DATA,
 (NOE.APPROVE_STATUS_REASON)APPR_REASON,
 C_RECON.DATA,
 C_ALLOC.DATA,
 C_LIFE.DATA,
 NOE.CREATION_DATE,
 I.EXTERNAL_VALUE,
 NOE.SETTLEMENT_DATE,
 D.EXTERNAL_VALUE,
 NOE.TRADE_DATE,
 NOE.RATE,
 E.EXTERNAL_VALUE,
 F.EXTERNAL_VALUE,
 J.FIRST_NAME||' '||J.LAST_NAME,
 NOE.U_FAR_RATE,
 G.NAME,
 H.NAME,
 C1.DATA,
 C2.DATA,
 NOE.QUANTITY,
 NOE.QUANTITY2,
 NOE.VALUE_DATE,
 NOE.FAR_QUANTITY,
 NOE.FAR_QUANTITY2,
 NOE.FAR_VALUE_DATE,
 NOE.REPORTER,
C3.DATA,
NOE.NEW_ID,
NOE.OLD_ID,
case when NOE.IS_DUMMY = 1 then 'yes' else 'no' end,
C_AGREEMENT.DATA,
  NOE.SPOT_RATE,
  NOE.FORWARD_POINTS,
  NOE.TRADER_MARKUP,
  NOE.FORWARD_MARKUP,
  NOE.FAR_SPOT_RATE,
  NOE.FAR_FORWARD_POINTS,
  NOE.FAR_TRADER_MARKUP,
  NOE.FAR_FORWARD_MARKUP
FROM
FXPB_NOE NOE,
ARCH_DATA_MAPPING D, -- submitter
ARCH_DATA_MAPPING E, -- side a
ARCH_DATA_MAPPING F, -- side  b
A_INSTRUMENT G, -- base currency
A_INSTRUMENT H, -- secondary currency
ARCH_DATA_MAPPING I, --  entering org
A_PERSON J, --  trader (optional)
ARCH_CODE_MEMBER C1, -- contract type
ARCH_CODE_MEMBER C2, -- direction
ARCH_CODE_MEMBER C3, -- trade type
ARCH_CODE_MEMBER C_APPR, -- approval status
ARCH_CODE_MEMBER C_RECON, -- reconstatus
ARCH_CODE_MEMBER C_ALLOC, -- alloc status
ARCH_CODE_MEMBER C_LIFE, -- lifecycle status
ARCH_CODE_MEMBER C_AGREEMENT --  Agreement
WHERE
	NOE.SUBMITTER_PERSON_ID = D.INTERNAL_VALUE
	AND D.MAP_TYPE=4 -- person
	AND D.NAMER_ID=1000000
	AND D.STATUS=1
	AND D.TYPE=0
	-- side a mapping
	AND NOE.SIDE_A_ORG_ID=E.INTERNAL_VALUE
	AND E.MAP_TYPE=3 -- organization
	AND E.NAMER_ID=1000000
	AND E.STATUS=1
	AND E.TYPE=0
	-- side b mapping
	AND NOE.SIDE_B_ORG_ID=F.INTERNAL_VALUE
	AND F.MAP_TYPE=3 -- organization
	AND F.NAMER_ID=1000000
	AND F.STATUS=1
	AND F.TYPE=0
	--  base currency
	AND NOE.BASE_INSTRUMENT_ID=G.ID
	AND G.TYPE = 5006 -- currency
	--  secondary currency
	AND NOE.SECONDARY_INSTRUMENT_ID=H.ID
	AND H.TYPE = 5006 -- currency
	-- entering org mapping
	AND  NOE.ENTERING_ORG_ID=I.INTERNAL_VALUE
	AND I.MAP_TYPE=3 -- organization
	AND I.NAMER_ID=1000000
	AND I.STATUS=1
	AND I.TYPE=0
	-- optional trader
	AND NOE.TRADER_ID = J.ID(+)
	--contract type
	AND C1.CODE_KEY= TO_CHAR(NOE.CONTRACT_TYPE)
	AND C1.GROUP_ID=1000022
	--direction
	AND C2.CODE_KEY=  TO_CHAR(NOE.DIRECTION)
	AND C2.GROUP_ID=1000021
	--trade type
	AND C3.CODE_KEY=  TO_CHAR(NOE.TRADE_TYPE)
	AND C3.GROUP_ID=1000024
	-- approval status
	AND C_APPR.CODE_KEY = TO_CHAR(NOE.APPROVE_STATUS)
	AND C_APPR.GROUP_ID = 1001011
	-- recon status
	AND C_RECON.CODE_KEY = TO_CHAR(NOE.RECON_STATUS)
	AND C_RECON.GROUP_ID = 1001012
	-- alloc status
	AND C_ALLOC.CODE_KEY = TO_CHAR(NOE.ALLOC_STATUS)
	AND C_ALLOC.GROUP_ID = 1001013
	-- life status
	AND C_LIFE.CODE_KEY = TO_CHAR(NOE.LIFE_STATUS)
	AND C_LIFE.GROUP_ID = 1001014
	-- Agreement
	AND C_AGREEMENT.CODE_KEY = TO_CHAR(NOE.AGREEMENT)
	AND C_AGREEMENT.GROUP_ID = 1000032
  -- Filtering
	AND NOE.AGREEMENT <> 2
	-- active or done
	AND (LIFE_STATUS = 2
	OR (LIFE_STATUS = 4 AND trunc(NOE.CREATION_DATE) = trunc(sysdate)));
	
	
CREATE OR REPLACE VIEW V_FXPB_REPORT_OPTION_CT ( TRADE_GROUP,
TRADE_ID, LIFE_STATUS, BOOKING_STATUS, OPTION_STATUS, SIDE_A_MANAGER,
SIDE_B_MANAGER, SIDE_A, SIDE_B, SIDE_A_NOE_ID,
SIDE_B_NOE_ID, CURRENCY1, CONTRACT_TYPE, QUANTITY1,
CURRENCY2, NEAR_QUANTITY2, EXPIRY_DATE, DATE_TERMINATED,
STRIKE, STRIKE_QUOTE_MODE, OPTION_TYPE, OPTION_STYLE,
BARRIER_TYPE, LOWER_BARRIER_LEVEL, UPPER_BARRIER_LEVEL, PRICE_PAID,
PRICE_QUOTE, FWD_DATE, RATE, TRADE_DATE, SETTLEMENT_DATE,
TRADE_TYPE, AGREEMENT, UNDERLYING, OPTION_BO_TRADE_ID
 ) AS
SELECT
  /*+ ordered */
	  TG.ID, -- tg id
	  TRADE.ID, -- trade id
	  (C_TR_LG.DATA)STATUS_TR,
	  (C_TR_BOR.DATA)STATUS_BOR,
	  (C_TR_OPTION.DATA)STATUS_OPTION,
	  M3.EXTERNAL_VALUE,
	  M4.EXTERNAL_VALUE,
	  M2.EXTERNAL_VALUE,
	  M1.EXTERNAL_VALUE,
	  TRADE.TRADING_ACTIVITY_SIDE_A, -- sell  NOE    (swaped)
	  TRADE.TRADING_ACTIVITY_SIDE_B, -- buyer NOE    (swaped)
	  I2.NAME, -- secondary ccy
      (C1.DATA) CONTRACT_TYPE,
	  TRADE.QUANTITY,
	  I1.NAME, -- base ccy
	  TRADE.QUANTITY2,
	  NOE.EXPIRY_DATE,
	  TRADE.TERMINATED_DATE, --cr 5160
	  (NOE.RATE) STRIKE,
 	  (C_STRIKE_Q_MODE.DATA) STRIKE_QUOTE_MODE,
	  (C_OPTION_TYPE.DATA) OPTION_TYPE,
 	  (C_OPTION_STYLE.DATA) OPTION_STYLE,
      (C_BARRIER_TYPE.DATA)BARRIER_TYPE,
	  NOE.LOWER_BARRIER_LEVEL,
	  NOE.UPPER_BARRIER_LEVEL,
	  NOE.PRICE_PAID,
	  (NOE.PREMIUM_TYPE) PRICE_QUOTE,
	  (NOE.VALUE_DATE) FWD_DATE,
	  TRADE.RATE,
	  TRADE.TRADE_DATE,
	  TRADE.SETTLEMENT_DATE,
	  (C.DATA) TRADE_TYPE,
	  (C_AGREEMENT.DATA) AGREEMENT,
	  (NOE.UNDERLYING_CLIENT_REF) UNDERLYING,
	  TRADE.OPTION_BO_TRADE_ID
FROM
		FXPB_OPTION_TRADE  TG,--TRADE GROUP
		FXPB_OPTION_TRADE  TRADE,--TRADE
		A_TA_TA_REL B,
		FXPB_OPTION_NOE NOE,
		ARCH_DATA_MAPPING M1, -- buyer da
		ARCH_DATA_MAPPING M2, -- seller da
		ARCH_DATA_MAPPING M3, -- side a manager
		ARCH_DATA_MAPPING M4, -- side b manager
		A_INSTRUMENT I1, -- base currency
		A_INSTRUMENT I2, -- secondary currency
		ARCH_CODE_MEMBER C1, -- contract type
		ARCH_CODE_MEMBER C_TR_LG, -- lifecycle status
		ARCH_CODE_MEMBER C_TR_BOR, -- BOR status
		ARCH_CODE_MEMBER C_TR_OPTION, -- OPTION status
		ARCH_CODE_MEMBER C, -- trade type
		ARCH_CODE_MEMBER C_AGREEMENT, -- trade type
		ARCH_CODE_MEMBER C_STRIKE_Q_MODE, -- Strike quote mode
		ARCH_CODE_MEMBER C_OPTION_TYPE, -- Option type
        ARCH_CODE_MEMBER C_BARRIER_TYPE, -- Barrier Type
		ARCH_CODE_MEMBER C_OPTION_STYLE -- Option style
WHERE
TG.TYPE = 4009
AND	 B.PARENT_TA_ID = TG.ID
AND B.RELATION = 13
AND B.CHILD_TA_ID = TRADE.ID--GET CHILD TA
AND NOE.ID = TRADE.TRADING_ACTIVITY_SIDE_A
 --  base currency
 AND NOE.BASE_INSTRUMENT_ID=I1.ID
 AND I1.TYPE = 5006 -- currency
 --  secondary currency
 AND NOE.SECONDARY_INSTRUMENT_ID=I2.ID
 AND I2.TYPE = 5006 -- currency
 -- life status
 AND C_TR_LG.CODE_KEY = TO_CHAR(TRADE.LIFE_STATUS)
 AND C_TR_LG.GROUP_ID = 1001018
 -- BOR status
 AND C_TR_BOR.CODE_KEY = TO_CHAR(TRADE.BOR_STATUS)
 AND C_TR_BOR.GROUP_ID = 1001019
 -- OPTION status
 AND C_TR_OPTION.CODE_KEY = TO_CHAR(TRADE.OPTION_STATUS)
 AND C_TR_OPTION.GROUP_ID = 1100025
  --trade type
  AND C.CODE_KEY=  TO_CHAR(NOE.TRADE_TYPE)
  AND C.GROUP_ID=1000024
 -- side a mapping
 AND TRADE.SIDE_B_ORG_ID=M1.INTERNAL_VALUE
 AND M1.MAP_TYPE IN (3,7) -- organization  or fund
 AND M1.NAMER_ID=1000000
 AND M1.STATUS=1
 AND M1.TYPE=0
 -- side b mapping
 AND TRADE.SIDE_A_ORG_ID=M2.INTERNAL_VALUE
 AND M2.MAP_TYPE IN (3,7) -- organization  or fund
 AND M2.NAMER_ID=1000000
 AND M2.STATUS=1
 AND M2.TYPE=0
  -- side a manager
 AND TRADE.SIDE_A_MANAGER_ID=M3.INTERNAL_VALUE
 AND M3.MAP_TYPE = 3
 AND M3.NAMER_ID=1000000
 AND M3.STATUS=1
 AND M3.TYPE=0
  -- side b manager
 AND TRADE.SIDE_b_MANAGER_ID=M4.INTERNAL_VALUE
 AND M4.MAP_TYPE = 3
 AND M4.NAMER_ID=1000000
 AND M4.STATUS=1
 AND M4.TYPE=0
 --contract type
  AND C1.CODE_KEY= TO_CHAR(NOE.CONTRACT_TYPE)
  AND C1.GROUP_ID=1100021
 -- Agreement
 AND C_AGREEMENT.CODE_KEY = TO_CHAR(NOE.AGREEMENT)
 AND C_AGREEMENT.GROUP_ID = 1000032
  -- Strike Quote Mode
  AND C_STRIKE_Q_MODE.CODE_KEY = TO_CHAR(NOE.STRIKE_QUOTE_MODE)
  AND C_STRIKE_Q_MODE.GROUP_ID = 1100024
  -- Option type
  AND C_OPTION_TYPE.CODE_KEY = TO_CHAR(NOE.OPTION_TYPE)
  AND C_OPTION_TYPE.GROUP_ID = 1100022
  -- Option style
  AND C_OPTION_STYLE.CODE_KEY = TO_CHAR(NOE.OPTION_STYLE)
  AND C_OPTION_STYLE.GROUP_ID = 1100020
  --Barrier Type
  AND C_BARRIER_TYPE.CODE_KEY = TO_CHAR(NOE.BARRIER_TYPE)
  AND C_BARRIER_TYPE.GROUP_ID = 1100045;
  
  
CREATE OR REPLACE VIEW V_FXPB_REPORT_OPTION_NOE ( ID,
ALLOC, RECON, APPROVAL, APPR_REASON,
LIFECYCLE, SIDE_A, SIDE_B, OPTION_TYPE,
DIRECTION, EXPIRY_DATE, SETTLEMENT_DATE, VALUE_DATE,
CONTRACT_TYPE, SECONDARY_CCY, QUANTITY, BASE_CCY,
QUANTITY2, STRIKE, STRIKE_QUOTE_MODE, OPTION_STYLE,
PRICE_PAID, PREMIUM_TYPE, PREMIUM_AMOUNT, PREMIUM_CCY,
PREMIUM_DATE, BARRIER_TYPE, BARRIER_LEVEL, LOWER_BARRIER_LEVEL,
UPPER_BARRIER_LEVEL, REBATE_PERCENT_1, REBATE_PERCENT_2, REBATE_QUOTE_MODE,
REBATE_TYPE, PAYOUT_AMOUNT, PAYOUT_CCY, TRADER,
TRADE_DATE, CREATION_DATE, EXTERNAL_REF, TRADE_TYPE,
PORTFOLIO_ID, IS_DUMMY, AGREEMENT, SUBMITTER_PERSON,
ENTERING_ORG, CUT_OFF_ZONE, UNDERLYING_CLIENT_REF, DELIVERY_METHOD,
REPORTER, NEW_NOE, OLD_NOE, OPTION_CONTRACT_TYPE,
EXPIRY_TIME, DATE_TERMINATED, NDF, NDF_FIXING_DATE,
NDF_LINKED_TRADE, TP_ROLE ) AS
SELECT  /*+ ordered */
 NOE.ID,
 (C_ALLOC.DATA) ALLOC,
 (C_RECON.DATA) RECON,
 (C_APPR.DATA) APPROVAL,
 (NOE.APPROVE_STATUS_REASON)APPR_REASON,
 (C_LIFE.DATA) LIFECYCLE,
 (E.EXTERNAL_VALUE) SIDE_A,
 (F.EXTERNAL_VALUE) SIDE_B,
 (C_OPTION_TYPE.DATA) OPTION_TYPE,
 (C2.DATA) DIRECTION,
 NOE.EXPIRY_DATE,
 NOE.SETTLEMENT_DATE,
 NOE.VALUE_DATE,
 (C1.DATA) CONTRACT_TYPE,
 (H.NAME) SECONDARY_CCY,
 NOE.QUANTITY,
 (G.NAME) BASE_CCY,
 NOE.QUANTITY2,
 (NOE.RATE) STRIKE,
 (C_STRIKE_Q_MODE.DATA) STRIKE_QUOTE_MODE,
 (C_OPTION_STYLE.DATA) OPTION_STYLE,
 NOE.PRICE_PAID,
 (C_PREMIUM_TYPE.DATA) PREMIUM_TYPE,
 NOE.PREMIUM_AMOUNT,
 (CCY_PREMIUM.NAME) PREMIUM_CCY,
 NOE.PREMIUM_DATE,
(C_BARRIER_TYPE.DATA)BARRIER_TYPE,
 NOE.BARRIER_LEVEL,
 NOE.LOWER_BARRIER_LEVEL,
 NOE.UPPER_BARRIER_LEVEL,
 NOE.REBATE_PERCENT_1,
 NOE.REBATE_PERCENT_2,
 (C_REBATE_QUOTE_MODE.DATA)REBATE_QUOTE_MODE,
 (C_REBATE_TYPE.DATA) REBATE_TYPE,
 NOE.PAYOUT_AMOUNT,
 (CCY_PAYOUT.NAME) PAYOUT_CCY,
 (J.FIRST_NAME||' '||J.LAST_NAME) TRADER,
 NOE.TRADE_DATE,
 NOE.CREATION_DATE,
 NOE.EXTERNAL_REF,
 (C3.DATA) TRADE_TYPE,
 NOE.PORTFOLIO_ID,
 (CASE WHEN NOE.IS_DUMMY = 1 THEN 'true' ELSE 'false' END) IS_DUMMY,
 (C_AGREEMENT.DATA) AGREEMENT,
 (D.EXTERNAL_VALUE) SUBMITTER_PERSON,
 (I.EXTERNAL_VALUE) ENTERING_ORG,
 NOE.CUT_OFF_ZONE,
 NOE.UNDERLYING_CLIENT_REF,
 (C_DELIVERY_METHOD.DATA) DELIVERY_METHOD,
 NOE.REPORTER,
 (NOE.NEW_ID) NEW_NOE,
 (NOE.OLD_ID) OLD_NOE,
 (C_OPTION_C_TYPE.DATA) OPTION_CONTRACT_TYPE,
 NOE.EXPIRY_TIME,
 NOE.DATE_TERMINATED,
 (CASE WHEN NOE.NDF = 1 THEN 'true' ELSE 'false' END) NDF,
 NOE.NDF_FIXING_DATE,
 NOE.NDF_LINKED_TRADE,
 (CASE WHEN TP_ROLE.ROLE = '1000002' THEN 'bank' ELSE 'client' END) TP_ROLE
FROM
FXPB_OPTION_NOE NOE,
ARCH_DATA_MAPPING D, -- submitter
ARCH_DATA_MAPPING E, -- side a
ARCH_DATA_MAPPING F, -- side  b
A_INSTRUMENT G, -- base currency
A_INSTRUMENT H, -- secondary currency
ARCH_DATA_MAPPING I, --  entering org
A_PERSON J, --  trader (optional)
ARCH_CODE_MEMBER C1, -- contract type
ARCH_CODE_MEMBER C2, -- direction
ARCH_CODE_MEMBER C3, -- trade type
ARCH_CODE_MEMBER C_APPR, -- approval status
ARCH_CODE_MEMBER C_RECON, -- reconstatus
ARCH_CODE_MEMBER C_ALLOC, -- alloc status
ARCH_CODE_MEMBER C_LIFE, -- lifecycle status
ARCH_CODE_MEMBER C_AGREEMENT, --  Agreement
ARCH_CODE_MEMBER C_STRIKE_Q_MODE, -- Strike quote mode
A_INSTRUMENT CCY_PAYOUT,    -- Payout Ccy
A_INSTRUMENT CCY_PREMIUM,  -- Premium Ccy
ARCH_CODE_MEMBER C_PREMIUM_TYPE, -- Premium Type
ARCH_CODE_MEMBER C_OPTION_STYLE, -- Option style
ARCH_CODE_MEMBER C_OPTION_C_TYPE, -- Option contract type
ARCH_CODE_MEMBER C_OPTION_TYPE, -- Option type
ARCH_CODE_MEMBER C_DELIVERY_METHOD, -- Delivery method
ARCH_CODE_MEMBER C_BARRIER_TYPE, -- Barrier Type
ARCH_CODE_MEMBER C_REBATE_QUOTE_MODE, -- rebate quote mode
ARCH_CODE_MEMBER C_REBATE_TYPE, -- rebate type
A_ORGANIZATION TP,
A_OBJECT_ROLE TP_ROLE
WHERE
 NOE.SUBMITTER_PERSON_ID = D.INTERNAL_VALUE
 AND D.MAP_TYPE=4 -- person
 AND D.NAMER_ID=1000000
 AND D.STATUS=1
 AND D.TYPE=0
 -- side a mapping
 AND NOE.SIDE_A_ORG_ID=E.INTERNAL_VALUE
 AND E.MAP_TYPE=3 -- organization
 AND E.NAMER_ID=1000000
 AND E.STATUS=1
 AND E.TYPE=0
 -- side b mapping
 AND NOE.SIDE_B_ORG_ID=F.INTERNAL_VALUE
 AND F.MAP_TYPE=3 -- organization
 AND F.NAMER_ID=1000000
 AND F.STATUS=1
 AND F.TYPE=0
 --  base currency
 AND NOE.BASE_INSTRUMENT_ID=G.ID
 AND G.TYPE = 5006 -- currency
 --  secondary currency
 AND NOE.SECONDARY_INSTRUMENT_ID=H.ID
 AND H.TYPE = 5006 -- currency
 -- entering org mapping
 AND  NOE.ENTERING_ORG_ID=I.INTERNAL_VALUE
 AND I.MAP_TYPE=3 -- organization
 AND I.NAMER_ID=1000000
 AND I.STATUS=1
 AND I.TYPE=0
 -- optional trader
 AND NOE.TRADER_ID = J.ID(+)
 --contract type
  AND C1.CODE_KEY= TO_CHAR(NOE.CONTRACT_TYPE)
  AND C1.GROUP_ID=1100021
  --direction
  AND C2.CODE_KEY=  TO_CHAR(NOE.DIRECTION)
  AND C2.GROUP_ID=1000021
  --trade type
  AND C3.CODE_KEY=  TO_CHAR(NOE.TRADE_TYPE)
  AND C3.GROUP_ID=1100026
  -- approval status
  AND C_APPR.CODE_KEY = TO_CHAR(NOE.APPROVE_STATUS)
  AND C_APPR.GROUP_ID = 1001011
  -- recon status
  AND C_RECON.CODE_KEY = TO_CHAR(NOE.RECON_STATUS)
  AND C_RECON.GROUP_ID = 1001012
  -- alloc status
  AND C_ALLOC.CODE_KEY = TO_CHAR(NOE.ALLOC_STATUS)
  AND C_ALLOC.GROUP_ID = 1001013
  -- life status
  AND C_LIFE.CODE_KEY = TO_CHAR(NOE.LIFE_STATUS)
  AND C_LIFE.GROUP_ID = 1001014
  -- Agreement
  AND C_AGREEMENT.CODE_KEY = TO_CHAR(NOE.AGREEMENT)
  AND C_AGREEMENT.GROUP_ID = 1000032
  -- Strike Quote Mode
  AND C_STRIKE_Q_MODE.CODE_KEY = TO_CHAR(NOE.STRIKE_QUOTE_MODE)
  AND C_STRIKE_Q_MODE.GROUP_ID = 1100024
  -- Premium Ccy
  AND NOE.PREMIUM_CCY = CCY_PREMIUM.ID
  AND CCY_PREMIUM.TYPE = 5006 -- currency
  -- Premium Type
  AND C_PREMIUM_TYPE.CODE_KEY = TO_CHAR(NOE.PREMIUM_TYPE)
  AND C_PREMIUM_TYPE.GROUP_ID = 1100019
  -- Option style
  AND C_OPTION_STYLE.CODE_KEY = TO_CHAR(NOE.OPTION_STYLE)
  AND C_OPTION_STYLE.GROUP_ID = 1100020
  -- Option contract type
  AND C_OPTION_C_TYPE.CODE_KEY = TO_CHAR(NOE.CONTRACT_TYPE)
  AND C_OPTION_C_TYPE.GROUP_ID = 1100021
  -- Option type
  AND C_OPTION_TYPE.CODE_KEY = TO_CHAR(NOE.OPTION_TYPE)
  AND C_OPTION_TYPE.GROUP_ID = 1100022
  -- Delivery Method
  AND C_DELIVERY_METHOD.CODE_KEY = TO_CHAR(NOE.DELIVERY_METHOD)
  AND C_DELIVERY_METHOD.GROUP_ID = 1100023
  -- Payout Ccy
  AND NOE.PAYOUT_CURRENCY = CCY_PAYOUT.ID(+)
  AND CCY_PAYOUT.TYPE(+) = 5006 -- currency
  -- TP Role
  AND TP.ID = NOE.SIDE_A_ORG_ID
  AND TP.ID = TP_ROLE.OBJECT_ID
  AND TP_ROLE.OBJECT_TYPE = 1000
  --Barrier Type
  AND C_BARRIER_TYPE.CODE_KEY = TO_CHAR(NOE.BARRIER_TYPE)
  AND C_BARRIER_TYPE.GROUP_ID = 1100045
  --rebate type
  AND C_REBATE_TYPE.CODE_KEY = NVL(TO_CHAR(NOE.REBATE_TYPE),0)
  AND C_REBATE_TYPE.GROUP_ID = 1100031
  --rebate quote mode
  AND C_REBATE_QUOTE_MODE.CODE_KEY = NVL(TO_CHAR(NOE.REBATE_QUOTE_MODE), 0)
  AND C_REBATE_QUOTE_MODE.GROUP_ID = 1100046;
  


CREATE OR REPLACE VIEW V_FXPB_REPORT_OPTION_NOE_FP ( ID,
ALLOC, RECON, APPROVAL, APPR_REASON,
LIFECYCLE, SIDE_A, SIDE_B, OPTION_TYPE,
DIRECTION, EXPIRY_DATE, SETTLEMENT_DATE, VALUE_DATE,
CONTRACT_TYPE, SECONDARY_CCY, QUANTITY, BASE_CCY,
QUANTITY2, STRIKE, STRIKE_QUOTE_MODE, OPTION_STYLE,
PRICE_PAID, PREMIUM_TYPE, PREMIUM_AMOUNT, PREMIUM_CCY,
PREMIUM_DATE, BARRIER_TYPE, BARRIER_LEVEL, LOWER_BARRIER_LEVEL,
UPPER_BARRIER_LEVEL, REBATE_PERCENT_1, REBATE_PERCENT_2, REBATE_QUOTE_MODE,
REBATE_TYPE, PAYOUT_AMOUNT, PAYOUT_CCY, TRADER,
TRADE_DATE, CREATION_DATE, EXTERNAL_REF, TRADE_TYPE,
PORTFOLIO_ID, IS_DUMMY, AGREEMENT, SUBMITTER_PERSON,
ENTERING_ORG, CUT_OFF_ZONE, UNDERLYING_CLIENT_REF, DELIVERY_METHOD,
REPORTER, NEW_NOE, OLD_NOE, OPTION_CONTRACT_TYPE,
EXPIRY_TIME, DATE_TERMINATED, NDF, NDF_FIXING_DATE,
NDF_LINKED_TRADE, TP_ROLE ) AS SELECT  /*+ ordered */
 NOE.ID,
 (C_ALLOC.DATA) ALLOC,
 (C_RECON.DATA) RECON,
 (C_APPR.DATA) APPROVAL,
 (NOE.APPROVE_STATUS_REASON)APPR_REASON,
 (C_LIFE.DATA) LIFECYCLE,
 (E.EXTERNAL_VALUE) SIDE_A,
 (F.EXTERNAL_VALUE) SIDE_B,
 (C_OPTION_TYPE.DATA) OPTION_TYPE,
 (C2.DATA) DIRECTION,
 NOE.EXPIRY_DATE,
 NOE.SETTLEMENT_DATE,
 NOE.VALUE_DATE,
 (C1.DATA) CONTRACT_TYPE,
 (H.NAME) SECONDARY_CCY,
 NOE.QUANTITY,
 (G.NAME) BASE_CCY,
 NOE.QUANTITY2,
 (NOE.RATE) STRIKE,
 (C_STRIKE_Q_MODE.DATA) STRIKE_QUOTE_MODE,
 (C_OPTION_STYLE.DATA) OPTION_STYLE,
 NOE.PRICE_PAID,
 (C_PREMIUM_TYPE.DATA) PREMIUM_TYPE,
 NOE.PREMIUM_AMOUNT,
 (CCY_PREMIUM.NAME) PREMIUM_CCY,
 NOE.PREMIUM_DATE,
(C_BARRIER_TYPE.DATA)BARRIER_TYPE,
 NOE.BARRIER_LEVEL,
 NOE.LOWER_BARRIER_LEVEL,
 NOE.UPPER_BARRIER_LEVEL,
 NOE.REBATE_PERCENT_1,
 NOE.REBATE_PERCENT_2,
 (C_REBATE_QUOTE_MODE.DATA)REBATE_QUOTE_MODE,
 NOE.REBATE_TYPE,
 NOE.PAYOUT_AMOUNT,
'',-- (CCY_PAYOUT.NAME) PAYOUT_CCY,
 (J.FIRST_NAME||' '||J.LAST_NAME) TRADER,
 NOE.TRADE_DATE,
 NOE.CREATION_DATE,
 NOE.EXTERNAL_REF,
 (C3.DATA) TRADE_TYPE,
 NOE.PORTFOLIO_ID,
 (CASE WHEN NOE.IS_DUMMY = 1 THEN 'yes' ELSE 'no' END) IS_DUMMY,
 (C_AGREEMENT.DATA) AGREEMENT,
 (D.EXTERNAL_VALUE) SUBMITTER_PERSON,
 (I.EXTERNAL_VALUE) ENTERING_ORG,
 NOE.CUT_OFF_ZONE,
 NOE.UNDERLYING_CLIENT_REF,
 (C_DELIVERY_METHOD.DATA) DELIVERY_METHOD,
 NOE.REPORTER,
 (NOE.NEW_ID) NEW_NOE,
 (NOE.OLD_ID) OLD_NOE,
 (C_OPTION_C_TYPE.DATA) OPTION_CONTRACT_TYPE,
 NOE.EXPIRY_TIME,
 NOE.DATE_TERMINATED,
 (CASE WHEN NOE.NDF = 1 THEN 'true' ELSE 'false' END) NDF,
 NOE.NDF_FIXING_DATE,
 NOE.NDF_LINKED_TRADE,
 (CASE WHEN TP_ROLE.ROLE = '1000002' THEN 'bank' ELSE 'client' END) TP_ROLE
FROM
FXPB_OPTION_NOE NOE,
ARCH_DATA_MAPPING D, -- submitter
ARCH_DATA_MAPPING E, -- side a
ARCH_DATA_MAPPING F, -- side  b
A_INSTRUMENT G, -- base currency
A_INSTRUMENT H, -- secondary currency
ARCH_DATA_MAPPING I, --  entering org
A_PERSON J, --  trader (optional)
ARCH_CODE_MEMBER C1, -- contract type
ARCH_CODE_MEMBER C2, -- direction
ARCH_CODE_MEMBER C3, -- trade type
ARCH_CODE_MEMBER C_APPR, -- approval status
ARCH_CODE_MEMBER C_RECON, -- reconstatus
ARCH_CODE_MEMBER C_ALLOC, -- alloc status
ARCH_CODE_MEMBER C_LIFE, -- lifecycle status
ARCH_CODE_MEMBER C_AGREEMENT, --  Agreement
ARCH_CODE_MEMBER C_STRIKE_Q_MODE, -- Strike quote mode
--A_INSTRUMENT CCY_PAYOUT,    -- Payout Ccy
A_INSTRUMENT CCY_PREMIUM,  -- Premium Ccy
ARCH_CODE_MEMBER C_PREMIUM_TYPE, -- Premium Type
ARCH_CODE_MEMBER C_OPTION_STYLE, -- Option style
ARCH_CODE_MEMBER C_OPTION_C_TYPE, -- Option contract type
ARCH_CODE_MEMBER C_OPTION_TYPE, -- Option type
ARCH_CODE_MEMBER C_DELIVERY_METHOD, -- Delivery method
ARCH_CODE_MEMBER C_BARRIER_TYPE, -- Barrier Type
ARCH_CODE_MEMBER C_REBATE_QUOTE_MODE, -- rebate quote mode
A_ORGANIZATION TP,
A_OBJECT_ROLE TP_ROLE
WHERE
 NOE.SUBMITTER_PERSON_ID = D.INTERNAL_VALUE
 AND D.MAP_TYPE=4 -- person
 AND D.NAMER_ID=1000000
 AND D.STATUS=1
 AND D.TYPE=0
 -- side a mapping
 AND NOE.SIDE_A_ORG_ID=E.INTERNAL_VALUE
 AND E.MAP_TYPE=3 -- organization
 AND E.NAMER_ID=1000000
 AND E.STATUS=1
 AND E.TYPE=0
 -- side b mapping
 AND NOE.SIDE_B_ORG_ID=F.INTERNAL_VALUE
 AND F.MAP_TYPE=3 -- organization
 AND F.NAMER_ID=1000000
 AND F.STATUS=1
 AND F.TYPE=0
 --  base currency
 AND NOE.BASE_INSTRUMENT_ID=G.ID
 AND G.TYPE = 5006 -- currency
 --  secondary currency
 AND NOE.SECONDARY_INSTRUMENT_ID=H.ID
 AND H.TYPE = 5006 -- currency
 -- entering org mapping
 AND  NOE.ENTERING_ORG_ID=I.INTERNAL_VALUE
 AND I.MAP_TYPE=3 -- organization
 AND I.NAMER_ID=1000000
 AND I.STATUS=1
 AND I.TYPE=0
 -- optional trader
 AND NOE.TRADER_ID = J.ID(+)
 --contract type
  AND C1.CODE_KEY= TO_CHAR(NOE.CONTRACT_TYPE)
  AND C1.GROUP_ID=1100021
  --direction
  AND C2.CODE_KEY=  TO_CHAR(NOE.DIRECTION)
  AND C2.GROUP_ID=1000021
  --trade type
  AND C3.CODE_KEY=  TO_CHAR(NOE.TRADE_TYPE)
  AND C3.GROUP_ID=1100026
  -- approval status
  AND C_APPR.CODE_KEY = TO_CHAR(NOE.APPROVE_STATUS)
  AND C_APPR.GROUP_ID = 1001011
  -- recon status
  AND C_RECON.CODE_KEY = TO_CHAR(NOE.RECON_STATUS)
  AND C_RECON.GROUP_ID = 1001012
  -- alloc status
  AND C_ALLOC.CODE_KEY = TO_CHAR(NOE.ALLOC_STATUS)
  AND C_ALLOC.GROUP_ID = 1001013
  -- life status
  AND C_LIFE.CODE_KEY = TO_CHAR(NOE.LIFE_STATUS)
  AND C_LIFE.GROUP_ID = 1001014
  -- Agreement
  AND C_AGREEMENT.CODE_KEY = TO_CHAR(NOE.AGREEMENT)
  AND C_AGREEMENT.GROUP_ID = 1000032
  -- Strike Quote Mode
  AND C_STRIKE_Q_MODE.CODE_KEY = TO_CHAR(NOE.STRIKE_QUOTE_MODE)
  AND C_STRIKE_Q_MODE.GROUP_ID = 1100024
  -- Premium Ccy
  AND NOE.PREMIUM_CCY = CCY_PREMIUM.ID
  AND CCY_PREMIUM.TYPE = 5006 -- currency
  -- Premium Type
  AND C_PREMIUM_TYPE.CODE_KEY = TO_CHAR(NOE.PREMIUM_TYPE)
  AND C_PREMIUM_TYPE.GROUP_ID = 1100019
  -- Option style
  AND C_OPTION_STYLE.CODE_KEY = TO_CHAR(NOE.OPTION_STYLE)
  AND C_OPTION_STYLE.GROUP_ID = 1100020
  -- Option contract type
  AND C_OPTION_C_TYPE.CODE_KEY = TO_CHAR(NOE.CONTRACT_TYPE)
  AND C_OPTION_C_TYPE.GROUP_ID = 1100021
  -- Option type
  AND C_OPTION_TYPE.CODE_KEY = TO_CHAR(NOE.OPTION_TYPE)
  AND C_OPTION_TYPE.GROUP_ID = 1100022
  -- Delivery Method
  AND C_DELIVERY_METHOD.CODE_KEY = TO_CHAR(NOE.DELIVERY_METHOD)
  AND C_DELIVERY_METHOD.GROUP_ID = 1100023
  -- Payout Ccy
--  AND NOE.PAYOUT_CURRENCY = CCY_PAYOUT.ID
--  AND CCY_PAYOUT.TYPE = 5006 -- currency
  -- TP Role
  AND TP.ID = NOE.SIDE_A_ORG_ID
  AND TP.ID = TP_ROLE.OBJECT_ID
  AND TP_ROLE.OBJECT_TYPE = 1000
  --Barrier Type
  AND C_BARRIER_TYPE.CODE_KEY = TO_CHAR(NOE.BARRIER_TYPE)
  AND C_BARRIER_TYPE.GROUP_ID = 1100045
  --rebate quote mode
  AND C_REBATE_QUOTE_MODE.CODE_KEY = TO_CHAR(NOE.REBATE_QUOTE_MODE)
  AND C_REBATE_QUOTE_MODE.GROUP_ID = 1100046
  -- Filtering
	AND NOE.AGREEMENT <> 2
	-- active or done
	AND (LIFE_STATUS = 2
	OR (LIFE_STATUS = 4 AND trunc(NOE.CREATION_DATE) = trunc(sysdate)));



CREATE OR REPLACE VIEW V_FXPB_REPORT_OPTION_TG ( TRADE_GROUP,
STATUS, SIDE_A, SIDE_A_NOE_ID, SIDE_B,
SIDE_B_NOE_ID, TRADE_DATE, CONTRACT_TYPE, CURRENCY1,
QUANTITY1, CURRENCY2, EXPIRY_DATE, STRIKE,
STRIKE_QUOTE_MODE, OPTION_TYPE, OPTION_STYLE, BARRIER_TYPE,
QTY2, FWD_DATE, TIME, TRADE_TYPE,
AGREEMENT, NEAR_RATE ) AS
SELECT
/*+ first_rows */
	   (TRADE.ID)TRADE_GROUP,
	   (C_TG_LG.DATA)STATUS,
	   (M1.EXTERNAL_VALUE) SIDE_A,
	   (NOE_S.ID) SIDE_A_NOE_ID,
	   (M2.EXTERNAL_VALUE)SIDE_B,
	   (NOE_B.ID) SIDE_B_NOE_ID,
	   TRADE.TRADE_DATE,
 	   (C1.DATA) CONTRACT_TYPE,
	   (I2.NAME)CURRENCY1,
	   (NOE_S.QUANTITY)QUANTITY1,
	   (I1.NAME)CURRENCY2,
	   NOE_S.EXPIRY_DATE,
	   (NOE_S.RATE) STRIKE,
 	   (C_STRIKE_Q_MODE.DATA) STRIKE_QUOTE_MODE,
	   (C_OPTION_TYPE.DATA) OPTION_TYPE,
 	   (C_OPTION_STYLE.DATA) OPTION_STYLE,
	   (C_BARRIER_TYPE.DATA)BARRIER_TYPE,
	   (NOE_S.QUANTITY2) QTY2,
	   (NOE_S.VALUE_DATE) FWD_DATE,
	   (TRADE.CREATION_DATE)TIME,
	   (C.DATA) TRADE_TYPE,
	   (C_AGREEMENT.DATA) AGREEMENT,
	   (TRADE.RATE) NEAR_RATE
FROM
	FXPB_OPTION_NOE NOE_S,--seller noe
	FXPB_OPTION_NOE NOE_B,--buyer noe
	FXPB_OPTION_TRADE TRADE, --trade
	ARCH_DATA_MAPPING M1, -- seller da
	ARCH_DATA_MAPPING M2, -- buyer da
	A_INSTRUMENT I1, -- base currency
	A_INSTRUMENT I2, -- secondary currency
	ARCH_CODE_MEMBER C1, -- contract type
	ARCH_CODE_MEMBER C_TG_LG, -- lifecycle status
	ARCH_CODE_MEMBER C, -- trade type
	ARCH_CODE_MEMBER C_AGREEMENT, -- Agreement
	ARCH_CODE_MEMBER C_STRIKE_Q_MODE, -- Strike quote mode
	ARCH_CODE_MEMBER C_OPTION_TYPE, -- Option type
	ARCH_CODE_MEMBER C_OPTION_STYLE, -- Option style
    ARCH_CODE_MEMBER C_BARRIER_TYPE -- Barrier Type
WHERE
 	 TRADE.TYPE = 4009 --cut all trade groups
	 AND NOE_B.ID = TRADE.TRADING_ACTIVITY_SIDE_B--get buyer ta
	 AND NOE_S.ID = TRADE.TRADING_ACTIVITY_SIDE_A--get seller ta
	 --  base currency
	 AND NOE_S.BASE_INSTRUMENT_ID=I1.ID
	 AND I1.TYPE = 5006 -- currency
	 --  secondary currency
	 AND NOE_S.SECONDARY_INSTRUMENT_ID=I2.ID
	 AND I2.TYPE = 5006 -- currency
	 -- life status
	 AND C_TG_LG.CODE_KEY = TO_CHAR(TRADE.LIFE_STATUS)
	 AND C_TG_LG.GROUP_ID = 1001017
  	 --trade type
  	 AND C.CODE_KEY=  TO_CHAR(NOE_S.TRADE_TYPE)
  	 AND C.GROUP_ID=1000024
	 -- side a mapping
	 AND TRADE.SIDE_A_ORG_ID=M1.INTERNAL_VALUE
	 AND M1.MAP_TYPE=3 -- organization
	 AND M1.NAMER_ID=1000000
	 AND M1.STATUS=1
	 AND M1.TYPE=0
	 -- side b mapping
	 AND TRADE.SIDE_B_ORG_ID=M2.INTERNAL_VALUE
	 AND M2.MAP_TYPE=3 -- organization
	 AND M2.NAMER_ID=1000000
	 AND M2.STATUS=1
     AND M2.TYPE=0
	 --Agreement
	 AND C_AGREEMENT.CODE_KEY=  TO_CHAR(NOE_S.AGREEMENT)
     AND C_AGREEMENT.GROUP_ID=1000032
 	 --contract type
  	 AND C1.CODE_KEY= TO_CHAR(NOE_S.CONTRACT_TYPE)
  	 AND C1.GROUP_ID=1100021
  	 -- Strike Quote Mode
  	 AND C_STRIKE_Q_MODE.CODE_KEY = TO_CHAR(NOE_S.STRIKE_QUOTE_MODE)
  	 AND C_STRIKE_Q_MODE.GROUP_ID = 1100024
  	 -- Option type
  	 AND C_OPTION_TYPE.CODE_KEY = TO_CHAR(NOE_S.OPTION_TYPE)
  	 AND C_OPTION_TYPE.GROUP_ID = 1100022
  	 -- Option style
  	 AND C_OPTION_STYLE.CODE_KEY = TO_CHAR(NOE_S.OPTION_STYLE)
  	 AND C_OPTION_STYLE.GROUP_ID = 1100020
  	   --Barrier Type
    AND C_BARRIER_TYPE.CODE_KEY = TO_CHAR(NOE_S.BARRIER_TYPE)
    AND C_BARRIER_TYPE.GROUP_ID = 1100045;
 
  
CREATE OR REPLACE VIEW V_FXPB_WEB_PARTICIPANTS ( PARTICIPANT_NAME, 
PARTICIPANT_ROLE, PARTNER_ID, DOMAIN_ID, ROLE_ID, 
STATUS, CODE ) AS SELECT
     (A.EXTERNAL_VALUE)PARTICIPANT_NAME,
	 (C1.DATA)PARTICIPANT_ROLE ,
	 1000000,
	  1000000,
	  E.ROLE,
	  (M.DATA)STATUS,
	  case when  P.VALUE is null then '-NONE-'  else P.VALUE end
FROM
	 ARCH_DATA_MAPPING A, -- participant name
	 A_OBJECT_ROLE E, -- participant role
	 A_ORGANIZATION F, -- parent organization
	 ARCH_CODE_MEMBER C1, -- org role
	 A_STATE_DETAIL D,  -- org status
	 ARCH_CODE_MEMBER M,
	 ARCH_OBJECT_PROPS P
WHERE
	 A.MAP_TYPE = 3  AND A.TYPE=0
	 AND A.INTERNAL_VALUE = F.ID
	 AND E.OBJECT_ID = F.ID
	 AND E.OBJECT_TYPE = 1000 -- org
	 AND C1.CODE_KEY = TO_CHAR(E.ROLE)
	 AND C1.GROUP_ID=1000000 --FXPBOrgRole
	 AND A.NAMER_ID = 1000000
	 AND D.STATE_ID = F.STATE_ID
	 AND D.STATUS_TYPE = 6
	 AND D.STATUS_VALUE <> -1	--org state != 'DELETED'
	 AND M.GROUP_ID = 6
	 AND M.CODE_KEY = D.STATUS_VALUE
	 -- code 
	 AND P.OBJECT_TYPE(+) = 1000
	 AND P.CODE_ID(+) = 1100001
	 AND P.OBJECT_ID(+)  =  F.ID;        
        

------ END OF SCRIPT 1.7.12.3 to  1.7.14.1:1 ---------

INSERT INTO ARCH_REPORT ( ID, NAME, CATALOG_NAME, REPORT_NAME, REPORTING_ENGINE ) 
    VALUES ( 1102100, 'Option Flat Protocol Monitor Report', 'arch-admin', 'V_FXPB_OPTION_FLAT_REPORT', 'com.traiana.core.service.infra.report.imp.archreport.ArchReportService'); 


INSERT INTO ARCH_REPORT_COLUMN ( ID, REPORT_ID, LOGICAL_NAME, VISIBLE_NAME, FILTER_NAME, TYPE, VALIDATOR, CONVERTER, HELPER, VISIBILITY, SETTER, ORDER_SEQ, TABLE_NAME ) 
    VALUES ( 1102100, 1102100, 'ID', 'Id', 'Id', 'Long', 'long', NULL, NULL, NULL, NULL, 10, 'ID'); 
INSERT INTO ARCH_REPORT_COLUMN ( ID, REPORT_ID, LOGICAL_NAME, VISIBLE_NAME, FILTER_NAME, TYPE, VALIDATOR, CONVERTER, HELPER, VISIBILITY, SETTER, ORDER_SEQ, TABLE_NAME ) 
    VALUES ( 1102101, 1102100, 'PARTNER_NAME', 'Partner Name', 'Partner Name', 'String', 'string', NULL, NULL, NULL, NULL, 20, 'PARTNER_NAME'); 
INSERT INTO ARCH_REPORT_COLUMN ( ID, REPORT_ID, LOGICAL_NAME, VISIBLE_NAME, FILTER_NAME, TYPE, VALIDATOR, CONVERTER, HELPER, VISIBILITY, SETTER, ORDER_SEQ, TABLE_NAME ) 
    VALUES ( 1102102, 1102100, 'STATUS', 'Status', 'Status', 'Long', 'long', NULL, NULL, NULL, NULL, 30, 'STATUS'); 
INSERT INTO ARCH_REPORT_COLUMN ( ID, REPORT_ID, LOGICAL_NAME, VISIBLE_NAME, FILTER_NAME, TYPE, VALIDATOR, CONVERTER, HELPER, VISIBILITY, SETTER, ORDER_SEQ, TABLE_NAME ) 
    VALUES ( 1102103, 1102100, 'REQUEST_ID', 'Request Id', 'Request Id', 'String', 'string', NULL, NULL, NULL, NULL, 40, 'REQUEST_ID'); 
INSERT INTO ARCH_REPORT_COLUMN ( ID, REPORT_ID, LOGICAL_NAME, VISIBLE_NAME, FILTER_NAME, TYPE, VALIDATOR, CONVERTER, HELPER, VISIBILITY, SETTER, ORDER_SEQ, TABLE_NAME ) 
    VALUES ( 1102104, 1102100, 'REASON', 'Reason', 'Reason', 'String', 'string', NULL, NULL, NULL, NULL, 50, 'REASON'); 
INSERT INTO ARCH_REPORT_COLUMN ( ID, REPORT_ID, LOGICAL_NAME, VISIBLE_NAME, FILTER_NAME, TYPE, VALIDATOR, CONVERTER, HELPER, VISIBILITY, SETTER, ORDER_SEQ, TABLE_NAME ) 
    VALUES ( 1102105, 1102100, 'TIME', 'Time', 'Time', 'Date', 'todayOrSysdate', NULL, NULL, NULL, NULL, 60, 'TIME'); 
INSERT INTO ARCH_REPORT_COLUMN ( ID, REPORT_ID, LOGICAL_NAME, VISIBLE_NAME, FILTER_NAME, TYPE, VALIDATOR, CONVERTER, HELPER, VISIBILITY, SETTER, ORDER_SEQ, TABLE_NAME ) 
    VALUES ( 1102106, 1102100, 'UUID', 'Uuid', 'Uuid', 'String', 'string', NULL, NULL, NULL, NULL, 70, 'UUID'); 
INSERT INTO ARCH_REPORT_COLUMN ( ID, REPORT_ID, LOGICAL_NAME, VISIBLE_NAME, FILTER_NAME, TYPE, VALIDATOR, CONVERTER, HELPER, VISIBILITY, SETTER, ORDER_SEQ, TABLE_NAME ) 
    VALUES ( 1102107, 1102100, 'GIVEUP_REF', 'Giveup Ref', 'Giveup Ref', 'String', 'string', NULL, NULL, NULL, NULL, 80, 'GIVEUP_REF'); 
INSERT INTO ARCH_REPORT_COLUMN ( ID, REPORT_ID, LOGICAL_NAME, VISIBLE_NAME, FILTER_NAME, TYPE, VALIDATOR, CONVERTER, HELPER, VISIBILITY, SETTER, ORDER_SEQ, TABLE_NAME ) 
    VALUES ( 1102108, 1102100, 'OPERATION', 'Operation', 'Operation', 'String', 'string', NULL, NULL, NULL, NULL, 90, 'OPERATION'); 
INSERT INTO ARCH_REPORT_COLUMN ( ID, REPORT_ID, LOGICAL_NAME, VISIBLE_NAME, FILTER_NAME, TYPE, VALIDATOR, CONVERTER, HELPER, VISIBILITY, SETTER, ORDER_SEQ, TABLE_NAME ) 
    VALUES ( 1102109, 1102100, 'TRADING_PARTY', 'Trading Party', 'Trading Party', 'String', 'string', NULL, NULL, NULL, NULL, 100, 'TRADING_PARTY'); 
INSERT INTO ARCH_REPORT_COLUMN ( ID, REPORT_ID, LOGICAL_NAME, VISIBLE_NAME, FILTER_NAME, TYPE, VALIDATOR, CONVERTER, HELPER, VISIBILITY, SETTER, ORDER_SEQ, TABLE_NAME ) 
    VALUES ( 1102110, 1102100, 'SUBMITTER', 'Submitter', 'Submitter', 'String', 'string', NULL, NULL, NULL, NULL, 110, 'SUBMITTER'); 
INSERT INTO ARCH_REPORT_COLUMN ( ID, REPORT_ID, LOGICAL_NAME, VISIBLE_NAME, FILTER_NAME, TYPE, VALIDATOR, CONVERTER, HELPER, VISIBILITY, SETTER, ORDER_SEQ, TABLE_NAME ) 
    VALUES ( 1102111, 1102100, 'COUNTER_PARTY', 'Counter Party', 'Counter Party', 'String', 'string', NULL, NULL, NULL, NULL, 120, 'COUNTER_PARTY'); 
INSERT INTO ARCH_REPORT_COLUMN ( ID, REPORT_ID, LOGICAL_NAME, VISIBLE_NAME, FILTER_NAME, TYPE, VALIDATOR, CONVERTER, HELPER, VISIBILITY, SETTER, ORDER_SEQ, TABLE_NAME ) 
    VALUES ( 1102112, 1102100, 'VALUE_DATE', 'Value Date', 'Value Date', 'String', 'string', NULL, NULL, NULL, NULL, 130, 'VALUE_DATE'); 
INSERT INTO ARCH_REPORT_COLUMN ( ID, REPORT_ID, LOGICAL_NAME, VISIBLE_NAME, FILTER_NAME, TYPE, VALIDATOR, CONVERTER, HELPER, VISIBILITY, SETTER, ORDER_SEQ, TABLE_NAME ) 
    VALUES ( 1102113, 1102100, 'CCY1', 'CCY1', 'CCY1', 'String', 'string', NULL, NULL, NULL, NULL, 140, 'CCY1'); 
INSERT INTO ARCH_REPORT_COLUMN ( ID, REPORT_ID, LOGICAL_NAME, VISIBLE_NAME, FILTER_NAME, TYPE, VALIDATOR, CONVERTER, HELPER, VISIBILITY, SETTER, ORDER_SEQ, TABLE_NAME ) 
    VALUES ( 1102114, 1102100, 'QTY1', 'Qty', 'Qty', 'String', 'string', NULL, NULL, NULL, 'double8', 150, 'QTY1'); 
INSERT INTO ARCH_REPORT_COLUMN ( ID, REPORT_ID, LOGICAL_NAME, VISIBLE_NAME, FILTER_NAME, TYPE, VALIDATOR, CONVERTER, HELPER, VISIBILITY, SETTER, ORDER_SEQ, TABLE_NAME ) 
    VALUES ( 1102115, 1102100, 'CCY2', 'CCY2', 'CCY2', 'String', 'string', NULL, NULL, NULL, NULL, 160, 'CCY2'); 
INSERT INTO ARCH_REPORT_COLUMN ( ID, REPORT_ID, LOGICAL_NAME, VISIBLE_NAME, FILTER_NAME, TYPE, VALIDATOR, CONVERTER, HELPER, VISIBILITY, SETTER, ORDER_SEQ, TABLE_NAME ) 
    VALUES ( 1102116, 1102100, 'RATE', 'Rate', 'Rate', 'String', 'string', NULL, NULL, NULL, NULL, 170, 'RATE'); 
INSERT INTO ARCH_REPORT_COLUMN ( ID, REPORT_ID, LOGICAL_NAME, VISIBLE_NAME, FILTER_NAME, TYPE, VALIDATOR, CONVERTER, HELPER, VISIBILITY, SETTER, ORDER_SEQ, TABLE_NAME ) 
    VALUES ( 1102117, 1102100, 'STRIKE_QUOTE_MODE', 'Strike Quote Mode', 'Strike Quote Mode', 'String', 'string', NULL, NULL, NULL, NULL, 180, 'STRIKE_QUOTE_MODE'); 
INSERT INTO ARCH_REPORT_COLUMN ( ID, REPORT_ID, LOGICAL_NAME, VISIBLE_NAME, FILTER_NAME, TYPE, VALIDATOR, CONVERTER, HELPER, VISIBILITY, SETTER, ORDER_SEQ, TABLE_NAME ) 
    VALUES ( 1102118, 1102100, 'PREMIUM_AMOUNT', 'Premium Amount', 'Premium Amount', 'String', 'string', NULL, NULL, NULL, 'double8', 190, 'PREMIUM_AMOUNT'); 
INSERT INTO ARCH_REPORT_COLUMN ( ID, REPORT_ID, LOGICAL_NAME, VISIBLE_NAME, FILTER_NAME, TYPE, VALIDATOR, CONVERTER, HELPER, VISIBILITY, SETTER, ORDER_SEQ, TABLE_NAME ) 
    VALUES ( 1102119, 1102100, 'PREMIUM_CCY', 'Premium Currency', 'Premium Currency', 'String', 'string', NULL, NULL, NULL, NULL, 200, 'PREMIUM_CCY'); 
INSERT INTO ARCH_REPORT_COLUMN ( ID, REPORT_ID, LOGICAL_NAME, VISIBLE_NAME, FILTER_NAME, TYPE, VALIDATOR, CONVERTER, HELPER, VISIBILITY, SETTER, ORDER_SEQ, TABLE_NAME ) 
    VALUES ( 1102120, 1102100, 'PREMIUM_DATE', 'Premium Date', 'Premium Date', 'String', 'string', NULL, NULL, NULL, NULL, 210, 'PREMIUM_DATE'); 
INSERT INTO ARCH_REPORT_COLUMN ( ID, REPORT_ID, LOGICAL_NAME, VISIBLE_NAME, FILTER_NAME, TYPE, VALIDATOR, CONVERTER, HELPER, VISIBILITY, SETTER, ORDER_SEQ, TABLE_NAME ) 
    VALUES ( 1102121, 1102100, 'OPTION_TYPE', 'Option Type', 'Option Type', 'String', 'string', NULL, NULL, NULL, NULL, 220, 'OPTION_TYPE'); 
INSERT INTO ARCH_REPORT_COLUMN ( ID, REPORT_ID, LOGICAL_NAME, VISIBLE_NAME, FILTER_NAME, TYPE, VALIDATOR, CONVERTER, HELPER, VISIBILITY, SETTER, ORDER_SEQ, TABLE_NAME ) 
    VALUES ( 1102122, 1102100, 'DIRECTION', 'Direction', 'Direction', 'String', 'string', NULL, NULL, NULL, NULL, 230, 'DIRECTION'); 
INSERT INTO ARCH_REPORT_COLUMN ( ID, REPORT_ID, LOGICAL_NAME, VISIBLE_NAME, FILTER_NAME, TYPE, VALIDATOR, CONVERTER, HELPER, VISIBILITY, SETTER, ORDER_SEQ, TABLE_NAME ) 
    VALUES ( 1102123, 1102100, 'CONTRACT_TYPE', 'Contract Type', 'Contract Type', 'String', 'string', NULL, NULL, NULL, NULL, 240, 'CONTRACT_TYPE'); 
INSERT INTO ARCH_REPORT_COLUMN ( ID, REPORT_ID, LOGICAL_NAME, VISIBLE_NAME, FILTER_NAME, TYPE, VALIDATOR, CONVERTER, HELPER, VISIBILITY, SETTER, ORDER_SEQ, TABLE_NAME ) 
    VALUES ( 1102124, 1102100, 'OPTION_STYLE', 'Option Style', 'Option Style', 'String', 'string', NULL, NULL, NULL, NULL, 250, 'OPTION_STYLE'); 
INSERT INTO ARCH_REPORT_COLUMN ( ID, REPORT_ID, LOGICAL_NAME, VISIBLE_NAME, FILTER_NAME, TYPE, VALIDATOR, CONVERTER, HELPER, VISIBILITY, SETTER, ORDER_SEQ, TABLE_NAME ) 
    VALUES ( 1102125, 1102100, 'EXPIRY_DATE', 'Expiry Date', 'Expiry Date', 'String', 'string', NULL, NULL, NULL, NULL, 260, 'EXPIRY_DATE'); 
INSERT INTO ARCH_REPORT_COLUMN ( ID, REPORT_ID, LOGICAL_NAME, VISIBLE_NAME, FILTER_NAME, TYPE, VALIDATOR, CONVERTER, HELPER, VISIBILITY, SETTER, ORDER_SEQ, TABLE_NAME ) 
    VALUES ( 1102126, 1102100, 'EXPIRY_ZONE', 'Expiry Time Zone', 'Expiry Time Zone', 'String', 'string', NULL, NULL, NULL, NULL, 270, 'EXPIRY_ZONE'); 
INSERT INTO ARCH_REPORT_COLUMN ( ID, REPORT_ID, LOGICAL_NAME, VISIBLE_NAME, FILTER_NAME, TYPE, VALIDATOR, CONVERTER, HELPER, VISIBILITY, SETTER, ORDER_SEQ, TABLE_NAME ) 
    VALUES ( 1102127, 1102100, 'EXPIRY_TIME', 'Expiry Time', 'Expiry Time', 'String', 'string', NULL, NULL, NULL, NULL, 280, 'EXPIRY_TIME'); 
INSERT INTO ARCH_REPORT_COLUMN ( ID, REPORT_ID, LOGICAL_NAME, VISIBLE_NAME, FILTER_NAME, TYPE, VALIDATOR, CONVERTER, HELPER, VISIBILITY, SETTER, ORDER_SEQ, TABLE_NAME ) 
    VALUES ( 1102128, 1102100, 'BARRIER_TYPE', 'Barrier Type', 'Barrier Type', 'String', 'string', NULL, NULL, NULL, NULL, 290, 'BARRIER_TYPE'); 
INSERT INTO ARCH_REPORT_COLUMN ( ID, REPORT_ID, LOGICAL_NAME, VISIBLE_NAME, FILTER_NAME, TYPE, VALIDATOR, CONVERTER, HELPER, VISIBILITY, SETTER, ORDER_SEQ, TABLE_NAME ) 
    VALUES ( 1102129, 1102100, 'BARRIER_1', 'Barrier 1', 'Barrier 1', 'String', 'string', NULL, NULL, NULL, 'double8', 300, 'BARRIER_1'); 
INSERT INTO ARCH_REPORT_COLUMN ( ID, REPORT_ID, LOGICAL_NAME, VISIBLE_NAME, FILTER_NAME, TYPE, VALIDATOR, CONVERTER, HELPER, VISIBILITY, SETTER, ORDER_SEQ, TABLE_NAME ) 
    VALUES ( 1102130, 1102100, 'BARRIER_2', 'Barrier 2', 'Barrier 2', 'String', 'string', NULL, NULL, NULL, 'double8', 310, 'BARRIER_2'); 
INSERT INTO ARCH_REPORT_COLUMN ( ID, REPORT_ID, LOGICAL_NAME, VISIBLE_NAME, FILTER_NAME, TYPE, VALIDATOR, CONVERTER, HELPER, VISIBILITY, SETTER, ORDER_SEQ, TABLE_NAME ) 
    VALUES ( 1102131, 1102100, 'REBATE_CCY', 'Rebate CCY', 'Rebate CCY', 'String', 'string', NULL, NULL, NULL, NULL, 320, 'REBATE_CCY'); 
INSERT INTO ARCH_REPORT_COLUMN ( ID, REPORT_ID, LOGICAL_NAME, VISIBLE_NAME, FILTER_NAME, TYPE, VALIDATOR, CONVERTER, HELPER, VISIBILITY, SETTER, ORDER_SEQ, TABLE_NAME ) 
    VALUES ( 1102132, 1102100, 'REBATE_PERCENT_1', 'Rebate % 1', 'Rebate % 1', 'String', 'string', NULL, NULL, NULL, NULL, 330, 'REBATE_PERCENT_1'); 
INSERT INTO ARCH_REPORT_COLUMN ( ID, REPORT_ID, LOGICAL_NAME, VISIBLE_NAME, FILTER_NAME, TYPE, VALIDATOR, CONVERTER, HELPER, VISIBILITY, SETTER, ORDER_SEQ, TABLE_NAME ) 
    VALUES ( 1102133, 1102100, 'REBATE_PERCENT_2', 'Rebate % 2', 'Rebate % 2', 'String', 'string', NULL, NULL, NULL, NULL, 340, 'REBATE_PERCENT_2'); 
INSERT INTO ARCH_REPORT_COLUMN ( ID, REPORT_ID, LOGICAL_NAME, VISIBLE_NAME, FILTER_NAME, TYPE, VALIDATOR, CONVERTER, HELPER, VISIBILITY, SETTER, ORDER_SEQ, TABLE_NAME ) 
    VALUES ( 1102134, 1102100, 'REBATE_TIME', 'Rebate Time', 'Rebate Time', 'String', 'string', NULL, NULL, NULL, NULL, 350, 'REBATE_TIME'); 
INSERT INTO ARCH_REPORT_COLUMN ( ID, REPORT_ID, LOGICAL_NAME, VISIBLE_NAME, FILTER_NAME, TYPE, VALIDATOR, CONVERTER, HELPER, VISIBILITY, SETTER, ORDER_SEQ, TABLE_NAME ) 
    VALUES ( 1102135, 1102100, 'PAYOUT_CCY', 'Payout CCY', 'Payout CCY', 'String', 'string', NULL, NULL, NULL, NULL, 360, 'PAYOUT_CCY'); 
INSERT INTO ARCH_REPORT_COLUMN ( ID, REPORT_ID, LOGICAL_NAME, VISIBLE_NAME, FILTER_NAME, TYPE, VALIDATOR, CONVERTER, HELPER, VISIBILITY, SETTER, ORDER_SEQ, TABLE_NAME ) 
    VALUES ( 1102136, 1102100, 'PAYOUT_AMOUNT', 'Payout Amt', 'Payout Amt', 'String', 'string', NULL, NULL, NULL, 'double8', 370, 'PAYOUT_AMOUNT'); 
INSERT INTO ARCH_REPORT_COLUMN ( ID, REPORT_ID, LOGICAL_NAME, VISIBLE_NAME, FILTER_NAME, TYPE, VALIDATOR, CONVERTER, HELPER, VISIBILITY, SETTER, ORDER_SEQ, TABLE_NAME ) 
    VALUES ( 1102137, 1102100, 'TRADE_TYPE', 'Trade Type', 'Trade Type', 'String', 'string', NULL, NULL, NULL, NULL, 380, 'TRADE_TYPE'); 
INSERT INTO ARCH_REPORT_COLUMN ( ID, REPORT_ID, LOGICAL_NAME, VISIBLE_NAME, FILTER_NAME, TYPE, VALIDATOR, CONVERTER, HELPER, VISIBILITY, SETTER, ORDER_SEQ, TABLE_NAME ) 
    VALUES ( 1102138, 1102100, 'CLIENT_REF', 'Client Ref', 'Client Ref', 'String', 'string', NULL, NULL, NULL, NULL, 390, 'CLIENT_REF'); 
INSERT INTO ARCH_REPORT_COLUMN ( ID, REPORT_ID, LOGICAL_NAME, VISIBLE_NAME, FILTER_NAME, TYPE, VALIDATOR, CONVERTER, HELPER, VISIBILITY, SETTER, ORDER_SEQ, TABLE_NAME ) 
    VALUES ( 1102139, 1102100, 'TRADER', 'Trader', 'Trader', 'String', 'string', NULL, NULL, NULL, NULL, 400, 'TRADER'); 
INSERT INTO ARCH_REPORT_COLUMN ( ID, REPORT_ID, LOGICAL_NAME, VISIBLE_NAME, FILTER_NAME, TYPE, VALIDATOR, CONVERTER, HELPER, VISIBILITY, SETTER, ORDER_SEQ, TABLE_NAME ) 
    VALUES ( 1102140, 1102100, 'PORTFOLIO', 'Portfolio', 'Portfolio', 'String', 'string', NULL, NULL, NULL, NULL, 410, 'PORTFOLIO'); 
INSERT INTO ARCH_REPORT_COLUMN ( ID, REPORT_ID, LOGICAL_NAME, VISIBLE_NAME, FILTER_NAME, TYPE, VALIDATOR, CONVERTER, HELPER, VISIBILITY, SETTER, ORDER_SEQ, TABLE_NAME ) 
    VALUES ( 1102141, 1102100, 'DESCRIPTION', 'Description', 'Description', 'String', 'string', NULL, NULL, NULL, NULL, 420, 'DESCRIPTION'); 
INSERT INTO ARCH_REPORT_COLUMN ( ID, REPORT_ID, LOGICAL_NAME, VISIBLE_NAME, FILTER_NAME, TYPE, VALIDATOR, CONVERTER, HELPER, VISIBILITY, SETTER, ORDER_SEQ, TABLE_NAME ) 
    VALUES ( 1102142, 1102100, 'PB', 'PB', 'PB', 'String', 'string', NULL, NULL, NULL, NULL, 430, 'PB'); 
INSERT INTO ARCH_REPORT_COLUMN ( ID, REPORT_ID, LOGICAL_NAME, VISIBLE_NAME, FILTER_NAME, TYPE, VALIDATOR, CONVERTER, HELPER, VISIBILITY, SETTER, ORDER_SEQ, TABLE_NAME ) 
    VALUES ( 1102143, 1102100, 'EXECUTION_PLATFORM', 'Ex Platform', 'Ex Platform', 'String', 'string', NULL, NULL, NULL, NULL, 440, 'EXECUTION_PLATFORM'); 
INSERT INTO ARCH_REPORT_COLUMN ( ID, REPORT_ID, LOGICAL_NAME, VISIBLE_NAME, FILTER_NAME, TYPE, VALIDATOR, CONVERTER, HELPER, VISIBILITY, SETTER, ORDER_SEQ, TABLE_NAME ) 
    VALUES ( 1102144, 1102100, 'LINKED_TRADE', 'Linked Trade', 'Linked Trade', 'String', 'string', NULL, NULL, NULL, NULL, 450, 'LINKED_TRADE'); 


INSERT INTO ARCH_REPORT_INSTANCE ( ID, REPORT_ID, SORT_COLUMNS, SORT_ORDER, FILTER_ROOT ) 
    VALUES ( 1102100, 1102100, 'ID', 'DESC', 1102100); 

INSERT INTO ARCH_REPORT_2_RECEIVER ( ID, REPORT_INSTANCE_ID, RECEIVER_ID, REPORT_ID, RECEIVER_TYPE ) 
    VALUES ( 1102100, 1102100, 200, 1102100, 2); 

INSERT INTO ARCH_CORE_REPORT ( REPORT_ID, TITLE, XSL_URI, TYPE ) 
    VALUES ( 1102100, 'Option Flat Protocol Monitor Report', '/config/arch/xsl/reports/html.xsl', 1); 


INSERT INTO ARCH_FILTER ( ID, PARENT_ID, ROOT_GROUP, OPERATION, BROTHER_ID, COLUMN_ID, CONDITION, VALUE, CONDITION_CHANGEABLE, VALUE_CHANGEABLE, REQUIRES_BINDING, VISIBILITY, CONDITION_OVERRIDE_GROUP ) 
    VALUES ( 1102100, 0, 1102100, NULL, 1, 0, NULL, NULL, 1, 1, 0, 0, 0); 
INSERT INTO ARCH_FILTER ( ID, PARENT_ID, ROOT_GROUP, OPERATION, BROTHER_ID, COLUMN_ID, CONDITION, VALUE, CONDITION_CHANGEABLE, VALUE_CHANGEABLE, REQUIRES_BINDING, VISIBILITY, CONDITION_OVERRIDE_GROUP ) 
    VALUES ( 1102101, 1102100, 1102100, NULL, 1, 1102105, '=', 'today', 1, 1, 0, 0, 0); 

INSERT INTO ARCH_REPORT ( ID, NAME, CATALOG_NAME, REPORT_NAME, REPORTING_ENGINE ) 
    VALUES ( 1102200, 'Option Split Deals Monitor Report', 'arch-admin', 'V_FXPB_OPTION_OA_FLAT_REPORT', 'com.traiana.core.service.infra.report.imp.archreport.ArchReportService'); 


INSERT INTO ARCH_REPORT_COLUMN ( ID, REPORT_ID, LOGICAL_NAME, VISIBLE_NAME, FILTER_NAME, TYPE, VALIDATOR, CONVERTER, HELPER, VISIBILITY, SETTER, ORDER_SEQ, TABLE_NAME ) 
    VALUES ( 1102200, 1102200, 'ID', 'Id', 'Id', 'Long', 'long', NULL, NULL, NULL, NULL, 10, 'ID'); 
INSERT INTO ARCH_REPORT_COLUMN ( ID, REPORT_ID, LOGICAL_NAME, VISIBLE_NAME, FILTER_NAME, TYPE, VALIDATOR, CONVERTER, HELPER, VISIBILITY, SETTER, ORDER_SEQ, TABLE_NAME ) 
    VALUES ( 1102201, 1102200, 'PARTNER_NAME', 'Partner Name', 'Partner Name', 'String', 'string', NULL, NULL, NULL, NULL, 20, 'PARTNER_NAME'); 
INSERT INTO ARCH_REPORT_COLUMN ( ID, REPORT_ID, LOGICAL_NAME, VISIBLE_NAME, FILTER_NAME, TYPE, VALIDATOR, CONVERTER, HELPER, VISIBILITY, SETTER, ORDER_SEQ, TABLE_NAME ) 
    VALUES ( 1102202, 1102200, 'STATUS', 'Status', 'Status', 'Long', 'long', NULL, NULL, NULL, NULL, 30, 'STATUS'); 
INSERT INTO ARCH_REPORT_COLUMN ( ID, REPORT_ID, LOGICAL_NAME, VISIBLE_NAME, FILTER_NAME, TYPE, VALIDATOR, CONVERTER, HELPER, VISIBILITY, SETTER, ORDER_SEQ, TABLE_NAME ) 
    VALUES ( 1102203, 1102200, 'REQUEST_ID', 'Request Id', 'Request Id', 'String', 'string', NULL, NULL, NULL, NULL, 40, 'REQUEST_ID'); 
INSERT INTO ARCH_REPORT_COLUMN ( ID, REPORT_ID, LOGICAL_NAME, VISIBLE_NAME, FILTER_NAME, TYPE, VALIDATOR, CONVERTER, HELPER, VISIBILITY, SETTER, ORDER_SEQ, TABLE_NAME ) 
    VALUES ( 1102204, 1102200, 'REASON', 'Reason', 'Reason', 'String', 'string', NULL, NULL, NULL, NULL, 50, 'REASON'); 
INSERT INTO ARCH_REPORT_COLUMN ( ID, REPORT_ID, LOGICAL_NAME, VISIBLE_NAME, FILTER_NAME, TYPE, VALIDATOR, CONVERTER, HELPER, VISIBILITY, SETTER, ORDER_SEQ, TABLE_NAME ) 
    VALUES ( 1102205, 1102200, 'TIME', 'Time', 'Time', 'Date', 'todayOrSysdate', NULL, NULL, NULL, NULL, 60, 'TIME'); 
INSERT INTO ARCH_REPORT_COLUMN ( ID, REPORT_ID, LOGICAL_NAME, VISIBLE_NAME, FILTER_NAME, TYPE, VALIDATOR, CONVERTER, HELPER, VISIBILITY, SETTER, ORDER_SEQ, TABLE_NAME ) 
    VALUES ( 1102206, 1102200, 'UUID', 'Uuid', 'Uuid', 'String', 'string', NULL, NULL, NULL, NULL, 70, 'UUID'); 
INSERT INTO ARCH_REPORT_COLUMN ( ID, REPORT_ID, LOGICAL_NAME, VISIBLE_NAME, FILTER_NAME, TYPE, VALIDATOR, CONVERTER, HELPER, VISIBILITY, SETTER, ORDER_SEQ, TABLE_NAME ) 
    VALUES ( 1102207, 1102200, 'SPLIT_REF', 'Split Ref', 'Split Ref', 'String', 'string', NULL, NULL, NULL, NULL, 80, 'SPLIT_REF'); 
INSERT INTO ARCH_REPORT_COLUMN ( ID, REPORT_ID, LOGICAL_NAME, VISIBLE_NAME, FILTER_NAME, TYPE, VALIDATOR, CONVERTER, HELPER, VISIBILITY, SETTER, ORDER_SEQ, TABLE_NAME ) 
    VALUES ( 1102208, 1102200, 'OPERATION', 'Operation', 'Operation', 'String', 'string', NULL, NULL, NULL, NULL, 90, 'OPERATION'); 
INSERT INTO ARCH_REPORT_COLUMN ( ID, REPORT_ID, LOGICAL_NAME, VISIBLE_NAME, FILTER_NAME, TYPE, VALIDATOR, CONVERTER, HELPER, VISIBILITY, SETTER, ORDER_SEQ, TABLE_NAME ) 
    VALUES ( 1102209, 1102200, 'TRADING_PARTY', 'Trading Party', 'Trading Party', 'String', 'string', NULL, NULL, NULL, NULL, 100, 'TRADING_PARTY'); 
INSERT INTO ARCH_REPORT_COLUMN ( ID, REPORT_ID, LOGICAL_NAME, VISIBLE_NAME, FILTER_NAME, TYPE, VALIDATOR, CONVERTER, HELPER, VISIBILITY, SETTER, ORDER_SEQ, TABLE_NAME ) 
    VALUES ( 1102210, 1102200, 'ENTERING_PARTY', 'Entering Party', 'Entering Party', 'String', 'string', NULL, NULL, NULL, NULL, 110, 'ENTERING_PARTY'); 
INSERT INTO ARCH_REPORT_COLUMN ( ID, REPORT_ID, LOGICAL_NAME, VISIBLE_NAME, FILTER_NAME, TYPE, VALIDATOR, CONVERTER, HELPER, VISIBILITY, SETTER, ORDER_SEQ, TABLE_NAME ) 
    VALUES ( 1102211, 1102200, 'SUBMITTER', 'Submitter', 'Submitter', 'String', 'string', NULL, NULL, NULL, NULL, 120, 'SUBMITTER'); 
INSERT INTO ARCH_REPORT_COLUMN ( ID, REPORT_ID, LOGICAL_NAME, VISIBLE_NAME, FILTER_NAME, TYPE, VALIDATOR, CONVERTER, HELPER, VISIBILITY, SETTER, ORDER_SEQ, TABLE_NAME ) 
    VALUES ( 1102212, 1102200, 'TRADE_DATE', 'Trade Date', 'Trade Date', 'String', 'string', NULL, NULL, NULL, NULL, 130, 'TRADE_DATE'); 
INSERT INTO ARCH_REPORT_COLUMN ( ID, REPORT_ID, LOGICAL_NAME, VISIBLE_NAME, FILTER_NAME, TYPE, VALIDATOR, CONVERTER, HELPER, VISIBILITY, SETTER, ORDER_SEQ, TABLE_NAME ) 
    VALUES ( 1102213, 1102200, 'TOTAL_QTY', 'Total Qty', 'Total Qty', 'String', 'string', NULL, NULL, NULL, 'double8', 140, 'TOTAL_QTY'); 
INSERT INTO ARCH_REPORT_COLUMN ( ID, REPORT_ID, LOGICAL_NAME, VISIBLE_NAME, FILTER_NAME, TYPE, VALIDATOR, CONVERTER, HELPER, VISIBILITY, SETTER, ORDER_SEQ, TABLE_NAME ) 
    VALUES ( 1102214, 1102200, 'CLIENT_REF', 'Client Ref', 'Client Ref', 'String', 'string', NULL, NULL, NULL, NULL, 150, 'CLIENT_REF'); 
INSERT INTO ARCH_REPORT_COLUMN ( ID, REPORT_ID, LOGICAL_NAME, VISIBLE_NAME, FILTER_NAME, TYPE, VALIDATOR, CONVERTER, HELPER, VISIBILITY, SETTER, ORDER_SEQ, TABLE_NAME ) 
    VALUES ( 1102215, 1102200, 'FUND_NAME', 'Fund Name', 'Fund Name', 'String', 'string', NULL, NULL, NULL, NULL, 160, 'FUND_NAME'); 
INSERT INTO ARCH_REPORT_COLUMN ( ID, REPORT_ID, LOGICAL_NAME, VISIBLE_NAME, FILTER_NAME, TYPE, VALIDATOR, CONVERTER, HELPER, VISIBILITY, SETTER, ORDER_SEQ, TABLE_NAME ) 
    VALUES ( 1102216, 1102200, 'ALLOCATION_CLIENT_REF', 'Allocation Client Ref', 'Allocation Client Ref', 'String', 'string', NULL, NULL, NULL, NULL, 170, 'ALLOCATION_CLIENT_REF'); 
INSERT INTO ARCH_REPORT_COLUMN ( ID, REPORT_ID, LOGICAL_NAME, VISIBLE_NAME, FILTER_NAME, TYPE, VALIDATOR, CONVERTER, HELPER, VISIBILITY, SETTER, ORDER_SEQ, TABLE_NAME ) 
    VALUES ( 1102217, 1102200, 'ALLOCATION_QTY', 'Allocation Qty', 'Allocation Qty', 'String', 'string', NULL, NULL, NULL, 'double8', 180, 'ALLOCATION_QTY'); 


INSERT INTO ARCH_REPORT_INSTANCE ( ID, REPORT_ID, SORT_COLUMNS, SORT_ORDER, FILTER_ROOT ) 
    VALUES ( 1102200, 1102200, 'ID', 'DESC', 1102200); 

INSERT INTO ARCH_REPORT_2_RECEIVER ( ID, REPORT_INSTANCE_ID, RECEIVER_ID, REPORT_ID, RECEIVER_TYPE ) 
    VALUES ( 1102200, 1102200, 200, 1102200, 2); 

INSERT INTO ARCH_CORE_REPORT ( REPORT_ID, TITLE, XSL_URI, TYPE ) 
    VALUES ( 1102200, 'Option Split Deals Monitor Report', '/config/arch/xsl/reports/html.xsl', 1); 


INSERT INTO ARCH_FILTER ( ID, PARENT_ID, ROOT_GROUP, OPERATION, BROTHER_ID, COLUMN_ID, CONDITION, VALUE, CONDITION_CHANGEABLE, VALUE_CHANGEABLE, REQUIRES_BINDING, VISIBILITY, CONDITION_OVERRIDE_GROUP ) 
    VALUES ( 1102200, 0, 1102200, NULL, 1, 0, NULL, NULL, 1, 1, 0, 0, 0); 
INSERT INTO ARCH_FILTER ( ID, PARENT_ID, ROOT_GROUP, OPERATION, BROTHER_ID, COLUMN_ID, CONDITION, VALUE, CONDITION_CHANGEABLE, VALUE_CHANGEABLE, REQUIRES_BINDING, VISIBILITY, CONDITION_OVERRIDE_GROUP ) 
    VALUES ( 1102201, 1102200, 1102200, NULL, 1, 1102205, '=', 'today', 1, 1, 0, 0, 0); 


delete from ARCH_DATA_MAPPING where id=1000144;
INSERT INTO "ARCH_DATA_MAPPING" ( "ID","NAMER_ID","MAP_TYPE","EXTERNAL_VALUE","INTERNAL_VALUE","TYPE","STATUS" )
	VALUES ('1000144','1000000','1','Delete Giveup  Failed. Giveup Id {0}','1001054','0','1' ) ;

INSERT INTO ARCH_DATA_MAPPING ( ID, NAMER_ID, MAP_TYPE, EXTERNAL_VALUE, INTERNAL_VALUE, TYPE,STATUS )
    VALUES (1200060, 1000000, 1, 'The Option Bck Office Trade Id is empty, please provide another number.', 1003040, 0, 1);
INSERT INTO ARCH_DATA_MAPPING ( ID, NAMER_ID, MAP_TYPE, EXTERNAL_VALUE, INTERNAL_VALUE, TYPE,STATUS )
    VALUES (1200061, 1000000, 1, 'The Option Bck Office Trade Id should contain exactly 7 (seven) digits, please provide another number.', 1003041, 0, 1);
INSERT INTO ARCH_DATA_MAPPING ( ID, NAMER_ID, MAP_TYPE, EXTERNAL_VALUE, INTERNAL_VALUE, TYPE,STATUS )
    VALUES (1200062, 1000000, 1, 'The Option Bck Office Trade Id should contain only digits, please provide another number.', 1003042, 0, 1);

INSERT INTO ARCH_DATA_MAPPING ( ID, NAMER_ID, MAP_TYPE, EXTERNAL_VALUE, INTERNAL_VALUE, TYPE,STATUS )
    VALUES (1200065, 1000000, 1, 'Client cannot trade options.', 1003050, 0, 1);
INSERT INTO ARCH_DATA_MAPPING ( ID, NAMER_ID, MAP_TYPE, EXTERNAL_VALUE, INTERNAL_VALUE, TYPE,STATUS )
    VALUES (1200066, 1000000, 1, 'Client cannot trade Vanilla options.', 1003051, 0, 1);
INSERT INTO ARCH_DATA_MAPPING ( ID, NAMER_ID, MAP_TYPE, EXTERNAL_VALUE, INTERNAL_VALUE, TYPE,STATUS )
    VALUES (1200067, 1000000, 1, 'Client cannot trade Double Barrier options.', 1003052, 0, 1);
INSERT INTO ARCH_DATA_MAPPING ( ID, NAMER_ID, MAP_TYPE, EXTERNAL_VALUE, INTERNAL_VALUE, TYPE,STATUS )
    VALUES (1200068, 1000000, 1, 'Client cannot trade Single Barrier options.', 1003053, 0, 1);
INSERT INTO ARCH_DATA_MAPPING ( ID, NAMER_ID, MAP_TYPE, EXTERNAL_VALUE, INTERNAL_VALUE, TYPE,STATUS )
    VALUES (1200069, 1000000, 1, 'Client cannot trade Digital options.', 1003054, 0, 1);

INSERT INTO "ARCH_LOG_MESSAGES" ( "MSG_ID","MESSAGE","LOG_MSG_DEVISION","LANG" )
	VALUES (1003040,'The Option Bck Office Trade Id is empty, please provide another number.','1000004',NULL ) ;
INSERT INTO "ARCH_LOG_MESSAGES" ( "MSG_ID","MESSAGE","LOG_MSG_DEVISION","LANG" )
	VALUES (1003041,'The Option Bck Office Trade Id {0} should contain exactly 7 (seven) digits, please provide another number.','1000004',NULL ) ;
INSERT INTO "ARCH_LOG_MESSAGES" ( "MSG_ID","MESSAGE","LOG_MSG_DEVISION","LANG" )
	VALUES (1003042,'The Option Bck Office Trade Id {0} should contain only digits , please provide another number.','1000004',NULL ) ;
INSERT INTO "ARCH_LOG_MESSAGES" ( "MSG_ID","MESSAGE","LOG_MSG_DEVISION","LANG" )
	VALUES (1003043,'Start Date must be less or equal to End Date.','1000004',NULL ) ;
INSERT INTO "ARCH_LOG_MESSAGES" ( "MSG_ID","MESSAGE","LOG_MSG_DEVISION","LANG" )
	VALUES (1003044,'The chosen time range is too long. Try to decrease it or turn "Only Dates with Flows" flag on.','1000004',NULL ) ;
INSERT INTO ARCH_LOG_MESSAGES ( MSG_ID, MESSAGE, LOG_MSG_DEVISION, LANG )
	VALUES (1003050, 'Client cannot trade options', 1000004, NULL);
INSERT INTO ARCH_LOG_MESSAGES ( MSG_ID, MESSAGE, LOG_MSG_DEVISION, LANG )
	VALUES (1003051, 'Client cannot trade Vanilla options', 1000004, NULL);
INSERT INTO ARCH_LOG_MESSAGES ( MSG_ID, MESSAGE, LOG_MSG_DEVISION, LANG )
	VALUES (1003052, 'Client cannot trade Double Barrier options', 1000004, NULL);
INSERT INTO ARCH_LOG_MESSAGES ( MSG_ID, MESSAGE, LOG_MSG_DEVISION, LANG )
	VALUES (1003053, 'Client cannot trade Single Barrier options', 1000004, NULL);
INSERT INTO ARCH_LOG_MESSAGES ( MSG_ID, MESSAGE, LOG_MSG_DEVISION, LANG )
	VALUES (1003054, 'Client cannot trade Digital options', 1000004, NULL);

INSERT INTO ARCH_RECON_EXP ( ID, RECON_DETAIL_ID, COMPARE_COLUMN_NAME, EXPRESSION, EXPRESSION_TYPE, WEIGHT, METHOD_PATH, METHOD_NAME )
	VALUES ( 1000153, 1000048, 'FAR_QUANTITY', NULL, '1', 1, NULL, NULL);

delete from ARCH_REPORT_COLUMN where id=1100521;
INSERT INTO ARCH_REPORT_COLUMN ( ID, REPORT_ID, LOGICAL_NAME, VISIBLE_NAME, FILTER_NAME, TYPE,
VALIDATOR, CONVERTER, HELPER, VISIBILITY, SETTER, ORDER_SEQ, TABLE_NAME ) VALUES (
1100521, 1100403, 'STATUS', 'Status', 'Status', 'String', 'string', NULL, 'VFXPBTGLifeStatus', NULL
, 'tgStatus', 20, 'STATUS');


INSERT INTO ARCH_WEB_PAGE_PART ( WEB_URI_ID, TYPE, VALUE, RT_VALUE, IS_INCLUDED_JSP ) 
    VALUES ( 1100630, 2, 'Option Flat Protocol', NULL, 0); 
INSERT INTO ARCH_WEB_PAGE_PART ( WEB_URI_ID, TYPE, VALUE, RT_VALUE, IS_INCLUDED_JSP ) 
    VALUES ( 1100630, 4, '/pages/menus/menu.jsp', 'monitoring', 1); 
INSERT INTO ARCH_WEB_PAGE_PART ( WEB_URI_ID, TYPE, VALUE, RT_VALUE, IS_INCLUDED_JSP ) 
    VALUES ( 1100630, 7, '/pages/reports/reportNamed.jsp', NULL, 1); 
INSERT INTO ARCH_WEB_PAGE_PART ( WEB_URI_ID, TYPE, VALUE, RT_VALUE, IS_INCLUDED_JSP ) 
    VALUES ( 1100640, 2, 'Option Split Deals', NULL, 0); 
INSERT INTO ARCH_WEB_PAGE_PART ( WEB_URI_ID, TYPE, VALUE, RT_VALUE, IS_INCLUDED_JSP ) 
    VALUES ( 1100640, 4, '/pages/menus/menu.jsp', 'monitoring', 1); 
INSERT INTO ARCH_WEB_PAGE_PART ( WEB_URI_ID, TYPE, VALUE, RT_VALUE, IS_INCLUDED_JSP ) 
    VALUES ( 1100640, 7, '/pages/reports/reportNamed.jsp', NULL, 1);

delete from ARCH_WEB_URI where id=1100450;
INSERT INTO ARCH_WEB_URI ( ID, URI, OBJECT, HISTORY_LABEL, APP_ID, IS_ACTIVE, PERMISSION, VIEW_ID,HISTORY_OPERATIONS, DEFAULT_WEB_URI_ID, HISTORY_URI )
 VALUES (1100450, '/archadm/sumallposition.lwp', 'com.traiana.sol.jpmc.web.report.position.SumAllCcyPositionReportForm', 'FX Position Report', 1, 1, 4294967295, 1, 'Init,ExecuteReport', 110, '/archadm/sumallposition.lwp');

delete from ARCH_WEB_URI where id=1100530;
INSERT INTO ARCH_WEB_URI ( ID, URI, OBJECT, HISTORY_LABEL, APP_ID, IS_ACTIVE, PERMISSION, VIEW_ID,HISTORY_OPERATIONS, DEFAULT_WEB_URI_ID, HISTORY_URI )
 VALUES (1100530, '/archadm/optionpositionsummaryreport.lwp', 'com.traiana.sol.jpmc.web.report.optionposition.OptionPositionSummaryReportForm', 'Option Position Report', 1, 1, 4294967295, 1, 'Init,ExecuteReport', 110, '/archadm/optionpositionsummaryreport.lwp');

INSERT INTO ARCH_WEB_URI ( ID, URI, OBJECT, HISTORY_LABEL, APP_ID, IS_ACTIVE, PERMISSION, VIEW_ID, HISTORY_OPERATIONS, DEFAULT_WEB_URI_ID, HISTORY_URI ) 
    VALUES ( 1100630, '/archadm/optiondealsrep.lwp', 'com.traiana.sol.fxpb.web.report.newstyle.monitoring.OptionNoeDealsReportForm'
, 'Option Flat Protocol', 1, 1, 4294967295, 1, 'Init,ExecuteReport', 110, '/archadm/optiondealsrep.lwp'); 

INSERT INTO ARCH_WEB_URI ( ID, URI, OBJECT, HISTORY_LABEL, APP_ID, IS_ACTIVE, PERMISSION, VIEW_ID, HISTORY_OPERATIONS, DEFAULT_WEB_URI_ID, HISTORY_URI ) 
    VALUES ( 1100640, '/archadm/optionsplitdealsrep.lwp', 'com.traiana.sol.fxpb.web.report.newstyle.monitoring.OptionSplitDealsReportForm'
, 'Option Split Deals', 1, 1, 4294967295, 1, 'Init,ExecuteReport', 110, '/archadm/optionsplitdealsrep.lwp');

CREATE OR REPLACE VIEW V_FXPB_OPTION_FLAT_REPORT ( ID, PARTNER_NAME, STATUS, REQUEST_ID, REASON, TIME, UUID, GIVEUP_REF, OPERATION, TRADING_PARTY, SUBMITTER, COUNTER_PARTY, VALUE_DATE, CCY1, QTY1, CCY2, RATE, STRIKE_QUOTE_MODE, PREMIUM_AMOUNT, PREMIUM_CCY, PREMIUM_DATE, OPTION_TYPE, DIRECTION, CONTRACT_TYPE, OPTION_STYLE, EXPIRY_DATE, EXPIRY_ZONE, EXPIRY_TIME, BARRIER_TYPE, BARRIER_1, BARRIER_2, REBATE_CCY, REBATE_PERCENT_1, REBATE_PERCENT_2, REBATE_TIME, PAYOUT_CCY, PAYOUT_AMOUNT, TRADE_TYPE, CLIENT_REF, TRADER, PORTFOLIO, DESCRIPTION, PB, EXECUTION_PLATFORM, LINKED_TRADE ) AS SELECT
(DEALS.ID)ID,
(PARTNER.NAME)PARTNER_NAME, 
(STATUS_CODE.DATA)STATUS,
(DEALS.F3)REQUEST_ID,
(DEALS.REASON)REASON, 
(DEALS.TIME)TIME,
(DEALS.UUID)UUID,
(DEALS.NOE_REF)GIVEUP_REF,
(DEALS.F2)OPERATION,
(TPARTY_MAP.EXTERNAL_VALUE)TRADING_PARTY,
(SUBMITTER_MAP.EXTERNAL_VALUE)SUBMITTER,
(CPARTY_MAP.EXTERNAL_VALUE)COUNTER_PARTY,
(DEALS.F37)VALUE_DATE,
(SECOND_CCY.NAME)CCY1,
(DEALS.F28)QTY1,
(BASE_CCY.NAME)CCY2,
(DEALS.F30)RATE,
(DEALS.F31)STRIKE_QUOTE_MODE,
(DEALS.F40)PREMIUM_AMOUNT,
(PREMIUM_CCY.NAME)PREMIUM_CCY,
(DEALS.F43)PREMIUM_DATE,
(DEALS.F22)OPTION_TYPE,
(DEALS.F26)DIRECTION,
(DEALS.F27)CONTRACT_TYPE,
(DEALS.F25)OPTION_STYLE,
(DEALS.F34)EXPIRY_DATE,
(DEALS.F36)EXPIRY_ZONE,
(DEALS.F35)EXPIRY_TIME,
(DEALS.F44)BARRIER_TYPE,
(DEALS.F50)BARRIER_1,
(DEALS.F48)BARRIER_2,
(DEALS.F45)REBATE_CCY,
(DEALS.F51)REBATE_PERCENT_1,
(DEALS.F49)REBATE_PERCENT_2,
(DEALS.F46)REBATE_TIME,
(DEALS.F52)PAYOUT_CCY,
(DEALS.F55)PAYOUT_AMOUNT,
(TRADE_TYPE.DATA)TRADE_TYPE,
(DEALS.F12)CLIENT_REF,
(TRADER_MAP.EXTERNAL_VALUE)TRADER,
(DEALS.F18)PORTFOLIO,
(DEALS.F19)DESCRIPTION,
(PB_MAP.EXTERNAL_VALUE)PB,
(DEALS.F59)EXECUTION_PLATFORM,
(DEALS.F58)LINKED_TRADE
FROM
ARCH_GENERIC_NOE_DEALS DEALS,
ARCH_PARTNER PARTNER,
ARCH_DATA_MAPPING TPARTY_MAP,
ARCH_DATA_MAPPING CPARTY_MAP,
ARCH_DATA_MAPPING SUBMITTER_MAP,
A_INSTRUMENT SECOND_CCY,
A_INSTRUMENT BASE_CCY,
A_INSTRUMENT PREMIUM_CCY,
ARCH_DATA_MAPPING TRADER_MAP,
ARCH_DATA_MAPPING PB_MAP,
ARCH_CODE_MEMBER STATUS_CODE,
ARCH_CODE_MEMBER TRADE_TYPE
WHERE
-- Option Noe selections
(DEALS.F2 = 'InsertOptionNoe' OR
DEALS.F2 = 'ModifyOptionNoe' OR
DEALS.F2 = 'DeleteOptionNoe') AND
-- Find corresponding partner 
DEALS.PARTNER_ID = PARTNER.ID AND
-- Find trading party map type
TPARTY_MAP.INTERNAL_VALUE=DEALS.F4 AND
TPARTY_MAP.MAP_TYPE=3 AND
TPARTY_MAP.TYPE=0 AND
TPARTY_MAP.STATUS=1 AND
-- Find counter party map type
CPARTY_MAP.INTERNAL_VALUE=DEALS.F21 AND
CPARTY_MAP.MAP_TYPE=3 AND
CPARTY_MAP.TYPE=0 AND
CPARTY_MAP.STATUS=1 AND
CPARTY_MAP.NAMER_ID=TPARTY_MAP.NAMER_ID AND
-- Find submitter name map type
SUBMITTER_MAP.INTERNAL_VALUE=DEALS.F6 AND
SUBMITTER_MAP.MAP_TYPE=4 AND
SUBMITTER_MAP.TYPE=0 AND
SUBMITTER_MAP.STATUS=1 AND
SUBMITTER_MAP.NAMER_ID=TPARTY_MAP.NAMER_ID AND
-- Map currencies
BASE_CCY.TYPE=5006 AND
BASE_CCY.ID = DEALS.F23 AND
SECOND_CCY.TYPE=5006 AND
SECOND_CCY.ID = DEALS.F24 AND
PREMIUM_CCY.TYPE=5006 AND
PREMIUM_CCY.ID = DEALS.F42 AND
-- Find pb map type
PB_MAP.INTERNAL_VALUE=DEALS.F14 AND
PB_MAP.MAP_TYPE=3 AND
PB_MAP.TYPE=0 AND
PB_MAP.STATUS=1 AND
PB_MAP.NAMER_ID=TPARTY_MAP.NAMER_ID AND
-- Find trader name map type
TRADER_MAP.INTERNAL_VALUE(+)=DEALS.F17 AND
TRADER_MAP.MAP_TYPE(+)=4 AND
TRADER_MAP.TYPE(+)=0 AND
TRADER_MAP.STATUS(+)=1 AND
-- Find trade type
TRADE_TYPE.GROUP_ID=300024 AND
TRADE_TYPE.CODE_KEY = DEALS.F16 AND 
-- status
STATUS_CODE.GROUP_ID=4 AND 
STATUS_CODE.CODE_KEY = TO_CHAR(DEALS.STATUS);

CREATE OR REPLACE VIEW V_FXPB_OPTION_OA_FLAT_REPORT ( ID, PARTNER_NAME, STATUS, REQUEST_ID, REASON, TIME, UUID, SPLIT_REF, OPERATION, TRADING_PARTY, ENTERING_PARTY, SUBMITTER, TRADE_DATE, TOTAL_QTY, CLIENT_REF, FUND_NAME, ALLOCATION_CLIENT_REF, ALLOCATION_QTY ) AS SELECT
(OA_DEALS.ID)ID,
(PARTNER.NAME)PARTNER_NAME, 
(STATUS_CODE.DATA)STATUS,
(OA_DEALS.F3)REQUEST_ID,
(OA_DEALS.REASON)REASON, 
(OA_DEALS.TIME)TIME,
(OA_DEALS.UUID)UUID,
(OA_DEALS.OA_REF)SPLIT_REF,
(OA_DEALS.F2)OPERATION,
(TPARTY_MAP.EXTERNAL_VALUE)TRADING_PARTY,
(EPARTY_MAP.EXTERNAL_VALUE)ENTERING_PARTY,
(SUBMITTER_MAP.EXTERNAL_VALUE)SUBMITTER,
(OA_DEALS.F10)TRADE_DATE,
(OA_DEALS.F11)TOTAL_QTY,
(OA_DEALS.F9)CLIENT_REF,
(OA_DEALS.F14)FUND_NAME,
(OA_DEALS.F16)ALLOCATION_CLIENT_REF,
(OA_DEALS.F15)ALLOCATION_QTY
FROM
ARCH_GENERIC_OA_DEALS OA_DEALS,
ARCH_PARTNER PARTNER,
ARCH_CODE_MEMBER STATUS_CODE,
ARCH_DATA_MAPPING TPARTY_MAP,
ARCH_DATA_MAPPING EPARTY_MAP,
ARCH_DATA_MAPPING SUBMITTER_MAP
WHERE
-- Option Noe selections
(OA_DEALS.F2 = 'InsertOptionSplit' OR
OA_DEALS.F2 = 'ModifyOptionSplit' OR
OA_DEALS.F2 = 'DeleteOptionSplit') AND
-- Find corresponding partner 
OA_DEALS.PARTNER_ID = PARTNER.ID AND
-- Find trading party map type
TPARTY_MAP.INTERNAL_VALUE=OA_DEALS.F4 AND
TPARTY_MAP.MAP_TYPE=3 AND
TPARTY_MAP.TYPE=0 AND
TPARTY_MAP.STATUS=1 AND
-- Find entering party map type
EPARTY_MAP.INTERNAL_VALUE=OA_DEALS.F5 AND
EPARTY_MAP.MAP_TYPE=3 AND
EPARTY_MAP.TYPE=0 AND
EPARTY_MAP.STATUS=1 AND
EPARTY_MAP.NAMER_ID=TPARTY_MAP.NAMER_ID AND
-- Find submitter name map type
SUBMITTER_MAP.INTERNAL_VALUE=OA_DEALS.F6 AND
SUBMITTER_MAP.MAP_TYPE=4 AND
SUBMITTER_MAP.TYPE=0 AND
SUBMITTER_MAP.STATUS=1 AND
SUBMITTER_MAP.NAMER_ID=TPARTY_MAP.NAMER_ID AND
-- status
STATUS_CODE.GROUP_ID=4 AND 
STATUS_CODE.CODE_KEY = TO_CHAR(OA_DEALS.STATUS);

CREATE OR REPLACE VIEW V_FXPB_REPORT_OPTION_NOE ( ID,
ALLOC, RECON, APPROVAL, APPR_REASON,
LIFECYCLE, SIDE_A, SIDE_B, OPTION_TYPE,
DIRECTION, EXPIRY_DATE, SETTLEMENT_DATE, VALUE_DATE,
CONTRACT_TYPE, SECONDARY_CCY, QUANTITY, BASE_CCY,
QUANTITY2, STRIKE, STRIKE_QUOTE_MODE, OPTION_STYLE,
PRICE_PAID, PREMIUM_TYPE, PREMIUM_AMOUNT, PREMIUM_CCY,
PREMIUM_DATE, BARRIER_TYPE, BARRIER_LEVEL, LOWER_BARRIER_LEVEL,
UPPER_BARRIER_LEVEL, REBATE_PERCENT_1, REBATE_PERCENT_2, REBATE_QUOTE_MODE,
REBATE_TYPE, PAYOUT_AMOUNT, PAYOUT_CCY, TRADER,
TRADE_DATE, CREATION_DATE, EXTERNAL_REF, TRADE_TYPE,
PORTFOLIO_ID, IS_DUMMY, AGREEMENT, SUBMITTER_PERSON,
ENTERING_ORG, CUT_OFF_ZONE, UNDERLYING_CLIENT_REF, DELIVERY_METHOD,
REPORTER, NEW_NOE, OLD_NOE, OPTION_CONTRACT_TYPE,
EXPIRY_TIME, DATE_TERMINATED, NDF, NDF_FIXING_DATE,
NDF_LINKED_TRADE, TP_ROLE ) AS
SELECT  /*+ ordered */
 NOE.ID,
 (C_ALLOC.DATA) ALLOC,
 (C_RECON.DATA) RECON,
 (C_APPR.DATA) APPROVAL,
 (NOE.APPROVE_STATUS_REASON)APPR_REASON,
 (C_LIFE.DATA) LIFECYCLE,
 (E.EXTERNAL_VALUE) SIDE_A,
 (F.EXTERNAL_VALUE) SIDE_B,
 (C_OPTION_TYPE.DATA) OPTION_TYPE,
 (C2.DATA) DIRECTION,
 NOE.EXPIRY_DATE,
 NOE.SETTLEMENT_DATE,
 NOE.VALUE_DATE,
 (C1.DATA) CONTRACT_TYPE,
 (H.NAME) SECONDARY_CCY,
 NOE.QUANTITY,
 (G.NAME) BASE_CCY,
 NOE.QUANTITY2,
 (NOE.RATE) STRIKE,
 (C_STRIKE_Q_MODE.DATA) STRIKE_QUOTE_MODE,
 (C_OPTION_STYLE.DATA) OPTION_STYLE,
 NOE.PRICE_PAID,
 (C_PREMIUM_TYPE.DATA) PREMIUM_TYPE,
 NOE.PREMIUM_AMOUNT,
 (CCY_PREMIUM.NAME) PREMIUM_CCY,
 NOE.PREMIUM_DATE,
(C_BARRIER_TYPE.DATA)BARRIER_TYPE,
 NOE.BARRIER_LEVEL,
 NOE.LOWER_BARRIER_LEVEL,
 NOE.UPPER_BARRIER_LEVEL,
 NOE.REBATE_PERCENT_1,
 NOE.REBATE_PERCENT_2,
 (C_REBATE_QUOTE_MODE.DATA)REBATE_QUOTE_MODE,
 (C_REBATE_TYPE.DATA) REBATE_TYPE,
 NOE.PAYOUT_AMOUNT,
 (CCY_PAYOUT.NAME) PAYOUT_CCY,
 (J.FIRST_NAME||' '||J.LAST_NAME) TRADER,
 NOE.TRADE_DATE,
 NOE.CREATION_DATE,
 NOE.EXTERNAL_REF,
 (C3.DATA) TRADE_TYPE,
 NOE.PORTFOLIO_ID,
 (CASE WHEN NOE.IS_DUMMY = 1 THEN 'yes' ELSE 'no' END) IS_DUMMY,
 (C_AGREEMENT.DATA) AGREEMENT,
 (D.EXTERNAL_VALUE) SUBMITTER_PERSON,
 (I.EXTERNAL_VALUE) ENTERING_ORG,
 NOE.CUT_OFF_ZONE,
 NOE.UNDERLYING_CLIENT_REF,
 (C_DELIVERY_METHOD.DATA) DELIVERY_METHOD,
 NOE.REPORTER,
 (NOE.NEW_ID) NEW_NOE,
 (NOE.OLD_ID) OLD_NOE,
 (C_OPTION_C_TYPE.DATA) OPTION_CONTRACT_TYPE,
 NOE.EXPIRY_TIME,
 NOE.DATE_TERMINATED,
 (CASE WHEN NOE.NDF = 1 THEN 'true' ELSE 'false' END) NDF,
 NOE.NDF_FIXING_DATE,
 NOE.NDF_LINKED_TRADE,
 (CASE WHEN TP_ROLE.ROLE = '1000002' THEN 'bank' ELSE 'client' END) TP_ROLE
FROM
FXPB_OPTION_NOE NOE,
ARCH_DATA_MAPPING D, -- submitter
ARCH_DATA_MAPPING E, -- side a
ARCH_DATA_MAPPING F, -- side  b
A_INSTRUMENT G, -- base currency
A_INSTRUMENT H, -- secondary currency
ARCH_DATA_MAPPING I, --  entering org
A_PERSON J, --  trader (optional)
ARCH_CODE_MEMBER C1, -- contract type
ARCH_CODE_MEMBER C2, -- direction
ARCH_CODE_MEMBER C3, -- trade type
ARCH_CODE_MEMBER C_APPR, -- approval status
ARCH_CODE_MEMBER C_RECON, -- reconstatus
ARCH_CODE_MEMBER C_ALLOC, -- alloc status
ARCH_CODE_MEMBER C_LIFE, -- lifecycle status
ARCH_CODE_MEMBER C_AGREEMENT, --  Agreement
ARCH_CODE_MEMBER C_STRIKE_Q_MODE, -- Strike quote mode
A_INSTRUMENT CCY_PAYOUT,    -- Payout Ccy
A_INSTRUMENT CCY_PREMIUM,  -- Premium Ccy
ARCH_CODE_MEMBER C_PREMIUM_TYPE, -- Premium Type
ARCH_CODE_MEMBER C_OPTION_STYLE, -- Option style
ARCH_CODE_MEMBER C_OPTION_C_TYPE, -- Option contract type
ARCH_CODE_MEMBER C_OPTION_TYPE, -- Option type
ARCH_CODE_MEMBER C_DELIVERY_METHOD, -- Delivery method
ARCH_CODE_MEMBER C_BARRIER_TYPE, -- Barrier Type
ARCH_CODE_MEMBER C_REBATE_QUOTE_MODE, -- rebate quote mode
ARCH_CODE_MEMBER C_REBATE_TYPE, -- rebate type
A_ORGANIZATION TP,
A_OBJECT_ROLE TP_ROLE
WHERE
 NOE.SUBMITTER_PERSON_ID = D.INTERNAL_VALUE
 AND D.MAP_TYPE=4 -- person
 AND D.NAMER_ID=1000000
 AND D.STATUS=1
 AND D.TYPE=0
 -- side a mapping
 AND NOE.SIDE_A_ORG_ID=E.INTERNAL_VALUE
 AND E.MAP_TYPE=3 -- organization
 AND E.NAMER_ID=1000000
 AND E.STATUS=1
 AND E.TYPE=0
 -- side b mapping
 AND NOE.SIDE_B_ORG_ID=F.INTERNAL_VALUE
 AND F.MAP_TYPE=3 -- organization
 AND F.NAMER_ID=1000000
 AND F.STATUS=1
 AND F.TYPE=0
 --  base currency
 AND NOE.BASE_INSTRUMENT_ID=G.ID
 AND G.TYPE = 5006 -- currency
 --  secondary currency
 AND NOE.SECONDARY_INSTRUMENT_ID=H.ID
 AND H.TYPE = 5006 -- currency
 -- entering org mapping
 AND  NOE.ENTERING_ORG_ID=I.INTERNAL_VALUE
 AND I.MAP_TYPE=3 -- organization
 AND I.NAMER_ID=1000000
 AND I.STATUS=1
 AND I.TYPE=0
 -- optional trader
 AND NOE.TRADER_ID = J.ID(+)
 --contract type
  AND C1.CODE_KEY= TO_CHAR(NOE.CONTRACT_TYPE)
  AND C1.GROUP_ID=1100021
  --direction
  AND C2.CODE_KEY=  TO_CHAR(NOE.DIRECTION)
  AND C2.GROUP_ID=1000021
  --trade type
  AND C3.CODE_KEY=  TO_CHAR(NOE.TRADE_TYPE)
  AND C3.GROUP_ID=1100026
  -- approval status
  AND C_APPR.CODE_KEY = TO_CHAR(NOE.APPROVE_STATUS)
  AND C_APPR.GROUP_ID = 1001011
  -- recon status
  AND C_RECON.CODE_KEY = TO_CHAR(NOE.RECON_STATUS)
  AND C_RECON.GROUP_ID = 1001012
  -- alloc status
  AND C_ALLOC.CODE_KEY = TO_CHAR(NOE.ALLOC_STATUS)
  AND C_ALLOC.GROUP_ID = 1001013
  -- life status
  AND C_LIFE.CODE_KEY = TO_CHAR(NOE.LIFE_STATUS)
  AND C_LIFE.GROUP_ID = 1001014
  -- Agreement
  AND C_AGREEMENT.CODE_KEY = TO_CHAR(NOE.AGREEMENT)
  AND C_AGREEMENT.GROUP_ID = 1000032
  -- Strike Quote Mode
  AND C_STRIKE_Q_MODE.CODE_KEY = TO_CHAR(NOE.STRIKE_QUOTE_MODE)
  AND C_STRIKE_Q_MODE.GROUP_ID = 1100024
  -- Premium Ccy
  AND NOE.PREMIUM_CCY = CCY_PREMIUM.ID
  AND CCY_PREMIUM.TYPE = 5006 -- currency
  -- Premium Type
  AND C_PREMIUM_TYPE.CODE_KEY = TO_CHAR(NOE.PREMIUM_TYPE)
  AND C_PREMIUM_TYPE.GROUP_ID = 1100019
  -- Option style
  AND C_OPTION_STYLE.CODE_KEY = TO_CHAR(NOE.OPTION_STYLE)
  AND C_OPTION_STYLE.GROUP_ID = 1100020
  -- Option contract type
  AND C_OPTION_C_TYPE.CODE_KEY = TO_CHAR(NOE.CONTRACT_TYPE)
  AND C_OPTION_C_TYPE.GROUP_ID = 1100021
  -- Option type
  AND C_OPTION_TYPE.CODE_KEY = TO_CHAR(NOE.OPTION_TYPE)
  AND C_OPTION_TYPE.GROUP_ID = 1100022
  -- Delivery Method
  AND C_DELIVERY_METHOD.CODE_KEY = TO_CHAR(NOE.DELIVERY_METHOD)
  AND C_DELIVERY_METHOD.GROUP_ID = 1100023
  -- Payout Ccy
  AND NOE.PAYOUT_CURRENCY = CCY_PAYOUT.ID(+)
  AND CCY_PAYOUT.TYPE(+) = 5006 -- currency
  -- TP Role
  AND TP.ID = NOE.SIDE_A_ORG_ID
  AND TP.ID = TP_ROLE.OBJECT_ID
  AND TP_ROLE.OBJECT_TYPE = 1000
  --Barrier Type
  AND C_BARRIER_TYPE.CODE_KEY = TO_CHAR(NOE.BARRIER_TYPE)
  AND C_BARRIER_TYPE.GROUP_ID = 1100045
  --rebate type
  AND C_REBATE_TYPE.CODE_KEY = NVL(TO_CHAR(NOE.REBATE_TYPE),0)
  AND C_REBATE_TYPE.GROUP_ID = 1100031
  --rebate quote mode
  AND C_REBATE_QUOTE_MODE.CODE_KEY = NVL(TO_CHAR(NOE.REBATE_QUOTE_MODE), 0)
  AND C_REBATE_QUOTE_MODE.GROUP_ID = 1100046;


------ END OF SCRIPT 1.7.14.1:1 to  1.7.14.1:3 ---------


INSERT INTO ARCH_DATA_MAPPING ( ID, NAMER_ID, MAP_TYPE, EXTERNAL_VALUE, INTERNAL_VALUE, TYPE, STATUS )
    VALUES (1200070, 1000000, 10, ' ', 0, 0, 1);

delete from ARCH_REPORT_COLUMN where id=1100400;
INSERT INTO ARCH_REPORT_COLUMN ( ID, REPORT_ID, LOGICAL_NAME, VISIBLE_NAME, FILTER_NAME, TYPE,
VALIDATOR, CONVERTER, HELPER, VISIBILITY, SETTER, ORDER_SEQ, TABLE_NAME ) VALUES (
1100400, 1100400, 'ID', 'Id', 'Id', 'Long', 'long', NULL, NULL, NULL, NULL, 10, 'ID');

delete from ARCH_REPORT_COLUMN where id=1100441;
INSERT INTO ARCH_REPORT_COLUMN ( ID, REPORT_ID, LOGICAL_NAME, VISIBLE_NAME, FILTER_NAME, TYPE,
VALIDATOR, CONVERTER, HELPER, VISIBILITY, SETTER, ORDER_SEQ, TABLE_NAME ) VALUES (
1100441, 1100400, 'PORTFOLIO', 'Portfolio', 'Portfolio', 'String', 'string', NULL
, NULL, NULL, NULL, 420, 'PORTFOLIO');

delete from ARCH_REPORT_COLUMN where id=1100573;
INSERT INTO ARCH_REPORT_COLUMN ( ID, REPORT_ID, LOGICAL_NAME, VISIBLE_NAME, FILTER_NAME, TYPE,
VALIDATOR, CONVERTER, HELPER, VISIBILITY, SETTER, ORDER_SEQ, TABLE_NAME ) VALUES (
1100573, 1100404, 'RequiresManualBooking', 'Requires Manual Booking', 'Requires Manual Booking'
, 'Long', 'long', NULL, NULL, 'report', 'LINK:optionctrep.lwp?g0_fCond==&g0_fName=TRADE_DATE&g0_fOp=AND&g0_fValue=today&g0_fltr=0&g0_fId=0&g0_fParentId=-1&g0_fVisibility=0&g1_fCond==&g1_fName=BOOKING_STATUS&g1_fValue=Needs%20Manual&g1_fOp=NONE&g1_fltr=1&g1_fId=1&g1_fParentId=-1&g1_fVisibility=0&ExecuteFromLink=ExecuteFromLink&RecCount=15'
, 190, 'RequiresManualBooking');


CREATE OR REPLACE VIEW V_FXPB_OPTION_FLAT_REPORT ( ID, PARTNER_NAME, STATUS, REQUEST_ID, REASON, TIME, UUID, GIVEUP_REF, OPERATION, TRADING_PARTY, SUBMITTER, COUNTER_PARTY, VALUE_DATE, CCY1, QTY1, CCY2, RATE, STRIKE_QUOTE_MODE, PREMIUM_AMOUNT, PREMIUM_CCY, PREMIUM_DATE, OPTION_TYPE, DIRECTION, CONTRACT_TYPE, OPTION_STYLE, EXPIRY_DATE, EXPIRY_ZONE, EXPIRY_TIME, BARRIER_TYPE, BARRIER_1, BARRIER_2, REBATE_CCY, REBATE_PERCENT_1, REBATE_PERCENT_2, REBATE_TIME, PAYOUT_CCY, PAYOUT_AMOUNT, TRADE_TYPE, CLIENT_REF, TRADER, PORTFOLIO, DESCRIPTION, PB, EXECUTION_PLATFORM, LINKED_TRADE ) AS SELECT
(DEALS.ID)ID,
(PARTNER.NAME)PARTNER_NAME, 
(STATUS_CODE.DATA)STATUS,
(DEALS.F3)REQUEST_ID,
(DEALS.REASON)REASON, 
(DEALS.TIME)TIME,
(DEALS.UUID)UUID,
(DEALS.NOE_REF)GIVEUP_REF,
(DEALS.F2)OPERATION,
(TPARTY_MAP.EXTERNAL_VALUE)TRADING_PARTY,
(SUBMITTER_MAP.EXTERNAL_VALUE)SUBMITTER,
(CPARTY_MAP.EXTERNAL_VALUE)COUNTER_PARTY,
(DEALS.F37)VALUE_DATE,
(SECOND_CCY.NAME)CCY1,
(DEALS.F28)QTY1,
(BASE_CCY.NAME)CCY2,
(DEALS.F30)RATE,
(DEALS.F31)STRIKE_QUOTE_MODE,
(DEALS.F40)PREMIUM_AMOUNT,
(PREMIUM_CCY.NAME)PREMIUM_CCY,
(DEALS.F43)PREMIUM_DATE,
(DEALS.F22)OPTION_TYPE,
(DEALS.F26)DIRECTION,
(DEALS.F27)CONTRACT_TYPE,
(DEALS.F25)OPTION_STYLE,
(DEALS.F34)EXPIRY_DATE,
(DEALS.F36)EXPIRY_ZONE,
(DEALS.F35)EXPIRY_TIME,
(DEALS.F44)BARRIER_TYPE,
(DEALS.F50)BARRIER_1,
(DEALS.F48)BARRIER_2,
(DEALS.F45)REBATE_CCY,
(DEALS.F51)REBATE_PERCENT_1,
(DEALS.F49)REBATE_PERCENT_2,
(DEALS.F46)REBATE_TIME,
(DEALS.F52)PAYOUT_CCY,
(DEALS.F55)PAYOUT_AMOUNT,
(TRADE_TYPE.DATA)TRADE_TYPE,
(DEALS.F12)CLIENT_REF,
(TRADER_MAP.EXTERNAL_VALUE)TRADER,
(DEALS.F18)PORTFOLIO,
(DEALS.F19)DESCRIPTION,
(PB_MAP.EXTERNAL_VALUE)PB,
(DEALS.F59)EXECUTION_PLATFORM,
(DEALS.F58)LINKED_TRADE
FROM
ARCH_GENERIC_NOE_DEALS DEALS,
ARCH_PARTNER PARTNER,
ARCH_DATA_MAPPING TPARTY_MAP,
ARCH_DATA_MAPPING CPARTY_MAP,
ARCH_DATA_MAPPING SUBMITTER_MAP,
A_INSTRUMENT SECOND_CCY,
A_INSTRUMENT BASE_CCY,
A_INSTRUMENT PREMIUM_CCY,
ARCH_DATA_MAPPING TRADER_MAP,
ARCH_DATA_MAPPING PB_MAP,
ARCH_CODE_MEMBER STATUS_CODE,
ARCH_CODE_MEMBER TRADE_TYPE
WHERE
-- Option Noe selections
(DEALS.F2 = 'InsertOptionNoe' OR
DEALS.F2 = 'ModifyOptionNoe' OR
DEALS.F2 = 'DeleteOptionNoe') AND
-- Find corresponding partner 
DEALS.PARTNER_ID = PARTNER.ID AND
-- Find trading party map type
TPARTY_MAP.INTERNAL_VALUE=DEALS.F4 AND
TPARTY_MAP.MAP_TYPE=3 AND
TPARTY_MAP.TYPE=0 AND
TPARTY_MAP.STATUS=1 AND
-- Find counter party map type
CPARTY_MAP.INTERNAL_VALUE=DEALS.F21 AND
CPARTY_MAP.MAP_TYPE=3 AND
CPARTY_MAP.TYPE=0 AND
CPARTY_MAP.STATUS=1 AND
CPARTY_MAP.NAMER_ID=TPARTY_MAP.NAMER_ID AND
-- Find submitter name map type
SUBMITTER_MAP.INTERNAL_VALUE=DEALS.F6 AND
SUBMITTER_MAP.MAP_TYPE=4 AND
SUBMITTER_MAP.TYPE=0 AND
SUBMITTER_MAP.STATUS=1 AND
SUBMITTER_MAP.NAMER_ID=TPARTY_MAP.NAMER_ID AND
-- Map currencies
BASE_CCY.TYPE=5006 AND
BASE_CCY.ID = DEALS.F23 AND
SECOND_CCY.TYPE=5006 AND
SECOND_CCY.ID = DEALS.F24 AND
PREMIUM_CCY.TYPE=5006 AND
PREMIUM_CCY.ID = DEALS.F42 AND
-- Find pb map type
PB_MAP.INTERNAL_VALUE=DEALS.F14 AND
PB_MAP.MAP_TYPE=3 AND
PB_MAP.TYPE=0 AND
PB_MAP.STATUS=1 AND
PB_MAP.NAMER_ID=TPARTY_MAP.NAMER_ID AND
-- Find trader name map type
TRADER_MAP.INTERNAL_VALUE(+)=DEALS.F17 AND
TRADER_MAP.MAP_TYPE(+)=4 AND
TRADER_MAP.TYPE(+)=0 AND
TRADER_MAP.STATUS(+)=1 AND
-- Find trade type
TRADE_TYPE.GROUP_ID=300024 AND
TRADE_TYPE.CODE_KEY = DEALS.F16 AND 
-- status
STATUS_CODE.GROUP_ID=4 AND 
STATUS_CODE.CODE_KEY = TO_CHAR(DEALS.STATUS);


CREATE OR REPLACE VIEW V_FXPB_OPTION_OA_FLAT_REPORT 
( ID, PARTNER_NAME, STATUS, REQUEST_ID, REASON, TIME, UUID, SPLIT_REF, 
OPERATION, TRADING_PARTY, ENTERING_PARTY, SUBMITTER, TRADE_DATE, 
TOTAL_QTY, CLIENT_REF, FUND_NAME, ALLOCATION_CLIENT_REF, ALLOCATION_QTY ) 
AS SELECT
	(OA_DEALS.ID)ID,
	(PARTNER.NAME)PARTNER_NAME, 
	(STATUS_CODE.DATA)STATUS,
	(OA_DEALS.F3)REQUEST_ID,
	(OA_DEALS.REASON)REASON, 
	(OA_DEALS.TIME)TIME,
	(OA_DEALS.UUID)UUID,
	(OA_DEALS.OA_REF)SPLIT_REF,
	(OA_DEALS.F2)OPERATION,
	(TPARTY_MAP.EXTERNAL_VALUE)TRADING_PARTY,
	(EPARTY_MAP.EXTERNAL_VALUE)ENTERING_PARTY,
	(SUBMITTER_MAP.EXTERNAL_VALUE)SUBMITTER,
	(OA_DEALS.F10)TRADE_DATE,
	(OA_DEALS.F11)TOTAL_QTY,
	(OA_DEALS.F9)CLIENT_REF,
	(OA_DEALS.F14)FUND_NAME,
	(OA_DEALS.F16)ALLOCATION_CLIENT_REF,
	(OA_DEALS.F15)ALLOCATION_QTY
FROM
	ARCH_GENERIC_OA_DEALS OA_DEALS,
	ARCH_PARTNER PARTNER,
	ARCH_CODE_MEMBER STATUS_CODE,
	ARCH_DATA_MAPPING TPARTY_MAP,
	ARCH_DATA_MAPPING EPARTY_MAP,
	ARCH_DATA_MAPPING SUBMITTER_MAP
WHERE
	-- Option Noe selections
	(OA_DEALS.F2 = 'InsertOptionSplit' OR
	OA_DEALS.F2 = 'ModifyOptionSplit' OR
	OA_DEALS.F2 = 'DeleteOptionSplit') AND
	-- Find corresponding partner 
	OA_DEALS.PARTNER_ID = PARTNER.ID AND
	-- Find trading party map type
	TPARTY_MAP.INTERNAL_VALUE=OA_DEALS.F4 AND
	TPARTY_MAP.MAP_TYPE=3 AND
	TPARTY_MAP.TYPE=0 AND
	TPARTY_MAP.STATUS=1 AND
	-- Find entering party map type
	EPARTY_MAP.INTERNAL_VALUE=OA_DEALS.F5 AND
	EPARTY_MAP.MAP_TYPE=3 AND
	EPARTY_MAP.TYPE=0 AND
	EPARTY_MAP.STATUS=1 AND
	EPARTY_MAP.NAMER_ID=TPARTY_MAP.NAMER_ID AND
	-- Find submitter name map type
	SUBMITTER_MAP.INTERNAL_VALUE=OA_DEALS.F6 AND
	SUBMITTER_MAP.MAP_TYPE=4 AND
	SUBMITTER_MAP.TYPE=0 AND
	SUBMITTER_MAP.STATUS=1 AND
	SUBMITTER_MAP.NAMER_ID=TPARTY_MAP.NAMER_ID AND
	-- status
	STATUS_CODE.GROUP_ID=4 AND 
	STATUS_CODE.CODE_KEY = TO_CHAR(OA_DEALS.STATUS);



CREATE OR REPLACE VIEW V_FXPB_REPORT_OPTION_NOE ( ID,
ALLOC, RECON, APPROVAL, APPR_REASON,
LIFECYCLE, SIDE_A, SIDE_B, OPTION_TYPE,
DIRECTION, EXPIRY_DATE, SETTLEMENT_DATE, VALUE_DATE,
CONTRACT_TYPE, SECONDARY_CCY, QUANTITY, BASE_CCY,
QUANTITY2, STRIKE, STRIKE_QUOTE_MODE, OPTION_STYLE,
PRICE_PAID, PREMIUM_TYPE, PREMIUM_AMOUNT, PREMIUM_CCY,
PREMIUM_DATE, BARRIER_TYPE, BARRIER_LEVEL, LOWER_BARRIER_LEVEL,
UPPER_BARRIER_LEVEL, REBATE_PERCENT_1, REBATE_PERCENT_2, REBATE_QUOTE_MODE,
REBATE_TYPE, PAYOUT_AMOUNT, PAYOUT_CCY, TRADER,
TRADE_DATE, CREATION_DATE, EXTERNAL_REF, TRADE_TYPE,
PORTFOLIO, IS_DUMMY, AGREEMENT, SUBMITTER_PERSON,
ENTERING_ORG, CUT_OFF_ZONE, UNDERLYING_CLIENT_REF, DELIVERY_METHOD,
REPORTER, NEW_NOE, OLD_NOE, OPTION_CONTRACT_TYPE,
EXPIRY_TIME, DATE_TERMINATED, NDF, NDF_FIXING_DATE,
NDF_LINKED_TRADE, TP_ROLE ) AS SELECT  /*+ ordered */
 NOE.ID,
 (C_ALLOC.DATA) ALLOC,
 (C_RECON.DATA) RECON,
 (C_APPR.DATA) APPROVAL,
 (NOE.APPROVE_STATUS_REASON)APPR_REASON,
 (C_LIFE.DATA) LIFECYCLE,
 (E.EXTERNAL_VALUE) SIDE_A,
 (F.EXTERNAL_VALUE) SIDE_B,
 (C_OPTION_TYPE.DATA) OPTION_TYPE,
 (C2.DATA) DIRECTION,
 NOE.EXPIRY_DATE,
 NOE.SETTLEMENT_DATE,
 NOE.VALUE_DATE,
 (C1.DATA) CONTRACT_TYPE,
 (H.NAME) SECONDARY_CCY,
 NOE.QUANTITY,
 (G.NAME) BASE_CCY,
 NOE.QUANTITY2,
 (NOE.RATE) STRIKE,
 (C_STRIKE_Q_MODE.DATA) STRIKE_QUOTE_MODE,
 (C_OPTION_STYLE.DATA) OPTION_STYLE,
 NOE.PRICE_PAID,
 (C_PREMIUM_TYPE.DATA) PREMIUM_TYPE,
 NOE.PREMIUM_AMOUNT,
 (CCY_PREMIUM.NAME) PREMIUM_CCY,
 NOE.PREMIUM_DATE,
(C_BARRIER_TYPE.DATA)BARRIER_TYPE,
 NOE.BARRIER_LEVEL,
 NOE.LOWER_BARRIER_LEVEL,
 NOE.UPPER_BARRIER_LEVEL,
 NOE.REBATE_PERCENT_1,
 NOE.REBATE_PERCENT_2,
 (C_REBATE_QUOTE_MODE.DATA)REBATE_QUOTE_MODE,
 (C_REBATE_TYPE.DATA) REBATE_TYPE,
 NOE.PAYOUT_AMOUNT,
 (CCY_PAYOUT.NAME) PAYOUT_CCY,
 (J.FIRST_NAME||' '||J.LAST_NAME) TRADER,
 NOE.TRADE_DATE,
 NOE.CREATION_DATE,
 NOE.EXTERNAL_REF,
 (C3.DATA) TRADE_TYPE,
 D_MAP_NAME.EXTERNAL_VALUE,
 (CASE WHEN NOE.IS_DUMMY = 1 THEN 'true' ELSE 'false' END) IS_DUMMY,
 (C_AGREEMENT.DATA) AGREEMENT,
 (D.EXTERNAL_VALUE) SUBMITTER_PERSON,
 (I.EXTERNAL_VALUE) ENTERING_ORG,
 NOE.CUT_OFF_ZONE,
 NOE.UNDERLYING_CLIENT_REF,
 (C_DELIVERY_METHOD.DATA) DELIVERY_METHOD,
 NOE.REPORTER,
 (NOE.NEW_ID) NEW_NOE,
 (NOE.OLD_ID) OLD_NOE,
 (C_OPTION_C_TYPE.DATA) OPTION_CONTRACT_TYPE,
 NOE.EXPIRY_TIME,
 NOE.DATE_TERMINATED,
 (CASE WHEN NOE.NDF = 1 THEN 'true' ELSE 'false' END) NDF,
 NOE.NDF_FIXING_DATE,
 NOE.NDF_LINKED_TRADE,
 (CASE WHEN TP_ROLE.ROLE = '1000002' THEN 'bank' ELSE 'client' END) TP_ROLE
FROM
FXPB_OPTION_NOE NOE,
ARCH_DATA_MAPPING D, -- submitter
ARCH_DATA_MAPPING E, -- side a
ARCH_DATA_MAPPING F, -- side  b
A_INSTRUMENT G, -- base currency
A_INSTRUMENT H, -- secondary currency
ARCH_DATA_MAPPING I, --  entering org
A_PERSON J, --  trader (optional)
ARCH_CODE_MEMBER C1, -- contract type
ARCH_CODE_MEMBER C2, -- direction
ARCH_CODE_MEMBER C3, -- trade type
ARCH_CODE_MEMBER C_APPR, -- approval status
ARCH_CODE_MEMBER C_RECON, -- reconstatus
ARCH_CODE_MEMBER C_ALLOC, -- alloc status
ARCH_CODE_MEMBER C_LIFE, -- lifecycle status
ARCH_CODE_MEMBER C_AGREEMENT, --  Agreement
ARCH_CODE_MEMBER C_STRIKE_Q_MODE, -- Strike quote mode
A_INSTRUMENT CCY_PAYOUT,    -- Payout Ccy
A_INSTRUMENT CCY_PREMIUM,  -- Premium Ccy
ARCH_CODE_MEMBER C_PREMIUM_TYPE, -- Premium Type
ARCH_CODE_MEMBER C_OPTION_STYLE, -- Option style
ARCH_CODE_MEMBER C_OPTION_C_TYPE, -- Option contract type
ARCH_CODE_MEMBER C_OPTION_TYPE, -- Option type
ARCH_CODE_MEMBER C_DELIVERY_METHOD, -- Delivery method
ARCH_CODE_MEMBER C_BARRIER_TYPE, -- Barrier Type
ARCH_CODE_MEMBER C_REBATE_QUOTE_MODE, -- rebate quote mode
ARCH_CODE_MEMBER C_REBATE_TYPE, -- rebate type
A_ORGANIZATION TP,
A_OBJECT_ROLE TP_ROLE,
ARCH_DATA_MAPPING D_MAP_NAME
WHERE
 NOE.SUBMITTER_PERSON_ID = D.INTERNAL_VALUE
 AND D.MAP_TYPE=4 -- person
 AND D.NAMER_ID=1000000
 AND D.STATUS=1
 AND D.TYPE=0
 -- side a mapping
 AND NOE.SIDE_A_ORG_ID=E.INTERNAL_VALUE
 AND E.MAP_TYPE=3 -- organization
 AND E.NAMER_ID=1000000
 AND E.STATUS=1
 AND E.TYPE=0
 -- side b mapping
 AND NOE.SIDE_B_ORG_ID=F.INTERNAL_VALUE
 AND F.MAP_TYPE=3 -- organization
 AND F.NAMER_ID=1000000
 AND F.STATUS=1
 AND F.TYPE=0
 --  base currency
 AND NOE.BASE_INSTRUMENT_ID=G.ID
 AND G.TYPE = 5006 -- currency
 --  secondary currency
 AND NOE.SECONDARY_INSTRUMENT_ID=H.ID
 AND H.TYPE = 5006 -- currency
 -- entering org mapping
 AND  NOE.ENTERING_ORG_ID=I.INTERNAL_VALUE
 AND I.MAP_TYPE=3 -- organization
 AND I.NAMER_ID=1000000
 AND I.STATUS=1
 AND I.TYPE=0
 -- optional trader
 AND NOE.TRADER_ID = J.ID(+)
 --contract type
  AND C1.CODE_KEY= TO_CHAR(NOE.CONTRACT_TYPE)
  AND C1.GROUP_ID=1100021
  --direction
  AND C2.CODE_KEY=  TO_CHAR(NOE.DIRECTION)
  AND C2.GROUP_ID=1000021
  --trade type
  AND C3.CODE_KEY=  TO_CHAR(NOE.TRADE_TYPE)
  AND C3.GROUP_ID=1100026
  -- approval status
  AND C_APPR.CODE_KEY = TO_CHAR(NOE.APPROVE_STATUS)
  AND C_APPR.GROUP_ID = 1001011
  -- recon status
  AND C_RECON.CODE_KEY = TO_CHAR(NOE.RECON_STATUS)
  AND C_RECON.GROUP_ID = 1001012
  -- alloc status
  AND C_ALLOC.CODE_KEY = TO_CHAR(NOE.ALLOC_STATUS)
  AND C_ALLOC.GROUP_ID = 1001013
  -- life status
  AND C_LIFE.CODE_KEY = TO_CHAR(NOE.LIFE_STATUS)
  AND C_LIFE.GROUP_ID = 1001014
  -- Agreement
  AND C_AGREEMENT.CODE_KEY = TO_CHAR(NOE.AGREEMENT)
  AND C_AGREEMENT.GROUP_ID = 1000032
  -- Strike Quote Mode
  AND C_STRIKE_Q_MODE.CODE_KEY = TO_CHAR(NOE.STRIKE_QUOTE_MODE)
  AND C_STRIKE_Q_MODE.GROUP_ID = 1100024
  -- Premium Ccy
  AND NOE.PREMIUM_CCY = CCY_PREMIUM.ID
  AND CCY_PREMIUM.TYPE = 5006 -- currency
  -- Premium Type
  AND C_PREMIUM_TYPE.CODE_KEY = TO_CHAR(NOE.PREMIUM_TYPE)
  AND C_PREMIUM_TYPE.GROUP_ID = 1100019
  -- Option style
  AND C_OPTION_STYLE.CODE_KEY = TO_CHAR(NOE.OPTION_STYLE)
  AND C_OPTION_STYLE.GROUP_ID = 1100020
  -- Option contract type
  AND C_OPTION_C_TYPE.CODE_KEY = TO_CHAR(NOE.CONTRACT_TYPE)
  AND C_OPTION_C_TYPE.GROUP_ID = 1100021
  -- Option type
  AND C_OPTION_TYPE.CODE_KEY = TO_CHAR(NOE.OPTION_TYPE)
  AND C_OPTION_TYPE.GROUP_ID = 1100022
  -- Delivery Method
  AND C_DELIVERY_METHOD.CODE_KEY = TO_CHAR(NOE.DELIVERY_METHOD)
  AND C_DELIVERY_METHOD.GROUP_ID = 1100023
  -- Payout Ccy
  AND NOE.PAYOUT_CURRENCY = CCY_PAYOUT.ID(+)
  AND CCY_PAYOUT.TYPE(+) = 5006 -- currency
  -- TP Role
  AND TP.ID = NOE.SIDE_A_ORG_ID
  AND TP.ID = TP_ROLE.OBJECT_ID
  AND TP_ROLE.OBJECT_TYPE = 1000
  --Barrier Type
  AND C_BARRIER_TYPE.CODE_KEY = TO_CHAR(NOE.BARRIER_TYPE)
  AND C_BARRIER_TYPE.GROUP_ID = 1100045
  --rebate type
  AND C_REBATE_TYPE.CODE_KEY = NVL(TO_CHAR(NOE.REBATE_TYPE),0)
  AND C_REBATE_TYPE.GROUP_ID = 1100031
  --rebate quote mode
  AND C_REBATE_QUOTE_MODE.CODE_KEY = NVL(TO_CHAR(NOE.REBATE_QUOTE_MODE), 0)
  AND C_REBATE_QUOTE_MODE.GROUP_ID = 1100046
  --portfolio
  AND NOE.PORTFOLIO_ID = D_MAP_NAME.INTERNAL_VALUE
  AND D_MAP_NAME.MAP_TYPE = 10
  AND D_MAP_NAME.TYPE = 0
  AND D_MAP_NAME.NAMER_ID = 1000000;


------ END OF SCRIPT 1.7.14.1:3 to  1.7.14.1:4---------

--------------------------------
-------platform updates---------
--------------------------------

---- \TABLES\ARCH_CODE_MEMBER\data.sql
DELETE ARCH_CODE_MEMBER WHERE GROUP_ID=300004 AND CODE_KEY='PropertiesBean';
INSERT INTO ARCH_CODE_MEMBER ( GROUP_ID, CODE_KEY, DATA, NAME, CODE_COMMENT,STATUS ) 
	VALUES (300004, 'PropertiesBean', 'Order=101&Existance=Validator','com.traiana.core.admin.dynfinobj.beans.props.PropertiesBean', 'PropertiesBean', 1);
DELETE ARCH_CODE_MEMBER WHERE GROUP_ID=200004 AND CODE_KEY='PropertiesBean';
INSERT INTO ARCH_CODE_MEMBER ( GROUP_ID, CODE_KEY, DATA, NAME, CODE_COMMENT,STATUS ) 
	VALUES (200004, 'PropertiesBean', 'Order=101&Existance=Validator', 'com.traiana.core.admin.dynfinobj.beans.props.PropertiesBean', 'PropertiesBean', 1);


--------------------------------
-------solution updates---------
--------------------------------

---- \TABLES\ARCH_CODE_MEMBER\data.sql
INSERT INTO ARCH_CODE_MEMBER ( GROUP_ID, CODE_KEY, DATA, NAME, CODE_COMMENT,STATUS )
 VALUES (1000005, '14', 'UNI_PARTICIPANT_PERSON_WRITE', 'UNI_PARTICIPANT_PERSON_WRITE', 'UNI_PARTICIPANT_PERSON_WRITE Role', 1); 
INSERT INTO ARCH_CODE_MEMBER ( GROUP_ID, CODE_KEY, DATA, NAME, CODE_COMMENT,STATUS )
 VALUES (1000112, '14', 'UNI_PARTICIPANT_PERSON_WRITE', 'UNI_PARTICIPANT_PERSON_WRITE', 'UNI_PARTICIPANT_PERSON_WRITE', 1); 
DELETE ARCH_CODE_MEMBER WHERE GROUP_ID=1100014 AND CODE_KEY='PropertiesBean';
INSERT INTO ARCH_CODE_MEMBER ( GROUP_ID, CODE_KEY, DATA, NAME, CODE_COMMENT, STATUS )
	VALUES ( 1100014, 'PropertiesBean', 'Order=101&Existance=Validator', 'com.traiana.core.admin.dynfinobj.beans.props.PropertiesBean', 'PropertiesBean', 1);



---- \TABLES\ARCH_CREDIT_POS_CALL_2_UCM\data.sql
INSERT INTO ARCH_CREDIT_POS_CALL_2_UCM ( ID, POSITION_CALL, UCM_ID ) 
	VALUES ( 26, 1004, 10); 
INSERT INTO ARCH_CREDIT_POS_CALL_2_UCM ( ID, POSITION_CALL, UCM_ID ) 
	VALUES ( 27, 1005, 10); 


------ END OF SCRIPT    1.7.14.1:4 to  1.7.14.1:5---------


DELETE FROM A_DOMAIN WHERE ID=300;
DELETE FROM ARCH_CODE_GROUP where DOMAIN_ID=300;
DELETE FROM ARCH_CODE_MEMBER;
-- USE CODE_MEMBER FILE FOR INSERTS OF PLAT+PROD **
INSERT INTO ARCH_CODE_MEMBER ( GROUP_ID, CODE_KEY, DATA, NAME, CODE_COMMENT,
STATUS ) VALUES (
3, '1', 'String', 'StringParameter', 'String Parameter', 1);
INSERT INTO ARCH_CODE_MEMBER ( GROUP_ID, CODE_KEY, DATA, NAME, CODE_COMMENT,
STATUS ) VALUES (
3, '2', 'Array', 'ArrayParameter', 'Array Parameter', 1);
INSERT INTO ARCH_CODE_MEMBER ( GROUP_ID, CODE_KEY, DATA, NAME, CODE_COMMENT,
STATUS ) VALUES (
3, '3', 'Hash', 'HashParameter', 'Hash Parameter', 1);
INSERT INTO ARCH_CODE_MEMBER ( GROUP_ID, CODE_KEY, DATA, NAME, CODE_COMMENT,
STATUS ) VALUES (
4, '1', 'Pending', 'PENDING', 'Pending Status', 1);
INSERT INTO ARCH_CODE_MEMBER ( GROUP_ID, CODE_KEY, DATA, NAME, CODE_COMMENT,
STATUS ) VALUES (
4, '3', 'Error', 'ERROR', 'Error Status', 1);
INSERT INTO ARCH_CODE_MEMBER ( GROUP_ID, CODE_KEY, DATA, NAME, CODE_COMMENT,
STATUS ) VALUES (
4, '2', 'Succeed', 'SUCCEED', 'Succeed Status', 1);
INSERT INTO ARCH_CODE_MEMBER ( GROUP_ID, CODE_KEY, DATA, NAME, CODE_COMMENT,
STATUS ) VALUES (
5, '1', 'Message', 'MESSAGE', 'Message Initiator', 1);
INSERT INTO ARCH_CODE_MEMBER ( GROUP_ID, CODE_KEY, DATA, NAME, CODE_COMMENT,
STATUS ) VALUES (
5, '2', 'Batch', 'BATCH', 'Batch Initiator', 1);
INSERT INTO ARCH_CODE_MEMBER ( GROUP_ID, CODE_KEY, DATA, NAME, CODE_COMMENT,
STATUS ) VALUES (
6, '0', 'Disable', 'DISABLE', 'Disable', 1);
INSERT INTO ARCH_CODE_MEMBER ( GROUP_ID, CODE_KEY, DATA, NAME, CODE_COMMENT,
STATUS ) VALUES (
6, '1', 'Enable', 'ENABLE', 'Enable', 1);
INSERT INTO ARCH_CODE_MEMBER ( GROUP_ID, CODE_KEY, DATA, NAME, CODE_COMMENT,
STATUS ) VALUES (
6, '-1', 'Deleted', 'DELETED', 'Deleted', 1);
INSERT INTO ARCH_CODE_MEMBER ( GROUP_ID, CODE_KEY, DATA, NAME, CODE_COMMENT,
STATUS ) VALUES (
7, '1', 'insert', 'INSERT', 'Insert Operation', 1);
INSERT INTO ARCH_CODE_MEMBER ( GROUP_ID, CODE_KEY, DATA, NAME, CODE_COMMENT,
STATUS ) VALUES (
7, '2', 'read-only', 'READ_ONLY', 'Read-only Operation', 1);
INSERT INTO ARCH_CODE_MEMBER ( GROUP_ID, CODE_KEY, DATA, NAME, CODE_COMMENT,
STATUS ) VALUES (
7, '3', 'update', 'UPDATE', 'Update Operation', 1);
INSERT INTO ARCH_CODE_MEMBER ( GROUP_ID, CODE_KEY, DATA, NAME, CODE_COMMENT,
STATUS ) VALUES (
8, '2', 'Stage', 'STAGE', 'testcon mode', 1);
INSERT INTO ARCH_CODE_MEMBER ( GROUP_ID, CODE_KEY, DATA, NAME, CODE_COMMENT,
STATUS ) VALUES (
38, '1', 'Service', 'CHECK_MODE_SERVICE', 'Check Mode as Service', 1);
INSERT INTO ARCH_CODE_MEMBER ( GROUP_ID, CODE_KEY, DATA, NAME, CODE_COMMENT,
STATUS ) VALUES (
5, '3', 'Partner', 'PARTNER', 'Partner Initiator', 1);
INSERT INTO ARCH_CODE_MEMBER ( GROUP_ID, CODE_KEY, DATA, NAME, CODE_COMMENT,
STATUS ) VALUES (
9, '1', 'Error', 'ERROR', 'answer error', 1);
INSERT INTO ARCH_CODE_MEMBER ( GROUP_ID, CODE_KEY, DATA, NAME, CODE_COMMENT,
STATUS ) VALUES (
9, '2', 'Success', 'SUCCESS', 'answer success', 1);
INSERT INTO ARCH_CODE_MEMBER ( GROUP_ID, CODE_KEY, DATA, NAME, CODE_COMMENT,
STATUS ) VALUES (
10, '1', 'PreFlow', 'PRE_FLOW', 'pre flow ', 1);
INSERT INTO ARCH_CODE_MEMBER ( GROUP_ID, CODE_KEY, DATA, NAME, CODE_COMMENT,
STATUS ) VALUES (
10, '2', 'Flow', 'FLOW', 'flow', 1);
INSERT INTO ARCH_CODE_MEMBER ( GROUP_ID, CODE_KEY, DATA, NAME, CODE_COMMENT,
STATUS ) VALUES (
11, '1', '1', 'TYPE_ALERT_EVENT_LOG_MSG_ID', NULL, 1);
INSERT INTO ARCH_CODE_MEMBER ( GROUP_ID, CODE_KEY, DATA, NAME, CODE_COMMENT,
STATUS ) VALUES (
11, '2', '2', 'TYPE_ALERT_EVENT_LOG_MSG_DEVISION', NULL, 1);
INSERT INTO ARCH_CODE_MEMBER ( GROUP_ID, CODE_KEY, DATA, NAME, CODE_COMMENT,
STATUS ) VALUES (
13, '1000', 'Organization', 'ORGANIZATION', 'type of organization', 1);
INSERT INTO ARCH_CODE_MEMBER ( GROUP_ID, CODE_KEY, DATA, NAME, CODE_COMMENT,
STATUS ) VALUES (
13, '2000', 'Account', 'ACCOUNT', 'type of account', 1);
INSERT INTO ARCH_CODE_MEMBER ( GROUP_ID, CODE_KEY, DATA, NAME, CODE_COMMENT,
STATUS ) VALUES (
13, '3000', 'Person', 'PERSON', 'type of person', 1);
INSERT INTO ARCH_CODE_MEMBER ( GROUP_ID, CODE_KEY, DATA, NAME, CODE_COMMENT,
STATUS ) VALUES (
12, '1', 'Owns', 'OWNS', 'Ownership of account by legal entity', 1);
INSERT INTO ARCH_CODE_MEMBER ( GROUP_ID, CODE_KEY, DATA, NAME, CODE_COMMENT,
STATUS ) VALUES (
15, '2', 'NonFatal', 'NON_FATAL', 'Non Fatal Error', 1);
INSERT INTO ARCH_CODE_MEMBER ( GROUP_ID, CODE_KEY, DATA, NAME, CODE_COMMENT,
STATUS ) VALUES (
16, '1', 'Fatal', 'FATAL', 'Fatal Error', 1);
INSERT INTO ARCH_CODE_MEMBER ( GROUP_ID, CODE_KEY, DATA, NAME, CODE_COMMENT,
STATUS ) VALUES (
16, '2', 'NonFatal', 'NON_FATAL', 'Non Fatal Error', 1);
INSERT INTO ARCH_CODE_MEMBER ( GROUP_ID, CODE_KEY, DATA, NAME, CODE_COMMENT,
STATUS ) VALUES (
15, '3', 'DataMappingFatalError', 'DATA_MAPPING_FATAL_ERROR', 'data mapping fatal conversation error'
, 1);
INSERT INTO ARCH_CODE_MEMBER ( GROUP_ID, CODE_KEY, DATA, NAME, CODE_COMMENT,
STATUS ) VALUES (
15, '4', 'DataMappingNonFatalError', 'DATA_MAPPING_NON_FATAL_ERROR', 'data mapping non fatal conversation error'
, 1);
INSERT INTO ARCH_CODE_MEMBER ( GROUP_ID, CODE_KEY, DATA, NAME, CODE_COMMENT,
STATUS ) VALUES (
17, '1', 'Normal', 'NORMAL', 'normal batch', 1);
INSERT INTO ARCH_CODE_MEMBER ( GROUP_ID, CODE_KEY, DATA, NAME, CODE_COMMENT,
STATUS ) VALUES (
14, '1', 'Log', 'LOG', 'log type', 1);
INSERT INTO ARCH_CODE_MEMBER ( GROUP_ID, CODE_KEY, DATA, NAME, CODE_COMMENT,
STATUS ) VALUES (
14, '2', 'Account', 'ACCOUNT', 'Account type', 1);
INSERT INTO ARCH_CODE_MEMBER ( GROUP_ID, CODE_KEY, DATA, NAME, CODE_COMMENT,
STATUS ) VALUES (
14, '10', 'Portfolio', 'PORTFOLIO', 'portfolio type', 1);
INSERT INTO ARCH_CODE_MEMBER ( GROUP_ID, CODE_KEY, DATA, NAME, CODE_COMMENT,
STATUS ) VALUES (
15, '1', 'Fatal', 'FATAL', 'Fatal Error', 1);
INSERT INTO ARCH_CODE_MEMBER ( GROUP_ID, CODE_KEY, DATA, NAME, CODE_COMMENT,
STATUS ) VALUES (
17, '2', 'Class', 'CLASS', 'class bacth', 1);
INSERT INTO ARCH_CODE_MEMBER ( GROUP_ID, CODE_KEY, DATA, NAME, CODE_COMMENT,
STATUS ) VALUES (
18, '1', 'UniqueConstraintViolation', 'UNIQUE_CONSTRAINT_VIOLATION', 'Unique constraint or PK constraint violation '
, 1);
INSERT INTO ARCH_CODE_MEMBER ( GROUP_ID, CODE_KEY, DATA, NAME, CODE_COMMENT,
STATUS ) VALUES (
18, '2', 'GeneralFailure', 'GENERAL_FAILURE', 'Any error other than unique/pk violation'
, 1);
INSERT INTO ARCH_CODE_MEMBER ( GROUP_ID, CODE_KEY, DATA, NAME, CODE_COMMENT,
STATUS ) VALUES (
19, '1', 'Flow Mode Normal', 'MODE_FLOW_LEGACY', 'MODE_FLOW_LEGACY', 1);
INSERT INTO ARCH_CODE_MEMBER ( GROUP_ID, CODE_KEY, DATA, NAME, CODE_COMMENT,
STATUS ) VALUES (
19, '2', 'Flow Mode SM', 'MODE_FLOW_SM', 'MODE_FLOW_SM', 1);
INSERT INTO ARCH_CODE_MEMBER ( GROUP_ID, CODE_KEY, DATA, NAME, CODE_COMMENT,
STATUS ) VALUES (
15, '5', 'RequiredEmptyError', 'REQUIRED_EMPTY_ERROR', 'required empty transformer error'
, 1);
INSERT INTO ARCH_CODE_MEMBER ( GROUP_ID, CODE_KEY, DATA, NAME, CODE_COMMENT,
STATUS ) VALUES (
15, '6', 'ParserError', 'PARSER_ERROR', 'parser transformer error', 1);
INSERT INTO ARCH_CODE_MEMBER ( GROUP_ID, CODE_KEY, DATA, NAME, CODE_COMMENT,
STATUS ) VALUES (
15, '7', 'SchemaError', 'SCHEMA_ERROR', 'schema check error in transformer', 1);
INSERT INTO ARCH_CODE_MEMBER ( GROUP_ID, CODE_KEY, DATA, NAME, CODE_COMMENT,
STATUS ) VALUES (
21, '1', '1', 'TYPE_PROD', 'TYPE_PROD', 1);
INSERT INTO ARCH_CODE_MEMBER ( GROUP_ID, CODE_KEY, DATA, NAME, CODE_COMMENT,
STATUS ) VALUES (
21, '2', '2', 'TYPE_TEST', 'TYPE_TEST', 1);
INSERT INTO ARCH_CODE_MEMBER ( GROUP_ID, CODE_KEY, DATA, NAME, CODE_COMMENT,
STATUS ) VALUES (
22, '1', 'Domain Owner', 'ROOT_ORGANIZATION', 'The organization owning the domain'
, 1);
INSERT INTO ARCH_CODE_MEMBER ( GROUP_ID, CODE_KEY, DATA, NAME, CODE_COMMENT,
STATUS ) VALUES (
33, '12', '3', 'CLIENT_2_ORG', 'Client->Org', 1);
INSERT INTO ARCH_CODE_MEMBER ( GROUP_ID, CODE_KEY, DATA, NAME, CODE_COMMENT,
STATUS ) VALUES (
10, '3', 'NestedFlowInPreFlow', 'NESTED_FLOW_IN_PRE_FLOW', 'nested flow in flow', 1);
INSERT INTO ARCH_CODE_MEMBER ( GROUP_ID, CODE_KEY, DATA, NAME, CODE_COMMENT,
STATUS ) VALUES (
25, '1', 'Owns', 'OWNS', 'Acc'' owns other Acc''', 1);
INSERT INTO ARCH_CODE_MEMBER ( GROUP_ID, CODE_KEY, DATA, NAME, CODE_COMMENT,
STATUS ) VALUES (
26, '1', 'In', 'IN', 'Direction in', 1);
INSERT INTO ARCH_CODE_MEMBER ( GROUP_ID, CODE_KEY, DATA, NAME, CODE_COMMENT,
STATUS ) VALUES (
26, '2', 'Out', 'OUT', 'Direction out', 1);
INSERT INTO ARCH_CODE_MEMBER ( GROUP_ID, CODE_KEY, DATA, NAME, CODE_COMMENT,
STATUS ) VALUES (
'27', '1', 'Arch Administrator', 'ARCH_ADMIN_ROLE', 'Arch solution administrator role'
, 1);
INSERT INTO ARCH_CODE_MEMBER ( GROUP_ID, CODE_KEY, DATA, NAME, CODE_COMMENT,
STATUS ) VALUES (
'27', '2', 'Arch Operator', 'ARCH_OPER_ROLE', 'Arch solution operator role', 1);
INSERT INTO ARCH_CODE_MEMBER ( GROUP_ID, CODE_KEY, DATA, NAME, CODE_COMMENT,
STATUS ) VALUES (
14, '3', 'Organization', 'ORGANIZATION', 'Organization type', 1);
INSERT INTO ARCH_CODE_MEMBER ( GROUP_ID, CODE_KEY, DATA, NAME, CODE_COMMENT,
STATUS ) VALUES (
14, '4', 'Person', 'PERSON', 'Person type', 1);
INSERT INTO ARCH_CODE_MEMBER ( GROUP_ID, CODE_KEY, DATA, NAME, CODE_COMMENT,
STATUS ) VALUES (
28, '2', '23001', 'NON_FATAL', 'FATAL', 1);
INSERT INTO ARCH_CODE_MEMBER ( GROUP_ID, CODE_KEY, DATA, NAME, CODE_COMMENT,
STATUS ) VALUES (
28, '4', '23000', 'DATA_MAPPING_NON_FATAL_ERROR', 'DATA_MAPPING_NON_FATAL_ERROR', 1);
INSERT INTO ARCH_CODE_MEMBER ( GROUP_ID, CODE_KEY, DATA, NAME, CODE_COMMENT,
STATUS ) VALUES (
28, '7', '23002', 'SCHEMA_ERROR', 'SCHEMA_ERROR', 1);
INSERT INTO ARCH_CODE_MEMBER ( GROUP_ID, CODE_KEY, DATA, NAME, CODE_COMMENT,
STATUS ) VALUES (
28, '6', '23003', 'PARSER_ERROR', 'PARSER_ERROR', 1);
INSERT INTO ARCH_CODE_MEMBER ( GROUP_ID, CODE_KEY, DATA, NAME, CODE_COMMENT,
STATUS ) VALUES (
28, '10', '23006', 'PROTOCOL_CONVERSION_ERROR', 'PROTOCOL_CONVERSION_ERROR', 1);
INSERT INTO ARCH_CODE_MEMBER ( GROUP_ID, CODE_KEY, DATA, NAME, CODE_COMMENT,
STATUS ) VALUES (
28, '11', '23007', 'PROTOCOL_GROUPING_ERROR', 'PROTOCOL_GROUPING_ERROR', 1);
INSERT INTO ARCH_CODE_MEMBER ( GROUP_ID, CODE_KEY, DATA, NAME, CODE_COMMENT,
STATUS ) VALUES (
28, '9', '23005', 'PROTOCOL_VALIDATION_ERROR', 'PROTOCOL_VALIDATION_ERROR', 1);
INSERT INTO ARCH_CODE_MEMBER ( GROUP_ID, CODE_KEY, DATA, NAME, CODE_COMMENT,
STATUS ) VALUES (
200006, '0', 'Disable', 'DISABLE', 'Disable', 1);
INSERT INTO ARCH_CODE_MEMBER ( GROUP_ID, CODE_KEY, DATA, NAME, CODE_COMMENT,
STATUS ) VALUES (
200006, '1', 'Enable', 'ENABLE', 'Enable', 1);
INSERT INTO ARCH_CODE_MEMBER ( GROUP_ID, CODE_KEY, DATA, NAME, CODE_COMMENT,
STATUS ) VALUES (
200006, '-1', 'Deleted', 'DELETED', 'Deleted', 1);
INSERT INTO ARCH_CODE_MEMBER ( GROUP_ID, CODE_KEY, DATA, NAME, CODE_COMMENT,
STATUS ) VALUES (
11, '3', '3', 'TYPE_NOTIFICATION_EVENT', NULL, 1);
INSERT INTO ARCH_CODE_MEMBER ( GROUP_ID, CODE_KEY, DATA, NAME, CODE_COMMENT,
STATUS ) VALUES (
14, '5', 'Bank', 'BANK', 'Bank type', 1);
INSERT INTO ARCH_CODE_MEMBER ( GROUP_ID, CODE_KEY, DATA, NAME, CODE_COMMENT,
STATUS ) VALUES (
14, '6', 'Client', 'CLIENT', 'Client type', 1);
INSERT INTO ARCH_CODE_MEMBER ( GROUP_ID, CODE_KEY, DATA, NAME, CODE_COMMENT,
STATUS ) VALUES (
14, '7', 'Fund', 'FUND', 'Fund type', 1);
INSERT INTO ARCH_CODE_MEMBER ( GROUP_ID, CODE_KEY, DATA, NAME, CODE_COMMENT,
STATUS ) VALUES (
33, '1', '3', 'DOMAIN_OWNER_2_ORG', 'DoaminOwner->Org', 1);
INSERT INTO ARCH_CODE_MEMBER ( GROUP_ID, CODE_KEY, DATA, NAME, CODE_COMMENT,
STATUS ) VALUES (
33, '13', '3', 'BANK_2_ORG', 'Bank->Org', 1);
INSERT INTO ARCH_CODE_MEMBER ( GROUP_ID, CODE_KEY, DATA, NAME, CODE_COMMENT,
STATUS ) VALUES (
33, '11', '7', 'FUND_2_FUND', 'Fund->Fund', 1);
INSERT INTO ARCH_CODE_MEMBER ( GROUP_ID, CODE_KEY, DATA, NAME, CODE_COMMENT,
STATUS ) VALUES (
33, '14', '3', 'EXT_BANK_2_ORG', 'External Bank->Org', 1);
INSERT INTO ARCH_CODE_MEMBER ( GROUP_ID, CODE_KEY, DATA, NAME, CODE_COMMENT,
STATUS ) VALUES (
33, '15', '3', 'PB_2_ORG', 'Primaty Broker->Org', 1);
INSERT INTO ARCH_CODE_MEMBER ( GROUP_ID, CODE_KEY, DATA, NAME, CODE_COMMENT,
STATUS ) VALUES (
10, '4', 'NestedFlowInFlow', 'NESTED_FLOW_IN_FLOW', 'nested flow in pre flow', 1);
INSERT INTO ARCH_CODE_MEMBER ( GROUP_ID, CODE_KEY, DATA, NAME, CODE_COMMENT,
STATUS ) VALUES (
34, '1', '-1', 'log-no', 'Log to nothing', 1);
INSERT INTO ARCH_CODE_MEMBER ( GROUP_ID, CODE_KEY, DATA, NAME, CODE_COMMENT,
STATUS ) VALUES (
34, '2', '2000', 'Account-Account', 'Account-Account', 1);
INSERT INTO ARCH_CODE_MEMBER ( GROUP_ID, CODE_KEY, DATA, NAME, CODE_COMMENT,
STATUS ) VALUES (
34, '3', '1000', 'Org-Org', 'Organization-Organization', 1);
INSERT INTO ARCH_CODE_MEMBER ( GROUP_ID, CODE_KEY, DATA, NAME, CODE_COMMENT,
STATUS ) VALUES (
34, '4', '3000', 'Person-Person', 'Person-Person', 1);
INSERT INTO ARCH_CODE_MEMBER ( GROUP_ID, CODE_KEY, DATA, NAME, CODE_COMMENT,
STATUS ) VALUES (
34, '5', '1000', 'Bank-Org', 'Bank-Org', 1);
INSERT INTO ARCH_CODE_MEMBER ( GROUP_ID, CODE_KEY, DATA, NAME, CODE_COMMENT,
STATUS ) VALUES (
34, '6', '1000', 'Client-Org', 'Client-Org', 1);
INSERT INTO ARCH_CODE_MEMBER ( GROUP_ID, CODE_KEY, DATA, NAME, CODE_COMMENT,
STATUS ) VALUES (
34, '7', '1000', 'Fund-Org', 'Fund-Org', 1);
INSERT INTO ARCH_CODE_MEMBER ( GROUP_ID, CODE_KEY, DATA, NAME, CODE_COMMENT,
STATUS ) VALUES (
34, '8', '1000', 'ExtBank-Org', 'ExtBank-Org', 1);
INSERT INTO ARCH_CODE_MEMBER ( GROUP_ID, CODE_KEY, DATA, NAME, CODE_COMMENT,
STATUS ) VALUES (
34, '9', '1000', 'PB-Org', 'PB-Org', 1);
INSERT INTO ARCH_CODE_MEMBER ( GROUP_ID, CODE_KEY, DATA, NAME, CODE_COMMENT,
STATUS ) VALUES (
37, '1', 'Error', 'ERROR', 'error severity', 1);
INSERT INTO ARCH_CODE_MEMBER ( GROUP_ID, CODE_KEY, DATA, NAME, CODE_COMMENT,
STATUS ) VALUES (
37, '2', 'Warning', 'WARNING', 'warning severity', 1);
INSERT INTO ARCH_CODE_MEMBER ( GROUP_ID, CODE_KEY, DATA, NAME, CODE_COMMENT,
STATUS ) VALUES (
37, '4', 'Info', 'INFO', 'info severity', 1);
INSERT INTO ARCH_CODE_MEMBER ( GROUP_ID, CODE_KEY, DATA, NAME, CODE_COMMENT,
STATUS ) VALUES (
8, '1', 'Production Mode', 'PROD', 'production mode', 1);
INSERT INTO ARCH_CODE_MEMBER ( GROUP_ID, CODE_KEY, DATA, NAME, CODE_COMMENT,
STATUS ) VALUES (
38, '2', 'Scheduler', 'CHECK_MODE_SCHEDULER', 'Check mode as scheduler', 1);
INSERT INTO ARCH_CODE_MEMBER ( GROUP_ID, CODE_KEY, DATA, NAME, CODE_COMMENT,
STATUS ) VALUES (
41, '1', 'com.traiana.core.da.archcondir.dao.ArchConDirRecord', 'DIR_OUT', 'Directory Out'
, 1);
INSERT INTO ARCH_CODE_MEMBER ( GROUP_ID, CODE_KEY, DATA, NAME, CODE_COMMENT,
STATUS ) VALUES (
41, '10', 'com.traiana.core.da.archconmqchecker.dao.ArchConMqCheckerRecord', 'MQ_IN'
, 'Mq In', 1);
INSERT INTO ARCH_CODE_MEMBER ( GROUP_ID, CODE_KEY, DATA, NAME, CODE_COMMENT,
STATUS ) VALUES (
41, '2', 'com.traiana.core.da.archcondirchecker.dao.ArchConDirCheckerRecord', 'DIR_IN'
, 'Directory In', 1);
INSERT INTO ARCH_CODE_MEMBER ( GROUP_ID, CODE_KEY, DATA, NAME, CODE_COMMENT,
STATUS ) VALUES (
41, '3', 'com.traiana.core.da.archconftp.dao.ArchConFtpRecord', 'FTP_OUT', 'Ftp Out'
, 1);
INSERT INTO ARCH_CODE_MEMBER ( GROUP_ID, CODE_KEY, DATA, NAME, CODE_COMMENT,
STATUS ) VALUES (
41, '4', 'com.traiana.core.da.archconftpchecker.dao.ArchConFtpCheckerRecord', 'FTP_IN'
, 'FTP In', 1);
INSERT INTO ARCH_CODE_MEMBER ( GROUP_ID, CODE_KEY, DATA, NAME, CODE_COMMENT,
STATUS ) VALUES (
41, '5', 'com.traiana.core.da.archcongeneric.dao.ArchConGenericRecord', 'GEN_OUT'
, 'Generic Out', 1);
INSERT INTO ARCH_CODE_MEMBER ( GROUP_ID, CODE_KEY, DATA, NAME, CODE_COMMENT,
STATUS ) VALUES (
41, '6', 'com.traiana.core.da.archconhttp.dao.ArchConHttpRecord', 'HTTP_OUT', 'Http Out'
, 1);
INSERT INTO ARCH_CODE_MEMBER ( GROUP_ID, CODE_KEY, DATA, NAME, CODE_COMMENT,
STATUS ) VALUES (
41, '7', 'com.traiana.core.da.archconmail.dao.ArchConMailRecord', 'MAIL_OUT', 'Mail Out'
, 1);
INSERT INTO ARCH_CODE_MEMBER ( GROUP_ID, CODE_KEY, DATA, NAME, CODE_COMMENT,
STATUS ) VALUES (
41, '8', 'com.traiana.core.da.archconmailchecker.dao.ArchConMailCheckerRecord', 'MAIL_IN'
, 'Mail In', 1);
INSERT INTO ARCH_CODE_MEMBER ( GROUP_ID, CODE_KEY, DATA, NAME, CODE_COMMENT,
STATUS ) VALUES (
41, '9', 'com.traiana.core.da.archconmq.dao.ArchConMqRecord', 'MQ_OUT', 'Mq Out', 1);
INSERT INTO ARCH_CODE_MEMBER ( GROUP_ID, CODE_KEY, DATA, NAME, CODE_COMMENT,
STATUS ) VALUES (
39, '0', 'Disable', 'CON_STATUS_DISABLE', NULL, 1);
INSERT INTO ARCH_CODE_MEMBER ( GROUP_ID, CODE_KEY, DATA, NAME, CODE_COMMENT,
STATUS ) VALUES (
39, '1', 'Enable', 'CON_STATUS_ENABLE', NULL, 1);
INSERT INTO ARCH_CODE_MEMBER ( GROUP_ID, CODE_KEY, DATA, NAME, CODE_COMMENT,
STATUS ) VALUES (
40, '1', 'Dir Out Connector', 'ARCH_CON_DIR', 'Added by generator', 1);
INSERT INTO ARCH_CODE_MEMBER ( GROUP_ID, CODE_KEY, DATA, NAME, CODE_COMMENT,
STATUS ) VALUES (
40, '10', 'Mq in Connector', 'ARCH_CON_MQ_CHECKER', 'Added by generator', 1);
INSERT INTO ARCH_CODE_MEMBER ( GROUP_ID, CODE_KEY, DATA, NAME, CODE_COMMENT,
STATUS ) VALUES (
40, '2', 'Dir In Connector', 'ARCH_CON_DIR_CHECKER', 'Added by generator', 1);
INSERT INTO ARCH_CODE_MEMBER ( GROUP_ID, CODE_KEY, DATA, NAME, CODE_COMMENT,
STATUS ) VALUES (
40, '3', 'Ftp Out Connector', 'ARCH_CON_FTP', 'Added by generator', 1);
INSERT INTO ARCH_CODE_MEMBER ( GROUP_ID, CODE_KEY, DATA, NAME, CODE_COMMENT,
STATUS ) VALUES (
40, '4', 'Ftp In Connector', 'ARCH_CON_FTP_CHECKER', 'Added by generator', 1);
INSERT INTO ARCH_CODE_MEMBER ( GROUP_ID, CODE_KEY, DATA, NAME, CODE_COMMENT,
STATUS ) VALUES (
40, '6', 'Http out Connector', 'ARCH_CON_HTTP', 'Added by generator', 1);
INSERT INTO ARCH_CODE_MEMBER ( GROUP_ID, CODE_KEY, DATA, NAME, CODE_COMMENT,
STATUS ) VALUES (
40, '7', 'Mail out Connector', 'ARCH_CON_MAIL', 'Added by generator', 1);
INSERT INTO ARCH_CODE_MEMBER ( GROUP_ID, CODE_KEY, DATA, NAME, CODE_COMMENT,
STATUS ) VALUES (
40, '8', 'Mail in Connector', 'ARCH_CON_MAIL_CHECKER', 'Added by generator', 1);
INSERT INTO ARCH_CODE_MEMBER ( GROUP_ID, CODE_KEY, DATA, NAME, CODE_COMMENT,
STATUS ) VALUES (
40, '9', 'Mq out Connector', 'ARCH_CON_MQ', 'Added by generator', 1);
INSERT INTO ARCH_CODE_MEMBER ( GROUP_ID, CODE_KEY, DATA, NAME, CODE_COMMENT,
STATUS ) VALUES (
1008, '233', 'AddressId', 'ADDRESS_ID', NULL, 1);
INSERT INTO ARCH_CODE_MEMBER ( GROUP_ID, CODE_KEY, DATA, NAME, CODE_COMMENT,
STATUS ) VALUES (
1008, '234', 'Queuename', 'QUEUENAME', NULL, 1);
INSERT INTO ARCH_CODE_MEMBER ( GROUP_ID, CODE_KEY, DATA, NAME, CODE_COMMENT,
STATUS ) VALUES (
1008, '235', 'Qmgr', 'QMGR', NULL, 1);
INSERT INTO ARCH_CODE_MEMBER ( GROUP_ID, CODE_KEY, DATA, NAME, CODE_COMMENT,
STATUS ) VALUES (
1008, '238', 'MqServerPort', 'MQ_SERVER_PORT', NULL, 1);
INSERT INTO ARCH_CODE_MEMBER ( GROUP_ID, CODE_KEY, DATA, NAME, CODE_COMMENT,
STATUS ) VALUES (
1008, '239', 'CheckMode', 'CHECK_MODE', NULL, 1);
INSERT INTO ARCH_CODE_MEMBER ( GROUP_ID, CODE_KEY, DATA, NAME, CODE_COMMENT,
STATUS ) VALUES (
1008, '237', 'MqServerName', 'MQ_SERVER_NAME', NULL, 1);
INSERT INTO ARCH_CODE_MEMBER ( GROUP_ID, CODE_KEY, DATA, NAME, CODE_COMMENT,
STATUS ) VALUES (
1008, '236', 'ListenerClassName', 'LISTENER_CLASS_NAME', NULL, 1);
INSERT INTO ARCH_CODE_MEMBER ( GROUP_ID, CODE_KEY, DATA, NAME, CODE_COMMENT,
STATUS ) VALUES (
1007, '213', 'AddressId', 'ADDRESS_ID', NULL, 1);
INSERT INTO ARCH_CODE_MEMBER ( GROUP_ID, CODE_KEY, DATA, NAME, CODE_COMMENT,
STATUS ) VALUES (
1007, '214', 'QueueMgr', 'QUEUE_MGR', NULL, 1);
INSERT INTO ARCH_CODE_MEMBER ( GROUP_ID, CODE_KEY, DATA, NAME, CODE_COMMENT,
STATUS ) VALUES (
1007, '215', 'QueueName', 'QUEUE_NAME', NULL, 1);
INSERT INTO ARCH_CODE_MEMBER ( GROUP_ID, CODE_KEY, DATA, NAME, CODE_COMMENT,
STATUS ) VALUES (
1007, '216', 'ImplClass', 'IMPL_CLASS', NULL, 1);
INSERT INTO ARCH_CODE_MEMBER ( GROUP_ID, CODE_KEY, DATA, NAME, CODE_COMMENT,
STATUS ) VALUES (
1007, '218', 'MqServerPort', 'MQ_SERVER_PORT', NULL, 1);
INSERT INTO ARCH_CODE_MEMBER ( GROUP_ID, CODE_KEY, DATA, NAME, CODE_COMMENT,
STATUS ) VALUES (
1007, '217', 'MqServerName', 'MQ_SERVER_NAME', NULL, 1);
INSERT INTO ARCH_CODE_MEMBER ( GROUP_ID, CODE_KEY, DATA, NAME, CODE_COMMENT,
STATUS ) VALUES (
1006, '193', 'AddressId', 'ADDRESS_ID', NULL, 1);
INSERT INTO ARCH_CODE_MEMBER ( GROUP_ID, CODE_KEY, DATA, NAME, CODE_COMMENT,
STATUS ) VALUES (
1006, '194', 'UserName', 'USER_NAME', NULL, 1);
INSERT INTO ARCH_CODE_MEMBER ( GROUP_ID, CODE_KEY, DATA, NAME, CODE_COMMENT,
STATUS ) VALUES (
1006, '196', 'HookClass', 'HOOK_CLASS', NULL, 1);
INSERT INTO ARCH_CODE_MEMBER ( GROUP_ID, CODE_KEY, DATA, NAME, CODE_COMMENT,
STATUS ) VALUES (
1006, '195', 'Pass', 'PASS', NULL, 1);
INSERT INTO ARCH_CODE_MEMBER ( GROUP_ID, CODE_KEY, DATA, NAME, CODE_COMMENT,
STATUS ) VALUES (
1006, '199', 'CheckMode', 'CHECK_MODE', NULL, 1);
INSERT INTO ARCH_CODE_MEMBER ( GROUP_ID, CODE_KEY, DATA, NAME, CODE_COMMENT,
STATUS ) VALUES (
1006, '198', 'DecoderClass', 'DECODER_CLASS', NULL, 1);
INSERT INTO ARCH_CODE_MEMBER ( GROUP_ID, CODE_KEY, DATA, NAME, CODE_COMMENT,
STATUS ) VALUES (
1006, '197', 'DataMode', 'DATA_MODE', NULL, 1);
INSERT INTO ARCH_CODE_MEMBER ( GROUP_ID, CODE_KEY, DATA, NAME, CODE_COMMENT,
STATUS ) VALUES (
1005, '172', 'AddressId', 'ADDRESS_ID', NULL, 1);
INSERT INTO ARCH_CODE_MEMBER ( GROUP_ID, CODE_KEY, DATA, NAME, CODE_COMMENT,
STATUS ) VALUES (
1005, '173', 'MailRecipients', 'MAIL_RECIPIENTS', NULL, 1);
INSERT INTO ARCH_CODE_MEMBER ( GROUP_ID, CODE_KEY, DATA, NAME, CODE_COMMENT,
STATUS ) VALUES (
1005, '175', 'MailFrom', 'MAIL_FROM', NULL, 1);
INSERT INTO ARCH_CODE_MEMBER ( GROUP_ID, CODE_KEY, DATA, NAME, CODE_COMMENT,
STATUS ) VALUES (
1005, '174', 'Subject', 'SUBJECT', NULL, 1);
INSERT INTO ARCH_CODE_MEMBER ( GROUP_ID, CODE_KEY, DATA, NAME, CODE_COMMENT,
STATUS ) VALUES (
1005, '177', 'HookClass', 'HOOK_CLASS', NULL, 1);
INSERT INTO ARCH_CODE_MEMBER ( GROUP_ID, CODE_KEY, DATA, NAME, CODE_COMMENT,
STATUS ) VALUES (
1005, '178', 'ImplClass', 'IMPL_CLASS', NULL, 1);
INSERT INTO ARCH_CODE_MEMBER ( GROUP_ID, CODE_KEY, DATA, NAME, CODE_COMMENT,
STATUS ) VALUES (
1005, '176', 'Attachment', 'ATTACHMENT', NULL, 1);
INSERT INTO ARCH_CODE_MEMBER ( GROUP_ID, CODE_KEY, DATA, NAME, CODE_COMMENT,
STATUS ) VALUES (
1004, '166', 'AddressId', 'ADDRESS_ID', NULL, 1);
INSERT INTO ARCH_CODE_MEMBER ( GROUP_ID, CODE_KEY, DATA, NAME, CODE_COMMENT,
STATUS ) VALUES (
1004, '167', 'Url', 'URL', NULL, 1);
INSERT INTO ARCH_CODE_MEMBER ( GROUP_ID, CODE_KEY, DATA, NAME, CODE_COMMENT,
STATUS ) VALUES (
1004, '168', 'ImplClass', 'IMPL_CLASS', NULL, 1);
INSERT INTO ARCH_CODE_MEMBER ( GROUP_ID, CODE_KEY, DATA, NAME, CODE_COMMENT,
STATUS ) VALUES (
1003, '153', 'AddressId', 'ADDRESS_ID', NULL, 1);
INSERT INTO ARCH_CODE_MEMBER ( GROUP_ID, CODE_KEY, DATA, NAME, CODE_COMMENT,
STATUS ) VALUES (
1003, '154', 'Server', 'SERVER', NULL, 1);
INSERT INTO ARCH_CODE_MEMBER ( GROUP_ID, CODE_KEY, DATA, NAME, CODE_COMMENT,
STATUS ) VALUES (
1003, '155', 'Port', 'PORT', NULL, 1);
INSERT INTO ARCH_CODE_MEMBER ( GROUP_ID, CODE_KEY, DATA, NAME, CODE_COMMENT,
STATUS ) VALUES (
1003, '158', 'Directory', 'DIRECTORY', NULL, 1);
INSERT INTO ARCH_CODE_MEMBER ( GROUP_ID, CODE_KEY, DATA, NAME, CODE_COMMENT,
STATUS ) VALUES (
1003, '157', 'Password', 'PASSWORD', NULL, 1);
INSERT INTO ARCH_CODE_MEMBER ( GROUP_ID, CODE_KEY, DATA, NAME, CODE_COMMENT,
STATUS ) VALUES (
1003, '156', 'UserName', 'USER_NAME', NULL, 1);
INSERT INTO ARCH_CODE_MEMBER ( GROUP_ID, CODE_KEY, DATA, NAME, CODE_COMMENT,
STATUS ) VALUES (
1003, '159', 'HookClass', 'HOOK_CLASS', NULL, 1);
INSERT INTO ARCH_CODE_MEMBER ( GROUP_ID, CODE_KEY, DATA, NAME, CODE_COMMENT,
STATUS ) VALUES (
1003, '161', 'FileName', 'FILE_NAME', NULL, 1);
INSERT INTO ARCH_CODE_MEMBER ( GROUP_ID, CODE_KEY, DATA, NAME, CODE_COMMENT,
STATUS ) VALUES (
1003, '162', 'CheckMode', 'CHECK_MODE', NULL, 1);
INSERT INTO ARCH_CODE_MEMBER ( GROUP_ID, CODE_KEY, DATA, NAME, CODE_COMMENT,
STATUS ) VALUES (
1003, '160', 'DataMode', 'DATA_MODE', NULL, 1);
INSERT INTO ARCH_CODE_MEMBER ( GROUP_ID, CODE_KEY, DATA, NAME, CODE_COMMENT,
STATUS ) VALUES (
1002, '131', 'AddressId', 'ADDRESS_ID', NULL, 1);
INSERT INTO ARCH_CODE_MEMBER ( GROUP_ID, CODE_KEY, DATA, NAME, CODE_COMMENT,
STATUS ) VALUES (
1002, '132', 'UserName', 'USER_NAME', NULL, 1);
INSERT INTO ARCH_CODE_MEMBER ( GROUP_ID, CODE_KEY, DATA, NAME, CODE_COMMENT,
STATUS ) VALUES (
1002, '134', 'Server', 'SERVER', NULL, 1);
INSERT INTO ARCH_CODE_MEMBER ( GROUP_ID, CODE_KEY, DATA, NAME, CODE_COMMENT,
STATUS ) VALUES (
1002, '135', 'Directory', 'DIRECTORY', NULL, 1);
INSERT INTO ARCH_CODE_MEMBER ( GROUP_ID, CODE_KEY, DATA, NAME, CODE_COMMENT,
STATUS ) VALUES (
1002, '133', 'Password', 'PASSWORD', NULL, 1);
INSERT INTO ARCH_CODE_MEMBER ( GROUP_ID, CODE_KEY, DATA, NAME, CODE_COMMENT,
STATUS ) VALUES (
1002, '136', 'FileName', 'FILE_NAME', NULL, 1);
INSERT INTO ARCH_CODE_MEMBER ( GROUP_ID, CODE_KEY, DATA, NAME, CODE_COMMENT,
STATUS ) VALUES (
1002, '138', 'Port', 'PORT', NULL, 1);
INSERT INTO ARCH_CODE_MEMBER ( GROUP_ID, CODE_KEY, DATA, NAME, CODE_COMMENT,
STATUS ) VALUES (
1002, '139', 'ImplClass', 'IMPL_CLASS', NULL, 1);
INSERT INTO ARCH_CODE_MEMBER ( GROUP_ID, CODE_KEY, DATA, NAME, CODE_COMMENT,
STATUS ) VALUES (
1002, '137', 'HookClass', 'HOOK_CLASS', NULL, 1);
INSERT INTO ARCH_CODE_MEMBER ( GROUP_ID, CODE_KEY, DATA, NAME, CODE_COMMENT,
STATUS ) VALUES (
1001, '123', 'AddressId', 'ADDRESS_ID', NULL, 1);
INSERT INTO ARCH_CODE_MEMBER ( GROUP_ID, CODE_KEY, DATA, NAME, CODE_COMMENT,
STATUS ) VALUES (
1001, '124', 'Directory', 'DIRECTORY', NULL, 1);
INSERT INTO ARCH_CODE_MEMBER ( GROUP_ID, CODE_KEY, DATA, NAME, CODE_COMMENT,
STATUS ) VALUES (
1001, '125', 'HookClass', 'HOOK_CLASS', NULL, 1);
INSERT INTO ARCH_CODE_MEMBER ( GROUP_ID, CODE_KEY, DATA, NAME, CODE_COMMENT,
STATUS ) VALUES (
1001, '127', 'CheckMode', 'CHECK_MODE', NULL, 1);
INSERT INTO ARCH_CODE_MEMBER ( GROUP_ID, CODE_KEY, DATA, NAME, CODE_COMMENT,
STATUS ) VALUES (
1001, '126', 'DataMode', 'DATA_MODE', NULL, 1);
INSERT INTO ARCH_CODE_MEMBER ( GROUP_ID, CODE_KEY, DATA, NAME, CODE_COMMENT,
STATUS ) VALUES (
1000, '103', 'AddressId', 'ADDRESS_ID', NULL, 1);
INSERT INTO ARCH_CODE_MEMBER ( GROUP_ID, CODE_KEY, DATA, NAME, CODE_COMMENT,
STATUS ) VALUES (
1000, '104', 'Directory', 'DIRECTORY', NULL, 1);
INSERT INTO ARCH_CODE_MEMBER ( GROUP_ID, CODE_KEY, DATA, NAME, CODE_COMMENT,
STATUS ) VALUES (
1000, '105', 'FileName', 'FILE_NAME', NULL, 1);
INSERT INTO ARCH_CODE_MEMBER ( GROUP_ID, CODE_KEY, DATA, NAME, CODE_COMMENT,
STATUS ) VALUES (
1000, '106', 'HookClass', 'HOOK_CLASS', NULL, 1);
INSERT INTO ARCH_CODE_MEMBER ( GROUP_ID, CODE_KEY, DATA, NAME, CODE_COMMENT,
STATUS ) VALUES (
1000, '107', 'RenameInterval', 'RENAME_INTERVAL', NULL, 1);
INSERT INTO ARCH_CODE_MEMBER ( GROUP_ID, CODE_KEY, DATA, NAME, CODE_COMMENT,
STATUS ) VALUES (
1000, '108', 'RenameNeeded', 'RENAME_NEEDED', NULL, 1);
INSERT INTO ARCH_CODE_MEMBER ( GROUP_ID, CODE_KEY, DATA, NAME, CODE_COMMENT,
STATUS ) VALUES (
1000, '109', 'ImplClass', 'IMPL_CLASS', NULL, 1);
INSERT INTO ARCH_CODE_MEMBER ( GROUP_ID, CODE_KEY, DATA, NAME, CODE_COMMENT,
STATUS ) VALUES (
41, '11', 'com.traiana.core.da.archcondb.dao.ArchConDbRecord', 'DB_OUT', 'Db Out '
, 1);
INSERT INTO ARCH_CODE_MEMBER ( GROUP_ID, CODE_KEY, DATA, NAME, CODE_COMMENT,
STATUS ) VALUES (
20, '100', 'Domain', 'DOMAIN', 'Domain object', 1);
INSERT INTO ARCH_CODE_MEMBER ( GROUP_ID, CODE_KEY, DATA, NAME, CODE_COMMENT,
STATUS ) VALUES (
20, '1000', 'Organization', 'ORGANIZATION', 'Root organization object', 1);
INSERT INTO ARCH_CODE_MEMBER ( GROUP_ID, CODE_KEY, DATA, NAME, CODE_COMMENT,
STATUS ) VALUES (
20, '10000', 'Address', 'ADDRESS', 'Adress Object', 1);
INSERT INTO ARCH_CODE_MEMBER ( GROUP_ID, CODE_KEY, DATA, NAME, CODE_COMMENT,
STATUS ) VALUES (
20, '2000', 'Account', 'ACCOUNT', 'Root account object', 1);
INSERT INTO ARCH_CODE_MEMBER ( GROUP_ID, CODE_KEY, DATA, NAME, CODE_COMMENT,
STATUS ) VALUES (
20, '3000', 'Person', 'PERSON', 'Root person object', 1);
INSERT INTO ARCH_CODE_MEMBER ( GROUP_ID, CODE_KEY, DATA, NAME, CODE_COMMENT,
STATUS ) VALUES (
20, '4000', 'TradingActivity', 'TRADING_ACTIVITY', 'Root trading activity object'
, 1);
INSERT INTO ARCH_CODE_MEMBER ( GROUP_ID, CODE_KEY, DATA, NAME, CODE_COMMENT,
STATUS ) VALUES (
20, '4001', 'Transfer', 'TRANSFER', 'Transfer object', 1);
INSERT INTO ARCH_CODE_MEMBER ( GROUP_ID, CODE_KEY, DATA, NAME, CODE_COMMENT,
STATUS ) VALUES (
20, '4002', 'Transaction', 'TRANSACTION', 'Transaction object', 1);
INSERT INTO ARCH_CODE_MEMBER ( GROUP_ID, CODE_KEY, DATA, NAME, CODE_COMMENT,
STATUS ) VALUES (
20, '4003', 'Noe', 'NOE', 'Noe object', 1);
INSERT INTO ARCH_CODE_MEMBER ( GROUP_ID, CODE_KEY, DATA, NAME, CODE_COMMENT,
STATUS ) VALUES (
20, '4004', 'Oa', 'OA', 'Oa object', 1);
INSERT INTO ARCH_CODE_MEMBER ( GROUP_ID, CODE_KEY, DATA, NAME, CODE_COMMENT,
STATUS ) VALUES (
20, '4005', 'Trade', 'TRADE', 'Trade Object', 1);
INSERT INTO ARCH_CODE_MEMBER ( GROUP_ID, CODE_KEY, DATA, NAME, CODE_COMMENT,
STATUS ) VALUES (
20, '4006', 'TradeGroup', 'TRADE_GROUP', 'Trade Group', 1);
INSERT INTO ARCH_CODE_MEMBER ( GROUP_ID, CODE_KEY, DATA, NAME, CODE_COMMENT,
STATUS ) VALUES (
20, '4007', 'OptionNoe', 'OPTION_NOE', 'Option Noe', 1);
INSERT INTO ARCH_CODE_MEMBER ( GROUP_ID, CODE_KEY, DATA, NAME, CODE_COMMENT,
STATUS ) VALUES (
20, '4008', 'OptionTrade', 'OPTION_TRADE', 'Option Trade', 1);
INSERT INTO ARCH_CODE_MEMBER ( GROUP_ID, CODE_KEY, DATA, NAME, CODE_COMMENT,
STATUS ) VALUES (
20, '5000', 'Instrument', 'INSTRUMENT', 'Root onstrument  object', 1);
INSERT INTO ARCH_CODE_MEMBER ( GROUP_ID, CODE_KEY, DATA, NAME, CODE_COMMENT,
STATUS ) VALUES (
20, '5001', 'Contract', 'CONTRACT', 'Contract object', 1);
INSERT INTO ARCH_CODE_MEMBER ( GROUP_ID, CODE_KEY, DATA, NAME, CODE_COMMENT,
STATUS ) VALUES (
20, '5002', 'Listed', 'LISTED', 'Listed object', 1);
INSERT INTO ARCH_CODE_MEMBER ( GROUP_ID, CODE_KEY, DATA, NAME, CODE_COMMENT,
STATUS ) VALUES (
20, '5003', 'Option', 'OPTION', 'Option object', 1);
INSERT INTO ARCH_CODE_MEMBER ( GROUP_ID, CODE_KEY, DATA, NAME, CODE_COMMENT,
STATUS ) VALUES (
20, '5004', 'ListedOption', 'LISTED_OPTION', 'Listed option object', 1);
INSERT INTO ARCH_CODE_MEMBER ( GROUP_ID, CODE_KEY, DATA, NAME, CODE_COMMENT,
STATUS ) VALUES (
20, '5005', 'BarrierOption', 'BARRIER_OPTION', 'Barrier option object', 1);
INSERT INTO ARCH_CODE_MEMBER ( GROUP_ID, CODE_KEY, DATA, NAME, CODE_COMMENT, STATUS ) 
	VALUES ( 20, '5011', 'DoubleBarrierOption', 'DOUBLE_BARRIER_OPTION', 'Double Barrier Option', 1); 
INSERT INTO ARCH_CODE_MEMBER ( GROUP_ID, CODE_KEY, DATA, NAME, CODE_COMMENT, STATUS ) 
	VALUES ( 20, '5012', 'DigitalOption', 'DIGITAL_OPTION', 'Digital Option', 1); 
INSERT INTO ARCH_CODE_MEMBER ( GROUP_ID, CODE_KEY, DATA, NAME, CODE_COMMENT,
STATUS ) VALUES (
20, '5006', 'Currency', 'CURRENCY', 'Currency instrument type, no special object'
, 1);
INSERT INTO ARCH_CODE_MEMBER ( GROUP_ID, CODE_KEY, DATA, NAME, CODE_COMMENT,
STATUS ) VALUES (
20, '6000', 'Partner', 'PARTNER', 'Partner', 1);
INSERT INTO ARCH_CODE_MEMBER ( GROUP_ID, CODE_KEY, DATA, NAME, CODE_COMMENT,
STATUS ) VALUES (
20, '7000', 'Distribution List', 'DISTRIBUTION_LIST', 'Distribution LIst', 1);
INSERT INTO ARCH_CODE_MEMBER ( GROUP_ID, CODE_KEY, DATA, NAME, CODE_COMMENT,
STATUS ) VALUES (
20, '9000', 'Namer', 'NAMER', 'Namer', 1);
INSERT INTO ARCH_CODE_MEMBER ( GROUP_ID, CODE_KEY, DATA, NAME, CODE_COMMENT,
STATUS ) VALUES (
53, '1', 'Text', 'TEXT', 'data type text', 1);
INSERT INTO ARCH_CODE_MEMBER ( GROUP_ID, CODE_KEY, DATA, NAME, CODE_COMMENT,
STATUS ) VALUES (
53, '2', 'Binary', 'BINARY', 'data type binary', 1);

INSERT INTO ARCH_CODE_MEMBER ( GROUP_ID, CODE_KEY, DATA, NAME, CODE_COMMENT,
STATUS ) VALUES (
54, '100', '1', 'NOTIFICATION_BATCH_PARAM_100', 'notification for domain 100 ', 1);
INSERT INTO ARCH_CODE_MEMBER ( GROUP_ID, CODE_KEY, DATA, NAME, CODE_COMMENT,
STATUS ) VALUES (
54, '1000000', '1000001', 'NOTIFICATION_BATCH_PARAM', 'notification batch param id from domain'
, 1);
INSERT INTO ARCH_CODE_MEMBER ( GROUP_ID, CODE_KEY, DATA, NAME, CODE_COMMENT,
STATUS ) VALUES (
54, '300', '1', 'NOTIFICATION_BATCH_PARAM_300', 'notification for daomin 300', 1);
INSERT INTO ARCH_CODE_MEMBER ( GROUP_ID, CODE_KEY, DATA, NAME, CODE_COMMENT,STATUS ) VALUES (
20, '5007', 'FORWARD', 'FORWARD', 'Forward object', 1);
INSERT INTO ARCH_CODE_MEMBER ( GROUP_ID, CODE_KEY, DATA, NAME, CODE_COMMENT,STATUS ) VALUES (
20, '5008', 'SWAP', 'SWAP', 'Swap object', 1);
INSERT INTO ARCH_CODE_MEMBER ( GROUP_ID, CODE_KEY, DATA, NAME, CODE_COMMENT,STATUS ) VALUES (
20, '5009', 'SPOT', 'SPOT', 'Spot object', 1);
INSERT INTO ARCH_CODE_MEMBER ( GROUP_ID, CODE_KEY, DATA, NAME, CODE_COMMENT,STATUS ) VALUES (
20, '5010', 'MISMATCH', 'MISMATCH', 'Mismatch object', 1);
INSERT INTO ARCH_CODE_MEMBER ( GROUP_ID, CODE_KEY, DATA, NAME, CODE_COMMENT,
STATUS ) VALUES (
55, '1', 'POSITION', 'POSITION_CREDIT_DATA', 'The position data for credit service'
, 1);
INSERT INTO ARCH_CODE_MEMBER ( GROUP_ID, CODE_KEY, DATA, NAME, CODE_COMMENT,
STATUS ) VALUES (
1008, '240', 'TimeInQueue', 'TIME_IN_QUEUE', NULL, 1);
INSERT INTO ARCH_CODE_MEMBER ( GROUP_ID, CODE_KEY, DATA, NAME, CODE_COMMENT,
STATUS ) VALUES (
1006, '200', 'TimeInQueue', 'TIME_IN_QUEUE', NULL, 1);
INSERT INTO ARCH_CODE_MEMBER ( GROUP_ID, CODE_KEY, DATA, NAME, CODE_COMMENT,
STATUS ) VALUES (
1003, '149', 'TimeInQueue', 'TIME_IN_QUEUE', NULL, 1);
INSERT INTO ARCH_CODE_MEMBER ( GROUP_ID, CODE_KEY, DATA, NAME, CODE_COMMENT,
STATUS ) VALUES (
1001, '119', 'TimeInQueue', 'TIME_IN_QUEUE', NULL, 1);
INSERT INTO ARCH_CODE_MEMBER ( GROUP_ID, CODE_KEY, DATA, NAME, CODE_COMMENT,
STATUS ) VALUES (
55, '2', 'SPOT_RATE', 'SPOT_RATE_CREDIT_DATA', 'The spot rate for credit service'
, 1);
INSERT INTO ARCH_CODE_MEMBER ( GROUP_ID, CODE_KEY, DATA, NAME, CODE_COMMENT,
STATUS ) VALUES (
15, '8', 'ProtocolGroupMapping', 'PROTOCOL_GROUP_MAPPING', 'mapping between a group to the target format'
, 1);
INSERT INTO ARCH_CODE_MEMBER ( GROUP_ID, CODE_KEY, DATA, NAME, CODE_COMMENT,
STATUS ) VALUES (
15, '9', 'ProtocolValidating', 'PROTOCOL_VALIDATING', 'validaing a value in the transformation process'
, 1);
INSERT INTO ARCH_CODE_MEMBER ( GROUP_ID, CODE_KEY, DATA, NAME, CODE_COMMENT,
STATUS ) VALUES (
15, '10', 'ProtocolConverting', 'PROTOCOL_CONVERTING', 'converting a value in the transformation process'
, 1);
INSERT INTO ARCH_CODE_MEMBER ( GROUP_ID, CODE_KEY, DATA, NAME, CODE_COMMENT,
STATUS ) VALUES (
15, '11', 'ProtocolGrouping', 'PROTOCOL_GROUPING', 'create groups of messages from the source file'
, 1);
INSERT INTO ARCH_CODE_MEMBER ( GROUP_ID, CODE_KEY, DATA, NAME, CODE_COMMENT,
STATUS ) VALUES (
200022, '200000', 'PB', 'PB', 'The void pb', 1);
INSERT INTO ARCH_CODE_MEMBER ( GROUP_ID, CODE_KEY, DATA, NAME, CODE_COMMENT,
STATUS ) VALUES (
200022, '200001', 'CLIENT', 'VoidClient', 'The void client', 1);
INSERT INTO ARCH_CODE_MEMBER ( GROUP_ID, CODE_KEY, DATA, NAME, CODE_COMMENT,
STATUS ) VALUES (
200022, '200002', 'BANK', 'VoidBank', 'The void bank', 1);
INSERT INTO ARCH_CODE_MEMBER ( GROUP_ID, CODE_KEY, DATA, NAME, CODE_COMMENT,
STATUS ) VALUES (
200022, '200003', 'FUND', 'VoidFund', 'The void fund', 1);
INSERT INTO ARCH_CODE_MEMBER ( GROUP_ID, CODE_KEY, DATA, NAME, CODE_COMMENT,
STATUS ) VALUES (
200022, '200004', 'EXT_BANK', 'VoidExtBank', 'The void ext bank', 1);
INSERT INTO ARCH_CODE_MEMBER ( GROUP_ID, CODE_KEY, DATA, NAME, CODE_COMMENT,
STATUS ) VALUES (
'200027', '200001', 'VoidPerm1', 'Perm1', 'Void user perm 1'
, 1);
INSERT INTO ARCH_CODE_MEMBER ( GROUP_ID, CODE_KEY, DATA, NAME, CODE_COMMENT,
STATUS ) VALUES (
'200027', '200002', 'VoidPerm2', 'Perm2', 'Void user perm 2'
, 1);
INSERT INTO ARCH_CODE_MEMBER ( GROUP_ID, CODE_KEY, DATA, NAME, CODE_COMMENT,
STATUS ) VALUES (
'200027', '200003', 'VoidPerm3', 'Perm3', 'Void user perm 3'
, 1);
INSERT INTO ARCH_CODE_MEMBER ( GROUP_ID, CODE_KEY, DATA, NAME, CODE_COMMENT,
STATUS ) VALUES (
'200027', '200004', 'VoidPerm4', 'Perm4', 'Void user perm 4'
, 1);
INSERT INTO ARCH_CODE_MEMBER ( GROUP_ID, CODE_KEY, DATA, NAME, CODE_COMMENT,
STATUS ) VALUES (
'200027', '200005', 'VoidPerm5', 'Perm5', 'Void user perm 5'
, 1);
INSERT INTO ARCH_CODE_MEMBER ( GROUP_ID, CODE_KEY, DATA, NAME, CODE_COMMENT,
STATUS ) VALUES (
'200027', '200006', 'VoidPerm6', 'Perm6', 'Void user perm 6'
, 1);
INSERT INTO ARCH_CODE_MEMBER ( GROUP_ID, CODE_KEY, DATA, NAME, CODE_COMMENT,
STATUS ) VALUES (
'200027', '200007', 'VoidPerm7', 'Perm7', 'Void user perm 7'
, 1);
INSERT INTO ARCH_CODE_MEMBER ( GROUP_ID, CODE_KEY, DATA, NAME, CODE_COMMENT,
STATUS ) VALUES (
'200027', '200008', 'VoidPerm8', 'Perm8', 'Void user perm 8'
, 1);
INSERT INTO ARCH_CODE_MEMBER ( GROUP_ID, CODE_KEY, DATA, NAME, CODE_COMMENT,
STATUS ) VALUES (
'200027', '200009', 'VoidPerm9', 'Perm9', 'Void user perm 9'
, 1);
INSERT INTO ARCH_CODE_MEMBER ( GROUP_ID, CODE_KEY, DATA, NAME, CODE_COMMENT,
STATUS ) VALUES (
'200027', '200010', 'VoidPerm10', 'Perm10', 'Void user perm 10'
, 1);
INSERT INTO ARCH_CODE_MEMBER ( GROUP_ID, CODE_KEY, DATA, NAME, CODE_COMMENT,
STATUS ) VALUES (
'200027', '200011', 'VoidPerm11', 'Perm11', 'Void user perm 11'
, 1);
INSERT INTO ARCH_CODE_MEMBER ( GROUP_ID, CODE_KEY, DATA, NAME, CODE_COMMENT,
STATUS ) VALUES (
'200033', '1', '3', 'DOMAIN_OWNER_2_ORG', 'DoaminOwner->Org Map Type', 1);
INSERT INTO ARCH_CODE_MEMBER ( GROUP_ID, CODE_KEY, DATA, NAME, CODE_COMMENT,
STATUS ) VALUES (
'200033', '200000', '3', 'PB_2_ORG', 'PB->Org Map Type', 1);
INSERT INTO ARCH_CODE_MEMBER ( GROUP_ID, CODE_KEY, DATA, NAME, CODE_COMMENT,
STATUS ) VALUES (
'200033', '200003', '7', 'FUND_2_FUND', 'Fund->Fund Map Type', 1);
INSERT INTO ARCH_CODE_MEMBER ( GROUP_ID, CODE_KEY, DATA, NAME, CODE_COMMENT,
STATUS ) VALUES (
'200033', '200001', '3', 'CLIENT_2_ORG', 'Client->Org Map Type', 1);
INSERT INTO ARCH_CODE_MEMBER ( GROUP_ID, CODE_KEY, DATA, NAME, CODE_COMMENT,
STATUS ) VALUES (
'200033', '200002', '3', 'BANK_2_ORG', 'Bank->Org Map Type', 1);
INSERT INTO ARCH_CODE_MEMBER ( GROUP_ID, CODE_KEY, DATA, NAME, CODE_COMMENT,
STATUS ) VALUES (
'200033', '200004', '3', 'EXT_BANK_2_ORG', 'External Bank->Org Map Type', 1);
INSERT INTO ARCH_CODE_MEMBER ( GROUP_ID, CODE_KEY, DATA, NAME, CODE_COMMENT,
STATUS ) VALUES (
59, '1', 'Type1', 'POS_TYPE1', 'Development purpose', 1);
INSERT INTO ARCH_CODE_MEMBER ( GROUP_ID, CODE_KEY, DATA, NAME, CODE_COMMENT,
STATUS ) VALUES (
59, '2', 'Type2', 'POS_TYPE2', 'Development purpose', 1);
INSERT INTO ARCH_CODE_MEMBER ( GROUP_ID, CODE_KEY, DATA, NAME, CODE_COMMENT,
STATUS ) VALUES (
58, '1', 'Type1', 'POS_FILE_TYPE1', 'Development purpose', 1);
INSERT INTO ARCH_CODE_MEMBER ( GROUP_ID, CODE_KEY, DATA, NAME, CODE_COMMENT,
STATUS ) VALUES (
58, '2', 'Type2', 'POS_FILE_TYPE2', 'Development purpose', 1);
INSERT INTO ARCH_CODE_MEMBER ( GROUP_ID, CODE_KEY, DATA, NAME, CODE_COMMENT,
STATUS ) VALUES (
2000, '0', 'NotDirect', 'NOT_DIRECT', 'Not Direct Account', 1);
INSERT INTO ARCH_CODE_MEMBER ( GROUP_ID, CODE_KEY, DATA, NAME, CODE_COMMENT,
STATUS ) VALUES (
2000, '1', 'Direct', 'DIRECT', 'Direct Account', 1);
INSERT INTO ARCH_CODE_MEMBER ( GROUP_ID, CODE_KEY, DATA, NAME, CODE_COMMENT,
STATUS ) VALUES (
20, '20000', 'BillingFreebies', 'BILLING_FREEBIES', 'BillingFreebies', 1);
INSERT INTO ARCH_CODE_MEMBER ( GROUP_ID, CODE_KEY, DATA, NAME, CODE_COMMENT,
STATUS ) VALUES (
20, '20001', 'BillingCaps', 'BILLING_CAPS', 'BillingCaps', 1);
INSERT INTO ARCH_CODE_MEMBER ( GROUP_ID, CODE_KEY, DATA, NAME, CODE_COMMENT,
STATUS ) VALUES (
20, '20002', 'BillingDiscount', 'BILLING_DISCOUNT', 'BillingDiscount', 1);
INSERT INTO ARCH_CODE_MEMBER ( GROUP_ID, CODE_KEY, DATA, NAME, CODE_COMMENT,
STATUS ) VALUES (
20, '20003', 'BillingDiscountLimit', 'BILLING_DISCOUNT_LIMIT', 'BillingDiscountLimit'
, 1);
INSERT INTO ARCH_CODE_MEMBER ( GROUP_ID, CODE_KEY, DATA, NAME, CODE_COMMENT,
STATUS ) VALUES (
60, '1', '=', 'EQ', NULL, 1);
INSERT INTO ARCH_CODE_MEMBER ( GROUP_ID, CODE_KEY, DATA, NAME, CODE_COMMENT,
STATUS ) VALUES (
60, '2', '<', 'LT', NULL, 1);
INSERT INTO ARCH_CODE_MEMBER ( GROUP_ID, CODE_KEY, DATA, NAME, CODE_COMMENT,
STATUS ) VALUES (
60, '3', '>', 'GT', NULL, 1);
INSERT INTO ARCH_CODE_MEMBER ( GROUP_ID, CODE_KEY, DATA, NAME, CODE_COMMENT,
STATUS ) VALUES (
60, '4', '<=', 'LE', NULL, 1);
INSERT INTO ARCH_CODE_MEMBER ( GROUP_ID, CODE_KEY, DATA, NAME, CODE_COMMENT,
STATUS ) VALUES (
60, '5', '>=', 'GE', NULL, 1);
INSERT INTO ARCH_CODE_MEMBER ( GROUP_ID, CODE_KEY, DATA, NAME, CODE_COMMENT,
STATUS ) VALUES (
60, '6', '<>', 'GL', NULL, 1);
INSERT INTO ARCH_CODE_MEMBER ( GROUP_ID, CODE_KEY, DATA, NAME, CODE_COMMENT,
STATUS ) VALUES (
60, '7', 'like', 'LIKE', NULL, 1);
INSERT INTO ARCH_CODE_MEMBER ( GROUP_ID, CODE_KEY, DATA, NAME, CODE_COMMENT,
STATUS ) VALUES (
60, '8', 'IS NULL', 'IS_NULL', NULL, 1);
INSERT INTO ARCH_CODE_MEMBER ( GROUP_ID, CODE_KEY, DATA, NAME, CODE_COMMENT,
STATUS ) VALUES (
60, '9', 'IS NOT NULL', 'IS_NOT_NULL', NULL, 1);
INSERT INTO ARCH_CODE_MEMBER ( GROUP_ID, CODE_KEY, DATA, NAME, CODE_COMMENT,
STATUS ) VALUES (
200014, '1', 'Log', 'LOG', 'log type', 1);
INSERT INTO ARCH_CODE_MEMBER ( GROUP_ID, CODE_KEY, DATA, NAME, CODE_COMMENT,
STATUS ) VALUES (
200014, '2', 'Account', 'ACCOUNT', 'Account type', 1);
INSERT INTO ARCH_CODE_MEMBER ( GROUP_ID, CODE_KEY, DATA, NAME, CODE_COMMENT,
STATUS ) VALUES (
200014, '3', 'Organization', 'ORGANIZATION', 'Organization type', 1);
INSERT INTO ARCH_CODE_MEMBER ( GROUP_ID, CODE_KEY, DATA, NAME, CODE_COMMENT,
STATUS ) VALUES (
200014, '4', 'Person', 'PERSON', 'Person type', 1);
INSERT INTO ARCH_CODE_MEMBER ( GROUP_ID, CODE_KEY, DATA, NAME, CODE_COMMENT,
STATUS ) VALUES (
200014, '5', 'Bank', 'BANK', 'Bank type', 1);
INSERT INTO ARCH_CODE_MEMBER ( GROUP_ID, CODE_KEY, DATA, NAME, CODE_COMMENT,
STATUS ) VALUES (
200014, '6', 'Client', 'CLIENT', 'Client type', 1);
INSERT INTO ARCH_CODE_MEMBER ( GROUP_ID, CODE_KEY, DATA, NAME, CODE_COMMENT,
STATUS ) VALUES (
200014, '7', 'Fund', 'FUND', 'Fund type', 1);
INSERT INTO ARCH_CODE_MEMBER ( GROUP_ID, CODE_KEY, DATA, NAME, CODE_COMMENT,
STATUS ) VALUES (
200014, '8', 'External Bank', 'EXT_BANK', 'External Bank type', 1);
INSERT INTO ARCH_CODE_MEMBER ( GROUP_ID, CODE_KEY, DATA, NAME, CODE_COMMENT,
STATUS ) VALUES (
200014, '9', 'Primary broker', 'PB', 'Primary broker type', 1);
INSERT INTO ARCH_CODE_MEMBER ( GROUP_ID, CODE_KEY, DATA, NAME, CODE_COMMENT,
STATUS ) VALUES (
2101, '200005', 'startSpread', 'SPREAD', 'Spread Billing line', 1);
INSERT INTO ARCH_CODE_MEMBER ( GROUP_ID, CODE_KEY, DATA, NAME, CODE_COMMENT,
STATUS ) VALUES (
2101, '200006', 'startPerMillion', 'PER_MILLION', 'Per Million Billing Line', 1);
INSERT INTO ARCH_CODE_MEMBER ( GROUP_ID, CODE_KEY, DATA, NAME, CODE_COMMENT,
STATUS ) VALUES (
2101, '200007', 'startFlatFee', 'FLAT_FEE Billing Line', 'Flat Fee Billing Line', 1);
INSERT INTO ARCH_CODE_MEMBER ( GROUP_ID, CODE_KEY, DATA, NAME, CODE_COMMENT,
STATUS ) VALUES (
2101, '200008', 'startDyanmic', 'DYNAMIC', 'Dynamic Billing Line', 1);
INSERT INTO ARCH_CODE_MEMBER ( GROUP_ID, CODE_KEY, DATA, NAME, CODE_COMMENT,
STATUS ) VALUES (
2101, '200260', 'defaultBillingLine', 'Default', 'Default Billing Line', 1);
INSERT INTO ARCH_CODE_MEMBER ( GROUP_ID, CODE_KEY, DATA, NAME, CODE_COMMENT,
STATUS ) VALUES (
2102, '200009', 'exercise', 'EXERCISE', 'Exercise Billing Rule', 1);
INSERT INTO ARCH_CODE_MEMBER ( GROUP_ID, CODE_KEY, DATA, NAME, CODE_COMMENT,
STATUS ) VALUES (
2102, '200010', 'swap', 'SWAP', 'Swap Billing rule', 1);
INSERT INTO ARCH_CODE_MEMBER ( GROUP_ID, CODE_KEY, DATA, NAME, CODE_COMMENT,
STATUS ) VALUES (
2102, '200011', 'direct', 'DIRECT', 'Dircrt Billing Rule', 1);
INSERT INTO ARCH_CODE_MEMBER ( GROUP_ID, CODE_KEY, DATA, NAME, CODE_COMMENT,
STATUS ) VALUES (
2102, '200020', 'freebies', 'FREEBIES', 'Freebies Billing Rule', 1);
INSERT INTO ARCH_CODE_MEMBER ( GROUP_ID, CODE_KEY, DATA, NAME, CODE_COMMENT,
STATUS ) VALUES (
2102, '200021', 'fixedDiscount', 'FIXED_DISCOUNT', 'Fixed Discount Billing Rule', 1);
INSERT INTO ARCH_CODE_MEMBER ( GROUP_ID, CODE_KEY, DATA, NAME, CODE_COMMENT,
STATUS ) VALUES (
2102, '200040', 'CurrencyDiscount', 'CURRENCY_DISCOUNT', 'Currency Discount Billing Rule'
, 1);
INSERT INTO ARCH_CODE_MEMBER ( GROUP_ID, CODE_KEY, DATA, NAME, CODE_COMMENT,
STATUS ) VALUES (
2102, '200141', 'startActivityCap', 'ACTIVITY_CAP', 'Activity Cap Rule', 1);
INSERT INTO ARCH_CODE_MEMBER ( GROUP_ID, CODE_KEY, DATA, NAME, CODE_COMMENT,
STATUS ) VALUES (
2102, '200143', 'startDailyCap', 'DAILY_CAP', 'Daily Cap Rule', 1);
INSERT INTO ARCH_CODE_MEMBER ( GROUP_ID, CODE_KEY, DATA, NAME, CODE_COMMENT,
STATUS ) VALUES (
2102, '200145', 'startMonthlyCap', 'MONTHLY_CAP', 'Monthly Cap Rule', 1);
INSERT INTO ARCH_CODE_MEMBER ( GROUP_ID, CODE_KEY, DATA, NAME, CODE_COMMENT,
STATUS ) VALUES (
2102, '200200', 'startCurrencyDiscountTrade', 'TRADE_CURRENCY_DISCOUNT', 'Trade Currency Discount'
, 1);
INSERT INTO ARCH_CODE_MEMBER ( GROUP_ID, CODE_KEY, DATA, NAME, CODE_COMMENT,
STATUS ) VALUES (
2102, '200201', 'startCurrencyDiscountDaily', 'DAILY_CURRENCY_DISCOUNT', 'Daily Currency Discount'
, 1);
INSERT INTO ARCH_CODE_MEMBER ( GROUP_ID, CODE_KEY, DATA, NAME, CODE_COMMENT,
STATUS ) VALUES (
2102, '200202', 'startCurrencyDiscountMonthly', 'MONTHLY_CURRENCY_DISCOUNT', 'Monthly Currency Discount'
, 1);
INSERT INTO ARCH_CODE_MEMBER ( GROUP_ID, CODE_KEY, DATA, NAME, CODE_COMMENT,
STATUS ) VALUES (
2102, '200203', 'startCurrencyDiscountYearly', 'YEARLY_CURRENCY_DISCOUNT', 'Yearly Currency Discount'
, 1);
INSERT INTO ARCH_CODE_MEMBER ( GROUP_ID, CODE_KEY, DATA, NAME, CODE_COMMENT,
STATUS ) VALUES (
2100, '200008', 'startCalcQty2', 'CALC_QTY2', 'Calc Qty 2 function', 1);
INSERT INTO ARCH_CODE_MEMBER ( GROUP_ID, CODE_KEY, DATA, NAME, CODE_COMMENT,
STATUS ) VALUES (
2103, '1', 'BOO', 'BOO', 'Billing BOO request', 1);
INSERT INTO ARCH_CODE_MEMBER ( GROUP_ID, CODE_KEY, DATA, NAME, CODE_COMMENT,
STATUS ) VALUES (
2103, '2', 'Pending', 'PENDING', 'Billing BOR pending', 1);
INSERT INTO ARCH_CODE_MEMBER ( GROUP_ID, CODE_KEY, DATA, NAME, CODE_COMMENT,
STATUS ) VALUES (
2103, '3', 'Billed', 'BILLED', 'Billing BOR Billed', 1);
INSERT INTO ARCH_CODE_MEMBER ( GROUP_ID, CODE_KEY, DATA, NAME, CODE_COMMENT,
STATUS ) VALUES (
66, '1', 'Equals', 'STATUS_EQUALS', 'Dev', 1);
INSERT INTO ARCH_CODE_MEMBER ( GROUP_ID, CODE_KEY, DATA, NAME, CODE_COMMENT,
STATUS ) VALUES (
66, '2', 'Not Equals', 'STATUS_NOT_EQUALS', 'Dev', 1);
INSERT INTO ARCH_CODE_MEMBER ( GROUP_ID, CODE_KEY, DATA, NAME, CODE_COMMENT,
STATUS ) VALUES (
66, '3', 'Not Exist', 'STATUS_NOT_EXIST', 'Dev', 1);
INSERT INTO ARCH_CODE_MEMBER ( GROUP_ID, CODE_KEY, DATA, NAME, CODE_COMMENT,
STATUS ) VALUES (
66, '4', 'Not Imported', 'STATUS_NOT_IMPORTED', 'Dev', 1);
INSERT INTO ARCH_CODE_MEMBER ( GROUP_ID, CODE_KEY, DATA, NAME, CODE_COMMENT,
STATUS ) VALUES (
2104, '1', 'BOO', 'BOO', 'Per Trade', 1);
INSERT INTO ARCH_CODE_MEMBER ( GROUP_ID, CODE_KEY, DATA, NAME, CODE_COMMENT,
STATUS ) VALUES (
2104, '2', 'BOR', 'BOR', 'Invoice', 1);
INSERT INTO ARCH_CODE_MEMBER ( GROUP_ID, CODE_KEY, DATA, NAME, CODE_COMMENT,
STATUS ) VALUES ( 
2105, '1', 'FX Spot/Forward', 'FORWARD', 'Forward Instrument Type', 1); 
INSERT INTO ARCH_CODE_MEMBER ( GROUP_ID, CODE_KEY, DATA, NAME, CODE_COMMENT,
STATUS ) VALUES ( 
2105, '2', 'FX Option', 'OPTION', 'OPTION Instrument Type', 1);
INSERT INTO ARCH_CODE_MEMBER ( GROUP_ID, CODE_KEY, DATA, NAME, CODE_COMMENT,
STATUS ) VALUES (
64, '3', 'Forward', 'Forward', 'Dev', 1);
INSERT INTO ARCH_CODE_MEMBER ( GROUP_ID, CODE_KEY, DATA, NAME, CODE_COMMENT,
STATUS ) VALUES (
64, '4', 'Spot', 'Spot', 'dev', 1);
INSERT INTO ARCH_CODE_MEMBER ( GROUP_ID, CODE_KEY, DATA, NAME, CODE_COMMENT,
STATUS ) VALUES ( 
64, '5', 'Option', 'Option', 'dev', 1); 
INSERT INTO ARCH_CODE_MEMBER ( GROUP_ID, CODE_KEY, DATA, NAME, CODE_COMMENT,
STATUS ) VALUES (
103, '1', '0.1', '1', NULL, 1);
INSERT INTO ARCH_CODE_MEMBER ( GROUP_ID, CODE_KEY, DATA, NAME, CODE_COMMENT,
STATUS ) VALUES (
103, '2', '0.01', '2', NULL, 1);
INSERT INTO ARCH_CODE_MEMBER ( GROUP_ID, CODE_KEY, DATA, NAME, CODE_COMMENT,
STATUS ) VALUES (
103, '3', '0.001', '3', NULL, 1);
INSERT INTO ARCH_CODE_MEMBER ( GROUP_ID, CODE_KEY, DATA, NAME, CODE_COMMENT,
STATUS ) VALUES (
103, '4', '0.0001', '4', NULL, 1);
INSERT INTO ARCH_CODE_MEMBER ( GROUP_ID, CODE_KEY, DATA, NAME, CODE_COMMENT,
STATUS ) VALUES (
103, '5', '0.00001', '5', NULL, 1);
INSERT INTO ARCH_CODE_MEMBER ( GROUP_ID, CODE_KEY, DATA, NAME, CODE_COMMENT,
STATUS ) VALUES (
103, '6', '0.000001', '6', NULL, 1);
INSERT INTO ARCH_CODE_MEMBER ( GROUP_ID, CODE_KEY, DATA, NAME, CODE_COMMENT,
STATUS ) VALUES (
103, '7', '1', '7', NULL, 1);
INSERT INTO ARCH_CODE_MEMBER ( GROUP_ID, CODE_KEY, DATA, NAME, CODE_COMMENT,
STATUS ) VALUES (
102, '1', 'A', 'A', NULL, 1);
INSERT INTO ARCH_CODE_MEMBER ( GROUP_ID, CODE_KEY, DATA, NAME, CODE_COMMENT,
STATUS ) VALUES (
102, '2', 'B', 'B', NULL, 1);
INSERT INTO ARCH_CODE_MEMBER ( GROUP_ID, CODE_KEY, DATA, NAME, CODE_COMMENT,
STATUS ) VALUES (
24, '1', 'Owns', 'OWNS', 'Org'' owns theaccount', 1);
INSERT INTO ARCH_CODE_MEMBER ( GROUP_ID, CODE_KEY, DATA, NAME, CODE_COMMENT,
STATUS ) VALUES (
24, '2', 'Giveup Bank', 'GIVEUP_BANK', 'Giveup Bank', 1);
INSERT INTO ARCH_CODE_MEMBER ( GROUP_ID, CODE_KEY, DATA, NAME, CODE_COMMENT,
STATUS ) VALUES (
24, '3', 'Coupled', 'COUPLED', 'Coupled', 1);
INSERT INTO ARCH_CODE_MEMBER ( GROUP_ID, CODE_KEY, DATA, NAME, CODE_COMMENT,
STATUS ) VALUES (
24, '4', 'PB', 'PB', 'PB relation', 1);
INSERT INTO ARCH_CODE_MEMBER ( GROUP_ID, CODE_KEY, DATA, NAME, CODE_COMMENT,
STATUS ) VALUES (
24, '5', 'Coupled Owner', 'COUPLED_OWNER', 'Coupled owner relation', 1);
INSERT INTO ARCH_CODE_MEMBER ( GROUP_ID, CODE_KEY, DATA, NAME, CODE_COMMENT,
STATUS ) VALUES (
24, '6', 'TradingWith', 'TRADING_WITH', 'TRADING_WITH', 1);
INSERT INTO ARCH_CODE_MEMBER ( GROUP_ID, CODE_KEY, DATA, NAME, CODE_COMMENT,
STATUS ) VALUES (
70, '1', 'com.traiana.core.service.financial.position.imp.DefaultPositionCombination'
, 'Default', 'Def Comb', 1);
INSERT INTO ARCH_CODE_MEMBER ( GROUP_ID, CODE_KEY, DATA, NAME, CODE_COMMENT,
STATUS ) VALUES (
70, '2', 'com.traiana.core.service.financial.position.imp.CcyPositionCombination'
, 'CCY', 'not used', 1);
INSERT INTO ARCH_CODE_MEMBER ( GROUP_ID, CODE_KEY, DATA, NAME, CODE_COMMENT,
STATUS ) VALUES (
70, '3', 'com.traiana.core.service.financial.position.imp.ForwardReportPositionCombination'
, 'Forward report', NULL, 1);
INSERT INTO ARCH_CODE_MEMBER ( GROUP_ID, CODE_KEY, DATA, NAME, CODE_COMMENT,
STATUS ) VALUES (
70, '4', 'com.traiana.test.service.financial.position.ConfirmedMA', 'fx confirmed ma comb'
, NULL, 1);
INSERT INTO ARCH_CODE_MEMBER ( GROUP_ID, CODE_KEY, DATA, NAME, CODE_COMMENT,
STATUS ) VALUES (
56, '1', 'Mandatory', 'Mandatory', NULL, 1);
INSERT INTO ARCH_CODE_MEMBER ( GROUP_ID, CODE_KEY, DATA, NAME, CODE_COMMENT,
STATUS ) VALUES (
56, '2', 'Indicatory', 'Indicatory', NULL, 1);
INSERT INTO ARCH_CODE_MEMBER ( GROUP_ID, CODE_KEY, DATA, NAME, CODE_COMMENT,
STATUS ) VALUES (
67, '1', 'FX', 'FX', NULL, 1);
INSERT INTO ARCH_CODE_MEMBER ( GROUP_ID, CODE_KEY, DATA, NAME, CODE_COMMENT,
STATUS ) VALUES (
67, '2', 'Fx Forward', 'Fx Forward', NULL, 1);
INSERT INTO ARCH_CODE_MEMBER ( GROUP_ID, CODE_KEY, DATA, NAME, CODE_COMMENT,
STATUS ) VALUES (
67, '3', 'Fx Spot', 'Fx Spot', NULL, 1);
INSERT INTO ARCH_CODE_MEMBER ( GROUP_ID, CODE_KEY, DATA, NAME, CODE_COMMENT,
STATUS ) VALUES (
67, '4', 'None', 'None', NULL, 1);
INSERT INTO ARCH_CODE_MEMBER ( GROUP_ID, CODE_KEY, DATA, NAME, CODE_COMMENT,
STATUS ) VALUES (
1010, '1:1', '4', 'nma mandatory', NULL, 1);
INSERT INTO ARCH_CODE_MEMBER ( GROUP_ID, CODE_KEY, DATA, NAME, CODE_COMMENT,
STATUS ) VALUES (
1010, '1:2', '3', 'nma indicatory', NULL, 1);
INSERT INTO ARCH_CODE_MEMBER ( GROUP_ID, CODE_KEY, DATA, NAME, CODE_COMMENT,
STATUS ) VALUES (
1010, '2:1', '2', 'all mandatory', NULL, 1);
INSERT INTO ARCH_CODE_MEMBER ( GROUP_ID, CODE_KEY, DATA, NAME, CODE_COMMENT,
STATUS ) VALUES (
1010, '2:2', '1', 'all booked', NULL, 1);
INSERT INTO ARCH_CODE_MEMBER ( GROUP_ID, CODE_KEY, DATA, NAME, CODE_COMMENT,
STATUS ) VALUES (
1011, '200001', '3', 'client-coupled', NULL, 1);
INSERT INTO ARCH_CODE_MEMBER ( GROUP_ID, CODE_KEY, DATA, NAME, CODE_COMMENT,
STATUS ) VALUES (
1011, '200002', '5', 'bank-coupled owner', NULL, 1);
INSERT INTO ARCH_CODE_MEMBER ( GROUP_ID, CODE_KEY, DATA, NAME, CODE_COMMENT,
STATUS ) VALUES (
1011, '200003', '5', 'fund (empty)', NULL, 1);
INSERT INTO ARCH_CODE_MEMBER ( GROUP_ID, CODE_KEY, DATA, NAME, CODE_COMMENT,
STATUS ) VALUES (
3000, '1', 'Call', 'CALL', 'Call', 1);
INSERT INTO ARCH_CODE_MEMBER ( GROUP_ID, CODE_KEY, DATA, NAME, CODE_COMMENT,
STATUS ) VALUES (
3000, '2', 'Put', 'PUT', 'Put', 1);
INSERT INTO ARCH_CODE_MEMBER ( GROUP_ID, CODE_KEY, DATA, NAME, CODE_COMMENT,
STATUS ) VALUES (
3010, '1', 'European', 'EUROPEAN', 'European', 1);
INSERT INTO ARCH_CODE_MEMBER ( GROUP_ID, CODE_KEY, DATA, NAME, CODE_COMMENT,
STATUS ) VALUES (
3010, '2', 'American', 'AMERICAN', 'American', 1);
INSERT INTO ARCH_CODE_MEMBER ( GROUP_ID, CODE_KEY, DATA, NAME, CODE_COMMENT,
STATUS ) VALUES (
3020, '1', 'Vanilla', 'VANILLA', 'Vanilla', 1);
INSERT INTO ARCH_CODE_MEMBER ( GROUP_ID, CODE_KEY, DATA, NAME, CODE_COMMENT,
STATUS ) VALUES (
3020, '2', 'Knock-In', 'KNOCK_IN', 'Knock-In', 1);
INSERT INTO ARCH_CODE_MEMBER ( GROUP_ID, CODE_KEY, DATA, NAME, CODE_COMMENT,
STATUS ) VALUES (
3020, '3', 'Knock-Out', 'KNOCK_OUT', 'Knock-Out', 1);
INSERT INTO ARCH_CODE_MEMBER ( GROUP_ID, CODE_KEY, DATA, NAME, CODE_COMMENT,
STATUS ) VALUES (
1009, '1', 'NMA', 'NMA', NULL, 1);
INSERT INTO ARCH_CODE_MEMBER ( GROUP_ID, CODE_KEY, DATA, NAME, CODE_COMMENT,
STATUS ) VALUES (
1009, '2', 'ALL', 'ALL', NULL, 1);
INSERT INTO ARCH_CODE_MEMBER ( GROUP_ID, CODE_KEY, DATA, NAME, CODE_COMMENT,
STATUS ) VALUES (
71, '4003', 'LINK:noe.lwp?', 'NOE link', 'NOE link', 1);
INSERT INTO ARCH_CODE_MEMBER ( GROUP_ID, CODE_KEY, DATA, NAME, CODE_COMMENT,
STATUS ) VALUES (
72, '1', 'Fincad', 'Fincad', NULL, 1);
INSERT INTO ARCH_CODE_MEMBER ( GROUP_ID, CODE_KEY, DATA, NAME, CODE_COMMENT,
STATUS ) VALUES (
72, '2', 'Internal', 'Internal', NULL, 1);
INSERT INTO ARCH_CODE_MEMBER ( GROUP_ID, CODE_KEY, DATA, NAME, CODE_COMMENT,
STATUS ) VALUES (
71, '4005', 'LINK:trade.lwp?', 'Trade link', 'Trade link', 1);
INSERT INTO ARCH_CODE_MEMBER ( GROUP_ID, CODE_KEY, DATA, NAME, CODE_COMMENT,
STATUS ) VALUES (
73, '1', 'NOE Based', 'NOE Based', 'NOE Based position type', 1);
INSERT INTO ARCH_CODE_MEMBER ( GROUP_ID, CODE_KEY, DATA, NAME, CODE_COMMENT,
STATUS ) VALUES (
73, '2', 'Booked', 'Booked', 'Booked trades based position type', 1);
INSERT INTO ARCH_CODE_MEMBER ( GROUP_ID, CODE_KEY, DATA, NAME, CODE_COMMENT,
STATUS ) VALUES (
73, '3', 'NOE Based NMA', 'NOE Based NMA', 'NOE Based position type that is not manually approved'
, 1);
INSERT INTO ARCH_CODE_MEMBER ( GROUP_ID, CODE_KEY, DATA, NAME, CODE_COMMENT,
STATUS ) VALUES (
73, '4', 'Booked NMA', 'Booked NMA', 'Booked trades based position type that is not manually approved'
, 1);
INSERT INTO ARCH_CODE_MEMBER ( GROUP_ID, CODE_KEY, DATA, NAME, CODE_COMMENT,
STATUS ) VALUES (
1100, '1', 'Mandatory', 'Mandatory', NULL, 1);
INSERT INTO ARCH_CODE_MEMBER ( GROUP_ID, CODE_KEY, DATA, NAME, CODE_COMMENT,
STATUS ) VALUES (
1100, '2', 'Indicatory', 'Indicatory', NULL, 2);
INSERT INTO ARCH_CODE_MEMBER ( GROUP_ID, CODE_KEY, DATA, NAME, CODE_COMMENT,
STATUS ) VALUES (
74, '1', 'FX', 'FX', NULL, 1);
INSERT INTO ARCH_CODE_MEMBER ( GROUP_ID, CODE_KEY, DATA, NAME, CODE_COMMENT,
STATUS ) VALUES (
74, '2', 'Fx Forward', 'Fx Forward', NULL, 1);
INSERT INTO ARCH_CODE_MEMBER ( GROUP_ID, CODE_KEY, DATA, NAME, CODE_COMMENT,
STATUS ) VALUES (
74, '3', 'Fx Spot', 'Fx Spot', NULL, 1);
INSERT INTO ARCH_CODE_MEMBER ( GROUP_ID, CODE_KEY, DATA, NAME, CODE_COMMENT,
STATUS ) VALUES (
74, '4', 'None', 'None', NULL, 1);
INSERT INTO ARCH_CODE_MEMBER ( GROUP_ID, CODE_KEY, DATA, NAME, CODE_COMMENT,
STATUS ) VALUES (
77, '1', 'FAIR_VALUE', 'FAIR_VALUE', 'input fair value code', 1);
INSERT INTO ARCH_CODE_MEMBER ( GROUP_ID, CODE_KEY, DATA, NAME, CODE_COMMENT,
STATUS ) VALUES (
77, '2', 'DELTA', 'DELTA', 'input delta code', 1);
INSERT INTO ARCH_CODE_MEMBER ( GROUP_ID, CODE_KEY, DATA, NAME, CODE_COMMENT,
STATUS ) VALUES (
77, '3', 'GAMMA', 'GAMMA', 'input gamma code', 1);
INSERT INTO ARCH_CODE_MEMBER ( GROUP_ID, CODE_KEY, DATA, NAME, CODE_COMMENT,
STATUS ) VALUES (
77, '4', 'THETA', 'THETA', 'input theta code', 1);
INSERT INTO ARCH_CODE_MEMBER ( GROUP_ID, CODE_KEY, DATA, NAME, CODE_COMMENT,
STATUS ) VALUES (
77, '5', 'VEGA', 'VEGA', 'input vaga code', 1);
INSERT INTO ARCH_CODE_MEMBER ( GROUP_ID, CODE_KEY, DATA, NAME, CODE_COMMENT,
STATUS ) VALUES (
77, '6', 'RHO_OF_RATE', 'RHO_OF_RATE', 'input rho of rate code', 1);
INSERT INTO ARCH_CODE_MEMBER ( GROUP_ID, CODE_KEY, DATA, NAME, CODE_COMMENT,
STATUS ) VALUES (
77, '7', 'RHO_OF_HOLDING_COST', 'RHO_OF_HOLDING_COST', 'input rho of holding cost code'
, 1);
INSERT INTO ARCH_CODE_MEMBER ( GROUP_ID, CODE_KEY, DATA, NAME, CODE_COMMENT,
STATUS ) VALUES (
76, '1', 'JPMC_ASIA', 'JPMC_ASIA', 'source id jpmc asia', 1);
INSERT INTO ARCH_CODE_MEMBER ( GROUP_ID, CODE_KEY, DATA, NAME, CODE_COMMENT,
STATUS ) VALUES (
76, '2', 'JPMC_NY', 'JPMC_NY', 'source id jpmc new york', 1);
INSERT INTO ARCH_CODE_MEMBER ( GROUP_ID, CODE_KEY, DATA, NAME, CODE_COMMENT,
STATUS ) VALUES (
76, '0', 'NA', 'NA', 'source id is not available', 1);
INSERT INTO ARCH_CODE_MEMBER ( GROUP_ID, CODE_KEY, DATA, NAME, CODE_COMMENT,
STATUS ) VALUES (
76, '3', 'JPMC_LONDON', 'JPMC_LONDON', 'source id jpmc london', 1);
INSERT INTO ARCH_CODE_MEMBER ( GROUP_ID, CODE_KEY, DATA, NAME, CODE_COMMENT,
STATUS ) VALUES (
76, '4', 'REUTERS', 'REUTERS', 'source id reuters', 1);
INSERT INTO ARCH_CODE_MEMBER ( GROUP_ID, CODE_KEY, DATA, NAME, CODE_COMMENT,
STATUS ) VALUES (
76, '5', 'BLOOMBERG', 'BLOOMBERG', 'source id for bloomberg', 1);
INSERT INTO ARCH_CODE_MEMBER ( GROUP_ID, CODE_KEY, DATA, NAME, CODE_COMMENT,
STATUS ) VALUES (
78, '1', 'OUTSIDE', 'OUTSIDE', 'outside source target', 1);
INSERT INTO ARCH_CODE_MEMBER ( GROUP_ID, CODE_KEY, DATA, NAME, CODE_COMMENT,
STATUS ) VALUES (
78, '2', 'VALUATION', 'VALUATION', 'valuation source target', 1);
INSERT INTO ARCH_CODE_MEMBER ( GROUP_ID, CODE_KEY, DATA, NAME, CODE_COMMENT,
STATUS ) VALUES (
79, '80', 'com.traiana.core.service.financial.valuation.md.target.DiscountCurveSourceTarget'
, 'DISCOUNT_CURVE', 'discount curve data source target', 1);
INSERT INTO ARCH_CODE_MEMBER ( GROUP_ID, CODE_KEY, DATA, NAME, CODE_COMMENT,
STATUS ) VALUES (
79, '81', 'com.traiana.core.service.financial.valuation.md.target.SpotRateSourceTarget'
, 'SPOT_RATE', 'Spot Rate source target', 1);
INSERT INTO ARCH_CODE_MEMBER ( GROUP_ID, CODE_KEY, DATA, NAME, CODE_COMMENT,
STATUS ) VALUES (
79, '82', 'com.traiana.core.service.financial.valuation.md.target.InterpolationSourceTarget'
, 'INTERPOLATION', 'Interpolation source target', 1);
INSERT INTO ARCH_CODE_MEMBER ( GROUP_ID, CODE_KEY, DATA, NAME, CODE_COMMENT,
STATUS ) VALUES (
79, '83', 'com.traiana.core.service.financial.valuation.md.target.PositionItemSourceTarget'
, 'POSITION_ITEM', 'Position Item source target', 1);
INSERT INTO ARCH_CODE_MEMBER ( GROUP_ID, CODE_KEY, DATA, NAME, CODE_COMMENT,
STATUS ) VALUES (
82, '1', 'LINEAR', 'LINEAR', 'Linear', 1);
INSERT INTO ARCH_CODE_MEMBER ( GROUP_ID, CODE_KEY, DATA, NAME, CODE_COMMENT,
STATUS ) VALUES (
82, '2', 'CUBIC_SPLINE', 'CUBIC_SPLINE', 'Cubic spline', 1);
INSERT INTO ARCH_CODE_MEMBER ( GROUP_ID, CODE_KEY, DATA, NAME, CODE_COMMENT,
STATUS ) VALUES (
82, '3', 'EXPONENTIAL', 'EXPONENTIAL', 'Exponential', 1);
INSERT INTO ARCH_CODE_MEMBER ( GROUP_ID, CODE_KEY, DATA, NAME, CODE_COMMENT,
STATUS ) VALUES (
83, '1', 'TRADING_ACTIVITY_LEVEL', 'TRADING_ACTIVITY_LEVEL', 'Trading activity level'
, 1);
INSERT INTO ARCH_CODE_MEMBER ( GROUP_ID, CODE_KEY, DATA, NAME, CODE_COMMENT,
STATUS ) VALUES (
83, '2', 'POSITION_LEVEL', 'POSITION_LEVEL', 'Position level', 1);
INSERT INTO ARCH_CODE_MEMBER ( GROUP_ID, CODE_KEY, DATA, NAME, CODE_COMMENT,
STATUS ) VALUES (
79, '86', 'com.traiana.core.service.financial.valuation.md.target.DatePointSourceTarget'
, 'DATE_POINT', 'date point source target', 1);
INSERT INTO ARCH_CODE_MEMBER ( GROUP_ID, CODE_KEY, DATA, NAME, CODE_COMMENT,
STATUS ) VALUES (
79, '85', 'com.traiana.core.service.financial.valuation.md.target.OptionSourceTarget'
, 'OPTION', 'option date source target', 1);
INSERT INTO ARCH_CODE_MEMBER ( GROUP_ID, CODE_KEY, DATA, NAME, CODE_COMMENT,
STATUS ) VALUES (
79, '84', 'com.traiana.core.service.financial.valuation.md.target.RevalSourceTarget'
, 'REVAL_RATE', 'Reval Rate source target', 1);
INSERT INTO ARCH_CODE_MEMBER ( GROUP_ID, CODE_KEY, DATA, NAME, CODE_COMMENT,
STATUS ) VALUES (
3040, '1', '00:00', '00:00', '00:00', 1);
INSERT INTO ARCH_CODE_MEMBER ( GROUP_ID, CODE_KEY, DATA, NAME, CODE_COMMENT,
STATUS ) VALUES (
3040, '10', '09:00', '09:00', '09:00', 1);
INSERT INTO ARCH_CODE_MEMBER ( GROUP_ID, CODE_KEY, DATA, NAME, CODE_COMMENT,
STATUS ) VALUES (
3040, '11', '10:00', '10:00', '10:00', 1);
INSERT INTO ARCH_CODE_MEMBER ( GROUP_ID, CODE_KEY, DATA, NAME, CODE_COMMENT,
STATUS ) VALUES (
3040, '12', '11:00', '11:00', '11:00', 1);
INSERT INTO ARCH_CODE_MEMBER ( GROUP_ID, CODE_KEY, DATA, NAME, CODE_COMMENT,
STATUS ) VALUES (
3040, '13', '12:00', '12:00', '12:00', 1);
INSERT INTO ARCH_CODE_MEMBER ( GROUP_ID, CODE_KEY, DATA, NAME, CODE_COMMENT,
STATUS ) VALUES (
3040, '14', '13:00', '13:00', '13:00', 1);
INSERT INTO ARCH_CODE_MEMBER ( GROUP_ID, CODE_KEY, DATA, NAME, CODE_COMMENT,
STATUS ) VALUES (
3040, '15', '14:00', '14:00', '14:00', 1);
INSERT INTO ARCH_CODE_MEMBER ( GROUP_ID, CODE_KEY, DATA, NAME, CODE_COMMENT,
STATUS ) VALUES (
3040, '16', '15:00', '15:00', '15:00', 1);
INSERT INTO ARCH_CODE_MEMBER ( GROUP_ID, CODE_KEY, DATA, NAME, CODE_COMMENT,
STATUS ) VALUES (
3040, '17', '16:00', '16:00', '16:00', 1);
INSERT INTO ARCH_CODE_MEMBER ( GROUP_ID, CODE_KEY, DATA, NAME, CODE_COMMENT,
STATUS ) VALUES (
3040, '18', '17:00', '17:00', '17:00', 1);
INSERT INTO ARCH_CODE_MEMBER ( GROUP_ID, CODE_KEY, DATA, NAME, CODE_COMMENT,
STATUS ) VALUES (
3040, '19', '18:00', '18:00', '18:00', 1);
INSERT INTO ARCH_CODE_MEMBER ( GROUP_ID, CODE_KEY, DATA, NAME, CODE_COMMENT,
STATUS ) VALUES (
3040, '2', '01:00', '01:00', '01:00', 1);
INSERT INTO ARCH_CODE_MEMBER ( GROUP_ID, CODE_KEY, DATA, NAME, CODE_COMMENT,
STATUS ) VALUES (
3040, '20', '19:00', '19:00', '19:00', 1);
INSERT INTO ARCH_CODE_MEMBER ( GROUP_ID, CODE_KEY, DATA, NAME, CODE_COMMENT,
STATUS ) VALUES (
3040, '21', '20:00', '20:00', '20:00', 1);
INSERT INTO ARCH_CODE_MEMBER ( GROUP_ID, CODE_KEY, DATA, NAME, CODE_COMMENT,
STATUS ) VALUES (
3040, '22', '21:00', '21:00', '21:00', 1);
INSERT INTO ARCH_CODE_MEMBER ( GROUP_ID, CODE_KEY, DATA, NAME, CODE_COMMENT,
STATUS ) VALUES (
3040, '23', '22:00', '22:00', '22:00', 1);
INSERT INTO ARCH_CODE_MEMBER ( GROUP_ID, CODE_KEY, DATA, NAME, CODE_COMMENT,
STATUS ) VALUES (
3040, '24', '23:00', '23:00', '23:00', 1);
INSERT INTO ARCH_CODE_MEMBER ( GROUP_ID, CODE_KEY, DATA, NAME, CODE_COMMENT,
STATUS ) VALUES (
3040, '3', '02:00', '02:00', '02:00', 1);
INSERT INTO ARCH_CODE_MEMBER ( GROUP_ID, CODE_KEY, DATA, NAME, CODE_COMMENT,
STATUS ) VALUES (
3040, '4', '03:00', '03:00', '03:00', 1);
INSERT INTO ARCH_CODE_MEMBER ( GROUP_ID, CODE_KEY, DATA, NAME, CODE_COMMENT,
STATUS ) VALUES (
3040, '5', '04:00', '04:00', '04:00', 1);
INSERT INTO ARCH_CODE_MEMBER ( GROUP_ID, CODE_KEY, DATA, NAME, CODE_COMMENT,
STATUS ) VALUES (
3040, '6', '05:00', '05:00', '05:00', 1);
INSERT INTO ARCH_CODE_MEMBER ( GROUP_ID, CODE_KEY, DATA, NAME, CODE_COMMENT,
STATUS ) VALUES (
3040, '7', '06:00', '06:00', '06:00', 1);
INSERT INTO ARCH_CODE_MEMBER ( GROUP_ID, CODE_KEY, DATA, NAME, CODE_COMMENT,
STATUS ) VALUES (
3040, '8', '07:00', '07:00', '07:00', 1);
INSERT INTO ARCH_CODE_MEMBER ( GROUP_ID, CODE_KEY, DATA, NAME, CODE_COMMENT,
STATUS ) VALUES (
3040, '9', '08:00', '08:00', '08:00', 1);
INSERT INTO ARCH_CODE_MEMBER ( GROUP_ID, CODE_KEY, DATA, NAME, CODE_COMMENT,
STATUS ) VALUES (
3050, '1', 'Tokyo', 'Tokyo', 'Tokyo', 1);
INSERT INTO ARCH_CODE_MEMBER ( GROUP_ID, CODE_KEY, DATA, NAME, CODE_COMMENT,
STATUS ) VALUES (
3050, '2', 'London', 'London', 'London', 1);
INSERT INTO ARCH_CODE_MEMBER ( GROUP_ID, CODE_KEY, DATA, NAME, CODE_COMMENT,
STATUS ) VALUES (
3050, '3', 'NY', 'NY', 'NY', 1);

INSERT INTO ARCH_CODE_MEMBER ( GROUP_ID, CODE_KEY, DATA, NAME, CODE_COMMENT,
STATUS ) VALUES (200001, 'BANK', 'Order=4', 'Bank', 'Bank tab', 1);
INSERT INTO ARCH_CODE_MEMBER ( GROUP_ID, CODE_KEY, DATA, NAME, CODE_COMMENT,
STATUS ) VALUES (200001, 'CLIENT', 'Order=3', 'Client', 'Client tab', 1);
INSERT INTO ARCH_CODE_MEMBER ( GROUP_ID, CODE_KEY, DATA, NAME, CODE_COMMENT,
STATUS ) VALUES (200001, 'EXT_BANK', 'Order=5', 'Ext Bank', 'Ext Bank tab', 1);
INSERT INTO ARCH_CODE_MEMBER ( GROUP_ID, CODE_KEY, DATA, NAME, CODE_COMMENT,
STATUS ) VALUES (200001, 'FUND', 'Order=6', 'Fund', 'Fund tab', 1);
INSERT INTO ARCH_CODE_MEMBER ( GROUP_ID, CODE_KEY, DATA, NAME, CODE_COMMENT,
STATUS ) VALUES (200001, 'PB', 'Order=2', 'Prime Broker', 'Prime Broker tab', 1);
INSERT INTO ARCH_CODE_MEMBER ( GROUP_ID, CODE_KEY, DATA, NAME, CODE_COMMENT,
STATUS ) VALUES (200001, 'ROOT_ORGANIZATION', 'Order=1', 'Domain Owner', 'DomainOwner tab', 1);

INSERT INTO ARCH_CODE_MEMBER ( GROUP_ID, CODE_KEY, DATA, NAME, CODE_COMMENT,
STATUS ) VALUES (200002, 'Billing', 'Order=6&IncludeFile=/pages/dynfinobj/beans/billingBean.jsp', 'Billing', 'Billing tab', 1);
INSERT INTO ARCH_CODE_MEMBER ( GROUP_ID, CODE_KEY, DATA, NAME, CODE_COMMENT,
STATUS ) VALUES (200002, 'CoupledAccounts', 'Order=4&IncludeFile=/pages/dynfinobj/beans/reportBean.jsp', 'CoupledAccounts', 'CoupledAccounts tab', 1);
INSERT INTO ARCH_CODE_MEMBER ( GROUP_ID, CODE_KEY, DATA, NAME, CODE_COMMENT,
STATUS ) VALUES (200002, 'CreditLines', 'Order=5&IncludeFile=/pages/dynfinobj/beans/creditLineBean.jsp', 'Credit Lines', 'Credit Line tab', 1);
INSERT INTO ARCH_CODE_MEMBER ( GROUP_ID, CODE_KEY, DATA, NAME, CODE_COMMENT,
STATUS ) VALUES (200002, 'Funds', 'Order=3&IncludeFile=/pages/dynfinobj/beans/reportBean.jsp', 'Funds', 'Funds tab', 1);
INSERT INTO ARCH_CODE_MEMBER ( GROUP_ID, CODE_KEY, DATA, NAME, CODE_COMMENT,
STATUS ) VALUES (200002, 'Persons', 'Order=1&IncludeFile=/pages/dynfinobj/beans/reportBean.jsp', 'Persons', 'Persons tab', 1);
INSERT INTO ARCH_CODE_MEMBER ( GROUP_ID, CODE_KEY, DATA, NAME, CODE_COMMENT,
STATUS ) VALUES (200002, 'Properties', 'Order=7&IncludeFile=/pages/dynfinobj/beans/propertiesBean.jsp', 'Properties', 'Properties tab', 1);
INSERT INTO ARCH_CODE_MEMBER ( GROUP_ID, CODE_KEY, DATA, NAME, CODE_COMMENT,
STATUS ) VALUES (200002, 'Traders', 'Order=2&IncludeFile=/pages/dynfinobj/beans/reportBean.jsp', 'Traders', 'Traders tab', 1);

INSERT INTO ARCH_CODE_MEMBER ( GROUP_ID, CODE_KEY, DATA, NAME, CODE_COMMENT,
STATUS ) VALUES (200003, 'DataMappingBean', 'Order=4&Existance=Validator'
, 'com.traiana.core.admin.dynfinobj.beans.datamap.DataMappingBean', 'DataMappingBean', 1);
INSERT INTO ARCH_CODE_MEMBER ( GROUP_ID, CODE_KEY, DATA, NAME, CODE_COMMENT,
STATUS ) VALUES (200003, 'GiveupRelBean', 'Order=6&Existance=Validator'
, 'com.traiana.core.admin.dynfinobj.org.beans.giveup.GiveupRelBean', 'GiveupRelBean', 1);
INSERT INTO ARCH_CODE_MEMBER ( GROUP_ID, CODE_KEY, DATA, NAME, CODE_COMMENT,
STATUS ) VALUES (200003, 'MasterAccountBean', 'Order=5&Existance=Validator'
, 'com.traiana.core.admin.dynfinobj.beans.masteraccount.MasterAccountBean', 'MasterAccountBean', 1);
INSERT INTO ARCH_CODE_MEMBER ( GROUP_ID, CODE_KEY, DATA, NAME, CODE_COMMENT,
STATUS ) VALUES (200003, 'OrganizationDetailsBean', 'Order=2&Existance=Validator'
, 'com.traiana.core.admin.dynfinobj.beans.org.OrganizationDetailsBean', 'OrganizationDetailsBean', 1);
INSERT INTO ARCH_CODE_MEMBER ( GROUP_ID, CODE_KEY, DATA, NAME, CODE_COMMENT,
STATUS ) VALUES (200003, 'SelectorBean', 'Order=1&Existance=true'
, 'com.traiana.core.admin.dynfinobj.beans.selector.SelectorBean', 'SelectorBean', 1);
INSERT INTO ARCH_CODE_MEMBER ( GROUP_ID, CODE_KEY, DATA, NAME, CODE_COMMENT,
STATUS ) VALUES (200003, 'StatusBean', 'Order=3&Existance=Validator'
, 'com.traiana.core.admin.dynfinobj.beans.status.StatusBean', 'StatusBean', 1);

INSERT INTO ARCH_CODE_MEMBER ( GROUP_ID, CODE_KEY, DATA, NAME, CODE_COMMENT,
STATUS ) VALUES (200004, 'BillingDefaultValueBean', 'Order=123&Existance=BillingBeanExistancValidator'
, 'com.traiana.core.admin.dynfinobj.beans.billing.BillingDefaultValueBean', 'BillingDefaultValueBean', 1);
INSERT INTO ARCH_CODE_MEMBER ( GROUP_ID, CODE_KEY, DATA, NAME, CODE_COMMENT,
STATUS ) VALUES (200004, 'BillingDynamicBean', 'Order=126&Existance=BillingBeanExistancValidator'
, 'com.traiana.core.admin.dynfinobj.beans.billing.BillingDynamicBean', 'BillingDynamicBean', 1);
INSERT INTO ARCH_CODE_MEMBER ( GROUP_ID, CODE_KEY, DATA, NAME, CODE_COMMENT,
STATUS ) VALUES (200004, 'BillingDynamicTypeBean', 'Order=127&Existance=BillingBeanExistancValidator'
, 'com.traiana.core.admin.dynfinobj.beans.billing.BillingDynamicTypeBean', 'BillingDynamicTypeBean', 1);
INSERT INTO ARCH_CODE_MEMBER ( GROUP_ID, CODE_KEY, DATA, NAME, CODE_COMMENT,
STATUS ) VALUES (200004, 'BillingLineCapsBean', 'Order=122&Existance=BillingBeanExistancValidator'
, 'com.traiana.core.admin.dynfinobj.beans.billing.BillingLineCapsBean', 'BillingLineCapsBean', 1);
INSERT INTO ARCH_CODE_MEMBER ( GROUP_ID, CODE_KEY, DATA, NAME, CODE_COMMENT,
STATUS ) VALUES (200004, 'BillingPerMillionBean', 'Order=125&Existance=BillingBeanExistancValidator'
, 'com.traiana.core.admin.dynfinobj.beans.billing.BillingPerMillionBean', 'BillingPerMillionBean', 1);
INSERT INTO ARCH_CODE_MEMBER ( GROUP_ID, CODE_KEY, DATA, NAME, CODE_COMMENT,
STATUS ) VALUES (200004, 'BillingSpreadBean', 'Order=124&Existance=BillingBeanExistancValidator'
, 'com.traiana.core.admin.dynfinobj.beans.billing.BillingSpreadBean', 'BillingSpreadBean', 1);
INSERT INTO ARCH_CODE_MEMBER ( GROUP_ID, CODE_KEY, DATA, NAME, CODE_COMMENT,
STATUS ) VALUES (200004, 'BillingTypeBean', 'Order=121&Existance=BillingBeanExistancValidator'
, 'com.traiana.core.admin.dynfinobj.beans.billing.BillingTypeBean', 'BillingTypeBean', 1);
INSERT INTO ARCH_CODE_MEMBER ( GROUP_ID, CODE_KEY, DATA, NAME, CODE_COMMENT,
STATUS ) VALUES (200004, 'CreditLineBean', 'Order=111&Existance=Validator'
, 'com.traiana.core.admin.dynfinobj.org.beans.creditline.CreditLineBean', 'CreditLineBean', 1);
INSERT INTO ARCH_CODE_MEMBER ( GROUP_ID, CODE_KEY, DATA, NAME, CODE_COMMENT,
STATUS ) VALUES (200004, 'PropertiesBean', 'Order=101&Existance=Validator'
, 'com.traiana.core.admin.dynfinobj.beans.props.PropertiesBean', 'PropertiesBean', 1);
INSERT INTO ARCH_CODE_MEMBER ( GROUP_ID, CODE_KEY, DATA, NAME, CODE_COMMENT,
STATUS ) VALUES (200004, 'RelationReportBean', 'Order=102&Existance=Validator'
, 'com.traiana.core.admin.dynfinobj.org.beans.relrep.RelationReportBean', 'RelationReportBean', 1);

INSERT INTO ARCH_CODE_MEMBER ( GROUP_ID, CODE_KEY, DATA, NAME, CODE_COMMENT,
STATUS ) VALUES (200025, '200001', 'PersonOfClientRoles', 'PersonOfClientRoles', 'PersonOfClientRoles', 1);
INSERT INTO ARCH_CODE_MEMBER ( GROUP_ID, CODE_KEY, DATA, NAME, CODE_COMMENT,
STATUS ) VALUES (200025, '200002', 'PersonOfBankRoles', 'PersonOfBankRoles', 'PersonOfBankRoles', 1);
INSERT INTO ARCH_CODE_MEMBER ( GROUP_ID, CODE_KEY, DATA, NAME, CODE_COMMENT,
STATUS ) VALUES (200030, '200001', '200001', 'client person role to inlude', 'client person role to inlude', 1);
INSERT INTO ARCH_CODE_MEMBER ( GROUP_ID, CODE_KEY, DATA, NAME, CODE_COMMENT,
STATUS ) VALUES (200030, '200008', '200008', 'client person role to inlude', 'client person role to inlude', 1);
INSERT INTO ARCH_CODE_MEMBER ( GROUP_ID, CODE_KEY, DATA, NAME, CODE_COMMENT,
STATUS ) VALUES (200031, '200005', '200005', 'bank person role to inlude', 'bank person role to inlude', 1);
INSERT INTO ARCH_CODE_MEMBER ( GROUP_ID, CODE_KEY, DATA, NAME, CODE_COMMENT,
STATUS ) VALUES (200031, '200006', '200006', 'bank person role to inlude', 'bank person role to inlude', 1);

INSERT INTO ARCH_CODE_MEMBER ( GROUP_ID, CODE_KEY, DATA, NAME, CODE_COMMENT,
STATUS ) VALUES (30, 'Display', 'OP_DISPLAY', 'OP_DISPLAY', 'Display operation', 1);
INSERT INTO ARCH_CODE_MEMBER ( GROUP_ID, CODE_KEY, DATA, NAME, CODE_COMMENT,
STATUS ) VALUES (30, 'ExecuteReport', 'OP_EXECUTE_REPORT', 'OP_EXECUTE_REPORT', 'ExecuteReport operation', 1);
INSERT INTO ARCH_CODE_MEMBER ( GROUP_ID, CODE_KEY, DATA, NAME, CODE_COMMENT,
STATUS ) VALUES (30, 'Download', 'OP_DOWNLOAD', 'OP_DOWNLOAD', 'Reports'' download operation', 1); 

INSERT INTO ARCH_CODE_MEMBER ( GROUP_ID, CODE_KEY, DATA, NAME, CODE_COMMENT, STATUS )
	VALUES ( 20, '4009', 'OptionTradeGroup', 'OPTION_TRADE_GROUP', 'Option Trade Group', 1);
INSERT INTO ARCH_CODE_MEMBER ( GROUP_ID, CODE_KEY, DATA, NAME, CODE_COMMENT, STATUS )
	VALUES ( 20, '4010', 'OptionOa', 'OPTION_OA', 'Option Oa', 1);
INSERT INTO ARCH_CODE_MEMBER ( GROUP_ID, CODE_KEY, DATA, NAME, CODE_COMMENT,
STATUS ) VALUES ( 
4010, '1', 'DB PB', 'DB PB1', NULL, 1); 
INSERT INTO ARCH_CODE_MEMBER ( GROUP_ID, CODE_KEY, DATA, NAME, CODE_COMMENT,
STATUS ) VALUES ( 
4010, '2', 'DB PB', 'DP PB2', NULL, 1); 
INSERT INTO ARCH_CODE_MEMBER ( GROUP_ID, CODE_KEY, DATA, NAME, CODE_COMMENT,
STATUS ) VALUES ( 
4010, '3', 'DB PB', 'DB PB3', NULL, 1); 
INSERT INTO ARCH_CODE_MEMBER ( GROUP_ID, CODE_KEY, DATA, NAME, CODE_COMMENT,
STATUS ) VALUES ( 
4010, '4', 'DB PB', 'DB PB4', NULL, 1); 

-- Start solutions

INSERT INTO ARCH_CODE_MEMBER ( GROUP_ID, CODE_KEY, DATA, NAME, CODE_COMMENT, STATUS )
    VALUES (30, 'RetrieveNoe', 'OP_RETRIEVE_NOE', 'OP_RETRIEVE_NOE', 'RetrieveNoe operation', 1);
INSERT INTO ARCH_CODE_MEMBER ( GROUP_ID, CODE_KEY, DATA, NAME, CODE_COMMENT, STATUS )
    VALUES (30, 'ShowSplit', 'OP_SHOW_SPLIT', 'OP_SHOW_SPLIT', 'ShowSplit operation', 1);
INSERT INTO ARCH_CODE_MEMBER ( GROUP_ID, CODE_KEY, DATA, NAME, CODE_COMMENT, STATUS )
    VALUES (30, 'RetrieveSplit', 'OP_RETRIEVE_SPLIT', 'OP_RETRIEVE_SPLIT', 'RetrieveSplit operation' , 1);
INSERT INTO ARCH_CODE_MEMBER ( GROUP_ID, CODE_KEY, DATA, NAME, CODE_COMMENT, STATUS )
    VALUES (30, 'SelectTab', 'OP_SELECT_TAB', 'OP_SELECT_TAB', 'SelectTab operation', 1);
INSERT INTO ARCH_CODE_MEMBER ( GROUP_ID, CODE_KEY, DATA, NAME, CODE_COMMENT, STATUS )
    VALUES (30, 'MultipleReconNoeById', 'OP_MULTIPLE_RECON_NOE_BY_ID', 'OP_MULTIPLE_RECON_NOE_BY_ID' , 'MultipleRecon operation', 1);
INSERT INTO ARCH_CODE_MEMBER ( GROUP_ID, CODE_KEY, DATA, NAME, CODE_COMMENT, STATUS )
    VALUES ( 30, 'ReportChange', 'OP_REPORT_CHANGE', 'OP_REPORT_CHANGE', 'OP_REPORT_CHANGE', 1);
INSERT INTO ARCH_CODE_MEMBER ( GROUP_ID, CODE_KEY, DATA, NAME, CODE_COMMENT,STATUS )
	   VALUES (30, 'BANK', 'OP_BANK', 'OP_BANK', 'BANK tab operation', 1);
INSERT INTO ARCH_CODE_MEMBER ( GROUP_ID, CODE_KEY, DATA, NAME, CODE_COMMENT,STATUS )
	   VALUES (30, 'CLIENT', 'OP_CLIENT', 'OP_CLIENT', 'CLIENT tab operation', 1);
INSERT INTO ARCH_CODE_MEMBER ( GROUP_ID, CODE_KEY, DATA, NAME, CODE_COMMENT,STATUS )
	   VALUES (30, 'EXT_BANK', 'OP_EXT_BANK', 'OP_EXT_BANK', 'EXT_BANK tab operation', 1);
INSERT INTO ARCH_CODE_MEMBER ( GROUP_ID, CODE_KEY, DATA, NAME, CODE_COMMENT,STATUS )
	   VALUES (30, 'FUND', 'OP_FUND', 'OP_FUND', 'FUND tab operation', 1);
INSERT INTO ARCH_CODE_MEMBER ( GROUP_ID, CODE_KEY, DATA, NAME, CODE_COMMENT,STATUS )
	   VALUES (30, 'PB', 'OP_PB', 'OP_PB', 'PB tab operation', 1);
INSERT INTO ARCH_CODE_MEMBER ( GROUP_ID, CODE_KEY, DATA, NAME, CODE_COMMENT,STATUS )
	   VALUES (30, 'ROOT_ORGANIZATION', 'OP_ROOT_ORGANIZATION', 'OP_ROOT_ORGANIZATION', 'ROOT_ORGANIZATION tab operation', 1);
INSERT INTO ARCH_CODE_MEMBER ( GROUP_ID, CODE_KEY, DATA, NAME, CODE_COMMENT,STATUS )
	   VALUES (30, 'Billing', 'OP_Billing', 'OP_Billing', 'Billing tab operation', 1);
INSERT INTO ARCH_CODE_MEMBER ( GROUP_ID, CODE_KEY, DATA, NAME, CODE_COMMENT,STATUS )
	   VALUES (30, 'CoupledAccounts', 'OP_CoupledAccounts', 'OP_CoupledAccounts', 'CoupledAccounts tab operation', 1);
INSERT INTO ARCH_CODE_MEMBER ( GROUP_ID, CODE_KEY, DATA, NAME, CODE_COMMENT,STATUS )
	   VALUES (30, 'CreditLines', 'OP_CreditLines', 'OP_CreditLines', 'CreditLines tab operation', 1);
INSERT INTO ARCH_CODE_MEMBER ( GROUP_ID, CODE_KEY, DATA, NAME, CODE_COMMENT,STATUS )
	   VALUES (30, 'Funds', 'OP_Funds', 'OP_Funds', 'Funds tab operation', 1);
INSERT INTO ARCH_CODE_MEMBER ( GROUP_ID, CODE_KEY, DATA, NAME, CODE_COMMENT,STATUS )
	   VALUES (30, 'Persons', 'OP_Persons', 'OP_Persons', 'Persons tab operation', 1);
INSERT INTO ARCH_CODE_MEMBER ( GROUP_ID, CODE_KEY, DATA, NAME, CODE_COMMENT,STATUS )
	   VALUES (30, 'Portfolio', 'OP_Portfolio', 'OP_Portfolio', 'Portfolio tab operation', 1);
INSERT INTO ARCH_CODE_MEMBER ( GROUP_ID, CODE_KEY, DATA, NAME, CODE_COMMENT,STATUS )
	   VALUES (30, 'PresetAllocations', 'OP_PresetAllocations', 'OP_PresetAllocations', 'PresetAllocations tab operation', 1);
INSERT INTO ARCH_CODE_MEMBER ( GROUP_ID, CODE_KEY, DATA, NAME, CODE_COMMENT,STATUS )
	   VALUES (30, 'Properties', 'OP_Properties', 'OP_Properties', 'Properties tab operation', 1);
INSERT INTO ARCH_CODE_MEMBER ( GROUP_ID, CODE_KEY, DATA, NAME, CODE_COMMENT,STATUS )
	   VALUES (30, 'Traders', 'OP_Traders', 'OP_Traders', 'Traders tab operation', 1);

INSERT INTO "ARCH_CODE_MEMBER" ( "GROUP_ID","CODE_KEY","DATA","NAME","CODE_COMMENT","STATUS" )
	VALUES ('1000000','1000001','PB','PB','PB Role','1' ) ;
INSERT INTO "ARCH_CODE_MEMBER" ( "GROUP_ID","CODE_KEY","DATA","NAME","CODE_COMMENT","STATUS" )
	VALUES ('1000000','1000002','BANK','BANK','BANK Role','1' ) ;
INSERT INTO "ARCH_CODE_MEMBER" ( "GROUP_ID","CODE_KEY","DATA","NAME","CODE_COMMENT","STATUS" )
	VALUES ('1000000','1000003','CLIENT','CLIENT','CLIENT Role','1' ) ;
INSERT INTO "ARCH_CODE_MEMBER" ( "GROUP_ID","CODE_KEY","DATA","NAME","CODE_COMMENT","STATUS" )
	VALUES ('1000000','1000004','FUND','FUND','FUND Role','1' ) ;
INSERT INTO "ARCH_CODE_MEMBER" ( "GROUP_ID","CODE_KEY","DATA","NAME","CODE_COMMENT","STATUS" )
	VALUES ('1000000','1000005','EXT_BANK','EXT_BANK','GIVEUP BANK Role','1' ) ;
INSERT INTO "ARCH_CODE_MEMBER" ( "GROUP_ID","CODE_KEY","DATA","NAME","CODE_COMMENT","STATUS" )
	VALUES ('1000000','1000006','REPORTING ENTITY','REPORTING ENTITY','REPORTING ENTITY Role','1' ) ;
INSERT INTO ARCH_CODE_MEMBER ( GROUP_ID, CODE_KEY, DATA, NAME, CODE_COMMENT,STATUS )
	VALUES ( 1000000, '1000007', 'BACK_OFFICE', 'BACK_OFFICE', 'Back Office Role', 1);
INSERT INTO ARCH_CODE_MEMBER ( GROUP_ID, CODE_KEY, DATA, NAME, CODE_COMMENT,STATUS )
	VALUES ( 1000000, '1000008', 'HARMONY', 'HARMONY', 'Harmony Role', 1);

INSERT INTO "ARCH_CODE_MEMBER" ( "GROUP_ID","CODE_KEY","DATA","NAME","CODE_COMMENT","STATUS" )
	VALUES ('1000001','1','ENABLED','ENABLED','ENABLED State of organization','1' ) ;
INSERT INTO "ARCH_CODE_MEMBER" ( "GROUP_ID","CODE_KEY","DATA","NAME","CODE_COMMENT","STATUS" )
	VALUES ('1000001','2','DISABLED','DISABLED','DISABLED State of organization','1' ) ;
INSERT INTO "ARCH_CODE_MEMBER" ( "GROUP_ID","CODE_KEY","DATA","NAME","CODE_COMMENT","STATUS" )
	VALUES ('1000001','3','DELETED','DELETED','DELETED State of organization','1' ) ;
INSERT INTO "ARCH_CODE_MEMBER" ( "GROUP_ID","CODE_KEY","DATA","NAME","CODE_COMMENT","STATUS" )
	VALUES ('1000002','1','REGULAR','REGULAR','REGULAR Account Type','1' ) ;
INSERT INTO "ARCH_CODE_MEMBER" ( "GROUP_ID","CODE_KEY","DATA","NAME","CODE_COMMENT","STATUS" )
	VALUES ('1000003','1','OWNER','OWNER','OWNER Account Org Relation','1' ) ;
INSERT INTO "ARCH_CODE_MEMBER" ( "GROUP_ID","CODE_KEY","DATA","NAME","CODE_COMMENT","STATUS" )
	VALUES ('1000003','2','MANAGER','MANAGER','MANAGER Account Org Relation','1' ) ;
INSERT INTO "ARCH_CODE_MEMBER" ( "GROUP_ID","CODE_KEY","DATA","NAME","CODE_COMMENT","STATUS" )
	VALUES ('1000003','3','COUPLED','COUPLED','COUPLED Account Org Relation','1' ) ;
INSERT INTO "ARCH_CODE_MEMBER" ( "GROUP_ID","CODE_KEY","DATA","NAME","CODE_COMMENT","STATUS" )
	VALUES ('1000003','4','GIVEUP_BANK','GIVEUP_BANK','GIVEUP_BANK Account Org Relation','1' ) ;
INSERT INTO ARCH_CODE_MEMBER ( GROUP_ID, CODE_KEY, DATA, NAME, CODE_COMMENT, STATUS )
    VALUES ('1000103', '5', 'Empty', 'Empty', 'Empty position type', '1');
INSERT INTO "ARCH_CODE_MEMBER" ( "GROUP_ID","CODE_KEY","DATA","NAME","CODE_COMMENT","STATUS" )
	VALUES ('1000004','1','MANAGES','MANAGES','MANAGES Org 2 Org Relation','1' ) ;
INSERT INTO "ARCH_CODE_MEMBER" ( "GROUP_ID","CODE_KEY","DATA","NAME","CODE_COMMENT","STATUS" )
	VALUES ('1000005','4','UNI_TRADE_REPORTER','UNI_TRADE_REPORTER','UNI_TRADE_REPORTER Role','1' ) ;
INSERT INTO "ARCH_CODE_MEMBER" ( "GROUP_ID","CODE_KEY","DATA","NAME","CODE_COMMENT","STATUS" )
	VALUES ('1000005','5','TRADE_REPORTER','TRADE_REPORTER','TRADE_REPORTER Role','1' ) ;
INSERT INTO "ARCH_CODE_MEMBER" ( "GROUP_ID","CODE_KEY","DATA","NAME","CODE_COMMENT","STATUS" )
	VALUES ('1000005','6','UNI_NOE_APPROVE','UNI_NOE_APPROVE','UNI_NOE_APPROVE Role','1' ) ;
INSERT INTO "ARCH_CODE_MEMBER" ( "GROUP_ID","CODE_KEY","DATA","NAME","CODE_COMMENT","STATUS" )
	VALUES ('1000005','7','UNI_NOE_STALE','UNI_NOE_STALE','UNI_NOE_STALE Role','1' ) ;
INSERT INTO "ARCH_CODE_MEMBER" ( "GROUP_ID","CODE_KEY","DATA","NAME","CODE_COMMENT","STATUS" )
	VALUES ('1000005','8','UNI_TRADE_VIEWER','UNI_TRADE_VIEWER','UNI_TRADE_VIEWER Role','1' ) ;
INSERT INTO "ARCH_CODE_MEMBER" ( "GROUP_ID","CODE_KEY","DATA","NAME","CODE_COMMENT","STATUS" )
	VALUES ('1000005','9','TRADE_VIEWER','TRADE_VIEWER','TRADE_VIEWER Role','1' ) ;
INSERT INTO "ARCH_CODE_MEMBER" ( "GROUP_ID","CODE_KEY","DATA","NAME","CODE_COMMENT","STATUS" )
	VALUES ('1000005','10','UNI_PARTICIPANT_WRITE','UNI_PARTICIPANT_WRITE','UNI_PARTICIPANT_WRITE Role','1' ) ;
INSERT INTO "ARCH_CODE_MEMBER" ( "GROUP_ID","CODE_KEY","DATA","NAME","CODE_COMMENT","STATUS" )
	VALUES ('1000005','11','UNI_PARTICIPANT_READ','UNI_PARTICIPANT_READ','UNI_PARTICIPANT_READ Role','1' ) ;
INSERT INTO "ARCH_CODE_MEMBER" ( "GROUP_ID","CODE_KEY","DATA","NAME","CODE_COMMENT","STATUS" )
	VALUES ('1000005','12','NAMING_ADMIN','NAMING_ADMIN','NAMING_ADMIN Role','1' ) ;
INSERT INTO "ARCH_CODE_MEMBER" ( "GROUP_ID","CODE_KEY","DATA","NAME","CODE_COMMENT","STATUS" )
	VALUES ('1000005','13','UNI_TG_DELETE','UNI_TG_DELETE','UNI_TG_DELETE Role','1' ) ;
INSERT INTO ARCH_CODE_MEMBER ( GROUP_ID, CODE_KEY, DATA, NAME, CODE_COMMENT,STATUS )
 VALUES (1000005, '14', 'UNI_PARTICIPANT_PERSON_WRITE', 'UNI_PARTICIPANT_PERSON_WRITE', 'UNI_PARTICIPANT_PERSON_WRITE Role', 1);
INSERT INTO "ARCH_CODE_MEMBER" ( "GROUP_ID","CODE_KEY","DATA","NAME","CODE_COMMENT","STATUS" )
	VALUES ('1000005','16','UNI_NOE_RECON','UNI_NOE_RECON','UNI_NOE_RECON Role','1' ) ;
INSERT INTO ARCH_CODE_MEMBER ( GROUP_ID, CODE_KEY, DATA, NAME, CODE_COMMENT, STATUS )
    VALUES ( 1000005, '17', 'UNI_NOE_HOLD', 'UNI_NOE_HOLD', 'Universal NOE HOld Role', 1);
INSERT INTO ARCH_CODE_MEMBER ( GROUP_ID, CODE_KEY, DATA, NAME, CODE_COMMENT, STATUS )
    VALUES ( 1000005, '18', 'PB_PARTICIPANT_WRITE', 'PB_PARTICIPANT_WRITE', 'PB Participant Write Role', 1);
INSERT INTO ARCH_CODE_MEMBER ( GROUP_ID, CODE_KEY, DATA, NAME, CODE_COMMENT, STATUS )
    VALUES ( 1000005, '19', 'PB_PARTICIPANT_READ', 'PB_PARTICIPANT_READ', 'PB Participant Read Role', 1);
INSERT INTO ARCH_CODE_MEMBER ( GROUP_ID, CODE_KEY, DATA, NAME, CODE_COMMENT, STATUS )
    VALUES ( 1000005, '20', 'MODIFY_NOTIFICATION', 'MODIFY_NOTIFICATION', 'MODIFY_NOTIFICATION Role', 1);
INSERT INTO ARCH_CODE_MEMBER ( GROUP_ID, CODE_KEY, DATA, NAME, CODE_COMMENT, STATUS )
    VALUES ( 1000005, '21', 'CREDIT_MNG_WRITE', 'CREDIT_MNG_WRITE', 'CREDIT_MNG_WRITE Role', 1);
INSERT INTO ARCH_CODE_MEMBER ( GROUP_ID, CODE_KEY, DATA, NAME, CODE_COMMENT, STATUS )
    VALUES ( 1000005, '22', 'CREDIT_MNG_READ', 'CREDIT_MNG_READ', 'CREDIT_MNG_READ Role', 1);
INSERT INTO ARCH_CODE_MEMBER ( GROUP_ID, CODE_KEY, DATA, NAME, CODE_COMMENT, STATUS )
    VALUES ( 1000005, '23', 'BILLING_MNG_WRITE', 'BILLING_MNG_WRITE', 'BILLING_MNG_WRITE Role', 1);
INSERT INTO ARCH_CODE_MEMBER ( GROUP_ID, CODE_KEY, DATA, NAME, CODE_COMMENT, STATUS )
    VALUES ( 1000005, '24', 'BILLING_MNG_READ', 'BILLING_MNG_READ', 'BILLING_MNG_READ Role', 1);
INSERT INTO ARCH_CODE_MEMBER ( GROUP_ID, CODE_KEY, DATA, NAME, CODE_COMMENT, STATUS )
    VALUES ( 1000005, '25', 'MIS_MNG_WRITE', 'MIS_MNG_WRITE', 'MIS_MNG_WRITE Role', 1);
INSERT INTO ARCH_CODE_MEMBER ( GROUP_ID, CODE_KEY, DATA, NAME, CODE_COMMENT, STATUS )
    VALUES ( 1000005, '26', 'MIS_MNG_READ', 'MIS_MNG_READ', 'MIS_MNG_READ Role', 1);
INSERT INTO "ARCH_CODE_MEMBER" ( "GROUP_ID","CODE_KEY","DATA","NAME","CODE_COMMENT","STATUS" )
	VALUES ('1000006','1','ACTIVE','ACTIVE','ACTIVE Account state','1' ) ;
INSERT INTO "ARCH_CODE_MEMBER" ( "GROUP_ID","CODE_KEY","DATA","NAME","CODE_COMMENT","STATUS" )
	VALUES ('1000006','2','INACTIVE','INACTIVE','INACTIVE Account state','1' ) ;
INSERT INTO "ARCH_CODE_MEMBER" ( "GROUP_ID","CODE_KEY","DATA","NAME","CODE_COMMENT","STATUS" )
	VALUES ('1000007','1','ENABLED','ENABLED','ENABLED Person State','1' ) ;
INSERT INTO "ARCH_CODE_MEMBER" ( "GROUP_ID","CODE_KEY","DATA","NAME","CODE_COMMENT","STATUS" )
	VALUES ('1000007','2','DISABLED','DISABLED','DISABLED Person State','1' ) ;
INSERT INTO "ARCH_CODE_MEMBER" ( "GROUP_ID","CODE_KEY","DATA","NAME","CODE_COMMENT","STATUS" )
	VALUES ('1000007','3','DELETED','DELETED','DELETED Person State','1' ) ;
INSERT INTO "ARCH_CODE_MEMBER" ( "GROUP_ID","CODE_KEY","DATA","NAME","CODE_COMMENT","STATUS" )
	VALUES ('1000008','1','BELONGS','BELONGS','A person BELONGS to an organization','1' ) ;
INSERT INTO "ARCH_CODE_MEMBER" ( "GROUP_ID","CODE_KEY","DATA","NAME","CODE_COMMENT","STATUS" )
	VALUES ('1000009','0','PARTNER','PARTNER','PARTNER naming mapping type','1' ) ;
INSERT INTO "ARCH_CODE_MEMBER" ( "GROUP_ID","CODE_KEY","DATA","NAME","CODE_COMMENT","STATUS" )
	VALUES ('1000009','1','ORGANIZATION','ORGANIZATION','ORGANIZATION naming mapping type','1' ) ;
INSERT INTO "ARCH_CODE_MEMBER" ( "GROUP_ID","CODE_KEY","DATA","NAME","CODE_COMMENT","STATUS" )
	VALUES ('1000009','2','USER','USER','USER naming mapping type','1' ) ;
INSERT INTO "ARCH_CODE_MEMBER" ( "GROUP_ID","CODE_KEY","DATA","NAME","CODE_COMMENT","STATUS" )
	VALUES ('1000009','3','ACCOUNT','ACCOUNT','ACCOUNT naming mapping type','1' ) ;
INSERT INTO "ARCH_CODE_MEMBER" ( "GROUP_ID","CODE_KEY","DATA","NAME","CODE_COMMENT","STATUS" )
	VALUES ('1000009','4','FUND','FUND','FUND naming mapping type','1' ) ;
INSERT INTO "ARCH_CODE_MEMBER" ( "GROUP_ID","CODE_KEY","DATA","NAME","CODE_COMMENT","STATUS" )
	VALUES ('1000009','5','MESSAGE','MESSAGE','MESSAGE naming mapping type','1' ) ;
INSERT INTO "ARCH_CODE_MEMBER" ( "GROUP_ID","CODE_KEY","DATA","NAME","CODE_COMMENT","STATUS" )
	VALUES ('1000009','6','INSTRUMENT','INSTRUMENT','INSTRUMENT naming mapping type','1' ) ;
INSERT INTO "ARCH_CODE_MEMBER" ( "GROUP_ID","CODE_KEY","DATA","NAME","CODE_COMMENT","STATUS" )
	VALUES ('1000010','1000001','ORGANIZATION_STATUS_TYPE','ORGANIZATION_STATUS_TYPE','ORGANIZATION status type','1' ) ;
INSERT INTO "ARCH_CODE_MEMBER" ( "GROUP_ID","CODE_KEY","DATA","NAME","CODE_COMMENT","STATUS" )
	VALUES ('1000010','1000002','PERSON_STATUS_TYPE','PERSON_STATUS_TYPE','PERSON status type','1' ) ;
INSERT INTO "ARCH_CODE_MEMBER" ( "GROUP_ID","CODE_KEY","DATA","NAME","CODE_COMMENT","STATUS" )
	VALUES ('1000010','1000003','ACCOUNT_STATUS_TYPE','ACCOUNT_STATUS_TYPE','ACCOUNT status type','1' ) ;
INSERT INTO "ARCH_CODE_MEMBER" ( "GROUP_ID","CODE_KEY","DATA","NAME","CODE_COMMENT","STATUS" )
	VALUES ('1000010','1000011','APPROVAL','NOE_APPROVAL','NOE_APPROVAL status type','1' ) ;
INSERT INTO "ARCH_CODE_MEMBER" ( "GROUP_ID","CODE_KEY","DATA","NAME","CODE_COMMENT","STATUS" )
	VALUES ('1000010','1000012','RECONCILIATION','NOE_RECONCILIATION','NOE_RECONCILIATION status type','1' ) ;
INSERT INTO "ARCH_CODE_MEMBER" ( "GROUP_ID","CODE_KEY","DATA","NAME","CODE_COMMENT","STATUS" )
	VALUES ('1000010','1000013','ALLOCATION','NOE_ALLOCATION','NOE_ALLOCATION status type','1' ) ;
INSERT INTO "ARCH_CODE_MEMBER" ( "GROUP_ID","CODE_KEY","DATA","NAME","CODE_COMMENT","STATUS" )
	VALUES ('1000010','1000014','LIFECYCLE','NOE_LIFECYCLE','NOE_LIFECYCLE status type','1' ) ;
INSERT INTO "ARCH_CODE_MEMBER" ( "GROUP_ID","CODE_KEY","DATA","NAME","CODE_COMMENT","STATUS" )
	VALUES ('1000010','1000015','APPROVAL','SPLIT_APPROVAL','SPLIT_APPROVAL status type','1' ) ;
INSERT INTO "ARCH_CODE_MEMBER" ( "GROUP_ID","CODE_KEY","DATA","NAME","CODE_COMMENT","STATUS" )
	VALUES ('1000010','1000016','LIFECYCLE','SPLIT_LIFECYCLE','SPLIT_LIFECYCLE status type','1' ) ;
INSERT INTO "ARCH_CODE_MEMBER" ( "GROUP_ID","CODE_KEY","DATA","NAME","CODE_COMMENT","STATUS" )
	VALUES ('1000010','1000017','LIFECYCLE','TG_LIFECYCLE','TG_LIFECYCLE status type','1' ) ;
INSERT INTO "ARCH_CODE_MEMBER" ( "GROUP_ID","CODE_KEY","DATA","NAME","CODE_COMMENT","STATUS" )
	VALUES ('1000010','1000018','LIFECYCLE','TRADE_LIFECYCLE','TRADE_LIFECYCLE status type','1' ) ;
INSERT INTO "ARCH_CODE_MEMBER" ( "GROUP_ID","CODE_KEY","DATA","NAME","CODE_COMMENT","STATUS" )
	VALUES ('1000010','1000019','BOR','TRADE_BOR','TRADE_BOR status type','1' ) ;
INSERT INTO "ARCH_CODE_MEMBER" ( "GROUP_ID","CODE_KEY","DATA","NAME","CODE_COMMENT","STATUS" )
	VALUES ('1000010','1000020','TRANSFER_STATUS','TRANSFER_STATUS','TRANSFER status group','1' ) ;
INSERT INTO ARCH_CODE_MEMBER ( GROUP_ID, CODE_KEY, DATA, NAME, CODE_COMMENT, STATUS )
	VALUES ( 1000010, '1100015', 'TRADE_OPTION_STATUS', 'TRADE_OPTION_STATUS', 'TRADE_OPTION_STATUS status group', 1);
INSERT INTO "ARCH_CODE_MEMBER" ( "GROUP_ID","CODE_KEY","DATA","NAME","CODE_COMMENT","STATUS" )
	VALUES ('1000011','1','PENDING','PENDING','PENDING approval','1' ) ;
INSERT INTO "ARCH_CODE_MEMBER" ( "GROUP_ID","CODE_KEY","DATA","NAME","CODE_COMMENT","STATUS" )
	VALUES ('1000011','2','APPROVED','APPROVED','APPROVED NOE','1' ) ;
INSERT INTO "ARCH_CODE_MEMBER" ( "GROUP_ID","CODE_KEY","DATA","NAME","CODE_COMMENT","STATUS" )
	VALUES ('1000011','3','HOLD','HOLD','NOE on HOLD','1' ) ;
INSERT INTO "ARCH_CODE_MEMBER" ( "GROUP_ID","CODE_KEY","DATA","NAME","CODE_COMMENT","STATUS" )
	VALUES ('1000011','4','INDICATORY_FAILURE','INDICATORY_FAILURE','NOE on INDICATORY FAILURE','1' ) ;
INSERT INTO "ARCH_CODE_MEMBER" ( "GROUP_ID","CODE_KEY","DATA","NAME","CODE_COMMENT","STATUS" )
	VALUES ('1000011','5','REJECTED','REJECTED','NOE on REJECTED','1' ) ;
INSERT INTO "ARCH_CODE_MEMBER" ( "GROUP_ID","CODE_KEY","DATA","NAME","CODE_COMMENT","STATUS" )
	VALUES ('1000012','1','MATCHED','MATCHED','MATCHED NOE','1' ) ;
INSERT INTO "ARCH_CODE_MEMBER" ( "GROUP_ID","CODE_KEY","DATA","NAME","CODE_COMMENT","STATUS" )
	VALUES ('1000012','2','UNMATCHED','UNMATCHED','UNMATCHED NOE','1' ) ;
INSERT INTO "ARCH_CODE_MEMBER" ( "GROUP_ID","CODE_KEY","DATA","NAME","CODE_COMMENT","STATUS" )
	VALUES ('1000012','3','STALE','STALE','STALE NOE','1' ) ;
INSERT INTO "ARCH_CODE_MEMBER" ( "GROUP_ID","CODE_KEY","DATA","NAME","CODE_COMMENT","STATUS" )
	VALUES ('1000012','4','SUSPECT','SUSPECT','SUSPECT NOE','1' ) ;
INSERT INTO "ARCH_CODE_MEMBER" ( "GROUP_ID","CODE_KEY","DATA","NAME","CODE_COMMENT","STATUS" )
	VALUES ('1000013','1','UNSPLIT','UNSPLIT','UNSPLIT NOE','1' ) ;
INSERT INTO "ARCH_CODE_MEMBER" ( "GROUP_ID","CODE_KEY","DATA","NAME","CODE_COMMENT","STATUS" )
	VALUES ('1000013','2','SPLIT','SPLIT','SPLIT NOE','1' ) ;
INSERT INTO "ARCH_CODE_MEMBER" ( "GROUP_ID","CODE_KEY","DATA","NAME","CODE_COMMENT","STATUS" )
	VALUES ('1000013','3','STALE','STALE','STALE NOE','1' ) ;
INSERT INTO "ARCH_CODE_MEMBER" ( "GROUP_ID","CODE_KEY","DATA","NAME","CODE_COMMENT","STATUS" )
	VALUES ('1000013','4','SPLIT HELD','SPLIT HELD','SPLIT HELD NOE','1' ) ;
INSERT INTO "ARCH_CODE_MEMBER" ( "GROUP_ID","CODE_KEY","DATA","NAME","CODE_COMMENT","STATUS" )
	VALUES ('1000014','1','DRAFT','DRAFT','DRAFT NOE','1' ) ;
INSERT INTO "ARCH_CODE_MEMBER" ( "GROUP_ID","CODE_KEY","DATA","NAME","CODE_COMMENT","STATUS" )
	VALUES ('1000014','2','ACTIVE','ACTIVE','ACTIVE NOE','1' ) ;
INSERT INTO "ARCH_CODE_MEMBER" ( "GROUP_ID","CODE_KEY","DATA","NAME","CODE_COMMENT","STATUS" )
	VALUES ('1000014','3','INVALID','INVALID','INVALID NOE','1' ) ;
INSERT INTO "ARCH_CODE_MEMBER" ( "GROUP_ID","CODE_KEY","DATA","NAME","CODE_COMMENT","STATUS" )
	VALUES ('1000014','4','DONE','DONE','DONE NOE','1' ) ;
INSERT INTO "ARCH_CODE_MEMBER" ( "GROUP_ID","CODE_KEY","DATA","NAME","CODE_COMMENT","STATUS" )
	VALUES ('1000014','5','REPLACED','REPLACED','REPLACED NOE','1' ) ;
INSERT INTO "ARCH_CODE_MEMBER" ( "GROUP_ID","CODE_KEY","DATA","NAME","CODE_COMMENT","STATUS" )
	VALUES ('1000014','6','DELETED','DELETED','DELETED NOE','1' ) ;
INSERT INTO "ARCH_CODE_MEMBER" ( "GROUP_ID","CODE_KEY","DATA","NAME","CODE_COMMENT","STATUS" )
	VALUES ('1000014','7','BUST','BUST','BUST NOE','1' ) ;
INSERT INTO "ARCH_CODE_MEMBER" ( "GROUP_ID","CODE_KEY","DATA","NAME","CODE_COMMENT","STATUS" )
	VALUES ('1000014','8','REVERSED','REVERSED','REVERSED NOE','1' ) ;
INSERT INTO "ARCH_CODE_MEMBER" ( "GROUP_ID","CODE_KEY","DATA","NAME","CODE_COMMENT","STATUS" )
	VALUES ('1000014','9','UNIFIED','UNIFIED','UNIFIED NOE','1' ) ;
INSERT INTO "ARCH_CODE_MEMBER" ( "GROUP_ID","CODE_KEY","DATA","NAME","CODE_COMMENT","STATUS" )
	VALUES ('1000014', '10', 'GIVEUP', 'GIVEUP', 'GIVEUP NOE', '1');
INSERT INTO "ARCH_CODE_MEMBER" ( "GROUP_ID","CODE_KEY","DATA","NAME","CODE_COMMENT","STATUS" )
	VALUES ('1000015','1','PENDING','PENDING','PENDING Split','1' ) ;
INSERT INTO "ARCH_CODE_MEMBER" ( "GROUP_ID","CODE_KEY","DATA","NAME","CODE_COMMENT","STATUS" )
	VALUES ('1000015','2','APPROVED','APPROVED','APPROVED Split','1' ) ;
INSERT INTO "ARCH_CODE_MEMBER" ( "GROUP_ID","CODE_KEY","DATA","NAME","CODE_COMMENT","STATUS" )
	VALUES ('1000015','3','HOLD','HOLD','HOLD Split','1' ) ;
INSERT INTO "ARCH_CODE_MEMBER" ( "GROUP_ID","CODE_KEY","DATA","NAME","CODE_COMMENT","STATUS" )
	VALUES ('1000015','4','INDICATORY_FAILURE','INDICATORY_FAILURE','INDICATORY FAILURE Split','1' ) ;
INSERT INTO "ARCH_CODE_MEMBER" ( "GROUP_ID","CODE_KEY","DATA","NAME","CODE_COMMENT","STATUS" )
	VALUES ('1000016','1','DRAFT','DRAFT','DRAFT Split','1' ) ;
INSERT INTO "ARCH_CODE_MEMBER" ( "GROUP_ID","CODE_KEY","DATA","NAME","CODE_COMMENT","STATUS" )
	VALUES ('1000016','2','ACTIVE','ACTIVE','ACTIVE Split','1' ) ;
INSERT INTO "ARCH_CODE_MEMBER" ( "GROUP_ID","CODE_KEY","DATA","NAME","CODE_COMMENT","STATUS" )
	VALUES ('1000016','3','INVALID','INVALID','INVALID Split','1' ) ;
INSERT INTO "ARCH_CODE_MEMBER" ( "GROUP_ID","CODE_KEY","DATA","NAME","CODE_COMMENT","STATUS" )
	VALUES ('1000016','4','DONE','DONE','DONE Split','1' ) ;
INSERT INTO "ARCH_CODE_MEMBER" ( "GROUP_ID","CODE_KEY","DATA","NAME","CODE_COMMENT","STATUS" )
	VALUES ('1000016','5','REPLACED','REPLACED','REPLACED Split','1' ) ;
INSERT INTO "ARCH_CODE_MEMBER" ( "GROUP_ID","CODE_KEY","DATA","NAME","CODE_COMMENT","STATUS" )
	VALUES ('1000016','6','DELETED','DELETED','DELETED Split','1' ) ;
INSERT INTO "ARCH_CODE_MEMBER" ( "GROUP_ID","CODE_KEY","DATA","NAME","CODE_COMMENT","STATUS" )
	VALUES ('1000016','7','UNIFIED','UNIFIED','UNIFIED Split','1' ) ;
INSERT INTO "ARCH_CODE_MEMBER" ( "GROUP_ID","CODE_KEY","DATA","NAME","CODE_COMMENT","STATUS" )
	VALUES ('1000017','1','ACTIVE','ACTIVE','ACTIVE status','1' ) ;
INSERT INTO "ARCH_CODE_MEMBER" ( "GROUP_ID","CODE_KEY","DATA","NAME","CODE_COMMENT","STATUS" )
	VALUES ('1000017','2','DONE','DONE','DONE status','1' ) ;
INSERT INTO "ARCH_CODE_MEMBER" ( "GROUP_ID","CODE_KEY","DATA","NAME","CODE_COMMENT","STATUS" )
	VALUES ('1000017','3','DELETED','DELETED','DELETED status','1' ) ;
INSERT INTO "ARCH_CODE_MEMBER" ( "GROUP_ID","CODE_KEY","DATA","NAME","CODE_COMMENT","STATUS" )
	VALUES ('1000017','4','SPLIT','SPLIT','SPLIT status','1' ) ;
INSERT INTO "ARCH_CODE_MEMBER" ( "GROUP_ID","CODE_KEY","DATA","NAME","CODE_COMMENT","STATUS" )
	VALUES ('1000018','1','PENDING','PENDING','Pedning status','1' ) ;
INSERT INTO "ARCH_CODE_MEMBER" ( "GROUP_ID","CODE_KEY","DATA","NAME","CODE_COMMENT","STATUS" )
	VALUES ('1000018','2','BOOKED','BOOKED','Booked Status','1' ) ;
INSERT INTO "ARCH_CODE_MEMBER" ( "GROUP_ID","CODE_KEY","DATA","NAME","CODE_COMMENT","STATUS" )
	VALUES ('1000018','3','GIVEN','GIVEN','Given Status','1' ) ;
INSERT INTO "ARCH_CODE_MEMBER" ( "GROUP_ID","CODE_KEY","DATA","NAME","CODE_COMMENT","STATUS" )
	VALUES ('1000018','4','DELETED','DELETED','Deleted Status','1' ) ;
INSERT INTO "ARCH_CODE_MEMBER" ( "GROUP_ID","CODE_KEY","DATA","NAME","CODE_COMMENT","STATUS" )
	VALUES ('1000018','5','NOT BOOKED','NOT BOOKED','Not Booked Status','1' ) ;

INSERT INTO "ARCH_CODE_MEMBER" ( "GROUP_ID","CODE_KEY","DATA","NAME","CODE_COMMENT","STATUS" )
	VALUES ('1000019','1','UNRECONCILED','UNRECONCILED','UNRECONCILED status','1' ) ;
INSERT INTO "ARCH_CODE_MEMBER" ( "GROUP_ID","CODE_KEY","DATA","NAME","CODE_COMMENT","STATUS" )
	VALUES ('1000019','2','RECONCILED','RECONCILED','RECONCILED status','1' ) ;
INSERT INTO "ARCH_CODE_MEMBER" ( "GROUP_ID","CODE_KEY","DATA","NAME","CODE_COMMENT","STATUS" )
	VALUES ('1000019','3','NA','NA','NA status','1' ) ;
INSERT INTO ARCH_CODE_MEMBER ( GROUP_ID, CODE_KEY, DATA, NAME, CODE_COMMENT, STATUS )
	VALUES ( 1000019, '4', 'RECEIVED', 'RECEIVED', 'RECEIVED status', 1);
INSERT INTO ARCH_CODE_MEMBER ( GROUP_ID, CODE_KEY, DATA, NAME, CODE_COMMENT, STATUS )
    VALUES ( 1000019, '5', 'PENDING_MANUAL_BOOKING', 'PENDING_MANUAL_BOOKING', 'PENDING_MANUAL_BOOKING status', 1);
INSERT INTO ARCH_CODE_MEMBER ( GROUP_ID, CODE_KEY, DATA, NAME, CODE_COMMENT, STATUS )
	VALUES ( 1000019, '6', 'REJECTED', 'REJECTED', 'REJECTED status', 1);

INSERT INTO "ARCH_CODE_MEMBER" ( "GROUP_ID","CODE_KEY","DATA","NAME","CODE_COMMENT","STATUS" )
	VALUES ('1000020','1','ACTIVE','ACTIVE','ACTIVE','1' ) ;
INSERT INTO "ARCH_CODE_MEMBER" ( "GROUP_ID","CODE_KEY","DATA","NAME","CODE_COMMENT","STATUS" )
	VALUES ('1000021','1','BUY','BUY','BUY direction','1' ) ;
INSERT INTO "ARCH_CODE_MEMBER" ( "GROUP_ID","CODE_KEY","DATA","NAME","CODE_COMMENT","STATUS" )
	VALUES ('1000021','2','SELL','SELL','SELL direction','1' ) ;
INSERT INTO "ARCH_CODE_MEMBER" ( "GROUP_ID","CODE_KEY","DATA","NAME","CODE_COMMENT","STATUS" )
	VALUES ('1000022','1','FORWARD','FORWARD','FORWARD contract','1' ) ;
INSERT INTO "ARCH_CODE_MEMBER" ( "GROUP_ID","CODE_KEY","DATA","NAME","CODE_COMMENT","STATUS" )
	VALUES ('1000022','2','SWAP','SWAP','SWAP contract','1' ) ;
INSERT INTO "ARCH_CODE_MEMBER" ( "GROUP_ID","CODE_KEY","DATA","NAME","CODE_COMMENT","STATUS" )
	VALUES ('1000022','3','MISMATCH','MISMATCH','MISMATCH contract','1' ) ;
INSERT INTO "ARCH_CODE_MEMBER" ( "GROUP_ID","CODE_KEY","DATA","NAME","CODE_COMMENT","STATUS" )
	VALUES ('1000022','4','OPTION','OPTION','OPTION contract','1' ) ;
INSERT INTO "ARCH_CODE_MEMBER" ( "GROUP_ID","CODE_KEY","DATA","NAME","CODE_COMMENT","STATUS" )
	VALUES ('1000022','5','SPOT','SPOT','SPOT contract','1' ) ;
INSERT INTO ARCH_CODE_MEMBER ( GROUP_ID, CODE_KEY, DATA, NAME, CODE_COMMENT,STATUS )
	VALUES ( 1000024, '1', 'REGULAR', 'REGULAR', 'Regular Trade Type', 1);
INSERT INTO ARCH_CODE_MEMBER ( GROUP_ID, CODE_KEY, DATA, NAME, CODE_COMMENT,STATUS )
	VALUES ( 1000024, '2', 'EXERCISE', 'EXERCISE', 'Exercise Trade Type', 1);
INSERT INTO ARCH_CODE_MEMBER ( GROUP_ID, CODE_KEY, DATA, NAME, CODE_COMMENT,STATUS )
	VALUES ( 1000024, '3', 'POSITION', 'POSITION', 'Position Trade Type', 1);
INSERT INTO ARCH_CODE_MEMBER ( GROUP_ID, CODE_KEY, DATA, NAME, CODE_COMMENT,STATUS )
	VALUES ( 1000024, '4', 'FIX', 'FIX', 'Fix Trade Type', 1);
INSERT INTO "ARCH_CODE_MEMBER" ( "GROUP_ID","CODE_KEY","DATA","NAME","CODE_COMMENT","STATUS" )
	VALUES ('1000025','1','NOE_TO_TRANSFER','NOE_TO_TRANSFER','NOE_TO_TRANSFER relation','1' ) ;
INSERT INTO "ARCH_CODE_MEMBER" ( "GROUP_ID","CODE_KEY","DATA","NAME","CODE_COMMENT","STATUS" )
	VALUES ('1000025','2','SPLIT_TO_TRANSFER','SPLIT_TO_TRANSFER','SPLIT_TO_TRANSFER relation','1' ) ;
INSERT INTO "ARCH_CODE_MEMBER" ( "GROUP_ID","CODE_KEY","DATA","NAME","CODE_COMMENT","STATUS" )
	VALUES ('1000025','3','TRADE_TO_NOE','TRADE_TO_NOE','TRADE_TO_NOE relation','1' ) ;
INSERT INTO "ARCH_CODE_MEMBER" ( "GROUP_ID","CODE_KEY","DATA","NAME","CODE_COMMENT","STATUS" )
	VALUES ('1000025','4','TG_TO_TRADE','TG_TO_TRADE','TG_TO_TRADE relation','1' ) ;
INSERT INTO "ARCH_CODE_MEMBER" ( "GROUP_ID","CODE_KEY","DATA","NAME","CODE_COMMENT","STATUS" )
	VALUES ('1000025','5','NOE_TO_SPLIT','NOE_TO_SPLIT','NOE_TO_SPLIT relation','1' ) ;
INSERT INTO "ARCH_CODE_MEMBER" ( "GROUP_ID","CODE_KEY","DATA","NAME","CODE_COMMENT","STATUS" )
	VALUES ('1000025','6','SPLIT_TO_ALLOCATION','SPLIT_TO_ALLOCATION','SPLIT_TO_ALLOCATION relation','1' ) ;
INSERT INTO "ARCH_CODE_MEMBER" ( "GROUP_ID","CODE_KEY","DATA","NAME","CODE_COMMENT","STATUS" )
	VALUES ('1000025','8','REPLACED_NOE_TO_REPLACING','REPLACED_NOE_TO_REPLACING','REPLACED_NOE_TO_REPLACING relation','1' ) ;
INSERT INTO "ARCH_CODE_MEMBER" ( "GROUP_ID","CODE_KEY","DATA","NAME","CODE_COMMENT","STATUS" )
	VALUES ('1000025','10','REPLACED_SPLIT_TO_REPLACING','REPLACED_SPLIT_TO_REPLACING','REPLACED_SPLIT_TO_REPLACING relation','1' ) ;
INSERT INTO "ARCH_CODE_MEMBER" ( "GROUP_ID","CODE_KEY","DATA","NAME","CODE_COMMENT","STATUS" )
	VALUES ('1000025','11','REVERSED_TO_NOE','REVERSED_TO_NOE','REVERSED_TO_NOE relation','1' ) ;
INSERT INTO "ARCH_CODE_MEMBER" ( "GROUP_ID","CODE_KEY","DATA","NAME","CODE_COMMENT","STATUS" )
	VALUES ('1000025','12','UNIFIED_TO_NOE','UNIFIED_TO_NOE','UNIFIED_TO_NOE relation','1' ) ;
INSERT INTO "ARCH_CODE_MEMBER" ( "GROUP_ID","CODE_KEY","DATA","NAME","CODE_COMMENT","STATUS" )
	VALUES ('1000026','1','MANUAL','MANUAL_ALLOCATION','Manual allocation type','1' ) ;
INSERT INTO "ARCH_CODE_MEMBER" ( "GROUP_ID","CODE_KEY","DATA","NAME","CODE_COMMENT","STATUS" )
	VALUES ('1000026','2','DEFAULT','DEFAULT_ALLOCATION','Default allocation type','1' ) ;
INSERT INTO "ARCH_CODE_MEMBER" ( "GROUP_ID","CODE_KEY","DATA","NAME","CODE_COMMENT","STATUS" )
	VALUES ('1000027','0','EmptyOperation','EMPTY_OPERATION','Empty operation','1' ) ;
INSERT INTO "ARCH_CODE_MEMBER" ( "GROUP_ID","CODE_KEY","DATA","NAME","CODE_COMMENT","STATUS" )
	VALUES ('1000027','1','InsertNoe','INSERT_NOE','Insert Noe Operation','1' ) ;
INSERT INTO "ARCH_CODE_MEMBER" ( "GROUP_ID","CODE_KEY","DATA","NAME","CODE_COMMENT","STATUS" )
	VALUES ('1000027','2','UpdateNoe','UPDATE_NOE','Update Noe operation','1' ) ;
INSERT INTO "ARCH_CODE_MEMBER" ( "GROUP_ID","CODE_KEY","DATA","NAME","CODE_COMMENT","STATUS" )
	VALUES ('1000027','3','RetrieveNoe','RETRIEVE_NOE','Retrieve Noe operation','1' ) ;
INSERT INTO "ARCH_CODE_MEMBER" ( "GROUP_ID","CODE_KEY","DATA","NAME","CODE_COMMENT","STATUS" )
	VALUES ('1000027','4','StatusChangeNoe','STATUS_CHANGE_NOE','Status change Noe operation','1' ) ;
INSERT INTO "ARCH_CODE_MEMBER" ( "GROUP_ID","CODE_KEY","DATA","NAME","CODE_COMMENT","STATUS" )
	VALUES ('1000027','5','InsertSplit','INSERT_SPLIT','Insert Split operation','1' ) ;
INSERT INTO "ARCH_CODE_MEMBER" ( "GROUP_ID","CODE_KEY","DATA","NAME","CODE_COMMENT","STATUS" )
	VALUES ('1000027','6','UpdateSplit','UPDATE_SPLIT','Updeta Split operation','1' ) ;
INSERT INTO "ARCH_CODE_MEMBER" ( "GROUP_ID","CODE_KEY","DATA","NAME","CODE_COMMENT","STATUS" )
	VALUES ('1000027','7','RetrieveSplit','RETRIEVE_SPLIT','Retrieve Split operation','1' ) ;
INSERT INTO "ARCH_CODE_MEMBER" ( "GROUP_ID","CODE_KEY","DATA","NAME","CODE_COMMENT","STATUS" )
	VALUES ('1000027','8','StatusChangeSplit','STATUS_CHANGE_SPLIT','Status change  Split operation','1' ) ;
INSERT INTO "ARCH_CODE_MEMBER" ( "GROUP_ID","CODE_KEY","DATA","NAME","CODE_COMMENT","STATUS" )
	VALUES ('1000027','9','InsertBoth','INSERT_BOTH','Insert Both operation','1' ) ;
INSERT INTO "ARCH_CODE_MEMBER" ( "GROUP_ID","CODE_KEY","DATA","NAME","CODE_COMMENT","STATUS" )
	VALUES ('1000027','10','ShowSplit','SHOW_SPLIT','Show Split operation','1' ) ;
INSERT INTO "ARCH_CODE_MEMBER" ( "GROUP_ID","CODE_KEY","DATA","NAME","CODE_COMMENT","STATUS" )
	VALUES ('1000027','11','HideSplit','HIDE_SPLIT','Hide Split operation','1' ) ;
INSERT INTO ARCH_CODE_MEMBER ( GROUP_ID, CODE_KEY, DATA, NAME, CODE_COMMENT,STATUS )
    VALUES (1000029, '6', 'AUD', 'AUD', 'AUD', 1);
INSERT INTO ARCH_CODE_MEMBER ( GROUP_ID, CODE_KEY, DATA, NAME, CODE_COMMENT,STATUS )
    VALUES (1000029, '5', 'CAD', 'CAD', 'CAD', 1);
INSERT INTO ARCH_CODE_MEMBER ( GROUP_ID, CODE_KEY, DATA, NAME, CODE_COMMENT,STATUS )
    VALUES (1000029, '4', 'CHF', 'CHF', 'CHF', 1);
INSERT INTO ARCH_CODE_MEMBER ( GROUP_ID, CODE_KEY, DATA, NAME, CODE_COMMENT,STATUS )
    VALUES (1000029, '1', 'EUR', 'EUR', 'EUR', 1);
INSERT INTO ARCH_CODE_MEMBER ( GROUP_ID, CODE_KEY, DATA, NAME, CODE_COMMENT,STATUS )
    VALUES (1000029, '3', 'GBP', 'GBP', 'GBP', 1);
INSERT INTO ARCH_CODE_MEMBER ( GROUP_ID, CODE_KEY, DATA, NAME, CODE_COMMENT,STATUS )
    VALUES (1000029, '2', 'JPY', 'JPY', 'JPY', 1);
INSERT INTO ARCH_CODE_MEMBER ( GROUP_ID, CODE_KEY, DATA, NAME, CODE_COMMENT,STATUS )
    VALUES (1000029, '0', 'USD', 'USD', 'USD', 1);
INSERT INTO "ARCH_CODE_MEMBER" ( "GROUP_ID","CODE_KEY","DATA","NAME","CODE_COMMENT","STATUS" )
	VALUES ('1000100','0','Disable','DISABLE','Disable','1' ) ;
INSERT INTO "ARCH_CODE_MEMBER" ( "GROUP_ID","CODE_KEY","DATA","NAME","CODE_COMMENT","STATUS" )
	VALUES ('1000100','1','Enable','ENABLE','Enable','1' ) ;
INSERT INTO "ARCH_CODE_MEMBER" ( "GROUP_ID","CODE_KEY","DATA","NAME","CODE_COMMENT","STATUS" )
	VALUES ('1000101','1','Log','LOG','log type','1' ) ;
INSERT INTO "ARCH_CODE_MEMBER" ( "GROUP_ID","CODE_KEY","DATA","NAME","CODE_COMMENT","STATUS" )
	VALUES ('1000101','2','Account','ACCOUNT','Account type','1' ) ;
INSERT INTO "ARCH_CODE_MEMBER" ( "GROUP_ID","CODE_KEY","DATA","NAME","CODE_COMMENT","STATUS" )
	VALUES ('1000101','3','Organization','ORGANIZATION','Organization type','1' ) ;
INSERT INTO "ARCH_CODE_MEMBER" ( "GROUP_ID","CODE_KEY","DATA","NAME","CODE_COMMENT","STATUS" )
	VALUES ('1000101','4','Person','PERSON','Person type','1' ) ;
INSERT INTO "ARCH_CODE_MEMBER" ( "GROUP_ID","CODE_KEY","DATA","NAME","CODE_COMMENT","STATUS" )
	VALUES ('1000101','7','Fund','FUND','Fund type','1' ) ;
INSERT INTO "ARCH_CODE_MEMBER" ( "GROUP_ID","CODE_KEY","DATA","NAME","CODE_COMMENT","STATUS" )
	VALUES ('1000102','1','3','DomainOwner_2_Org','DomainOwner->Org','1' ) ;
INSERT INTO "ARCH_CODE_MEMBER" ( "GROUP_ID","CODE_KEY","DATA","NAME","CODE_COMMENT","STATUS" )
	VALUES ('1000102','1000001','3','PG_2_ORG','PB->Org','1' ) ;
INSERT INTO "ARCH_CODE_MEMBER" ( "GROUP_ID","CODE_KEY","DATA","NAME","CODE_COMMENT","STATUS" )
	VALUES ('1000102','1000002','3','Bank_2_ORG','Bank->Org','1' ) ;
INSERT INTO "ARCH_CODE_MEMBER" ( "GROUP_ID","CODE_KEY","DATA","NAME","CODE_COMMENT","STATUS" )
	VALUES ('1000102','1000003','3','Client_2_ORG','Client->Org','1' ) ;
INSERT INTO "ARCH_CODE_MEMBER" ( "GROUP_ID","CODE_KEY","DATA","NAME","CODE_COMMENT","STATUS" )
	VALUES ('1000102','1000004','7','Fund_2_Fund','Fund->Fund','1' ) ;
INSERT INTO "ARCH_CODE_MEMBER" ( "GROUP_ID","CODE_KEY","DATA","NAME","CODE_COMMENT","STATUS" )
	VALUES ('1000102','1000005','3','ExtBank_2_ORG','ExtBank->Org','1' ) ;
INSERT INTO "ARCH_CODE_MEMBER" ( "GROUP_ID","CODE_KEY","DATA","NAME","CODE_COMMENT","STATUS" )
	VALUES ('1000102','1000006','3','RepEntity_2_ORG','RepEntityBank->Org','1' ) ;
INSERT INTO ARCH_CODE_MEMBER ("GROUP_ID", "CODE_KEY", "DATA", "NAME", "CODE_COMMENT", "STATUS" )
    VALUES ('1000102','1000007','3','BackOffice_2_ORG','BackOffice_2_ORG','1');
INSERT INTO "ARCH_CODE_MEMBER" ( "GROUP_ID","CODE_KEY","DATA","NAME","CODE_COMMENT","STATUS" )
	VALUES ('1000030','1','NEW','NEW','New Report','1' ) ;
INSERT INTO "ARCH_CODE_MEMBER" ( "GROUP_ID","CODE_KEY","DATA","NAME","CODE_COMMENT","STATUS" )
	VALUES ('1000030','2','PROCESSED','PROCESSED','Processed Report','1' ) ;
INSERT INTO ARCH_CODE_MEMBER ( GROUP_ID, CODE_KEY, DATA, NAME, CODE_COMMENT,STATUS )
    VALUES (1000031, '1', 'Percent', 'PERCENT', 'percent', 1);
INSERT INTO ARCH_CODE_MEMBER ( GROUP_ID, CODE_KEY, DATA, NAME, CODE_COMMENT,STATUS )
    VALUES (1000031, '2', 'Quantity', 'Quantity', 'Quantity', 1);
INSERT INTO ARCH_CODE_MEMBER ( GROUP_ID, CODE_KEY, DATA, NAME, CODE_COMMENT,STATUS )
    VALUES (1000032, '1', 'PB', 'PB', 'PB Agreement', 1);
INSERT INTO ARCH_CODE_MEMBER ( GROUP_ID, CODE_KEY, DATA, NAME, CODE_COMMENT,STATUS )
    VALUES (1000032, '2', 'DIRECT', 'DIRECT', 'DIRECT Agreement', 1);
INSERT INTO ARCH_CODE_MEMBER ( GROUP_ID, CODE_KEY, DATA, NAME, CODE_COMMENT,STATUS )
    VALUES (1000032, '3', 'GIVE UP', 'GIVE UP', 'GIVE UP Agreement', 1);
INSERT INTO "ARCH_CODE_MEMBER" ( "GROUP_ID","CODE_KEY","DATA","NAME","CODE_COMMENT","STATUS" )
	VALUES ('1000033','1','NOTIFICATION','NOTIFICATION','Notification message','1' ) ;
INSERT INTO "ARCH_CODE_MEMBER" ( "GROUP_ID","CODE_KEY","DATA","NAME","CODE_COMMENT","STATUS" )
	VALUES ('1000033','2','CANCELLATION','CANCELLATION','Cancellation message','1' ) ;
INSERT INTO ARCH_CODE_MEMBER ( GROUP_ID, CODE_KEY, DATA, NAME, CODE_COMMENT,STATUS )
    VALUES (1000034, '1', 'Client', 'Client', 'Client credit level Client', 1);
INSERT INTO ARCH_CODE_MEMBER ( GROUP_ID, CODE_KEY, DATA, NAME, CODE_COMMENT,STATUS )
    VALUES (1000034, '2', 'Fund', 'Fund', 'Client credit level Fund', 1);

INSERT INTO ARCH_CODE_MEMBER ( GROUP_ID, CODE_KEY, DATA, NAME, CODE_COMMENT,STATUS )
    VALUES (1000035, '4003', 'com.traiana.sol.fxpb.service.financial.objmodel.FxpbNoe', 'FxpbNoe', 'FxpbNoe class', 1);
INSERT INTO ARCH_CODE_MEMBER ( GROUP_ID, CODE_KEY, DATA, NAME, CODE_COMMENT,STATUS )
    VALUES (1000035, '4004', 'com.traiana.sol.fxpb.service.financial.objmodel.FxpbSplit', 'FxpbSplit', 'FxpbSplit class', 1);
INSERT INTO ARCH_CODE_MEMBER ( GROUP_ID, CODE_KEY, DATA, NAME, CODE_COMMENT,STATUS )
    VALUES (1000035, '4005', 'com.traiana.sol.fxpb.service.financial.objmodel.FxpbTrade', 'FxpbTrade', 'FxpbTrade class', 1);
INSERT INTO ARCH_CODE_MEMBER ( GROUP_ID, CODE_KEY, DATA, NAME, CODE_COMMENT,STATUS )
    VALUES (1000035, '4006', 'com.traiana.sol.fxpb.service.financial.objmodel.FxpbTradeGroup', 'FxpbTradeGroup', 'FxpbTradeGroup class', 1);
INSERT INTO ARCH_CODE_MEMBER ( GROUP_ID, CODE_KEY, DATA, NAME, CODE_COMMENT,STATUS )
    VALUES (1000035, '4001', 'com.traiana.sol.fxpb.service.financial.objmodel.FxpbTransfer', 'FxpbTransfer', 'FxpbTransfer class', 1);
INSERT INTO ARCH_CODE_MEMBER ( GROUP_ID, CODE_KEY, DATA, NAME, CODE_COMMENT,STATUS )
    VALUES (1000035, '4007', 'com.traiana.sol.fxpb.service.financial.objmodel.FxpbOptionNoe', 'FxpbOptionNoe', 'FxpbOptionNoe class', 1);
INSERT INTO ARCH_CODE_MEMBER ( GROUP_ID, CODE_KEY, DATA, NAME, CODE_COMMENT, STATUS )
    VALUES (1000035, '4008', 'com.traiana.sol.fxpb.service.financial.objmodel.FxpbOptionTrade' , 'FxpbOptionTrade', 'FxpbOptionTrade class', 1);
INSERT INTO ARCH_CODE_MEMBER ( GROUP_ID, CODE_KEY, DATA, NAME, CODE_COMMENT, STATUS )
    VALUES (1000035, '4009', 'com.traiana.sol.fxpb.service.financial.objmodel.FxpbOptionTradeGroup' , 'FxpbOptionTradeGroup', 'FxpbOptionTradeGroup class', 1);
INSERT INTO ARCH_CODE_MEMBER ( GROUP_ID, CODE_KEY, DATA, NAME, CODE_COMMENT,STATUS )
    VALUES (1000035, '4010', 'com.traiana.sol.fxpb.service.financial.objmodel.FxpbOptionSplit', 'FxpbOptionSplit', 'FxpbOptionSplit class', 1);

INSERT INTO "ARCH_CODE_MEMBER" ( "GROUP_ID","CODE_KEY","DATA","NAME","CODE_COMMENT","STATUS" )
	VALUES ('1000036','1','WEB','WEB','WEB ORIGIN','1' ) ;
INSERT INTO "ARCH_CODE_MEMBER" ( "GROUP_ID","CODE_KEY","DATA","NAME","CODE_COMMENT","STATUS" )
	VALUES ('1000036','2','HARMONY','HARMONY','HARMONY ORIGIN','1' ) ;

INSERT INTO ARCH_CODE_MEMBER ( GROUP_ID, CODE_KEY, DATA, NAME, CODE_COMMENT, STATUS )
    VALUES (1001000, '1', 'TRAIANA', 'TRAIANA', 'Origin system TRAIANA', 1);
INSERT INTO ARCH_CODE_MEMBER ( GROUP_ID, CODE_KEY, DATA, NAME, CODE_COMMENT, STATUS )
    VALUES (1001000, '2', 'LINEAR_BO_IN', 'LINEAR_BO_IN', 'Origin System LINEAR_BO_IN', 1);
INSERT INTO ARCH_CODE_MEMBER ( GROUP_ID, CODE_KEY, DATA, NAME, CODE_COMMENT, STATUS )
    VALUES (1001000, '3', 'OPTION_BO_IN', 'OPTION_BO_IN', 'Origin System OPTION_BO_IN', 1);
INSERT INTO ARCH_CODE_MEMBER ( GROUP_ID, CODE_KEY, DATA, NAME, CODE_COMMENT, STATUS )
    VALUES (1001000, '4', 'DOMAIN_OWNER', 'DOMAIN_OWNER', 'Origin System DOMAIN_OWNER', 1);

INSERT INTO ARCH_CODE_MEMBER ( GROUP_ID, CODE_KEY, DATA, NAME, CODE_COMMENT,STATUS )
    VALUES (1000103, '1', 'Giveup Based', 'NOE Based', 'Giveup Based position type', 1);
INSERT INTO ARCH_CODE_MEMBER ( GROUP_ID, CODE_KEY, DATA, NAME, CODE_COMMENT,STATUS )
    VALUES (1000103, '2', 'Booked', 'Booked', 'Booked trades based position type', 1);
INSERT INTO ARCH_CODE_MEMBER ( GROUP_ID, CODE_KEY, DATA, NAME, CODE_COMMENT,STATUS )
    VALUES (1000103, '3', 'Giveup Based NMA', 'NOE Based NMA', 'Giveup Based position type that is not manually approved', 1);
INSERT INTO ARCH_CODE_MEMBER ( GROUP_ID, CODE_KEY, DATA, NAME, CODE_COMMENT,STATUS )
    VALUES (1000103, '4', 'Booked NMA', 'Booked NMA', 'Booked trades based position type that is not manually approved', 1);

INSERT INTO ARCH_CODE_MEMBER ( GROUP_ID, CODE_KEY, DATA, NAME, CODE_COMMENT,STATUS )
    VALUES (1000104, '2', 'Indicatory', 'Indicatory', 'Indicatory credit check', 1);
INSERT INTO ARCH_CODE_MEMBER ( GROUP_ID, CODE_KEY, DATA, NAME, CODE_COMMENT,STATUS )
    VALUES (1000104, '1', 'Mandatory', 'Mandatory', 'Mandatory credit check', 1);

INSERT INTO ARCH_CODE_MEMBER ( GROUP_ID, CODE_KEY, DATA, NAME, CODE_COMMENT,STATUS )
    VALUES (1000105, '1000', 'Ccy', 'Ccy', 'Default currency position', 1);
INSERT INTO ARCH_CODE_MEMBER ( GROUP_ID, CODE_KEY, DATA, NAME, CODE_COMMENT,STATUS )
    VALUES (1000105, '1001', 'Forward', 'Forward', 'Forward position combination', 1);
INSERT INTO ARCH_CODE_MEMBER ( GROUP_ID, CODE_KEY, DATA, NAME, CODE_COMMENT,STATUS )
    VALUES (1000105, '1002', 'Spot', 'Spot', 'Spot position combination', 1);
INSERT INTO ARCH_CODE_MEMBER ( GROUP_ID, CODE_KEY, DATA, NAME, CODE_COMMENT, STATUS )
	VALUES ( 1000105, '1004', 'Option', 'Option', 'Option position combination', 1);

INSERT INTO ARCH_CODE_MEMBER ( GROUP_ID, CODE_KEY, DATA, NAME, CODE_COMMENT,STATUS )
    VALUES (1000106, '1', 'com.traiana.core.service.financial.position.imp.DefaultPositionCombination', 'Default', 'Def Comb', 1);
INSERT INTO ARCH_CODE_MEMBER ( GROUP_ID, CODE_KEY, DATA, NAME, CODE_COMMENT, STATUS )
    VALUES ( 1000106, '3', 'com.traiana.core.service.financial.position.imp.ForwardReportPositionCombination' , 'Forward report', NULL, 1);
INSERT INTO ARCH_CODE_MEMBER ( GROUP_ID, CODE_KEY, DATA, NAME, CODE_COMMENT,STATUS )
    VALUES (  1000106, '1000', 'com.traiana.sol.fxpb.service.financial.position.combination.FXAll' , 'FX', NULL, 1);
INSERT INTO ARCH_CODE_MEMBER ( GROUP_ID, CODE_KEY, DATA, NAME, CODE_COMMENT, STATUS )
    VALUES ( 1000106, '1001', 'com.traiana.sol.fxpb.service.financial.position.combination.FXForward' , 'FXForward', NULL, 1);
INSERT INTO ARCH_CODE_MEMBER ( GROUP_ID, CODE_KEY, DATA, NAME, CODE_COMMENT, STATUS )
    VALUES ( 1000106, '1002', 'com.traiana.sol.fxpb.service.financial.position.combination.FXSpot' , 'FXSpot', NULL, 1);
INSERT INTO ARCH_CODE_MEMBER ( GROUP_ID, CODE_KEY, DATA, NAME, CODE_COMMENT, STATUS )
	VALUES ( 1000106, '1004', 'com.traiana.sol.fxpb.service.financial.position.combination.FXOption', 'FXOption', NULL, 1);

INSERT INTO ARCH_CODE_MEMBER ( GROUP_ID, CODE_KEY, DATA, NAME, CODE_COMMENT, STATUS )
	VALUES ( 1000107, '1000', 'FXAll', 'FXAll', NULL, 1);
INSERT INTO ARCH_CODE_MEMBER ( GROUP_ID, CODE_KEY, DATA, NAME, CODE_COMMENT, STATUS )
	VALUES ( 1000107, '1004', 'FXOption', 'FXOption', NULL, 1);
INSERT INTO ARCH_CODE_MEMBER ( GROUP_ID, CODE_KEY, DATA, NAME, CODE_COMMENT, STATUS )
	VALUES ( 1000107, '1005', 'FXAll and FXOption', 'FXAll and FXOption', NULL, 1);

INSERT INTO ARCH_CODE_MEMBER ( GROUP_ID, CODE_KEY, DATA, NAME, CODE_COMMENT, STATUS )
    VALUES (  1000108, '1:1', '4', '1', NULL, 1);
INSERT INTO ARCH_CODE_MEMBER ( GROUP_ID, CODE_KEY, DATA, NAME, CODE_COMMENT, STATUS )
    VALUES (  1000108, '1:2', '3', '2', NULL, 1);
INSERT INTO ARCH_CODE_MEMBER ( GROUP_ID, CODE_KEY, DATA, NAME, CODE_COMMENT, STATUS )
    VALUES (  1000108, '2:1', '2', '3', NULL, 1);
INSERT INTO ARCH_CODE_MEMBER ( GROUP_ID, CODE_KEY, DATA, NAME, CODE_COMMENT, STATUS )
    VALUES (  1000108, '2:2', '1', '4', NULL, 1);
INSERT INTO ARCH_CODE_MEMBER ( GROUP_ID, CODE_KEY, DATA, NAME, CODE_COMMENT, STATUS )
    VALUES ('1000108', '3:1', '5', '5', NULL, '1');
INSERT INTO ARCH_CODE_MEMBER ( GROUP_ID, CODE_KEY, DATA, NAME, CODE_COMMENT, STATUS )
    VALUES ('1000108', '3:2', '5', '5', NULL, '1');

INSERT INTO ARCH_CODE_MEMBER ( GROUP_ID, CODE_KEY, DATA, NAME, CODE_COMMENT, STATUS )
    VALUES (  1000109, '1000002', '5', 'bank-coupled owner', NULL, 1);
INSERT INTO ARCH_CODE_MEMBER ( GROUP_ID, CODE_KEY, DATA, NAME, CODE_COMMENT, STATUS )
    VALUES (  1000109, '1000003', '3', 'client-coupled', NULL, 1);
INSERT INTO ARCH_CODE_MEMBER ( GROUP_ID, CODE_KEY, DATA, NAME, CODE_COMMENT,STATUS )
    VALUES ( 1000109, '1000004', '5', 'fund (empty)', NULL, 1);

INSERT INTO ARCH_CODE_MEMBER ( GROUP_ID, CODE_KEY, DATA, NAME, CODE_COMMENT, STATUS )
    VALUES (  1000110, '1', 'NMA', 'NMA', NULL, 1);
INSERT INTO ARCH_CODE_MEMBER ( GROUP_ID, CODE_KEY, DATA, NAME, CODE_COMMENT, STATUS )
    VALUES (  1000110, '2', 'ALL', 'ALL', NULL, 1);
INSERT INTO ARCH_CODE_MEMBER ( GROUP_ID, CODE_KEY, DATA, NAME, CODE_COMMENT, STATUS )
    VALUES (  1000110, '3', 'Empty', 'Empty', NULL, 1);

INSERT INTO ARCH_CODE_MEMBER ( GROUP_ID, CODE_KEY, DATA, NAME, CODE_COMMENT, STATUS )
    VALUES (  1000111, '1000001', 'PersonOfPBRoles', 'PersonOfPBRoles', 'PersonOfPBRoles', 1);
INSERT INTO ARCH_CODE_MEMBER ( GROUP_ID, CODE_KEY, DATA, NAME, CODE_COMMENT, STATUS )
    VALUES (  1000111, '1000002', 'PersonOfBankRoles', 'PersonOfBankRoles', 'PersonOfBankRoles', 1);
INSERT INTO ARCH_CODE_MEMBER ( GROUP_ID, CODE_KEY, DATA, NAME, CODE_COMMENT, STATUS )
    VALUES (  1000111, '1000003', 'PersonOfClientRoles', 'PersonOfClientRoles', 'PersonOfClientRoles', 1);

INSERT INTO "ARCH_CODE_MEMBER" ( "GROUP_ID","CODE_KEY","DATA","NAME","CODE_COMMENT","STATUS" )
	VALUES ('1000112','4','UNI_TRADE_REPORTER','UNI_TRADE_REPORTER','UNI_TRADE_REPORTER Role','1' ) ;
INSERT INTO "ARCH_CODE_MEMBER" ( "GROUP_ID","CODE_KEY","DATA","NAME","CODE_COMMENT","STATUS" )
	VALUES ('1000112','6','UNI_NOE_APPROVE','UNI_NOE_APPROVE','UNI_NOE_APPROVE Role','1' ) ;
INSERT INTO "ARCH_CODE_MEMBER" ( "GROUP_ID","CODE_KEY","DATA","NAME","CODE_COMMENT","STATUS" )
	VALUES ('1000112','7','UNI_NOE_STALE','UNI_NOE_STALE','UNI_NOE_STALE Role','1' ) ;
INSERT INTO "ARCH_CODE_MEMBER" ( "GROUP_ID","CODE_KEY","DATA","NAME","CODE_COMMENT","STATUS" )
	VALUES ('1000112','8','UNI_TRADE_VIEWER','UNI_TRADE_VIEWER','UNI_TRADE_VIEWER Role','1' ) ;
INSERT INTO "ARCH_CODE_MEMBER" ( "GROUP_ID","CODE_KEY","DATA","NAME","CODE_COMMENT","STATUS" )
	VALUES ('1000112','10','UNI_PARTICIPANT_WRITE','UNI_PARTICIPANT_WRITE','UNI_PARTICIPANT_WRITE Role','1' ) ;
INSERT INTO "ARCH_CODE_MEMBER" ( "GROUP_ID","CODE_KEY","DATA","NAME","CODE_COMMENT","STATUS" )
	VALUES ('1000112','11','UNI_PARTICIPANT_READ','UNI_PARTICIPANT_READ','UNI_PARTICIPANT_READ Role','1' ) ;
INSERT INTO "ARCH_CODE_MEMBER" ( "GROUP_ID","CODE_KEY","DATA","NAME","CODE_COMMENT","STATUS" )
	VALUES ('1000112','12','NAMING_ADMIN','NAMING_ADMIN','NAMING_ADMIN Role','1' ) ;
INSERT INTO "ARCH_CODE_MEMBER" ( "GROUP_ID","CODE_KEY","DATA","NAME","CODE_COMMENT","STATUS" )
	VALUES ('1000112','13','UNI_TG_DELETE','UNI_TG_DELETE','UNI_TG_DELETE Role','1' ) ;
INSERT INTO ARCH_CODE_MEMBER ( GROUP_ID, CODE_KEY, DATA, NAME, CODE_COMMENT,STATUS )
 VALUES (1000112, '14', 'UNI_PARTICIPANT_PERSON_WRITE', 'UNI_PARTICIPANT_PERSON_WRITE', 'UNI_PARTICIPANT_PERSON_WRITE', 1);
INSERT INTO "ARCH_CODE_MEMBER" ( "GROUP_ID","CODE_KEY","DATA","NAME","CODE_COMMENT","STATUS" )
	VALUES ('1000112','16','UNI_NOE_RECON','UNI_NOE_RECON','UNI_NOE_RECON Role','1' ) ;
INSERT INTO ARCH_CODE_MEMBER ( GROUP_ID, CODE_KEY, DATA, NAME, CODE_COMMENT, STATUS )
    VALUES ( 1000112, '17', 'UNI_NOE_HOLD', 'UNI_NOE_HOLD', 'Universal NOE HOld Role', 1);
INSERT INTO ARCH_CODE_MEMBER ( GROUP_ID, CODE_KEY, DATA, NAME, CODE_COMMENT, STATUS )
    VALUES ( 1000112, '20', 'MODIFY_NOTIFICATION', 'MODIFY_NOTIFICATION', 'MODIFY_NOTIFICATION Role', 1);
INSERT INTO ARCH_CODE_MEMBER ( GROUP_ID, CODE_KEY, DATA, NAME, CODE_COMMENT, STATUS )
    VALUES ( 1000112, '21', 'CREDIT_MNG_WRITE', 'CREDIT_MNG_WRITE', 'CREDIT_MNG_WRITE Role', 1);
INSERT INTO ARCH_CODE_MEMBER ( GROUP_ID, CODE_KEY, DATA, NAME, CODE_COMMENT, STATUS )
    VALUES ( 1000112, '22', 'CREDIT_MNG_READ', 'CREDIT_MNG_READ', 'CREDIT_MNG_READ Role', 1);
INSERT INTO ARCH_CODE_MEMBER ( GROUP_ID, CODE_KEY, DATA, NAME, CODE_COMMENT, STATUS )
    VALUES ( 1000112, '23', 'BILLING_MNG_WRITE', 'BILLING_MNG_WRITE', 'BILLING_MNG_WRITE Role', 1);
INSERT INTO ARCH_CODE_MEMBER ( GROUP_ID, CODE_KEY, DATA, NAME, CODE_COMMENT, STATUS )
    VALUES ( 1000112, '24', 'BILLING_MNG_READ', 'BILLING_MNG_READ', 'BILLING_MNG_READ Role', 1);
INSERT INTO ARCH_CODE_MEMBER ( GROUP_ID, CODE_KEY, DATA, NAME, CODE_COMMENT, STATUS )
    VALUES ( 1000112, '25', 'MIS_MNG_WRITE', 'MIS_MNG_WRITE', 'MIS_MNG_WRITE Role', 1);
INSERT INTO ARCH_CODE_MEMBER ( GROUP_ID, CODE_KEY, DATA, NAME, CODE_COMMENT, STATUS )
    VALUES ( 1000112, '26', 'MIS_MNG_READ', 'MIS_MNG_READ', 'MIS_MNG_READ Role', 1);

INSERT INTO "ARCH_CODE_MEMBER" ( "GROUP_ID","CODE_KEY","DATA","NAME","CODE_COMMENT","STATUS" )
	VALUES ('1000113','5','TRADE_REPORTER','TRADE_REPORTER','TRADE_REPORTER Role','1' ) ;
INSERT INTO "ARCH_CODE_MEMBER" ( "GROUP_ID","CODE_KEY","DATA","NAME","CODE_COMMENT","STATUS" )
	VALUES ('1000113','9','TRADE_VIEWER','TRADE_VIEWER','TRADE_VIEWER Role','1' ) ;
INSERT INTO "ARCH_CODE_MEMBER" ( "GROUP_ID","CODE_KEY","DATA","NAME","CODE_COMMENT","STATUS" )
	VALUES ('1000114','5','TRADE_REPORTER','TRADE_REPORTER','TRADE_REPORTER Role','1' ) ;
INSERT INTO "ARCH_CODE_MEMBER" ( "GROUP_ID","CODE_KEY","DATA","NAME","CODE_COMMENT","STATUS" )
	VALUES ('1000114','9','TRADE_VIEWER','TRADE_VIEWER','TRADE_VIEWER Role','1' ) ;

INSERT INTO ARCH_CODE_MEMBER ( GROUP_ID, CODE_KEY, DATA, NAME, CODE_COMMENT, STATUS )
    VALUES ( 1000116, 'Auto-match', 'Auto-match', 'Auto-match', 'Auto-match', 1);
INSERT INTO ARCH_CODE_MEMBER ( GROUP_ID, CODE_KEY, DATA, NAME, CODE_COMMENT, STATUS )
    VALUES ( 1000116, 'No auto-match', 'No auto-match', 'No auto-match', 'No auto-match', 1);
INSERT INTO ARCH_CODE_MEMBER ( GROUP_ID, CODE_KEY, DATA, NAME, CODE_COMMENT,STATUS )
    VALUES ( 1100001, '1', 'NEW', 'NEW', 'booking type NEW', 1);
INSERT INTO ARCH_CODE_MEMBER ( GROUP_ID, CODE_KEY, DATA, NAME, CODE_COMMENT,STATUS )
    VALUES ( 1100001, '2', 'SPLIT', 'SPLIT', 'booking type SPLIT', 1);
INSERT INTO ARCH_CODE_MEMBER ( GROUP_ID, CODE_KEY, DATA, NAME, CODE_COMMENT,STATUS )
    VALUES ( 1100001, '3', 'RESPLIT', 'RESPLIT', 'booking type RESPLIT', 1);
INSERT INTO ARCH_CODE_MEMBER ( GROUP_ID, CODE_KEY, DATA, NAME, CODE_COMMENT,STATUS )
    VALUES ( 1100001, '4', 'CANCEL', 'CANCEL', 'booking type CANCEL', 1);

INSERT INTO ARCH_CODE_MEMBER ( GROUP_ID, CODE_KEY, DATA, NAME, CODE_COMMENT, STATUS )
	VALUES ( 1100009, 'true', 'true', 'true', 'true value', 1);
INSERT INTO ARCH_CODE_MEMBER ( GROUP_ID, CODE_KEY, DATA, NAME, CODE_COMMENT, STATUS )
	VALUES ( 1100009, 'false', 'false', 'false', 'false value', 1);
INSERT INTO ARCH_CODE_MEMBER ( GROUP_ID, CODE_KEY, DATA, NAME, CODE_COMMENT, STATUS )
    VALUES (  1000117, '1', 'Error', 'ERROR', 'error severity', 1);
INSERT INTO ARCH_CODE_MEMBER ( GROUP_ID, CODE_KEY, DATA, NAME, CODE_COMMENT, STATUS )
    VALUES (  1000117, '2', 'Warning', 'WARNING', 'warning severity', 1);
INSERT INTO ARCH_CODE_MEMBER ( GROUP_ID, CODE_KEY, DATA, NAME, CODE_COMMENT, STATUS )
    VALUES (  1000117, '4', 'Info', 'INFO', 'info severity', 1);

INSERT INTO "ARCH_CODE_MEMBER" ( "GROUP_ID","CODE_KEY","DATA","NAME","CODE_COMMENT","STATUS" )
	VALUES ('1100010','NYK','NYK','NYK','NYK Region','1' ) ;
INSERT INTO "ARCH_CODE_MEMBER" ( "GROUP_ID","CODE_KEY","DATA","NAME","CODE_COMMENT","STATUS" )
	VALUES ('1100010','LDN','LDN','LDN','LDN Region','1' ) ;
INSERT INTO "ARCH_CODE_MEMBER" ( "GROUP_ID","CODE_KEY","DATA","NAME","CODE_COMMENT","STATUS" )
	VALUES ('1100010','TYO','TYO','TYO','TYO Region','1' ) ;
INSERT INTO "ARCH_CODE_MEMBER" ( "GROUP_ID","CODE_KEY","DATA","NAME","CODE_COMMENT","STATUS" )
	VALUES ('1100010','SYD','SYD','SYD','SYD Region','1' ) ;
INSERT INTO "ARCH_CODE_MEMBER" ( "GROUP_ID","CODE_KEY","DATA","NAME","CODE_COMMENT","STATUS" )
	VALUES ('1100010','HKG','HKG','HKG','HKG Region','1' ) ;
INSERT INTO "ARCH_CODE_MEMBER" ( "GROUP_ID","CODE_KEY","DATA","NAME","CODE_COMMENT","STATUS" )
	VALUES ('1100010','SGP','SGP','SGP','SGP Region','1' ) ;

INSERT INTO ARCH_CODE_MEMBER ( GROUP_ID, CODE_KEY, DATA, NAME, CODE_COMMENT, STATUS )
	VALUES ( 1100011, 'ROOT_ORGANIZATION', 'Order=1', 'Domain Owner', 'DomainOwner tab', 1);
INSERT INTO ARCH_CODE_MEMBER ( GROUP_ID, CODE_KEY, DATA, NAME, CODE_COMMENT, STATUS )
	VALUES ( 1100011, 'PB', 'Order=2', 'Prime Broker', 'Prime Broker tab', 1);
INSERT INTO ARCH_CODE_MEMBER ( GROUP_ID, CODE_KEY, DATA, NAME, CODE_COMMENT, STATUS )
	VALUES ( 1100011, 'CLIENT', 'Order=3', 'Client', 'Client tab', 1);
INSERT INTO ARCH_CODE_MEMBER ( GROUP_ID, CODE_KEY, DATA, NAME, CODE_COMMENT, STATUS )
	VALUES ( 1100011, 'BANK', 'Order=4', 'Bank', 'Bank tab', 1);
INSERT INTO ARCH_CODE_MEMBER ( GROUP_ID, CODE_KEY, DATA, NAME, CODE_COMMENT, STATUS )
	VALUES ( 1100011, 'EXT_BANK', 'Order=5', 'Ext Bank', 'Ext Bank tab', 1);
INSERT INTO ARCH_CODE_MEMBER ( GROUP_ID, CODE_KEY, DATA, NAME, CODE_COMMENT, STATUS )
	VALUES ( 1100011, 'FUND', 'Order=6', 'Fund', 'Fund tab', 1);

INSERT INTO ARCH_CODE_MEMBER ( GROUP_ID, CODE_KEY, DATA, NAME, CODE_COMMENT, STATUS )
	VALUES ( 1100012, 'Persons', 'Order=1&IncludeFile=/pages/dynfinobj/beans/reportBean.jsp', 'Persons', 'Persons tab', 1);
INSERT INTO ARCH_CODE_MEMBER ( GROUP_ID, CODE_KEY, DATA, NAME, CODE_COMMENT, STATUS )
	VALUES ( 1100012, 'Traders', 'Order=2&IncludeFile=/pages/dynfinobj/beans/reportBean.jsp', 'Traders', 'Traders tab', 1);
INSERT INTO ARCH_CODE_MEMBER ( GROUP_ID, CODE_KEY, DATA, NAME, CODE_COMMENT, STATUS )
	VALUES ( 1100012, 'Funds', 'Order=3&IncludeFile=/pages/dynfinobj/beans/reportBean.jsp', 'Funds', 'Funds tab', 1);
INSERT INTO ARCH_CODE_MEMBER ( GROUP_ID, CODE_KEY, DATA, NAME, CODE_COMMENT, STATUS )
	VALUES ( 1100012, 'CoupledAccounts', 'Order=4&IncludeFile=/pages/dynfinobj/beans/reportBean.jsp', 'CoupledAccounts', 'CoupledAccounts tab', 1);
INSERT INTO ARCH_CODE_MEMBER ( GROUP_ID, CODE_KEY, DATA, NAME, CODE_COMMENT, STATUS )
	VALUES ( 1100012, 'CreditLines', 'Order=5&IncludeFile=/pages/dynfinobj/beans/creditLineBean.jsp', 'Credit Lines', 'Credit Line tab', 1);
INSERT INTO ARCH_CODE_MEMBER ( GROUP_ID, CODE_KEY, DATA, NAME, CODE_COMMENT, STATUS )
	VALUES ( 1100012, 'Billing', 'Order=6&IncludeFile=/pages/dynfinobj/beans/billingBean.jsp', 'Billing', 'Billing tab', 1);
INSERT INTO ARCH_CODE_MEMBER ( GROUP_ID, CODE_KEY, DATA, NAME, CODE_COMMENT, STATUS )
	VALUES ( 1100012, 'Properties', 'Order=7&IncludeFile=/pages/dynfinobj/beans/propertiesBean.jsp', 'Properties', 'Properties tab', 1);
INSERT INTO ARCH_CODE_MEMBER ( GROUP_ID, CODE_KEY, DATA, NAME, CODE_COMMENT, STATUS )
	VALUES ( 1100012, 'PresetAllocations', 'Order=8&IncludeFile=/pages/dynfinobj/beans/reportBeanWithButton.jsp', 'Preset Allocations', 'Preset Allocations tab', 1);
INSERT INTO ARCH_CODE_MEMBER ( GROUP_ID, CODE_KEY, DATA, NAME, CODE_COMMENT, STATUS )
	VALUES ( 1100012, 'Portfolio', 'Order=9&IncludeFile=/pages/dynfinobj/beans/reportBeanWithButton.jsp', 'Portfolio', 'Portfolio tab', 1);

INSERT INTO ARCH_CODE_MEMBER ( GROUP_ID, CODE_KEY, DATA, NAME, CODE_COMMENT, STATUS )
	VALUES ( 1100013, 'SelectorBean', 'Order=1&Existance=true', 'com.traiana.core.admin.dynfinobj.beans.selector.SelectorBean', 'SelectorBean', 1);
INSERT INTO ARCH_CODE_MEMBER ( GROUP_ID, CODE_KEY, DATA, NAME, CODE_COMMENT, STATUS )
	VALUES ( 1100013, 'OrganizationDetailsBean', 'Order=2&Existance=Validator', 'com.traiana.core.admin.dynfinobj.beans.org.OrganizationDetailsBean', 'OrganizationDetailsBean', 1);
INSERT INTO ARCH_CODE_MEMBER ( GROUP_ID, CODE_KEY, DATA, NAME, CODE_COMMENT, STATUS )
	VALUES ( 1100013, 'OrgValidatorBean', 'Order=3&Existance=true', 'com.traiana.sol.fxpb.web.dynfinobj.admin.org.OrgValidatorBean', 'OrgValidatorBean', 1);
INSERT INTO ARCH_CODE_MEMBER ( GROUP_ID, CODE_KEY, DATA, NAME, CODE_COMMENT, STATUS )
	VALUES ( 1100013, 'StatusBean', 'Order=4&Existance=Validator', 'com.traiana.core.admin.dynfinobj.beans.status.StatusBean', 'StatusBean', 1);
INSERT INTO ARCH_CODE_MEMBER ( GROUP_ID, CODE_KEY, DATA, NAME, CODE_COMMENT, STATUS )
	VALUES ( 1100013, 'DataMappingBean', 'Order=5&Existance=Validator', 'com.traiana.core.admin.dynfinobj.beans.datamap.DataMappingBean', 'DataMappingBean', 1);
INSERT INTO ARCH_CODE_MEMBER ( GROUP_ID, CODE_KEY, DATA, NAME, CODE_COMMENT, STATUS )
	VALUES ( 1100013, 'MasterAccountBean', 'Order=6&Existance=Validator', 'com.traiana.core.admin.dynfinobj.beans.masteraccount.MasterAccountBean', 'MasterAccountBean', 1);
INSERT INTO ARCH_CODE_MEMBER ( GROUP_ID, CODE_KEY, DATA, NAME, CODE_COMMENT, STATUS )
	VALUES ( 1100013, 'GiveupRelBean', 'Order=7&Existance=Validator', 'com.traiana.core.admin.dynfinobj.org.beans.giveup.GiveupRelBean', 'GiveupRelBean', 1);

INSERT INTO ARCH_CODE_MEMBER ( GROUP_ID, CODE_KEY, DATA, NAME, CODE_COMMENT, STATUS )
	VALUES ( 1100014, 'PropertiesBean', 'Order=101&Existance=Validator', 'com.traiana.core.admin.dynfinobj.beans.props.PropertiesBean', 'PropertiesBean', 1);
INSERT INTO ARCH_CODE_MEMBER ( GROUP_ID, CODE_KEY, DATA, NAME, CODE_COMMENT, STATUS )
	VALUES ( 1100014, 'RelationReportBean', 'Order=102&Existance=Validator', 'com.traiana.sol.fxpb.web.dynfinobj.report.OrgExtReportBean', 'RelationReportBean', 1);
INSERT INTO ARCH_CODE_MEMBER ( GROUP_ID, CODE_KEY, DATA, NAME, CODE_COMMENT, STATUS )
	VALUES ( 1100014, 'CreditLineBean', 'Order=111&Existance=Validator', 'com.traiana.core.admin.dynfinobj.org.beans.creditline.CreditLineBean', 'CreditLineBean', 1);
INSERT INTO ARCH_CODE_MEMBER ( GROUP_ID, CODE_KEY, DATA, NAME, CODE_COMMENT, STATUS )
	VALUES ( 1100014, 'BillingTypeBean', 'Order=121&Existance=BillingBeanExistancValidator', 'com.traiana.core.admin.dynfinobj.beans.billing.BillingTypeBean', 'BillingTypeBean', 1);
INSERT INTO ARCH_CODE_MEMBER ( GROUP_ID, CODE_KEY, DATA, NAME, CODE_COMMENT, STATUS )
	VALUES ( 1100014, 'BillingLineCapsBean', 'Order=122&Existance=BillingBeanExistancValidator', 'com.traiana.core.admin.dynfinobj.beans.billing.BillingLineCapsBean', 'BillingLineCapsBean', 1);
INSERT INTO ARCH_CODE_MEMBER ( GROUP_ID, CODE_KEY, DATA, NAME, CODE_COMMENT, STATUS )
	VALUES ( 1100014, 'BillingDefaultValueBean', 'Order=123&Existance=BillingBeanExistancValidator', 'com.traiana.core.admin.dynfinobj.beans.billing.BillingDefaultValueBean', 'BillingDefaultValueBean', 1);
INSERT INTO ARCH_CODE_MEMBER ( GROUP_ID, CODE_KEY, DATA, NAME, CODE_COMMENT, STATUS )
	VALUES ( 1100014, 'BillingSpreadBean', 'Order=124&Existance=BillingBeanExistancValidator', 'com.traiana.core.admin.dynfinobj.beans.billing.BillingSpreadBean', 'BillingSpreadBean', 1);
INSERT INTO ARCH_CODE_MEMBER ( GROUP_ID, CODE_KEY, DATA, NAME, CODE_COMMENT, STATUS )
	VALUES ( 1100014, 'BillingPerMillionBean', 'Order=125&Existance=BillingBeanExistancValidator', 'com.traiana.core.admin.dynfinobj.beans.billing.BillingPerMillionBean', 'BillingPerMillionBean', 1);
INSERT INTO ARCH_CODE_MEMBER ( GROUP_ID, CODE_KEY, DATA, NAME, CODE_COMMENT, STATUS )
	VALUES ( 1100014, 'BillingDynamicBean', 'Order=126&Existance=BillingBeanExistancValidator', 'com.traiana.core.admin.dynfinobj.beans.billing.BillingDynamicBean', 'BillingDynamicBean', 1);
INSERT INTO ARCH_CODE_MEMBER ( GROUP_ID, CODE_KEY, DATA, NAME, CODE_COMMENT, STATUS )
	VALUES ( 1100014, 'BillingDynamicTypeBean', 'Order=127&Existance=BillingBeanExistancValidator', 'com.traiana.core.admin.dynfinobj.beans.billing.BillingDynamicTypeBean', 'BillingDynamicTypeBean', 1);

INSERT INTO ARCH_CODE_MEMBER ( GROUP_ID, CODE_KEY, DATA, NAME, CODE_COMMENT,STATUS )
VALUES ( 1001011, '1', 'Pending', 'PENDING', 'PENDING approval', 1);
INSERT INTO ARCH_CODE_MEMBER ( GROUP_ID, CODE_KEY, DATA, NAME, CODE_COMMENT,STATUS )
VALUES ( 1001011, '2', 'Approved', 'APPROVED', 'APPROVED NOE', 1);
INSERT INTO ARCH_CODE_MEMBER ( GROUP_ID, CODE_KEY, DATA, NAME, CODE_COMMENT,STATUS )
VALUES ( 1001011, '3', 'Hold', 'HOLD', 'NOE on HOLD', 1);
INSERT INTO ARCH_CODE_MEMBER ( GROUP_ID, CODE_KEY, DATA, NAME, CODE_COMMENT,STATUS )
VALUES ( 1001011, '4', 'Ind. Failure', 'INDICATORY_FAILURE', 'NOE on INDICATORY FAILURE', 1);
INSERT INTO ARCH_CODE_MEMBER ( GROUP_ID, CODE_KEY, DATA, NAME, CODE_COMMENT,STATUS )
VALUES ( 1001011, '5', 'Rejected', 'REJECTED', 'NOE on REJECTED', 1);
INSERT INTO ARCH_CODE_MEMBER ( GROUP_ID, CODE_KEY, DATA, NAME, CODE_COMMENT,STATUS )
VALUES ( 1001012, '1', 'Matched', 'MATCHED', 'MATCHED NOE', 1);
INSERT INTO ARCH_CODE_MEMBER ( GROUP_ID, CODE_KEY, DATA, NAME, CODE_COMMENT,STATUS )
VALUES ( 1001012, '2', 'Unmatched', 'UNMATCHED', 'UNMATCHED NOE', 1);
INSERT INTO ARCH_CODE_MEMBER ( GROUP_ID, CODE_KEY, DATA, NAME, CODE_COMMENT,STATUS )
VALUES ( 1001012, '3', 'Stale', 'STALE', 'STALE NOE', 1);
INSERT INTO ARCH_CODE_MEMBER ( GROUP_ID, CODE_KEY, DATA, NAME, CODE_COMMENT,STATUS )
VALUES ( 1001012, '4', 'Suspect', 'SUSPECT', 'SUSPECT NOE', 1);
INSERT INTO ARCH_CODE_MEMBER ( GROUP_ID, CODE_KEY, DATA, NAME, CODE_COMMENT,STATUS )
VALUES ( 1001013, '1', 'Unsplit', 'UNALLOCATED', 'UNALLOCATED NOE', 1);
INSERT INTO ARCH_CODE_MEMBER ( GROUP_ID, CODE_KEY, DATA, NAME, CODE_COMMENT,STATUS )
VALUES ( 1001013, '2', 'Split', 'ALLOCATED', 'ALLOCATED NOE', 1);
INSERT INTO ARCH_CODE_MEMBER ( GROUP_ID, CODE_KEY, DATA, NAME, CODE_COMMENT,STATUS )
VALUES ( 1001013, '3', 'Stale', 'STALE', 'STALE NOE', 1);
INSERT INTO ARCH_CODE_MEMBER ( GROUP_ID, CODE_KEY, DATA, NAME, CODE_COMMENT,STATUS )
VALUES ( 1001013, '4', 'Split Held', 'ALLOCATION_HELD', 'ALLOCATION HELD NOE', 1);
INSERT INTO ARCH_CODE_MEMBER ( GROUP_ID, CODE_KEY, DATA, NAME, CODE_COMMENT,STATUS )
VALUES ( 1001014, '1', 'Draft', 'DRAFT', 'DRAFT NOE', 1);
INSERT INTO ARCH_CODE_MEMBER ( GROUP_ID, CODE_KEY, DATA, NAME, CODE_COMMENT,STATUS )
VALUES ( 1001014, '2', 'Active', 'ACTIVE', 'ACTIVE NOE', 1);
INSERT INTO ARCH_CODE_MEMBER ( GROUP_ID, CODE_KEY, DATA, NAME, CODE_COMMENT,STATUS )
VALUES ( 1001014, '3', 'Invalid', 'INVALID', 'INVALID NOE', 1);
INSERT INTO ARCH_CODE_MEMBER ( GROUP_ID, CODE_KEY, DATA, NAME, CODE_COMMENT,STATUS )
VALUES ( 1001014, '4', 'Done', 'DONE', 'DONE NOE', 1);
INSERT INTO ARCH_CODE_MEMBER ( GROUP_ID, CODE_KEY, DATA, NAME, CODE_COMMENT,STATUS )
VALUES ( 1001014, '5', 'Replaced', 'REPLACED', 'REPLACED NOE', 1);
INSERT INTO ARCH_CODE_MEMBER ( GROUP_ID, CODE_KEY, DATA, NAME, CODE_COMMENT,STATUS )
VALUES ( 1001014, '6', 'Deleted', 'DELETED', 'DELETED NOE', 1);
INSERT INTO ARCH_CODE_MEMBER ( GROUP_ID, CODE_KEY, DATA, NAME, CODE_COMMENT,STATUS )
VALUES ( 1001014, '7', 'Bust', 'BUST', 'BUST NOE', 1);
INSERT INTO ARCH_CODE_MEMBER ( GROUP_ID, CODE_KEY, DATA, NAME, CODE_COMMENT,STATUS )
VALUES ( 1001014, '8', 'Reversed', 'REVERSED', 'REVERSED NOE', 1);
INSERT INTO ARCH_CODE_MEMBER ( GROUP_ID, CODE_KEY, DATA, NAME, CODE_COMMENT,STATUS )
VALUES ( 1001014, '9', 'Unified', 'UNIFIED', 'UNIFIED NOE', 1);
INSERT INTO ARCH_CODE_MEMBER ( GROUP_ID, CODE_KEY, DATA, NAME, CODE_COMMENT,STATUS )
VALUES ( 1001014, '10', 'Giveup', 'GIVEUP', 'GIVEUP NOE', 1);
INSERT INTO ARCH_CODE_MEMBER ( GROUP_ID, CODE_KEY, DATA, NAME, CODE_COMMENT,STATUS )
VALUES ( 1001015, '1', 'Pending', 'PENDING', 'PENDING Split', 1);
INSERT INTO ARCH_CODE_MEMBER ( GROUP_ID, CODE_KEY, DATA, NAME, CODE_COMMENT,STATUS )
VALUES ( 1001015, '2', 'Approved', 'APPROVED', 'APPROVED Split', 1);
INSERT INTO ARCH_CODE_MEMBER ( GROUP_ID, CODE_KEY, DATA, NAME, CODE_COMMENT,STATUS )
VALUES ( 1001015, '3', 'Hold', 'HOLD', 'HOLD Split', 1);
INSERT INTO ARCH_CODE_MEMBER ( GROUP_ID, CODE_KEY, DATA, NAME, CODE_COMMENT,STATUS )
VALUES ( 1001015, '4', 'Ind. Failure', 'INDICATORY_FAILURE', 'INDICATORY FAILURE Split', 1);
INSERT INTO ARCH_CODE_MEMBER ( GROUP_ID, CODE_KEY, DATA, NAME, CODE_COMMENT,STATUS )
VALUES ( 1001016, '1', 'Draft', 'DRAFT', 'DRAFT Split', 1);
INSERT INTO ARCH_CODE_MEMBER ( GROUP_ID, CODE_KEY, DATA, NAME, CODE_COMMENT,STATUS )
VALUES ( 1001016, '2', 'Active', 'ACTIVE', 'ACTIVE Split', 1);
INSERT INTO ARCH_CODE_MEMBER ( GROUP_ID, CODE_KEY, DATA, NAME, CODE_COMMENT,STATUS )
VALUES ( 1001016, '3', 'Invalid', 'INVALID', 'INVALID Split', 1);
INSERT INTO ARCH_CODE_MEMBER ( GROUP_ID, CODE_KEY, DATA, NAME, CODE_COMMENT,STATUS )
VALUES ( 1001016, '4', 'Done', 'DONE', 'DONE Split', 1);
INSERT INTO ARCH_CODE_MEMBER ( GROUP_ID, CODE_KEY, DATA, NAME, CODE_COMMENT,STATUS )
VALUES ( 1001016, '5', 'Replaced', 'REPLACED', 'REPLACED Split', 1);
INSERT INTO ARCH_CODE_MEMBER ( GROUP_ID, CODE_KEY, DATA, NAME, CODE_COMMENT,STATUS )
VALUES ( 1001016, '6', 'Deleted', 'DELETED', 'DELETED Split', 1);
INSERT INTO ARCH_CODE_MEMBER ( GROUP_ID, CODE_KEY, DATA, NAME, CODE_COMMENT,STATUS )
VALUES ( 1001016, '7', 'Unified', 'UNIFIED', 'UNIFIED Split', 1);
INSERT INTO ARCH_CODE_MEMBER ( GROUP_ID, CODE_KEY, DATA, NAME, CODE_COMMENT,STATUS )
VALUES ( 1001017, '1', 'Active', 'ACTIVE', 'ACTIVE status', 1);
INSERT INTO ARCH_CODE_MEMBER ( GROUP_ID, CODE_KEY, DATA, NAME, CODE_COMMENT,STATUS )
VALUES ( 1001017, '2', 'Done', 'DONE', 'DONE status', 1);
INSERT INTO ARCH_CODE_MEMBER ( GROUP_ID, CODE_KEY, DATA, NAME, CODE_COMMENT,STATUS )
VALUES ( 1001017, '3', 'Deleted', 'DELETED', 'DELETED status', 1);
INSERT INTO ARCH_CODE_MEMBER ( GROUP_ID, CODE_KEY, DATA, NAME, CODE_COMMENT,STATUS )
VALUES ( 1001017, '4', 'Split', 'SPLIT', 'SPLIT status', 1);
INSERT INTO ARCH_CODE_MEMBER ( GROUP_ID, CODE_KEY, DATA, NAME, CODE_COMMENT,STATUS )
VALUES ( 1001018, '1', 'Pending', 'PENDING', 'Pedning status', 1);
INSERT INTO ARCH_CODE_MEMBER ( GROUP_ID, CODE_KEY, DATA, NAME, CODE_COMMENT,STATUS )
VALUES ( 1001018, '2', 'Booked', 'BOOKED', 'Booked Status', 1);
INSERT INTO ARCH_CODE_MEMBER ( GROUP_ID, CODE_KEY, DATA, NAME, CODE_COMMENT,STATUS )
VALUES ( 1001018, '3', 'Given', 'GIVEN', 'Given Status', 1);
INSERT INTO ARCH_CODE_MEMBER ( GROUP_ID, CODE_KEY, DATA, NAME, CODE_COMMENT,STATUS )
VALUES ( 1001018, '4', 'Deleted', 'DELETED', 'Deleted Status', 1);
INSERT INTO ARCH_CODE_MEMBER ( GROUP_ID, CODE_KEY, DATA, NAME, CODE_COMMENT,STATUS )
VALUES ( 1001018, '5', 'Not Booked', 'NOT BOOKED', 'Not Booked Status', 1);
INSERT INTO ARCH_CODE_MEMBER ( GROUP_ID, CODE_KEY, DATA, NAME, CODE_COMMENT,STATUS )
	VALUES ( 1001019, '1', 'Pending', 'PENDING', 'PENDING status', 1);
INSERT INTO ARCH_CODE_MEMBER ( GROUP_ID, CODE_KEY, DATA, NAME, CODE_COMMENT,STATUS )
	VALUES ( 1001019, '2', 'Booked', 'BOOKED', 'Booked status', 1);
INSERT INTO ARCH_CODE_MEMBER ( GROUP_ID, CODE_KEY, DATA, NAME, CODE_COMMENT,STATUS )
	VALUES ( 1001019, '3', 'N/A', 'NA', 'NA status', 1);
INSERT INTO ARCH_CODE_MEMBER ( GROUP_ID, CODE_KEY, DATA, NAME, CODE_COMMENT,STATUS )
	VALUES ( 1001019, '4', 'Transferred', 'TRANSFERRED', 'Transferred status', 1);
INSERT INTO ARCH_CODE_MEMBER ( GROUP_ID, CODE_KEY, DATA, NAME, CODE_COMMENT,STATUS )
	VALUES ( 1001019, '5', 'Needs Manual', 'NEEDS_MANUAL', 'Report NEEDS_MANUAL status', 1);
INSERT INTO ARCH_CODE_MEMBER ( GROUP_ID, CODE_KEY, DATA, NAME, CODE_COMMENT, STATUS )
	VALUES ( 1001019, '6', 'Rejected', 'REJECTED', 'Report Rejected status', 1);

INSERT INTO ARCH_CODE_MEMBER ( GROUP_ID, CODE_KEY, DATA, NAME, CODE_COMMENT, STATUS )
    VALUES (  1001020, '1', 'FWD', 'FWD', 'FWD', 1);
INSERT INTO ARCH_CODE_MEMBER ( GROUP_ID, CODE_KEY, DATA, NAME, CODE_COMMENT, STATUS )
    VALUES (  1001020, '2', 'SWAP', 'SWAP', 'SWAP', 1);
INSERT INTO ARCH_CODE_MEMBER ( GROUP_ID, CODE_KEY, DATA, NAME, CODE_COMMENT, STATUS )
    VALUES (  1001020, '3', 'MISMATCH', 'MISMATCH', 'MISMATCH', 1);
INSERT INTO ARCH_CODE_MEMBER ( GROUP_ID, CODE_KEY, DATA, NAME, CODE_COMMENT, STATUS )
    VALUES (  1001020, '4', 'OPTION', 'OPTION', 'OPTION contract', 1);
INSERT INTO ARCH_CODE_MEMBER ( GROUP_ID, CODE_KEY, DATA, NAME, CODE_COMMENT, STATUS )
    VALUES (  1001020, '5', 'SPOT', 'SPOT', 'SPOT contract', 1);

INSERT INTO ARCH_CODE_MEMBER ( GROUP_ID, CODE_KEY, DATA, NAME, CODE_COMMENT, STATUS )
	VALUES ( 1100015, '1', 'ACTIVE', 'ACTIVE', 'ACTIVE Option', 1);
INSERT INTO ARCH_CODE_MEMBER ( GROUP_ID, CODE_KEY, DATA, NAME, CODE_COMMENT, STATUS )
	VALUES ( 1100015, '2', 'EXERCISED', 'EXERCISED', 'EXERCISED Option', 1);
INSERT INTO ARCH_CODE_MEMBER ( GROUP_ID, CODE_KEY, DATA, NAME, CODE_COMMENT, STATUS )
	VALUES ( 1100015, '3', 'TERMINATED', 'TERMINATED', 'TERMINATED Option', 1);
INSERT INTO ARCH_CODE_MEMBER ( GROUP_ID, CODE_KEY, DATA, NAME, CODE_COMMENT, STATUS )
	VALUES ( 1100015, '4', 'EXPIRED', 'EXPIRED', 'EXPIRED Option', 1);
INSERT INTO ARCH_CODE_MEMBER ( GROUP_ID, CODE_KEY, DATA, NAME, CODE_COMMENT, STATUS )
	VALUES ( 1100015, '5', 'NA', 'NA', 'NA Option', 1);

INSERT INTO ARCH_CODE_MEMBER ( GROUP_ID, CODE_KEY, DATA, NAME, CODE_COMMENT, STATUS )
	VALUES ( 1100024, '1', 'CCY1/CCY2', 'CCY1_CCY2', 'CCY1/CCY2', 1);
INSERT INTO ARCH_CODE_MEMBER ( GROUP_ID, CODE_KEY, DATA, NAME, CODE_COMMENT, STATUS )
	VALUES ( 1100024, '2', 'CCY2/CCY1', 'CCY2_CCY1', 'CCY2/CCY1', 1);
INSERT INTO ARCH_CODE_MEMBER ( GROUP_ID, CODE_KEY, DATA, NAME, CODE_COMMENT, STATUS )
	VALUES ( 1100019, '1', '%CCY1', 'PR_CCY1', '%CCY1', 1);
INSERT INTO ARCH_CODE_MEMBER ( GROUP_ID, CODE_KEY, DATA, NAME, CODE_COMMENT, STATUS )
	VALUES ( 1100019, '2', '%CCY2', 'PR_CCY2', '%CCY2', 1);
INSERT INTO ARCH_CODE_MEMBER ( GROUP_ID, CODE_KEY, DATA, NAME, CODE_COMMENT, STATUS )
	VALUES ( 1100019, '3', 'CCY1/100CCY2', 'CCY1_100_CCY2', 'CCY1/100CCY2', 1);
INSERT INTO ARCH_CODE_MEMBER ( GROUP_ID, CODE_KEY, DATA, NAME, CODE_COMMENT, STATUS )
	VALUES ( 1100019, '4', 'CCY2/100CCY1', 'CCY2_100_CCY1', 'CCY2/100CCY1', 1);
INSERT INTO ARCH_CODE_MEMBER ( GROUP_ID, CODE_KEY, DATA, NAME, CODE_COMMENT, STATUS )
        VALUES ( 1100019, '5', 'EXPLICIT', 'EXPLICIT', 'EXPLICIT', 1);

INSERT INTO ARCH_CODE_MEMBER ( GROUP_ID, CODE_KEY, DATA, NAME, CODE_COMMENT, STATUS )
	VALUES ( 1100020, '1', 'European', 'European', 'European', 1);
INSERT INTO ARCH_CODE_MEMBER ( GROUP_ID, CODE_KEY, DATA, NAME, CODE_COMMENT, STATUS )
	VALUES ( 1100020, '2', 'American', 'American', 'American', 1);
INSERT INTO ARCH_CODE_MEMBER ( GROUP_ID, CODE_KEY, DATA, NAME, CODE_COMMENT, STATUS )
	VALUES ( 1100021, '1', 'Call CCY1/Put CCY2', 'Call', 'Call', 1);
INSERT INTO ARCH_CODE_MEMBER ( GROUP_ID, CODE_KEY, DATA, NAME, CODE_COMMENT, STATUS )
	VALUES ( 1100021, '2', 'Put CCY1/Call CCY2', 'Put', 'Put', 1);
INSERT INTO ARCH_CODE_MEMBER ( GROUP_ID, CODE_KEY, DATA, NAME, CODE_COMMENT, STATUS )
	VALUES ( 1100022, '1', 'Vanilla', 'Vanilla', 'Vanilla', 1);
INSERT INTO ARCH_CODE_MEMBER ( GROUP_ID, CODE_KEY, DATA, NAME, CODE_COMMENT, STATUS )
	VALUES ( 1100022, '2', 'Single Barrier', 'Single Barrier', 'Single Barrier', 1);
INSERT INTO ARCH_CODE_MEMBER ( GROUP_ID, CODE_KEY, DATA, NAME, CODE_COMMENT, STATUS )
	VALUES ( 1100022, '3', 'Double Barrier', 'Double Barrier', 'Double Barrier', 1);
INSERT INTO ARCH_CODE_MEMBER ( GROUP_ID, CODE_KEY, DATA, NAME, CODE_COMMENT, STATUS )
	VALUES ( 1100022, '4', 'Digital', 'Digital', 'Digital', 1);
INSERT INTO ARCH_CODE_MEMBER ( GROUP_ID, CODE_KEY, DATA, NAME, CODE_COMMENT, STATUS )
	VALUES ( 1100023, '1', 'Cash', 'Cash', 'Cash', 1);
INSERT INTO ARCH_CODE_MEMBER ( GROUP_ID, CODE_KEY, DATA, NAME, CODE_COMMENT, STATUS )
	VALUES ( 1100023, '2', 'Delivery', 'Delivery', 'Delivery', 1);
INSERT INTO ARCH_CODE_MEMBER ( GROUP_ID, CODE_KEY, DATA, NAME, CODE_COMMENT, STATUS )
    VALUES ( 1100025, '1', 'Active', 'ACTIVE', 'ACTIVE Option', 1);
INSERT INTO ARCH_CODE_MEMBER ( GROUP_ID, CODE_KEY, DATA, NAME, CODE_COMMENT, STATUS )
    VALUES ( 1100025, '2', 'Exercised', 'EXERCISED', 'EXERCISED Option', 1);
INSERT INTO ARCH_CODE_MEMBER ( GROUP_ID, CODE_KEY, DATA, NAME, CODE_COMMENT, STATUS )
    VALUES ( 1100025, '3', 'Terminated', 'TERMINATED', 'TERMINATED Option', 1);
INSERT INTO ARCH_CODE_MEMBER ( GROUP_ID, CODE_KEY, DATA, NAME, CODE_COMMENT, STATUS )
    VALUES ( 1100025, '4', 'Expired', 'EXPIRED', 'EXPIRED Option', 1);
INSERT INTO ARCH_CODE_MEMBER ( GROUP_ID, CODE_KEY, DATA, NAME, CODE_COMMENT, STATUS )
    VALUES ( 1100025, '5', 'N/A', 'NA', 'NA Option', 1);

INSERT INTO ARCH_CODE_MEMBER ( GROUP_ID, CODE_KEY, DATA, NAME, CODE_COMMENT, STATUS )
	VALUES ( 1000025, '13', 'OPTION_TG_TO_OPTION_TRADE', 'OPTION_TG_TO_OPTION_TRADE', 'OPTION_TG_TO_OPTION_TRADE relation', 1);
INSERT INTO ARCH_CODE_MEMBER ( GROUP_ID, CODE_KEY, DATA, NAME, CODE_COMMENT, STATUS )
    VALUES ( 1100026, '1', 'REGULAR', 'REGULAR', 'Regular Trade Type', 1);
INSERT INTO ARCH_CODE_MEMBER ( GROUP_ID, CODE_KEY, DATA, NAME, CODE_COMMENT, STATUS )
    VALUES ( 1100026, '2', 'POSITION', 'POSITION', 'Position Trade Type', 1);
INSERT INTO ARCH_CODE_MEMBER ( GROUP_ID, CODE_KEY, DATA, NAME, CODE_COMMENT, STATUS )
    VALUES ( 1100027, '1', '00:00', 'TIME_0', '00:00 time', 1);
INSERT INTO ARCH_CODE_MEMBER ( GROUP_ID, CODE_KEY, DATA, NAME, CODE_COMMENT, STATUS )
    VALUES ( 1100027, '2', '01:00', 'TIME_1', '01:00 time', 1);
INSERT INTO ARCH_CODE_MEMBER ( GROUP_ID, CODE_KEY, DATA, NAME, CODE_COMMENT, STATUS )
    VALUES ( 1100027, '3', '02:00', 'TIME_2', '02:00 time', 1);
INSERT INTO ARCH_CODE_MEMBER ( GROUP_ID, CODE_KEY, DATA, NAME, CODE_COMMENT, STATUS )
    VALUES ( 1100027, '4', '03:00', 'TIME_3', '03:00 time', 1);
INSERT INTO ARCH_CODE_MEMBER ( GROUP_ID, CODE_KEY, DATA, NAME, CODE_COMMENT, STATUS )
    VALUES ( 1100027, '5', '04:00', 'TIME_4', '04:00 time', 1);
INSERT INTO ARCH_CODE_MEMBER ( GROUP_ID, CODE_KEY, DATA, NAME, CODE_COMMENT, STATUS )
    VALUES ( 1100027, '6', '05:00', 'TIME_5', '05:00 time', 1);
INSERT INTO ARCH_CODE_MEMBER ( GROUP_ID, CODE_KEY, DATA, NAME, CODE_COMMENT, STATUS )
    VALUES ( 1100027, '7', '06:00', 'TIME_6', '06:00 time', 1);
INSERT INTO ARCH_CODE_MEMBER ( GROUP_ID, CODE_KEY, DATA, NAME, CODE_COMMENT, STATUS )
    VALUES ( 1100027, '8', '07:00', 'TIME_7', '07:00 time', 1);
INSERT INTO ARCH_CODE_MEMBER ( GROUP_ID, CODE_KEY, DATA, NAME, CODE_COMMENT, STATUS )
    VALUES ( 1100027, '9', '08:00', 'TIME_8', '08:00 time', 1);
INSERT INTO ARCH_CODE_MEMBER ( GROUP_ID, CODE_KEY, DATA, NAME, CODE_COMMENT, STATUS )
    VALUES ( 1100027, '10', '09:00', 'TIME_9', '09:00 time', 1);
INSERT INTO ARCH_CODE_MEMBER ( GROUP_ID, CODE_KEY, DATA, NAME, CODE_COMMENT, STATUS )
    VALUES ( 1100027, '11', '10:00', 'TIME_10', '10:00 time', 1);
INSERT INTO ARCH_CODE_MEMBER ( GROUP_ID, CODE_KEY, DATA, NAME, CODE_COMMENT, STATUS )
    VALUES ( 1100027, '12', '11:00', 'TIME_11', '11:00 time', 1);
INSERT INTO ARCH_CODE_MEMBER ( GROUP_ID, CODE_KEY, DATA, NAME, CODE_COMMENT, STATUS )
    VALUES ( 1100027, '13', '12:00', 'TIME_12', '12:00 time', 1);
INSERT INTO ARCH_CODE_MEMBER ( GROUP_ID, CODE_KEY, DATA, NAME, CODE_COMMENT, STATUS )
    VALUES ( 1100027, '14', '13:00', 'TIME_13', '13:00 time', 1);
INSERT INTO ARCH_CODE_MEMBER ( GROUP_ID, CODE_KEY, DATA, NAME, CODE_COMMENT, STATUS )
    VALUES ( 1100027, '15', '14:00', 'TIME_14', '14:00 time', 1);
INSERT INTO ARCH_CODE_MEMBER ( GROUP_ID, CODE_KEY, DATA, NAME, CODE_COMMENT, STATUS )
    VALUES ( 1100027, '16', '15:00', 'TIME_15', '15:00 time', 1);
INSERT INTO ARCH_CODE_MEMBER ( GROUP_ID, CODE_KEY, DATA, NAME, CODE_COMMENT, STATUS )
    VALUES ( 1100027, '17', '16:00', 'TIME_16', '16:00 time', 1);
INSERT INTO ARCH_CODE_MEMBER ( GROUP_ID, CODE_KEY, DATA, NAME, CODE_COMMENT, STATUS )
    VALUES ( 1100027, '18', '17:00', 'TIME_17', '17:00 time', 1);
INSERT INTO ARCH_CODE_MEMBER ( GROUP_ID, CODE_KEY, DATA, NAME, CODE_COMMENT, STATUS )
    VALUES ( 1100027, '19', '18:00', 'TIME_18', '18:00 time', 1);
INSERT INTO ARCH_CODE_MEMBER ( GROUP_ID, CODE_KEY, DATA, NAME, CODE_COMMENT, STATUS )
    VALUES ( 1100027, '20', '19:00', 'TIME_19', '19:00 time', 1);
INSERT INTO ARCH_CODE_MEMBER ( GROUP_ID, CODE_KEY, DATA, NAME, CODE_COMMENT, STATUS )
    VALUES ( 1100027, '21', '20:00', 'TIME_20', '20:00 time', 1);
INSERT INTO ARCH_CODE_MEMBER ( GROUP_ID, CODE_KEY, DATA, NAME, CODE_COMMENT, STATUS )
    VALUES ( 1100027, '22', '21:00', 'TIME_21', '21:00 time', 1);
INSERT INTO ARCH_CODE_MEMBER ( GROUP_ID, CODE_KEY, DATA, NAME, CODE_COMMENT, STATUS )
    VALUES ( 1100027, '23', '22:00', 'TIME_22', '22:00 time', 1);
INSERT INTO ARCH_CODE_MEMBER ( GROUP_ID, CODE_KEY, DATA, NAME, CODE_COMMENT, STATUS )
    VALUES ( 1100027, '24', '23:00', 'TIME_23', '23:00 time', 1);
INSERT INTO ARCH_CODE_MEMBER ( GROUP_ID, CODE_KEY, DATA, NAME, CODE_COMMENT, STATUS )
    VALUES ( 1100028, '1', 'NY', 'TZ_NY', 'TZ NY', 1);
INSERT INTO ARCH_CODE_MEMBER ( GROUP_ID, CODE_KEY, DATA, NAME, CODE_COMMENT, STATUS )
    VALUES ( 1100028, '2', 'MSK', 'TZ_MSK', 'TZ MSK', 1);
INSERT INTO ARCH_CODE_MEMBER ( GROUP_ID, CODE_KEY, DATA, NAME, CODE_COMMENT, STATUS )
    VALUES ( 1100029, '1', 'In', 'IN', 'In Direction', 1);
INSERT INTO ARCH_CODE_MEMBER ( GROUP_ID, CODE_KEY, DATA, NAME, CODE_COMMENT, STATUS )
    VALUES ( 1100029, '2', 'Out', 'OUT', 'Out Direction', 1);
INSERT INTO ARCH_CODE_MEMBER ( GROUP_ID, CODE_KEY, DATA, NAME, CODE_COMMENT, STATUS )
    VALUES ( 1100029, '3', 'Up and In', 'UP_AND_IN', 'Up and In Direction', 1);
INSERT INTO ARCH_CODE_MEMBER ( GROUP_ID, CODE_KEY, DATA, NAME, CODE_COMMENT, STATUS )
    VALUES ( 1100029, '4', 'Up and Out', 'UP_AND_OUT', 'Up and Out Direction', 1);
INSERT INTO ARCH_CODE_MEMBER ( GROUP_ID, CODE_KEY, DATA, NAME, CODE_COMMENT, STATUS )
    VALUES ( 1100029, '5', 'Down and In', 'DOWN_AND_IN', 'Down and In Direction', 1);
INSERT INTO ARCH_CODE_MEMBER ( GROUP_ID, CODE_KEY, DATA, NAME, CODE_COMMENT, STATUS )
    VALUES ( 1100029, '6', 'Down and Out', 'DOWN_AND_OUT', 'Down and Out Direction', 1);
INSERT INTO ARCH_CODE_MEMBER ( GROUP_ID, CODE_KEY, DATA, NAME, CODE_COMMENT, STATUS )
    VALUES ( 1100016, '1', 'In', 'IN', 'In Direction', 1);
INSERT INTO ARCH_CODE_MEMBER ( GROUP_ID, CODE_KEY, DATA, NAME, CODE_COMMENT, STATUS )
    VALUES ( 1100016, '2', 'Out', 'OUT', 'Out Direction', 1);
INSERT INTO ARCH_CODE_MEMBER ( GROUP_ID, CODE_KEY, DATA, NAME, CODE_COMMENT, STATUS )
    VALUES ( 1100017, '3', 'Up and In', 'UP_AND_IN', 'Up and In Direction', 1);
INSERT INTO ARCH_CODE_MEMBER ( GROUP_ID, CODE_KEY, DATA, NAME, CODE_COMMENT, STATUS )
    VALUES ( 1100017, '4', 'Up and Out', 'UP_AND_OUT', 'Up and Out Direction', 1);
INSERT INTO ARCH_CODE_MEMBER ( GROUP_ID, CODE_KEY, DATA, NAME, CODE_COMMENT, STATUS )
    VALUES ( 1100017, '5', 'Down and In', 'DOWN_AND_IN', 'Down and In Direction', 1);
INSERT INTO ARCH_CODE_MEMBER ( GROUP_ID, CODE_KEY, DATA, NAME, CODE_COMMENT, STATUS )
    VALUES ( 1100017, '6', 'Down and Out', 'DOWN_AND_OUT', 'Down and Out Direction', 1);
INSERT INTO ARCH_CODE_MEMBER ( GROUP_ID, CODE_KEY, DATA, NAME, CODE_COMMENT, STATUS )
    VALUES ( 1100030, '1', 'CCY1', 'CCY1', 'CCY1 currency', 1);
INSERT INTO ARCH_CODE_MEMBER ( GROUP_ID, CODE_KEY, DATA, NAME, CODE_COMMENT, STATUS )
    VALUES ( 1100030, '2', 'CCY2', 'CCY2', 'CCY2 currency', 1);
INSERT INTO ARCH_CODE_MEMBER ( GROUP_ID, CODE_KEY, DATA, NAME, CODE_COMMENT, STATUS )
    VALUES (1100031, '0', ' ', 'EMPTY_OPERATION', 'Empty operation', 1);
INSERT INTO ARCH_CODE_MEMBER ( GROUP_ID, CODE_KEY, DATA, NAME, CODE_COMMENT, STATUS )
    VALUES ( 1100031, '1', 'Maturity', 'MATURITY', 'Maturity Rebate Date', 1);
INSERT INTO ARCH_CODE_MEMBER ( GROUP_ID, CODE_KEY, DATA, NAME, CODE_COMMENT, STATUS )
    VALUES ( 1100031, '2', 'Knock Time', 'KNOCK_TIME', 'Knock Time Rebate Date', 1);
INSERT INTO ARCH_CODE_MEMBER ( GROUP_ID, CODE_KEY, DATA, NAME, CODE_COMMENT, STATUS )
    VALUES ( 1100032, '0', 'EmptyOperation', 'EMPTY_OPERATION', 'Empty operation', 1);
INSERT INTO ARCH_CODE_MEMBER ( GROUP_ID, CODE_KEY, DATA, NAME, CODE_COMMENT, STATUS )
    VALUES ( 1100032, '1', 'InsertOptionNoe', 'INSERT_OPTION_NOE', 'Insert Option Noe operation', 1);
INSERT INTO ARCH_CODE_MEMBER ( GROUP_ID, CODE_KEY, DATA, NAME, CODE_COMMENT, STATUS )
    VALUES ( 1100032, '2', 'ModifyOptionNoe', 'MODIFY_OPTION_NOE', 'Modify Option Noe operation', 1);
INSERT INTO ARCH_CODE_MEMBER ( GROUP_ID, CODE_KEY, DATA, NAME, CODE_COMMENT, STATUS )
    VALUES ( 1100032, '3', 'RetrieveOptionNoe', 'Retrieve_OPTION_NOE', 'Retrieve Option Noe operation', 1);
INSERT INTO ARCH_CODE_MEMBER ( GROUP_ID, CODE_KEY, DATA, NAME, CODE_COMMENT, STATUS )
    VALUES ( 1100032, '4', 'DeleteOptionNoe', 'Delete_OPTION_NOE', 'Delete Option Noe operation', 1);
INSERT INTO ARCH_CODE_MEMBER ( GROUP_ID, CODE_KEY, DATA, NAME, CODE_COMMENT, STATUS )
    VALUES ( 1100032, '5', 'SCOptionNoe', 'SC_OPTION_NOE', 'Status Change Option Noe operation', 1);
INSERT INTO ARCH_CODE_MEMBER ( GROUP_ID, CODE_KEY, DATA, NAME, CODE_COMMENT,STATUS )
    VALUES (1100033, '1000000', 'Credit Level', 'Credit Level', 'Credit Level property', 1);
INSERT INTO ARCH_CODE_MEMBER ( GROUP_ID, CODE_KEY, DATA, NAME, CODE_COMMENT,STATUS )
    VALUES (1100033, '1000001', 'Reconciliation Stale Timeout', 'Reconciliation Stale Timeout', 'Recon Stale Timeout property', 1);
INSERT INTO ARCH_CODE_MEMBER ( GROUP_ID, CODE_KEY, DATA, NAME, CODE_COMMENT,STATUS )
    VALUES (1100033, '1000002', 'Allocation Stale Timeout', 'Allocation Stale Timeout', 'Alloc Stale Timeout property', 1);
INSERT INTO ARCH_CODE_MEMBER ( GROUP_ID, CODE_KEY, DATA, NAME, CODE_COMMENT,STATUS )
    VALUES (1100033, '1000003', 'Is Direct', 'Is Direct', 'Is Direct property', 1);
INSERT INTO ARCH_CODE_MEMBER ( GROUP_ID, CODE_KEY, DATA, NAME, CODE_COMMENT,STATUS )
    VALUES (1100033, '1000004', 'Direct Confirmation FX', 'Direct Confirmation FX', 'Direct Confirmation FX property', 1);
INSERT INTO ARCH_CODE_MEMBER ( GROUP_ID, CODE_KEY, DATA, NAME, CODE_COMMENT,STATUS )
    VALUES (1100033, '1100000', 'Region', 'Region', 'Region property', 1);
INSERT INTO ARCH_CODE_MEMBER ( GROUP_ID, CODE_KEY, DATA, NAME, CODE_COMMENT,STATUS )
    VALUES (1100033, '1100006', 'Option Enabled', 'Option Enabled', 'Option property', 1);
INSERT INTO ARCH_CODE_MEMBER ( GROUP_ID, CODE_KEY, DATA, NAME, CODE_COMMENT,STATUS )
    VALUES (1100033, '1100007', 'Vanilla Enabled', 'Vanilla Enabled', 'Vanilla property', 1);
INSERT INTO ARCH_CODE_MEMBER ( GROUP_ID, CODE_KEY, DATA, NAME, CODE_COMMENT,STATUS )
    VALUES (1100033, '1100008', 'Digital Enabled', 'Digital Enabled', 'Digital property', 1);
INSERT INTO ARCH_CODE_MEMBER ( GROUP_ID, CODE_KEY, DATA, NAME, CODE_COMMENT,STATUS )
    VALUES (1100033, '1100009', 'Barrier Enabled', 'Barrier Enabled', 'Barrier property', 1);
INSERT INTO ARCH_CODE_MEMBER ( GROUP_ID, CODE_KEY, DATA, NAME, CODE_COMMENT,STATUS )
    VALUES (1100033, '1100010', 'Double Barrier Enabled', 'Double Barrier Enabled', 'Double Barrier property', 1);
INSERT INTO ARCH_CODE_MEMBER ( GROUP_ID, CODE_KEY, DATA, NAME, CODE_COMMENT,STATUS )
    VALUES (1100033, '1100013', 'Spot/Forward FX', 'Spot/Forward FX', 'Spot/Forward FX', 1);
INSERT INTO ARCH_CODE_MEMBER ( GROUP_ID, CODE_KEY, DATA, NAME, CODE_COMMENT,STATUS )
    VALUES (1100033, '1000005', 'Direct Confirmation FX Option', 'Direct Confirmation FX Option', 'Direct Confirmation FX Option property', 1);
INSERT INTO ARCH_CODE_MEMBER ( GROUP_ID, CODE_KEY, DATA, NAME, CODE_COMMENT,STATUS )
	VALUES ( 1100033, '1100014', 'use EB region in EB-PB trades', 'use EB region in EB-PB trades', 'use EB region in EB-PB trades', 1);
INSERT INTO ARCH_CODE_MEMBER ( GROUP_ID, CODE_KEY, DATA, NAME, CODE_COMMENT, STATUS )
	VALUES ( 1100002, '80', 'com.traiana.core.service.financial.valuation.md.target.DiscountCurveSourceTarget', 'DISCOUNT_CURVE', 'discount curve data source target', 1);
INSERT INTO ARCH_CODE_MEMBER ( GROUP_ID, CODE_KEY, DATA, NAME, CODE_COMMENT, STATUS )
	VALUES ( 1100002, '81', 'com.traiana.core.service.financial.valuation.md.target.SpotRateSourceTarget', 'SPOT_RATE', 'Spot Rate source target', 1);
INSERT INTO ARCH_CODE_MEMBER ( GROUP_ID, CODE_KEY, DATA, NAME, CODE_COMMENT, STATUS )
	VALUES ( 1100002, '86', 'com.traiana.core.service.financial.valuation.md.target.DatePointSourceTarget', 'DATE_POINT', 'date point source target', 1);
INSERT INTO ARCH_CODE_MEMBER ( GROUP_ID, CODE_KEY, DATA, NAME, CODE_COMMENT, STATUS )
	VALUES ( 1100002, '85', 'com.traiana.core.service.financial.valuation.md.target.OptionSourceTarget', 'OPTION', 'option date source target', 1);
INSERT INTO ARCH_CODE_MEMBER ( GROUP_ID, CODE_KEY, DATA, NAME, CODE_COMMENT, STATUS )
	VALUES ( 1100002, '84', 'com.traiana.core.service.financial.valuation.md.target.RevalSourceTarget', 'REVAL_RATE', 'Reval Rate source target', 1);
INSERT INTO ARCH_CODE_MEMBER ( GROUP_ID, CODE_KEY, DATA, NAME, CODE_COMMENT, STATUS )
	VALUES ( 1100002, '83', 'com.traiana.core.service.financial.valuation.md.target.PositionItemSourceTarget', 'POSITION_ITEM', 'Position Item source target', 1);
INSERT INTO ARCH_CODE_MEMBER ( GROUP_ID, CODE_KEY, DATA, NAME, CODE_COMMENT, STATUS )
	VALUES ( 1100002, '82', 'com.traiana.core.service.financial.valuation.md.target.InterpolationSourceTarget', 'INTERPOLATION', 'Interpolation source target', 1);
INSERT INTO ARCH_CODE_MEMBER ( GROUP_ID, CODE_KEY, DATA, NAME, CODE_COMMENT, STATUS )
    VALUES ( 1001021, '1000020', 'Book New Trade', 'Book New Trade', NULL, 1);
INSERT INTO ARCH_CODE_MEMBER ( GROUP_ID, CODE_KEY, DATA, NAME, CODE_COMMENT, STATUS )
    VALUES ( 1001021, '1000021', 'Book Delete Trade', 'Book Delete Trade', NULL, 1);
INSERT INTO ARCH_CODE_MEMBER ( GROUP_ID, CODE_KEY, DATA, NAME, CODE_COMMENT, STATUS )
    VALUES ( 1001021, '1000022', 'Book Split', 'Book Split', NULL, 1);
INSERT INTO ARCH_CODE_MEMBER ( GROUP_ID, CODE_KEY, DATA, NAME, CODE_COMMENT, STATUS )
    VALUES ( 1001021, '1000023', 'Book Resplit', 'Book Resplit', NULL, 1);
INSERT INTO ARCH_CODE_MEMBER ( GROUP_ID, CODE_KEY, DATA, NAME, CODE_COMMENT, STATUS )
	VALUES ( 1100003, '1', 'Pending', 'PENDING', 'Pending Status', 1);
INSERT INTO ARCH_CODE_MEMBER ( GROUP_ID, CODE_KEY, DATA, NAME, CODE_COMMENT, STATUS )
	VALUES ( 1100003, '2', 'Succeed', 'SUCCEED', 'Succeed Status', 1);
INSERT INTO ARCH_CODE_MEMBER ( GROUP_ID, CODE_KEY, DATA, NAME, CODE_COMMENT, STATUS )
	VALUES ( 1100003, '3', 'Error', 'ERROR', 'Error Status', 1);
INSERT INTO ARCH_CODE_MEMBER ( GROUP_ID, CODE_KEY, DATA, NAME, CODE_COMMENT, STATUS )
	VALUES ( 1100008, '1', 'Participant Long Name*', '1', NULL, 1);
INSERT INTO ARCH_CODE_MEMBER ( GROUP_ID, CODE_KEY, DATA, NAME, CODE_COMMENT, STATUS )
	VALUES ( 1100008, '2', 'Participant IRFE Master Account*', '2', NULL, 1);
INSERT INTO ARCH_CODE_MEMBER ( GROUP_ID, CODE_KEY, DATA, NAME, CODE_COMMENT, STATUS )
	VALUES ( 1100008, '3', 'Agreement IRFE Account Name*', '3', NULL, 1);
INSERT INTO ARCH_CODE_MEMBER ( GROUP_ID, CODE_KEY, DATA, NAME, CODE_COMMENT, STATUS )
	VALUES ( 1100008, '1_FUND', 'Fund Long Name*', '1_Fund', NULL, 1);
INSERT INTO ARCH_CODE_MEMBER ( GROUP_ID, CODE_KEY, DATA, NAME, CODE_COMMENT, STATUS )
	VALUES ( 1100008, '2_FUND', 'Fund IRFE Account Name*', '2_FUND', NULL, 1);

INSERT INTO ARCH_CODE_MEMBER ( GROUP_ID, CODE_KEY, DATA, NAME, CODE_COMMENT, STATUS )
    VALUES ( 1100036, '0', 'EmptyOperation', 'EMPTY_OPERATION', 'Empty operation', 1);
INSERT INTO ARCH_CODE_MEMBER ( GROUP_ID, CODE_KEY, DATA, NAME, CODE_COMMENT, STATUS )
    VALUES ( 1100036, '1', 'InsertOptionSplit', 'INSERT_OPTION_SPLIT', 'Insert Option Split operation', 1);
INSERT INTO ARCH_CODE_MEMBER ( GROUP_ID, CODE_KEY, DATA, NAME, CODE_COMMENT, STATUS )
    VALUES ( 1100036, '2', 'ModifyOptionSplit', 'MODIFY_OPTION_SPLIT', 'Modify Option Split operation', 1);
INSERT INTO ARCH_CODE_MEMBER ( GROUP_ID, CODE_KEY, DATA, NAME, CODE_COMMENT, STATUS )
    VALUES ( 1100036, '3', 'RetrieveOptionSplit', 'Retrieve_OPTION_SPLIT', 'Retrieve Option Split operation', 1);
INSERT INTO ARCH_CODE_MEMBER ( GROUP_ID, CODE_KEY, DATA, NAME, CODE_COMMENT, STATUS )
    VALUES ( 1100036, '4', 'DeleteOptionSplit', 'Delete_OPTION_SPLIT', 'Delete Option Split operation', 1);
INSERT INTO ARCH_CODE_MEMBER ( GROUP_ID, CODE_KEY, DATA, NAME, CODE_COMMENT, STATUS )
    VALUES ( 1100036, '5', 'SCOptionSplit', 'SC_OPTION_SPLIT', 'Status Change Option Split operation', 1);
INSERT INTO ARCH_CODE_MEMBER ( GROUP_ID, CODE_KEY, DATA, NAME, CODE_COMMENT, STATUS )
	VALUES ( 1100037, '1', 'Intraday', 'INTRADAY', 'Intraday Quote Type', 1);
INSERT INTO ARCH_CODE_MEMBER ( GROUP_ID, CODE_KEY, DATA, NAME, CODE_COMMENT, STATUS )
	VALUES ( 1100037, '2', 'Open', 'OPEN', 'Open Quote Type', 1);
INSERT INTO ARCH_CODE_MEMBER ( GROUP_ID, CODE_KEY, DATA, NAME, CODE_COMMENT, STATUS )
	VALUES ( 1100037, '3', 'Close', 'CLOSE', 'Close Quote Type', 1);
INSERT INTO ARCH_CODE_MEMBER ( GROUP_ID, CODE_KEY, DATA, NAME, CODE_COMMENT, STATUS )
	VALUES ( 1100038, '1', 'Pending', 'PENDING', 'Pending Murex Deal Process Status', 1);
INSERT INTO ARCH_CODE_MEMBER ( GROUP_ID, CODE_KEY, DATA, NAME, CODE_COMMENT, STATUS )
	VALUES ( 1100038, '2', 'Success', 'SUCCESS', 'Success Murex Deal Process Status', 1);
INSERT INTO ARCH_CODE_MEMBER ( GROUP_ID, CODE_KEY, DATA, NAME, CODE_COMMENT, STATUS )
	VALUES ( 1100038, '3', 'Error', 'ERROR', 'Error Murex Deal Process Status', 1);
INSERT INTO ARCH_CODE_MEMBER ( GROUP_ID, CODE_KEY, DATA, NAME, CODE_COMMENT, STATUS )
	VALUES ( 1100038, '4', 'Rejected', 'REJECTED', 'Rejected Murex Deal Process Status', 1);
INSERT INTO ARCH_CODE_MEMBER ( GROUP_ID, CODE_KEY, DATA, NAME, CODE_COMMENT, STATUS )
	VALUES ( 1100038, '5', 'Ignored', 'IGNORED', 'Ignored Murex Deal Process Status', 1);
INSERT INTO ARCH_CODE_MEMBER ( GROUP_ID, CODE_KEY, DATA, NAME, CODE_COMMENT, STATUS )
	VALUES ( 1100040, '3', 'Callcurrencyperputcurrency', 'CallCcy/PutCcy', 'CallCcy/PutCcy', 1);
INSERT INTO ARCH_CODE_MEMBER ( GROUP_ID, CODE_KEY, DATA, NAME, CODE_COMMENT, STATUS )
	VALUES ( 1100040, '4', 'Putcurrencypercallcurrency', 'PutCcy/CallCcy', 'PutCcy/CallCcy', 1);
INSERT INTO ARCH_CODE_MEMBER ( GROUP_ID, CODE_KEY, DATA, NAME, CODE_COMMENT, STATUS )
	VALUES ( 1100040, '1', 'Percentageofcallcurrencyamount', 'Pct_Call', 'Pct_Call', 1);
INSERT INTO ARCH_CODE_MEMBER ( GROUP_ID, CODE_KEY, DATA, NAME, CODE_COMMENT, STATUS )
	VALUES ( 1100040, '2', 'Percentageofputcurrencyamount', 'Pct_Put', 'Pct_Put', 1);
INSERT INTO ARCH_CODE_MEMBER ( GROUP_ID, CODE_KEY, DATA, NAME, CODE_COMMENT, STATUS )
        VALUES ( 1100040, '5', 'Explicit', 'Explicit', 'Explicit', 1);

INSERT INTO ARCH_CODE_MEMBER ( GROUP_ID, CODE_KEY, DATA, NAME, CODE_COMMENT, STATUS )
	VALUES ( 1000111, '1000005', 'PersonOfExtBankRoles', 'PersonOfExtBankRoles', 'PersonOfExtBankRoles', 1);
INSERT INTO ARCH_CODE_MEMBER ( GROUP_ID, CODE_KEY, DATA, NAME, CODE_COMMENT, STATUS )
    VALUES (  1000111, '1', 'PersonOfPBRoles', 'PersonOfPBRoles', 'PersonOfPBRoles', 1);

INSERT INTO ARCH_CODE_MEMBER ( GROUP_ID, CODE_KEY, DATA, NAME, CODE_COMMENT,STATUS )
    VALUES (1100043, '1000', 'Organization', 'ORGANIZATION', 'FXPB type of organization', 1);
INSERT INTO ARCH_CODE_MEMBER ( GROUP_ID, CODE_KEY, DATA, NAME, CODE_COMMENT,STATUS )
    VALUES (1100043, '2000', 'Account', 'ACCOUNT', 'FXPB type of account', 1);
INSERT INTO ARCH_CODE_MEMBER ( GROUP_ID, CODE_KEY, DATA, NAME, CODE_COMMENT,STATUS )
    VALUES (1100043, '3000', 'Person', 'PERSON', 'FXPB type of person', 1);


-- CR 5008 start Here
INSERT INTO ARCH_CODE_MEMBER ( GROUP_ID, CODE_KEY, DATA, NAME, CODE_COMMENT, STATUS )
	VALUES ( 1100045, '0', '-', '-', 'None', 1);
INSERT INTO ARCH_CODE_MEMBER ( GROUP_ID, CODE_KEY, DATA, NAME, CODE_COMMENT, STATUS )
	VALUES ( 1100045, '1', 'In', 'IN', 'In Direction', 1);
INSERT INTO ARCH_CODE_MEMBER ( GROUP_ID, CODE_KEY, DATA, NAME, CODE_COMMENT, STATUS )
	VALUES ( 1100045, '2', 'Out', 'OUT', 'Out Direction', 1);
INSERT INTO ARCH_CODE_MEMBER ( GROUP_ID, CODE_KEY, DATA, NAME, CODE_COMMENT, STATUS )
	VALUES ( 1100045, '3', 'Up and In', 'UP_AND_IN', 'Up and In Direction', 1);
INSERT INTO ARCH_CODE_MEMBER ( GROUP_ID, CODE_KEY, DATA, NAME, CODE_COMMENT, STATUS )
	VALUES ( 1100045, '4', 'Up and Out', 'UP_AND_OUT', 'Up and Out Direction', 1);
INSERT INTO ARCH_CODE_MEMBER ( GROUP_ID, CODE_KEY, DATA, NAME, CODE_COMMENT, STATUS )
	VALUES ( 1100045, '5', 'Down and In', 'DOWN_AND_IN', 'Down and In Direction', 1);
INSERT INTO ARCH_CODE_MEMBER ( GROUP_ID, CODE_KEY, DATA, NAME, CODE_COMMENT, STATUS )
	VALUES ( 1100045, '6', 'Down and Out', 'DOWN_AND_OUT', 'Down and Out Direction', 1);

INSERT INTO ARCH_CODE_MEMBER ( GROUP_ID, CODE_KEY, DATA, NAME, CODE_COMMENT, STATUS )
	VALUES ( 1100046, '0', '-', '-', 'NONE', 1);
INSERT INTO ARCH_CODE_MEMBER ( GROUP_ID, CODE_KEY, DATA, NAME, CODE_COMMENT, STATUS )
	VALUES ( 1100046, '1', 'CCY1', 'CCY1', 'CCY1 currency', 1);
INSERT INTO ARCH_CODE_MEMBER ( GROUP_ID, CODE_KEY, DATA, NAME, CODE_COMMENT, STATUS )
	VALUES ( 1100046, '2', 'CCY2', 'CCY2', 'CCY2 currency', 1);
-- Cr 5008 Ends here

-- CR 5080 starts here
INSERT INTO ARCH_CODE_MEMBER ( GROUP_ID, CODE_KEY, DATA, NAME, CODE_COMMENT, STATUS )
	VALUES ( 1100047, 'SubmitterName', 'hrussell', 'Default Submmiter Name', NULL, 1);
INSERT INTO ARCH_CODE_MEMBER ( GROUP_ID, CODE_KEY, DATA, NAME, CODE_COMMENT, STATUS )
	VALUES ( 1100047, 'ClientName', 'BNYOA', 'Client Name', NULL, 1);
-- CR 5080 ends here



----------------
DELETE FROM ARCH_CORE_REPORT WHERE REPORT_ID=10330;
DELETE FROM ARCH_REPORT WHERE ID=10330;
DELETE FROM ARCH_REPORT_2_RECEIVER where ID=113;
DELETE FROM ARCH_REPORT_COLUMN where REPORT_ID=10330;
INSERT INTO ARCH_REPORT_COLUMN ( ID, REPORT_ID, LOGICAL_NAME, VISIBLE_NAME, FILTER_NAME, TYPE,
VALIDATOR, CONVERTER, HELPER, VISIBILITY, SETTER, ORDER_SEQ, TABLE_NAME ) VALUES ( 
8310, 8303, 'DATA', 'Data', 'Data', 'blob', NULL, NULL, NULL, 'reportnosort'
, 'preString', 0, 'DATA'); 
DELETE FROM ARCH_REPORT_INSTANCE WHERE ID=10293;
DELETE FROM ARCH_WEB_PAGE_PART where WEB_URI_ID IN (300005, 300008, 10008) AND TYPE=7;
INSERT INTO ARCH_WEB_PAGE_PART ( WEB_URI_ID, TYPE, VALUE, RT_VALUE,
IS_INCLUDED_JSP ) VALUES ( 
10008, 7, '/pages/dynfinobj/org/participant.jsp', NULL, 1); 
DELETE FROM ARCH_WEB_URI;
-- USE ARCH_WEB_URI FILE FOR INSERTS OF PLAT+PROD **
INSERT INTO ARCH_WEB_URI ( ID, URI, OBJECT, HISTORY_LABEL, APP_ID, IS_ACTIVE, PERMISSION, VIEW_ID,
HISTORY_OPERATIONS, DEFAULT_WEB_URI_ID, HISTORY_URI ) VALUES (
1000, '/archadm/home.lwp', NULL, 'Home', 1, 1, 4294967295, 1, 'Plain,kkk,lll', 100
, '/archadm/home.lwp');
INSERT INTO ARCH_WEB_URI ( ID, URI, OBJECT, HISTORY_LABEL, APP_ID, IS_ACTIVE, PERMISSION, VIEW_ID,
HISTORY_OPERATIONS, DEFAULT_WEB_URI_ID, HISTORY_URI ) VALUES (
2000, '/archadm/chpwd.lwp', 'com.traiana.sys.control.request.internal.ChangePasswordForm'
, 'Change Password', 1, 1, 4294967295, 1, 'Init,Plain,kkk,lll', 100, '/archadm/chpwd.lwp');
INSERT INTO ARCH_WEB_URI ( ID, URI, OBJECT, HISTORY_LABEL, APP_ID, IS_ACTIVE, PERMISSION, VIEW_ID,
HISTORY_OPERATIONS, DEFAULT_WEB_URI_ID, HISTORY_URI ) VALUES (
3000, '/archadm/instrument.lwp', 'com.traiana.core.admin.instrument.InstrumentRequest'
, 'Instrument', 1, 1, 4294967295, 1, 'Init,fetch', 100, '/archadm/instrument.lwp');
INSERT INTO ARCH_WEB_URI ( ID, URI, OBJECT, HISTORY_LABEL, APP_ID, IS_ACTIVE, PERMISSION, VIEW_ID,
HISTORY_OPERATIONS, DEFAULT_WEB_URI_ID, HISTORY_URI ) VALUES (
4000, '/archadm/logviewer.lwp', 'com.traiana.core.admin.monitoring.reports.LogViewerForm'
, 'Log Viewer', 1, 1, 4294967295, 1, 'Init,ExecuteReport', 110, '/archadm/logviewer.lwp');
INSERT INTO ARCH_WEB_URI ( ID, URI, OBJECT, HISTORY_LABEL, APP_ID, IS_ACTIVE, PERMISSION, VIEW_ID,
HISTORY_OPERATIONS, DEFAULT_WEB_URI_ID, HISTORY_URI ) VALUES (
100, 'default', NULL, NULL, 1, 1, 4294967295, 1, NULL, NULL, NULL);
INSERT INTO ARCH_WEB_URI ( ID, URI, OBJECT, HISTORY_LABEL, APP_ID, IS_ACTIVE, PERMISSION, VIEW_ID,
HISTORY_OPERATIONS, DEFAULT_WEB_URI_ID, HISTORY_URI ) VALUES (
5000, '/archadm/org.lwp', 'com.traiana.core.admin.finobj.org.OrganizationForm', 'Organization'
, 1, 1, 4294967295, 1, 'Init,Display,ChangeTab,ExtTab,BaseTab', 100, '/archadm/org.lwp');
INSERT INTO ARCH_WEB_URI ( ID, URI, OBJECT, HISTORY_LABEL, APP_ID, IS_ACTIVE, PERMISSION, VIEW_ID,
HISTORY_OPERATIONS, DEFAULT_WEB_URI_ID, HISTORY_URI ) VALUES (
1100, '/archadm/system.lwp', NULL, 'System Home', 1, 1, 4294967295, 1, 'Plain,kkk,lll'
, 100, '/archadm/system.lwp');
INSERT INTO ARCH_WEB_URI ( ID, URI, OBJECT, HISTORY_LABEL, APP_ID, IS_ACTIVE, PERMISSION, VIEW_ID,
HISTORY_OPERATIONS, DEFAULT_WEB_URI_ID, HISTORY_URI ) VALUES ( 
1140, '/archadm/configRoot.lwp', 'com.traiana.core.admin.management.ConfigRootForm'
, 'Config Root', 1, 1, 4294967295, 2, 'Init,ReloadConfig', 100, '/archadm/configRoot.lwp'); 
INSERT INTO ARCH_WEB_URI ( ID, URI, OBJECT, HISTORY_LABEL, APP_ID, IS_ACTIVE, PERMISSION, VIEW_ID,
HISTORY_OPERATIONS, DEFAULT_WEB_URI_ID, HISTORY_URI ) VALUES (
1160, '/archadm/solution.lwp', 'com.traiana.core.admin.management.SolutionForm', 'Solution'
, 1, 1, 4294967295, 2, 'Init,Plain,kkk,lll', 100, NULL);
INSERT INTO ARCH_WEB_URI ( ID, URI, OBJECT, HISTORY_LABEL, APP_ID, IS_ACTIVE, PERMISSION, VIEW_ID,
HISTORY_OPERATIONS, DEFAULT_WEB_URI_ID, HISTORY_URI ) VALUES (
500, '/archadm/main.lwp', NULL, 'None', 1, 1, 4294967295, 3, NULL, 100, NULL);
INSERT INTO ARCH_WEB_URI ( ID, URI, OBJECT, HISTORY_LABEL, APP_ID, IS_ACTIVE, PERMISSION, VIEW_ID,
HISTORY_OPERATIONS, DEFAULT_WEB_URI_ID, HISTORY_URI ) VALUES (
5100, '/archadm/orgrep.lwp', 'com.traiana.core.admin.finobj.org.OrgRepForm', 'Organizations Report'
, 1, 1, 4294967295, 1, 'Init,ExecuteReport', 110, '/archadm/orgrep.lwp');
INSERT INTO ARCH_WEB_URI ( ID, URI, OBJECT, HISTORY_LABEL, APP_ID, IS_ACTIVE, PERMISSION, VIEW_ID,
HISTORY_OPERATIONS, DEFAULT_WEB_URI_ID, HISTORY_URI ) VALUES (
1170, '/archadm/definition.lwp', 'com.traiana.core.admin.management.DefinitionForm'
, 'Definition', 1, 1, 4294967295, 2, 'Init,Plain,kkk,lll', 100, NULL);
INSERT INTO ARCH_WEB_URI ( ID, URI, OBJECT, HISTORY_LABEL, APP_ID, IS_ACTIVE, PERMISSION, VIEW_ID,
HISTORY_OPERATIONS, DEFAULT_WEB_URI_ID, HISTORY_URI ) VALUES (
200, '/archadm/_history.lwp', NULL, NULL, 1, 1, 4294967295, 1, NULL, 100, NULL);
INSERT INTO ARCH_WEB_URI ( ID, URI, OBJECT, HISTORY_LABEL, APP_ID, IS_ACTIVE, PERMISSION, VIEW_ID,
HISTORY_OPERATIONS, DEFAULT_WEB_URI_ID, HISTORY_URI ) VALUES (
5150, '/archadm/orgrel.lwp', 'com.traiana.core.admin.finobj.org.OrganizationForm'
, 'Organization Elements', 1, 1, 4294967295, 1, NULL, 100, NULL);
INSERT INTO ARCH_WEB_URI ( ID, URI, OBJECT, HISTORY_LABEL, APP_ID, IS_ACTIVE, PERMISSION, VIEW_ID,
HISTORY_OPERATIONS, DEFAULT_WEB_URI_ID, HISTORY_URI ) VALUES (
6000, '/archadm/person.lwp', 'com.traiana.core.admin.finobj.person.PersonForm', 'Person'
, 1, 1, 4294967295, 1, 'Init,Insert,Update,Display,ChangeTab,ExtTab,BaseTab', 100
, '/archadm/person.lwp');
INSERT INTO ARCH_WEB_URI ( ID, URI, OBJECT, HISTORY_LABEL, APP_ID, IS_ACTIVE, PERMISSION, VIEW_ID,
HISTORY_OPERATIONS, DEFAULT_WEB_URI_ID, HISTORY_URI ) VALUES (
7000, '/archadm/account.lwp', 'com.traiana.core.admin.finobj.account.AccountForm'
, 'Account', 1, 1, 4294967295, 1, 'Init,Display,Insert,Update,Delete,ChangeTab,ExtTab,BaseTab,ChildrenChangeTab,AccountsTab'
, 100, '/archadm/account.lwp');
INSERT INTO ARCH_WEB_URI ( ID, URI, OBJECT, HISTORY_LABEL, APP_ID, IS_ACTIVE, PERMISSION, VIEW_ID,
HISTORY_OPERATIONS, DEFAULT_WEB_URI_ID, HISTORY_URI ) VALUES (
7010, '/archadm/coupledAccount.lwp', 'com.traiana.core.admin.dynfinobj.coupledaccount.CoupledAccountForm'
, 'Coupled Account', 1, 1, 4294967295, 1, 'Init,Display', 100, '/archadm/coupledAccount.lwp'); 
INSERT INTO ARCH_WEB_URI ( ID, URI, OBJECT, HISTORY_LABEL, APP_ID, IS_ACTIVE, PERMISSION, VIEW_ID,
HISTORY_OPERATIONS, DEFAULT_WEB_URI_ID, HISTORY_URI ) VALUES (
1180, '/archadm/service.lwp', 'com.traiana.core.admin.management.ServiceForm', 'Service'
, 1, 1, 4294967295, 2, 'Init,Plain,kkk,lll', 100, NULL);
INSERT INTO ARCH_WEB_URI ( ID, URI, OBJECT, HISTORY_LABEL, APP_ID, IS_ACTIVE, PERMISSION, VIEW_ID,
HISTORY_OPERATIONS, DEFAULT_WEB_URI_ID, HISTORY_URI ) VALUES (
7100, '/archadm/acctrep.lwp', 'com.traiana.core.admin.finobj.account.AccountRepForm'
, 'Account Report', 1, 1, 4294967295, 1, 'Init,ExecuteReport', 110, '/archadm/acctrep.lwp');
INSERT INTO ARCH_WEB_URI ( ID, URI, OBJECT, HISTORY_LABEL, APP_ID, IS_ACTIVE, PERMISSION, VIEW_ID,
HISTORY_OPERATIONS, DEFAULT_WEB_URI_ID, HISTORY_URI ) VALUES (
1190, '/archadm/subService.lwp', 'com.traiana.core.admin.management.SubServiceForm'
, 'Sub Service', 1, 1, 4294967295, 2, 'Init,Plain,kkk,lll', 100, NULL);
INSERT INTO ARCH_WEB_URI ( ID, URI, OBJECT, HISTORY_LABEL, APP_ID, IS_ACTIVE, PERMISSION, VIEW_ID,
HISTORY_OPERATIONS, DEFAULT_WEB_URI_ID, HISTORY_URI ) VALUES (
7500, '/archadm/naming.lwp', NULL, 'Naming', 1, 1, 4294967295, 1, 'Init,Naming', 100
, '/archadm/naming.lwp');
INSERT INTO ARCH_WEB_URI ( ID, URI, OBJECT, HISTORY_LABEL, APP_ID, IS_ACTIVE, PERMISSION, VIEW_ID,
HISTORY_OPERATIONS, DEFAULT_WEB_URI_ID, HISTORY_URI ) VALUES (
8010, '/archadm/flowsrep.lwp', 'com.traiana.core.admin.monitoring.reports.FlowRepForm'
, 'Arch flow report', 1, 1, 4294967295, 1, 'Init,ExecuteReport', 110, '/archadm/flowsrep.lwp');
INSERT INTO ARCH_WEB_URI ( ID, URI, OBJECT, HISTORY_LABEL, APP_ID, IS_ACTIVE, PERMISSION, VIEW_ID,
HISTORY_OPERATIONS, DEFAULT_WEB_URI_ID, HISTORY_URI ) VALUES (
8020, '/archadm/msgaudit.lwp', 'com.traiana.core.admin.monitoring.reports.MessageAuditRepForm'
, 'Message audit flow report', 1, 1, 4294967295, 1, 'Init,ExecuteReport', 110, '/archadm/msgaudit.lwp');
INSERT INTO ARCH_WEB_URI ( ID, URI, OBJECT, HISTORY_LABEL, APP_ID, IS_ACTIVE, PERMISSION, VIEW_ID,
HISTORY_OPERATIONS, DEFAULT_WEB_URI_ID, HISTORY_URI ) VALUES (
6100, '/archadm/prsnrep.lwp', 'com.traiana.core.admin.finobj.person.PersonRepForm'
, 'Person Report', 1, 1, 4294967295, 1, 'Init,ExecuteReport', 110, '/archadm/prsnrep.lwp');
INSERT INTO ARCH_WEB_URI ( ID, URI, OBJECT, HISTORY_LABEL, APP_ID, IS_ACTIVE, PERMISSION, VIEW_ID,
HISTORY_OPERATIONS, DEFAULT_WEB_URI_ID, HISTORY_URI ) VALUES (
1150, '/archadm/treeProducer.lwp', 'com.traiana.core.admin.management.TreeProducerForm'
, 'No', 1, 1, 4294967295, 4, NULL, 100, NULL);
INSERT INTO ARCH_WEB_URI ( ID, URI, OBJECT, HISTORY_LABEL, APP_ID, IS_ACTIVE, PERMISSION, VIEW_ID,
HISTORY_OPERATIONS, DEFAULT_WEB_URI_ID, HISTORY_URI ) VALUES (
8030, '/archadm/secaudit.lwp', 'com.traiana.core.admin.monitoring.reports.SecurityAuditRepForm'
, 'Security audit flow report', 1, 1, 4294967295, 1, 'Init,ExecuteReport', 110, '/archadm/secaudit.lwp');
INSERT INTO ARCH_WEB_URI ( ID, URI, OBJECT, HISTORY_LABEL, APP_ID, IS_ACTIVE, PERMISSION, VIEW_ID,
HISTORY_OPERATIONS, DEFAULT_WEB_URI_ID, HISTORY_URI ) VALUES (
9000, '/archadm/users.lwp', 'com.traiana.core.admin.services.security.user.UserForm'
, 'Security Users', 1, 1, 4294967295, 1, 'Init,Display,Insert,Update,Delete', 100
, '/archadm/users.lwp');
INSERT INTO ARCH_WEB_URI ( ID, URI, OBJECT, HISTORY_LABEL, APP_ID, IS_ACTIVE, PERMISSION, VIEW_ID,
HISTORY_OPERATIONS, DEFAULT_WEB_URI_ID, HISTORY_URI ) VALUES (
9100, '/archadm/groups.lwp', 'com.traiana.core.admin.services.security.group.GroupForm'
, 'Security Groups', 1, 1, 4294967295, 1, 'Init,Display,Insert,Update,Delete', 100
, '/archadm/groups.lwp');
INSERT INTO ARCH_WEB_URI ( ID, URI, OBJECT, HISTORY_LABEL, APP_ID, IS_ACTIVE, PERMISSION, VIEW_ID,
HISTORY_OPERATIONS, DEFAULT_WEB_URI_ID, HISTORY_URI ) VALUES (
7510, '/archadm/namingTreeProducer.lwp', 'com.traiana.core.admin.naming.NamingTreeProducerForm'
, 'No', 1, 1, 4294967295, 4, NULL, 100, NULL);
INSERT INTO ARCH_WEB_URI ( ID, URI, OBJECT, HISTORY_LABEL, APP_ID, IS_ACTIVE, PERMISSION, VIEW_ID,
HISTORY_OPERATIONS, DEFAULT_WEB_URI_ID, HISTORY_URI ) VALUES (
10001, '/archadm/pref.lwp', 'com.traiana.core.admin.tools.pref.PreferencesForm', 'Preferences'
, 1, 1, 4294967295, 1, 'Init,Display,Insert,Update,Delete', 100, '/archadm/pref.lwp');
INSERT INTO ARCH_WEB_URI ( ID, URI, OBJECT, HISTORY_LABEL, APP_ID, IS_ACTIVE, PERMISSION, VIEW_ID,
HISTORY_OPERATIONS, DEFAULT_WEB_URI_ID, HISTORY_URI ) VALUES (
7530, '/archadm/namer.lwp', 'com.traiana.core.admin.naming.NamerForm', 'Namer', 1
, 1, 4294967295, 2, NULL, 100, NULL);
INSERT INTO ARCH_WEB_URI ( ID, URI, OBJECT, HISTORY_LABEL, APP_ID, IS_ACTIVE, PERMISSION, VIEW_ID,
HISTORY_OPERATIONS, DEFAULT_WEB_URI_ID, HISTORY_URI ) VALUES (
7531, '/archadm/orgNamer.lwp', 'com.traiana.core.admin.naming.NamerForm', 'Namer'
, 1, 1, 4294967295, 1, 'Init,Namer', 100, NULL);
INSERT INTO ARCH_WEB_URI ( ID, URI, OBJECT, HISTORY_LABEL, APP_ID, IS_ACTIVE, PERMISSION, VIEW_ID,
HISTORY_OPERATIONS, DEFAULT_WEB_URI_ID, HISTORY_URI ) VALUES (
9200, '/archadm/policies.lwp', 'com.traiana.core.admin.services.security.policy.PolicyForm'
, 'Security Policies', 1, 1, 4294967295, 1, 'Init,Display,Insert,Update,Delete', 100
, '/archadm/policies.lwp');
INSERT INTO ARCH_WEB_URI ( ID, URI, OBJECT, HISTORY_LABEL, APP_ID, IS_ACTIVE, PERMISSION, VIEW_ID,
HISTORY_OPERATIONS, DEFAULT_WEB_URI_ID, HISTORY_URI ) VALUES (
10002, '/archadm/connectivity.lwp', 'com.traiana.core.admin.finobj.connectivity.ConnectivityForm'
, 'Connectivity', 1, 1, 4294967295, 1, 'Init,Display,Insert,Update,Delete', 100, '/archadm/connectivity.lwp');
INSERT INTO ARCH_WEB_URI ( ID, URI, OBJECT, HISTORY_LABEL, APP_ID, IS_ACTIVE, PERMISSION, VIEW_ID,
HISTORY_OPERATIONS, DEFAULT_WEB_URI_ID, HISTORY_URI ) VALUES (
6200, '/archadm/inboxviewer.lwp', 'com.traiana.core.admin.monitoring.reports.InboxViewerForm'
, 'Inbox Viewer', 1, 1, 4294967295, 1, 'Init,ExecuteReport', 110, '/archadm/inboxviewer.lwp');
INSERT INTO ARCH_WEB_URI ( ID, URI, OBJECT, HISTORY_LABEL, APP_ID, IS_ACTIVE, PERMISSION, VIEW_ID,
HISTORY_OPERATIONS, DEFAULT_WEB_URI_ID, HISTORY_URI ) VALUES (
6300, '/archadm/batchdataviewer.lwp', 'com.traiana.core.admin.monitoring.reports.BatchDataViewerForm'
, 'Batch Data Viewer', 1, 1, 4294967295, 1, 'Init,ExecuteReport', 110, '/archadm/batchdataviewer.lwp');
INSERT INTO ARCH_WEB_URI ( ID, URI, OBJECT, HISTORY_LABEL, APP_ID, IS_ACTIVE, PERMISSION, VIEW_ID,
HISTORY_OPERATIONS, DEFAULT_WEB_URI_ID, HISTORY_URI ) VALUES (
10003, '/archadm/notificationText.lwp', 'com.traiana.core.admin.finobj.notification.TextForm'
, 'Notification Text', 1, 1, 4294967295, 1, 'Init,Update', 100, '/archadm/notificationText.lwp');
INSERT INTO ARCH_WEB_URI ( ID, URI, OBJECT, HISTORY_LABEL, APP_ID, IS_ACTIVE, PERMISSION, VIEW_ID,
HISTORY_OPERATIONS, DEFAULT_WEB_URI_ID, HISTORY_URI ) VALUES (
110, 'default reports', NULL, NULL, 1, 1, NULL, 1, NULL, NULL, NULL);
INSERT INTO ARCH_WEB_URI ( ID, URI, OBJECT, HISTORY_LABEL, APP_ID, IS_ACTIVE, PERMISSION, VIEW_ID,
HISTORY_OPERATIONS, DEFAULT_WEB_URI_ID, HISTORY_URI ) VALUES (
10006, '/archadm/positionCcyPairReport.lwp', 'com.traiana.core.admin.services.position.report.ccyp.CurrencyPairReportForm'
, 'Ccy Pair Report', 1, 1, 4294967295, 1, 'Init,ExecuteReport', 110, '/archadm/positionCcyPairReport.lwp');
INSERT INTO ARCH_WEB_URI ( ID, URI, OBJECT, HISTORY_LABEL, APP_ID, IS_ACTIVE, PERMISSION, VIEW_ID,
HISTORY_OPERATIONS, DEFAULT_WEB_URI_ID, HISTORY_URI ) VALUES (
10005, '/archadm/positionImport.lwp', 'com.traiana.core.admin.services.position.upload.PositionImportForm'
, 'Position Import', 1, 1, 4294967295, 1, 'Init,Upload,Force,ExecuteReport', 100, '/archadm/positionImport.lwp');
INSERT INTO ARCH_WEB_URI ( ID, URI, OBJECT, HISTORY_LABEL, APP_ID, IS_ACTIVE, PERMISSION, VIEW_ID,
HISTORY_OPERATIONS, DEFAULT_WEB_URI_ID, HISTORY_URI ) VALUES (
53, '/archadm/reportmonitorflow.lwp', 'com.traiana.core.admin.monitoring.reports.ReportMonitorFlowForm'
, 'Arch Report Monitor Flow', 1, 1, 0, 1, 'Init,ExecuteReport', 110, '/archadm/reportmonitorflow.lwp');
INSERT INTO ARCH_WEB_URI ( ID, URI, OBJECT, HISTORY_LABEL, APP_ID, IS_ACTIVE, PERMISSION, VIEW_ID,
HISTORY_OPERATIONS, DEFAULT_WEB_URI_ID, HISTORY_URI ) VALUES (
52, '/archadm/reportmonitoradapter.lwp', 'com.traiana.core.admin.monitoring.reports.ReportMonitorAdapterForm'
, 'Arch Report Monitor Adapter', 1, 1, 0, 1, 'Init,ExecuteReport', 110, '/archadm/reportmonitoradapter.lwp');
INSERT INTO ARCH_WEB_URI ( ID, URI, OBJECT, HISTORY_LABEL, APP_ID, IS_ACTIVE, PERMISSION, VIEW_ID,
HISTORY_OPERATIONS, DEFAULT_WEB_URI_ID, HISTORY_URI ) VALUES (
'10010', '/archadm/websessrep.lwp', 'com.traiana.core.admin.monitoring.sessions.WebSessionsObjectReportForm'
, 'Web Sessions Report', '1', 1, '0', '1', 'Init,ExecuteReport', '110', '/archadm/websessrep.lwp');
INSERT INTO ARCH_WEB_URI ( ID, URI, OBJECT, HISTORY_LABEL, APP_ID, IS_ACTIVE, PERMISSION, VIEW_ID,
HISTORY_OPERATIONS, DEFAULT_WEB_URI_ID, HISTORY_URI ) VALUES (
56, '/archadm/currencypair.lwp', 'com.traiana.core.admin.data.reports.CurrencyPairForm'
, 'Arch Currency Pair Report', 1, 1, 0, 1, 'Init,ExecuteReport', 110, '/archadm/currencypair.lwp');
INSERT INTO ARCH_WEB_URI ( ID, URI, OBJECT, HISTORY_LABEL, APP_ID, IS_ACTIVE, PERMISSION, VIEW_ID,
HISTORY_OPERATIONS, DEFAULT_WEB_URI_ID, HISTORY_URI ) VALUES (
55, '/archadm/currency.lwp', 'com.traiana.core.admin.data.reports.CurrencyForm', 'Currency'
, 1, 1, 0, 1, 'Init,ExecuteReport', 110, '/archadm/currency.lwp');
INSERT INTO ARCH_WEB_URI ( ID, URI, OBJECT, HISTORY_LABEL, APP_ID, IS_ACTIVE, PERMISSION, VIEW_ID,
HISTORY_OPERATIONS, DEFAULT_WEB_URI_ID, HISTORY_URI ) VALUES (
6110, '/archadm/newperson.lwp', 'com.traiana.core.admin.dynfinobj.person.PersonForm'
, 'NewPerson', 1, 1, 4294967295, 1, 'Init,Insert,Update,Display,ChangeTab,ExtTab,BaseTab'
, 100, '/archadm/newperson.lwp');
INSERT INTO ARCH_WEB_URI ( ID, URI, OBJECT, HISTORY_LABEL, APP_ID, IS_ACTIVE, PERMISSION, VIEW_ID,
HISTORY_OPERATIONS, DEFAULT_WEB_URI_ID, HISTORY_URI ) VALUES ( 
10007, '/archadm/participant.lwp', 'com.traiana.sol.fxpb.web.admin.org.ParticipantExtForm'
, 'Participant', 1, 1, 4294967295, 1, 'Init,Display,Persons,Traders,CoupledAccounts,Funds', 110, '/archadm/participant.lwp'); 
INSERT INTO ARCH_WEB_URI ( ID, URI, OBJECT, HISTORY_LABEL, APP_ID, IS_ACTIVE, PERMISSION, VIEW_ID,
HISTORY_OPERATIONS, DEFAULT_WEB_URI_ID, HISTORY_URI ) VALUES ( 
10008, '/archadm/fund.lwp', 'com.traiana.sol.fxpb.web.admin.org.ParticipantExtForm'
, 'Fund', 1, 1, 4294967295, 1, 'Init,Display', 110, '/archadm/fund.lwp');
INSERT INTO ARCH_WEB_URI ( ID, URI, OBJECT, HISTORY_LABEL, APP_ID, IS_ACTIVE, PERMISSION, VIEW_ID,
HISTORY_OPERATIONS, DEFAULT_WEB_URI_ID, HISTORY_URI ) VALUES ( 
10015, '/archadm/positionDefaultReport.lwp', 'com.traiana.core.admin.services.position.report.details.DefualtReportForm'
, 'Default Position Report', 1, 1, 4294967295, 1, 'Init,ExecuteReport', 110, '/archadm/positionDefaultReport.lwp'); 
INSERT INTO ARCH_WEB_URI ( ID, URI, OBJECT, HISTORY_LABEL, APP_ID, IS_ACTIVE, PERMISSION, VIEW_ID,
HISTORY_OPERATIONS, DEFAULT_WEB_URI_ID, HISTORY_URI ) VALUES ( 
300001, '/archadm/participant_my.lwp', 'com.traiana.core.admin.dynfinobj.org.ParticipantForm'
, 'My Participant', 1, 1, 4294967295, 1, 'Init,Display,Persons,Traders,CoupledAccounts,Funds', 110, '/archadm/participant_my.lwp'); 
INSERT INTO ARCH_WEB_URI ( ID, URI, OBJECT, HISTORY_LABEL, APP_ID, IS_ACTIVE, PERMISSION, VIEW_ID,
HISTORY_OPERATIONS, DEFAULT_WEB_URI_ID, HISTORY_URI ) VALUES ( 
10016, '/archadm/repcsv.csv', NULL, NULL, 1, 1, 4294967295, 5, NULL, 120, NULL); 
INSERT INTO ARCH_WEB_URI ( ID, URI, OBJECT, HISTORY_LABEL, APP_ID, IS_ACTIVE, PERMISSION, VIEW_ID,
HISTORY_OPERATIONS, DEFAULT_WEB_URI_ID, HISTORY_URI ) VALUES ( 
120, 'default report csv', NULL, NULL, 1, 1, 4294967295, 1, NULL, NULL, NULL); 
INSERT INTO ARCH_WEB_URI ( ID, URI, OBJECT, HISTORY_LABEL, APP_ID, IS_ACTIVE, PERMISSION, VIEW_ID,
HISTORY_OPERATIONS, DEFAULT_WEB_URI_ID, HISTORY_URI ) VALUES ( 
'1200', '/archadm/server.lwp', 'com.traiana.core.admin.management.ServerForm', 'Server'
, '1', 1, '4294967295', '2', NULL, '100', NULL); 
INSERT INTO ARCH_WEB_URI ( ID, URI, OBJECT, HISTORY_LABEL, APP_ID, IS_ACTIVE, PERMISSION, VIEW_ID,
HISTORY_OPERATIONS, DEFAULT_WEB_URI_ID, HISTORY_URI ) VALUES ( 
6400, '/archadm/batchdataresend.lwp', 'com.traiana.core.admin.monitoring.reports.BatchDataResendForm'
, 'Batch Data Resend', 1, 1, 4294967295, 1, 'Init,ExecuteReport', 110, '/archadm/batchdataresend.lwp'); 

-- Solution
-- to be changed (support for form extensions)
UPDATE ARCH_WEB_URI set OBJECT = 'com.traiana.sol.fxpb.web.dynfinobj.admin.coupledaccount.CoupledAccountExtForm' where ID = 7010;

-- to be changed (support for jsp extensions)
UPDATE ARCH_WEB_URI set OBJECT = 'com.traiana.sol.fxpb.web.admin.org.ParticipantExtForm' where ID = 10007;

INSERT INTO ARCH_WEB_URI ( ID, URI, OBJECT, HISTORY_LABEL, APP_ID, IS_ACTIVE, PERMISSION, VIEW_ID,
HISTORY_OPERATIONS, DEFAULT_WEB_URI_ID, HISTORY_URI ) VALUES (
1000001, '/archadm/old_noe.lwp', 'com.traiana.sol.fxpb.web.noe.NOEForm', 'Noe', 1, 1, 4294967295
, 1, 'Init,RetrieveNoe,RetrieveSplit,SelectNoeTab,SelectSplitTab, SelectApprovalTab,SelectReconciliationTab'
, 100, '/archadm/old_noe.lwp');
INSERT INTO ARCH_WEB_URI ( ID, URI, OBJECT, HISTORY_LABEL, APP_ID, IS_ACTIVE, PERMISSION, VIEW_ID,
HISTORY_OPERATIONS, DEFAULT_WEB_URI_ID, HISTORY_URI ) VALUES (
1001000, '/archadm/old_noerep.lwp', 'com.traiana.sol.fxpb.web.report.NOERepForm', 'NOE Report'
, 1, 1, 4294967295, 1, 'Init,ExecuteReport', 110, '/archadm/old_noerep.lwp');
INSERT INTO ARCH_WEB_URI ( ID, URI, OBJECT, HISTORY_LABEL, APP_ID, IS_ACTIVE, PERMISSION, VIEW_ID,
HISTORY_OPERATIONS, DEFAULT_WEB_URI_ID, HISTORY_URI ) VALUES (
1001001, '/archadm/tgrep.lwp', 'com.traiana.sol.fxpb.web.report.TradeGroupReportForm'
, 'Trade Group Report', 1, 1, 4294967295, 1, 'Init,ExecuteReport', 110, '/archadm/tgrep.lwp');
INSERT INTO ARCH_WEB_URI ( ID, URI, OBJECT, HISTORY_LABEL, APP_ID, IS_ACTIVE, PERMISSION, VIEW_ID,
HISTORY_OPERATIONS, DEFAULT_WEB_URI_ID, HISTORY_URI ) VALUES (
1001002, '/archadm/splitrep.lwp', 'com.traiana.sol.fxpb.web.report.SplitReportForm'
, 'Split Report', 1, 1, 4294967295, 1, 'Init,ExecuteReport', 110, '/archadm/splitrep.lwp');
INSERT INTO ARCH_WEB_URI ( ID, URI, OBJECT, HISTORY_LABEL, APP_ID, IS_ACTIVE, PERMISSION, VIEW_ID,
HISTORY_OPERATIONS, DEFAULT_WEB_URI_ID, HISTORY_URI ) VALUES (
1001003, '/archadm/multinoe.lwp', 'com.traiana.sol.fxpb.web.noe.multiple.MultipleNoeForm'
, 'Multiple noe', 1, 1, 4294967295, 1, 'Init', 100, '/archadm/multinoe.lwp');
INSERT INTO ARCH_WEB_URI ( ID, URI, OBJECT, HISTORY_LABEL, APP_ID, IS_ACTIVE, PERMISSION, VIEW_ID,
HISTORY_OPERATIONS, DEFAULT_WEB_URI_ID, HISTORY_URI ) VALUES (
1001004, '/archadm/ctrep.lwp', 'com.traiana.sol.fxpb.web.report.CTReportForm', 'ChildTrade Report'
, 1, 1, 4294967295, 1, 'Init,ExecuteReport', 110, '/archadm/ctrep.lwp');

INSERT INTO ARCH_WEB_URI ( ID, URI, OBJECT, HISTORY_LABEL, APP_ID, IS_ACTIVE, PERMISSION, VIEW_ID,
HISTORY_OPERATIONS, DEFAULT_WEB_URI_ID, HISTORY_URI ) VALUES (
1001005, '/archadm/settings.lwp', 'com.traiana.sol.fxpb.web.settings.SettingsForm'
, 'Settings', 1, 1, 4294967295, 1, 'Init,Update', 100, '/archadm/settings.lwp');

INSERT INTO ARCH_WEB_URI ( ID, URI, OBJECT, HISTORY_LABEL, APP_ID, IS_ACTIVE, PERMISSION, VIEW_ID,
HISTORY_OPERATIONS, DEFAULT_WEB_URI_ID, HISTORY_URI ) VALUES (
1001007, '/archadm/suspectnoerep.lwp', 'com.traiana.sol.fxpb.web.report.SuspectNOEReportForm'
, 'Suspect NOE Report', 1, 1, 0, 1, 'Init,ExecuteReport', 110, '/archadm/suspectnoerep.lwp');

INSERT INTO ARCH_WEB_URI ( ID, URI, OBJECT, HISTORY_LABEL, APP_ID, IS_ACTIVE, PERMISSION, VIEW_ID,
HISTORY_OPERATIONS, DEFAULT_WEB_URI_ID, HISTORY_URI ) VALUES (
1001006, '/archadm/monitorrep.lwp', 'com.traiana.sol.fxpb.web.report.LinearMonitoringReportFrom'
, 'FX Spot/Forward Monitor', 1, 1, 4294967295, 1, 'Init,ExecuteReport', 110, '/archadm/monitorrep.lwp');



INSERT INTO ARCH_WEB_URI ( ID, URI, OBJECT, HISTORY_LABEL, APP_ID, IS_ACTIVE, PERMISSION, VIEW_ID,
HISTORY_OPERATIONS, DEFAULT_WEB_URI_ID, HISTORY_URI ) VALUES (
1001008, '/archadm/multireconrep.lwp', 'com.traiana.sol.fxpb.web.report.MultipleReconReportForm'
, 'Multiple Recon Report', 1, 1, 4294967295, 1, 'Init,ExecuteReport', 110, '/archadm/multireconrep.lwp');
INSERT INTO ARCH_WEB_URI ( ID, URI, OBJECT, HISTORY_LABEL, APP_ID, IS_ACTIVE, PERMISSION, VIEW_ID,
HISTORY_OPERATIONS, DEFAULT_WEB_URI_ID, HISTORY_URI ) VALUES (
1001009, '/archadm/frontpage.lwp', 'com.traiana.sol.jpmc.web.homepage.FrontPageForm'
, 'Home', 1, 1, 4294967295, 1, 'init', 110, '/archadm/frontpage.lwp');

INSERT INTO ARCH_WEB_URI ( ID, URI, OBJECT, HISTORY_LABEL, APP_ID, IS_ACTIVE, PERMISSION, VIEW_ID,
HISTORY_OPERATIONS, DEFAULT_WEB_URI_ID, HISTORY_URI ) VALUES (
1001011, '/archadm/billingrep.lwp', 'com.traiana.sol.fxpb.web.report.BillingReportForm'
, 'Billing Report', 1, 1, 4294967295, 1, 'Init,ExecuteReport', 110, '/archadm/billingrep.lwp');

INSERT INTO ARCH_WEB_URI ( ID, URI, OBJECT, HISTORY_LABEL, APP_ID, IS_ACTIVE, PERMISSION, VIEW_ID,HISTORY_OPERATIONS, DEFAULT_WEB_URI_ID, HISTORY_URI )
    VALUES (1001012, '/archadm/positionReport.lwp', 'com.traiana.sol.fxpb.web.report.position.PositionReportForm', 'Position Report', 1, 1, 0, 1, 'Init,Report', 110, '/archadm/positionReport.lwp');

INSERT INTO ARCH_WEB_URI ( ID, URI, OBJECT, HISTORY_LABEL, APP_ID, IS_ACTIVE, PERMISSION, VIEW_ID, HISTORY_OPERATIONS, DEFAULT_WEB_URI_ID, HISTORY_URI )
	VALUES ( 1002000, '/archadm/presetAlloc.lwp', 'com.traiana.sol.fxpb.web.admin.presetalloc.PresetAllocForm', 'Preset Allocation', 1, 1, 4294967295, 1, 'Init,Display,PrepareNew', 100, '/archadm/presetAlloc.lwp');

INSERT INTO ARCH_WEB_URI ( ID, URI, OBJECT, HISTORY_LABEL, APP_ID, IS_ACTIVE, PERMISSION, VIEW_ID,HISTORY_OPERATIONS, DEFAULT_WEB_URI_ID, HISTORY_URI )
VALUES ( 1002002, '/archadm/portfolio.lwp', 'com.traiana.sol.fxpb.web.admin.portfolio.PortfolioForm', 'Portfolio', 1, 1, 4294967295, 1, 'Init,Display,PrepareNew', 100, '/archadm/portfolio.lwp');

INSERT INTO ARCH_WEB_URI ( ID, URI, OBJECT, HISTORY_LABEL, APP_ID, IS_ACTIVE, PERMISSION, VIEW_ID, HISTORY_OPERATIONS, DEFAULT_WEB_URI_ID, HISTORY_URI )
    VALUES ( 1001100, '/archadm/noerep.lwp', 'com.traiana.sol.fxpb.web.report.newstyle.blotter.WfNoeBlotterForm', 'WF NOE Blotter', 1, 1, 4294967295, 1, 'Init,ExecuteReport', 110, '/archadm/noerep.lwp');

INSERT INTO ARCH_WEB_URI ( ID, URI, OBJECT, HISTORY_LABEL, APP_ID, IS_ACTIVE, PERMISSION, VIEW_ID, HISTORY_OPERATIONS, DEFAULT_WEB_URI_ID, HISTORY_URI )
	VALUES ( 1100200, 'archadm/frontPositionReport.lwp', 'com.traiana.sol.fxpb.web.report.position.FrontPositionReportForm', 'FrontPage Position Report', 1, 1, 0, 1, 'Init,Report', 110, 'archadm/frontPositionReport.lwp');
INSERT INTO ARCH_WEB_URI ( ID, URI, OBJECT, HISTORY_LABEL, APP_ID, IS_ACTIVE, PERMISSION, VIEW_ID,HISTORY_OPERATIONS, DEFAULT_WEB_URI_ID, HISTORY_URI )
	VALUES ( 1003000, '/archadm/noe.lwp', 'com.traiana.sol.fxpb.web.noe.te.TradeEntryForm', 'Trade Entry', 1, 1, 4294967295, 1, 'Init,RetrieveNoe,RetrieveSplit,SelectNoeTab,SelectSplitTab, SelectApprovalTab,SelectReconciliationTab', 100, '/archadm/noe.lwp');
INSERT INTO ARCH_WEB_URI ( ID, URI, OBJECT, HISTORY_LABEL, APP_ID, IS_ACTIVE, PERMISSION, VIEW_ID,HISTORY_OPERATIONS, DEFAULT_WEB_URI_ID, HISTORY_URI )
	VALUES ( 1003001, '/archadm/split.lwp', 'com.traiana.sol.fxpb.web.noe.te.TradeEntryForm', 'Split', 1, 1, 4294967295, 1100000, 'Init,RetrieveNoe,RetrieveSplit,SelectNoeTab,SelectSplitTab, SelectApprovalTab,SelectReconciliationTab', NULL, '/archadm/split.lwp');
INSERT INTO ARCH_WEB_URI ( ID, URI, OBJECT, HISTORY_LABEL, APP_ID, IS_ACTIVE, PERMISSION, VIEW_ID, HISTORY_OPERATIONS, DEFAULT_WEB_URI_ID, HISTORY_URI )
	VALUES ( 1003002, '/archadm/blotterRes.lwp', 'com.traiana.sol.fxpb.web.noe.te.TradeEntryForm', 'Split', 1, 1, 4294967295, 1100000, 'Init,RetrieveNoe,RetrieveSplit,SelectNoeTab,SelectSplitTab, SelectApprovalTab,SelectReconciliationTab', NULL, '/archadm/split.lwp');
INSERT INTO ARCH_WEB_URI ( ID, URI, OBJECT, HISTORY_LABEL, APP_ID, IS_ACTIVE, PERMISSION, VIEW_ID, HISTORY_OPERATIONS, DEFAULT_WEB_URI_ID, HISTORY_URI )
        VALUES ( 1003003, '/archadm/new_option_split.lwp', 'com.traiana.sol.fxpb.web.option.OptionSplitForm', 'Option Split', 1, 1, 4294967295, 1100000, 'Init,RetrieveOptionSplit', NULL, '/archadm/new_option_split.lwp');
INSERT INTO ARCH_WEB_URI ( ID, URI, OBJECT, HISTORY_LABEL, APP_ID, IS_ACTIVE, PERMISSION, VIEW_ID,HISTORY_OPERATIONS, DEFAULT_WEB_URI_ID, HISTORY_URI )
	VALUES ( 1100201, '/archadm/dealsupload.lwp', 'com.traiana.sol.fxpb.web.fileloader.FileUploaderForm', 'File upload', 1, 1, 4294967295, 1, 'Init,SubmitFile', 110, '/archadm/dealsupload.lwp');

INSERT INTO ARCH_WEB_URI ( ID, URI, OBJECT, HISTORY_LABEL, APP_ID, IS_ACTIVE, PERMISSION, VIEW_ID, HISTORY_OPERATIONS, DEFAULT_WEB_URI_ID, HISTORY_URI )
	VALUES ( 1100300, '/archadm/noedealsrep.lwp', 'com.traiana.sol.fxpb.web.report.newstyle.monitoring.LinearNoeDealsReportForm', 'Giveup Deals', 1, 1, 4294967295, 1, 'Init,ExecuteReport', 110, '/archadm/noedealsrep.lwp');
INSERT INTO ARCH_WEB_URI ( ID, URI, OBJECT, HISTORY_LABEL, APP_ID, IS_ACTIVE, PERMISSION, VIEW_ID, HISTORY_OPERATIONS, DEFAULT_WEB_URI_ID, HISTORY_URI )
	VALUES ( 1100301, '/archadm/splitdealsrep.lwp', 'com.traiana.sol.fxpb.web.report.newstyle.monitoring.LinearSplitDealsReportForm', 'Split Deals', 1, 1, 4294967295, 1, 'Init,ExecuteReport', 110, '/archadm/splitdealsrep.lwp');
INSERT INTO ARCH_WEB_URI ( ID, URI, OBJECT, HISTORY_LABEL, APP_ID, IS_ACTIVE, PERMISSION, VIEW_ID, HISTORY_OPERATIONS, DEFAULT_WEB_URI_ID, HISTORY_URI )
    VALUES ( 1003010, '/archadm/new_option.lwp', 'com.traiana.sol.fxpb.web.option.OptionNoeForm', 'Option', 1, 1, 4294967295, 1, 'Init,RetrieveOptionNoe', 100, '/archadm/new_option.lwp');

INSERT INTO ARCH_WEB_URI ( ID, URI, OBJECT, HISTORY_LABEL, APP_ID, IS_ACTIVE, PERMISSION, VIEW_ID,HISTORY_OPERATIONS, DEFAULT_WEB_URI_ID, HISTORY_URI )
	VALUES ( 1100305, '/archadm/tolerance.lwp', 'com.traiana.sol.fxpb.web.tolerance.ToleranceForm', 'Reconciliation Tolerance', 1, 1, 4294967295, 1, 'Init', 100, '/archadm/tolerance.lwp');

INSERT INTO ARCH_WEB_URI ( ID, URI, OBJECT, HISTORY_LABEL, APP_ID, IS_ACTIVE, PERMISSION, VIEW_ID, HISTORY_OPERATIONS, DEFAULT_WEB_URI_ID, HISTORY_URI )
	VALUES ( 1100400, '/archadm/optionnoerep.lwp', 'com.traiana.sol.fxpb.web.report.option.OptionNOEReportForm', 'Option NOE Report', 1, 1, 4294967295, 1, 'Init,ExecuteReport', 110, '/archadm/optionnoerep.lwp');
INSERT INTO ARCH_WEB_URI ( ID, URI, OBJECT, HISTORY_LABEL, APP_ID, IS_ACTIVE, PERMISSION, VIEW_ID, HISTORY_OPERATIONS, DEFAULT_WEB_URI_ID, HISTORY_URI )
	VALUES ( 1100401, '/archadm/optionsplitrep.lwp', 'com.traiana.sol.fxpb.web.report.option.OptionSplitReportForm', 'Option Split Report', 1, 1, 4294967295, 1, 'Init,ExecuteReport', 110, '/archadm/optionsplitrep.lwp');
INSERT INTO ARCH_WEB_URI ( ID, URI, OBJECT, HISTORY_LABEL, APP_ID, IS_ACTIVE, PERMISSION, VIEW_ID, HISTORY_OPERATIONS, DEFAULT_WEB_URI_ID, HISTORY_URI )
	VALUES ( 1100402, '/archadm/optionctrep.lwp', 'com.traiana.sol.fxpb.web.report.option.OptionChildTradeReportForm', 'Option CT Report', 1, 1, 4294967295, 1, 'Init,ExecuteReport', 110, '/archadm/optionctrep.lwp');
INSERT INTO ARCH_WEB_URI ( ID, URI, OBJECT, HISTORY_LABEL, APP_ID, IS_ACTIVE, PERMISSION, VIEW_ID, HISTORY_OPERATIONS, DEFAULT_WEB_URI_ID, HISTORY_URI )
	VALUES ( 1100403, '/archadm/optiontgrep.lwp', 'com.traiana.sol.fxpb.web.report.option.OptionTradeGroupReportForm', 'Option TG Report', 1, 1, 4294967295, 1, 'Init,ExecuteReport', 110, '/archadm/optiontgrep.lwp');

INSERT INTO ARCH_WEB_URI ( ID, URI, OBJECT, HISTORY_LABEL, APP_ID, IS_ACTIVE, PERMISSION, VIEW_ID, HISTORY_OPERATIONS, DEFAULT_WEB_URI_ID, HISTORY_URI )
	VALUES ( 1100404, '/archadm/optionmonitorrep.lwp', 'com.traiana.sol.fxpb.web.report.OptionMonitoringReportForm', 'Option Monitor Report', 1, 1, 4294967295, 1, 'Init,ExecuteReport', 110, '/archadm/optionmonitorrep.lwp');

INSERT INTO ARCH_WEB_URI ( ID, URI, OBJECT, HISTORY_LABEL, APP_ID, IS_ACTIVE, PERMISSION, VIEW_ID,HISTORY_OPERATIONS, DEFAULT_WEB_URI_ID, HISTORY_URI )
    VALUES (1100405, '/archadm/optionbillingrep.lwp', 'com.traiana.sol.fxpb.web.report.option.OptionBillingReportForm', 'Option Billing Report', 1, 1, 4294967295, 1, 'Init,ExecuteReport', 110, '/archadm/optionbillingrep.lwp');

INSERT INTO ARCH_WEB_URI ( ID, URI, OBJECT, HISTORY_LABEL, APP_ID, IS_ACTIVE, PERMISSION, VIEW_ID, HISTORY_OPERATIONS, DEFAULT_WEB_URI_ID, HISTORY_URI )
    VALUES ( 1002003, '/archadm/cutoff.lwp', 'com.traiana.sol.fxpb.web.admin.cutoff.CutOffForm', 'CutOff', 1, 1, 0, 1, 'Init,ExecuteReport', 110, '/archadm/cutoff.lwp');

INSERT INTO ARCH_WEB_URI ( ID, URI, OBJECT, HISTORY_LABEL, APP_ID, IS_ACTIVE, PERMISSION, VIEW_ID,HISTORY_OPERATIONS, DEFAULT_WEB_URI_ID, HISTORY_URI )
	VALUES ( 1002004, '/archadm/dl.lwp', 'com.traiana.sol.fxpb.web.dynfinobj.dl.DlForm', 'Distribution Lists', 1, 1, 4294967295, 1, 'Init,Display', 110, '/archadm/dl.lwp');

INSERT INTO ARCH_WEB_URI ( ID, URI, OBJECT, HISTORY_LABEL, APP_ID, IS_ACTIVE, PERMISSION, VIEW_ID, HISTORY_OPERATIONS, DEFAULT_WEB_URI_ID, HISTORY_URI )
    VALUES (1100306, '/archadm/optionSuspectTolerance.lwp', 'com.traiana.sol.fxpb.web.tolerance.OptionSuspectToleranceForm', 'Reconciliation Tolerance', 1, 1, 4294967295, 1, 'Init', 100, '/archadm/optionSuspectTolerance.lwp');

-- USD Spot Rates Report
INSERT INTO ARCH_WEB_URI ( ID, URI, OBJECT, HISTORY_LABEL, APP_ID, IS_ACTIVE, PERMISSION, VIEW_ID, HISTORY_OPERATIONS, DEFAULT_WEB_URI_ID, HISTORY_URI )
    VALUES (1100500, '/archadm/usdspotrates.lwp', 'com.traiana.sol.fxpb.web.report.usdspotrates.USDSpotRatesReportForm', NULL, 1, 1, 4294967295, 1, 'init,ExecuteReport', 110, '/archadm/usdspotrates.lwp');

INSERT INTO ARCH_WEB_URI ( ID, URI, OBJECT, HISTORY_LABEL, APP_ID, IS_ACTIVE, PERMISSION, VIEW_ID, HISTORY_OPERATIONS, DEFAULT_WEB_URI_ID, HISTORY_URI )
    VALUES ( 1100410, '/archadm/optionNoeBlotterOpRes.lwp', 'com.traiana.sol.fxpb.web.option.blotter.OptionNoeBlotterOpForm', 'Blotter Operation Result', 1, 1, 4294967295, 1100000, 'Init', NULL, '/archadm/optionNoeBlotterOpRes.lwp');
INSERT INTO ARCH_WEB_URI ( ID, URI, OBJECT, HISTORY_LABEL, APP_ID, IS_ACTIVE, PERMISSION, VIEW_ID, HISTORY_OPERATIONS, DEFAULT_WEB_URI_ID, HISTORY_URI )
    VALUES ( 1100411, '/archadm/optionSplitBlotterOpRes.lwp', 'com.traiana.sol.fxpb.web.option.blotter.OptionSplitBlotterOpForm', 'Blotter Operation Result', 1, 1, 4294967295, 1100000, 'Init', NULL, '/archadm/optionSplitBlotterOpRes.lwp');

-- Position report


INSERT INTO ARCH_WEB_URI ( ID, URI, OBJECT, HISTORY_LABEL, APP_ID, IS_ACTIVE, PERMISSION, VIEW_ID,HISTORY_OPERATIONS, DEFAULT_WEB_URI_ID, HISTORY_URI )
 VALUES (1100450, '/archadm/sumallposition.lwp', 'com.traiana.sol.jpmc.web.report.position.SumAllCcyPositionReportForm', 'FX Position Report', 1, 1, 4294967295, 1, 'Init,ExecuteReport', 110, '/archadm/sumallposition.lwp'); 

INSERT INTO ARCH_WEB_URI ( ID, URI, OBJECT, HISTORY_LABEL, APP_ID, IS_ACTIVE, PERMISSION, VIEW_ID,HISTORY_OPERATIONS, DEFAULT_WEB_URI_ID, HISTORY_URI )
	VALUES ( 1100451, '/archadm/positionCsv.csv', NULL, NULL, 1, 1, 4294967295, 5, NULL, 120, '/archadm/positionCsv.csv');
INSERT INTO ARCH_WEB_URI ( ID, URI, OBJECT, HISTORY_LABEL, APP_ID, IS_ACTIVE, PERMISSION, VIEW_ID, HISTORY_OPERATIONS, DEFAULT_WEB_URI_ID, HISTORY_URI )
	VALUES ( 1100452, '/archadm/forwardccyposition.lwp', 'com.traiana.sol.jpmc.web.report.position.ForwardCcyPositionForm', 'Single Ccy Position Report', 1, 1, 4294967295, 1, 'init,ExecuteReport', 110, '/archadm/forwardccyposition.lwp');
INSERT INTO ARCH_WEB_URI ( ID, URI, OBJECT, HISTORY_LABEL, APP_ID, IS_ACTIVE, PERMISSION, VIEW_ID, HISTORY_OPERATIONS, DEFAULT_WEB_URI_ID, HISTORY_URI )
	VALUES ( 1100453, '/archadm/forwardpairposition.lwp', 'com.traiana.sol.jpmc.web.report.position.ForwardCcyPairPositionReportForm', 'Ccy Pair Position Report', 1, 1, 4294967295, 1, 'init,ExecuteReport', 110, '/archadm/forwardpairposition.lwp');
INSERT INTO ARCH_WEB_URI ( ID, URI, OBJECT, HISTORY_LABEL, APP_ID, IS_ACTIVE, PERMISSION, VIEW_ID,HISTORY_OPERATIONS, DEFAULT_WEB_URI_ID, HISTORY_URI )
	VALUES ( 1100454, '/archadm/outstandingposition.lwp', 'com.traiana.sol.jpmc.web.report.position.DealsOutPositionReportForm', 'Deals Outstanding Position Report', 1, 1, 4294967295, 1, 'init,ExecuteReport', 110, '/archadm/outstandingposition.lwp');



INSERT INTO ARCH_WEB_URI ( ID, URI, OBJECT, HISTORY_LABEL, APP_ID, IS_ACTIVE, PERMISSION, VIEW_ID,HISTORY_OPERATIONS, DEFAULT_WEB_URI_ID, HISTORY_URI )
	VALUES ( 1100460, '/archadm/dl.lwp', 'com.traiana.sol.fxpb.web.dynfinobj.dl.DlForm', 'Distribution Lists', 1, 1, 4294967295, 1, 'Init,Display', 110, '/archadm/dl.lwp');
INSERT INTO ARCH_WEB_URI ( ID, URI, OBJECT, HISTORY_LABEL, APP_ID, IS_ACTIVE, PERMISSION, VIEW_ID, HISTORY_OPERATIONS, DEFAULT_WEB_URI_ID, HISTORY_URI )
	VALUES ( 1100461, '/archadm/repcrdutlz.lwp', 'com.traiana.sol.fxpb.web.report.credit.CreditUtilizationForm', 'Credit Utilization', 1, 1, 0, 1, 'Init,ExecuteReport', 110, '/archadm/repcrdutlz.lwp');
INSERT INTO ARCH_WEB_URI ( ID, URI, OBJECT, HISTORY_LABEL, APP_ID, IS_ACTIVE, PERMISSION, VIEW_ID,HISTORY_OPERATIONS, DEFAULT_WEB_URI_ID, HISTORY_URI )
	VALUES ( 1100462, '/archadm/repcrdexcp.lwp', 'com.traiana.sol.fxpb.web.report.credit.CreditExceptionsForm', 'ArchCreditExceptions', 1, 1, 0, 1, 'Init,ExecuteReport', 110, '/archadm/repcrdexcp.lwp');
INSERT INTO ARCH_WEB_URI ( ID, URI, OBJECT, HISTORY_LABEL, APP_ID, IS_ACTIVE, PERMISSION, VIEW_ID,HISTORY_OPERATIONS, DEFAULT_WEB_URI_ID, HISTORY_URI )
	VALUES ( 1100463, '/archadm/creditUtilCsv.csv', NULL, NULL, 1, 1, 4294967295, 5, NULL, 120 , '/archadm/creditUtilCsv.csv');

-- Option Position Details Report
INSERT INTO ARCH_WEB_URI ( ID, URI, OBJECT, HISTORY_LABEL, APP_ID, IS_ACTIVE, PERMISSION, VIEW_ID, HISTORY_OPERATIONS, DEFAULT_WEB_URI_ID, HISTORY_URI )
    VALUES (1100510, '/archadm/optionpositiondetailsreport.lwp', 'com.traiana.sol.jpmc.web.report.optionposition.OptionPositionDetailsReportForm', NULL, 1, 1, 4294967295, 1, 'init,ExecuteReport', 110, '/archadm/optionpositiondetailsreport.lwp');

--Suspect option report
INSERT INTO ARCH_WEB_URI ( ID, URI, OBJECT, HISTORY_LABEL, APP_ID, IS_ACTIVE, PERMISSION, VIEW_ID, HISTORY_OPERATIONS, DEFAULT_WEB_URI_ID, HISTORY_URI )
    VALUES (1100520, '/archadm/suspectoptionreport.lwp', 'com.traiana.sol.fxpb.web.report.option.SuspectOptionReportForm', NULL, 1, 1, 4294967295, 1, 'init,ExecuteReport', 110, '/archadm/suspectoptionreport.lwp');

-- Option Position Summary Report
INSERT INTO ARCH_WEB_URI ( ID, URI, OBJECT, HISTORY_LABEL, APP_ID, IS_ACTIVE, PERMISSION, VIEW_ID,HISTORY_OPERATIONS, DEFAULT_WEB_URI_ID, HISTORY_URI )
 VALUES (1100530, '/archadm/optionpositionsummaryreport.lwp', 'com.traiana.sol.jpmc.web.report.optionposition.OptionPositionSummaryReportForm', 'Option Position Report', 1, 1, 4294967295, 1, 'Init,ExecuteReport', 110, '/archadm/optionpositionsummaryreport.lwp'); 

-- Back Office Emulation - MUREX EOD
INSERT INTO ARCH_WEB_URI ( ID, URI, OBJECT, HISTORY_LABEL, APP_ID, IS_ACTIVE, PERMISSION, VIEW_ID, HISTORY_OPERATIONS, DEFAULT_WEB_URI_ID, HISTORY_URI )
    VALUES (1100540, '/archadm/murexeodgen.lwp', 'com.traiana.sol.jpmc.web.admin.backoffice.MurexEODEmulationForm', NULL, 1, 1, 4294967295, 1, 'init,ExecuteReport', 110, '/archadm/murexeodgen.lwp');

INSERT INTO ARCH_WEB_URI ( ID, URI, OBJECT, HISTORY_LABEL, APP_ID, IS_ACTIVE, PERMISSION, VIEW_ID, HISTORY_OPERATIONS, DEFAULT_WEB_URI_ID, HISTORY_URI )
    VALUES (1100550, '/archadm/eodctreport.lwp', 'com.traiana.sol.jpmc.web.report.eod.EodCTReportForm', NULL, 1, 1, 4294967295, 1, 'init,ExecuteReport', 110, '/archadm/eodctreport.lwp');
INSERT INTO ARCH_WEB_URI ( ID, URI, OBJECT, HISTORY_LABEL, APP_ID, IS_ACTIVE, PERMISSION, VIEW_ID, HISTORY_OPERATIONS, DEFAULT_WEB_URI_ID, HISTORY_URI )
    VALUES (1100560, '/archadm/eodnoedirectreport.lwp', 'com.traiana.sol.jpmc.web.report.eod.EodNoeDirectReportForm', NULL, 1, 1, 4294967295, 1, 'init,ExecuteReport', 110, '/archadm/eodnoedirectreport.lwp');
INSERT INTO ARCH_WEB_URI ( ID, URI, OBJECT, HISTORY_LABEL, APP_ID, IS_ACTIVE, PERMISSION, VIEW_ID, HISTORY_OPERATIONS, DEFAULT_WEB_URI_ID, HISTORY_URI )
    VALUES (1100570, '/archadm/eodnoegiveupreport.lwp', 'com.traiana.sol.jpmc.web.report.eod.EodNoeGiveupReportForm', NULL, 1, 1, 4294967295, 1, 'init,ExecuteReport', 110, '/archadm/eodnoegiveupreport.lwp');

INSERT INTO ARCH_WEB_URI ( ID, URI, OBJECT, HISTORY_LABEL, APP_ID, IS_ACTIVE, PERMISSION, VIEW_ID, HISTORY_OPERATIONS, DEFAULT_WEB_URI_ID, HISTORY_URI )
    VALUES ( 1100580, '/archadm/optionPosSumRep.csv', NULL, NULL, 1, 1, 4294967295, 5, NULL, 120, '/archadm/optionPosSumRep.csv');

-- Giveup Option Deals
INSERT INTO ARCH_WEB_URI ( ID, URI, OBJECT, HISTORY_LABEL, APP_ID, IS_ACTIVE, PERMISSION, VIEW_ID, HISTORY_OPERATIONS, DEFAULT_WEB_URI_ID, HISTORY_URI )
    VALUES (1100600, '/archadm/giveupoptiondeals.lwp', 'com.traiana.sol.jpmc.web.report.murexnoedeals.MurexNOEDealsReportForm', NULL, 1, 1, 4294967295, 1, 'init, ExecuteReport', 110, '/archadm/giveupoptiondeals.lwp');

-- VolMeister Resend
INSERT INTO ARCH_WEB_URI ( ID, URI, OBJECT, HISTORY_LABEL, APP_ID, IS_ACTIVE, PERMISSION, VIEW_ID, HISTORY_OPERATIONS, DEFAULT_WEB_URI_ID, HISTORY_URI )
    VALUES (1100610, '/archadm/volmeisterresend.lwp', 'com.traiana.sol.fxpb.web.report.VolMeisterResend.VolMeisterResendForm', 'VolMeister Resend', 1, 1, 4294967295, 1, 'Init,ExecuteReport', 110, '/archadm/volmeisterresend.lwp');

-- Linear Position Report
INSERT INTO ARCH_WEB_URI ( ID, URI, OBJECT, HISTORY_LABEL, APP_ID, IS_ACTIVE, PERMISSION, VIEW_ID, HISTORY_OPERATIONS, DEFAULT_WEB_URI_ID, HISTORY_URI )
    VALUES (1100620, '/archadm/linearpositionreport.lwp', 'com.traiana.sol.fxpb.web.report.linearposition.form.LinearPositionReportForm', NULL, 1, 1, 4294967295, 1, 'init, ExecuteReport', 110, '/archadm/linearpositionreport.lwp');

INSERT INTO ARCH_WEB_URI ( ID, URI, OBJECT, HISTORY_LABEL, APP_ID, IS_ACTIVE, PERMISSION, VIEW_ID, HISTORY_OPERATIONS, DEFAULT_WEB_URI_ID, HISTORY_URI ) 
    VALUES ( 1100630, '/archadm/optiondealsrep.lwp', 'com.traiana.sol.fxpb.web.report.newstyle.monitoring.OptionNoeDealsReportForm'
, 'Option Flat Protocol', 1, 1, 4294967295, 1, 'Init,ExecuteReport', 110, '/archadm/optiondealsrep.lwp'); 

INSERT INTO ARCH_WEB_URI ( ID, URI, OBJECT, HISTORY_LABEL, APP_ID, IS_ACTIVE, PERMISSION, VIEW_ID, HISTORY_OPERATIONS, DEFAULT_WEB_URI_ID, HISTORY_URI ) 
    VALUES ( 1100640, '/archadm/optionsplitdealsrep.lwp', 'com.traiana.sol.fxpb.web.report.newstyle.monitoring.OptionSplitDealsReportForm'
, 'Option Split Deals', 1, 1, 4294967295, 1, 'Init,ExecuteReport', 110, '/archadm/optionsplitdealsrep.lwp'); 




-------------
DELETE FROM ARCH_WEB_PAGE_PART where WEB_URI_ID in (10013,10011);
INSERT INTO S_TRANSITION ( ID, PARENT_STATE_FROM, PARENT_STATE_TO, CHILD_STATE_FROM, CHILD_STATE_TO,
RELATION, IS_STRICT, NAME, SUB_TRANSITION, ORDER_SEQ, PARENT_TYPE, CHILD_TYPE, PARENT_PROCESSOR,
CHILD_PROCESSOR ) VALUES ( 
1000258, 1000053, 1000032, 0, 0, -1, 0, 'Option Noe  Giveup 2 Replaced', 0, 1, 4007
, 0, NULL, NULL); 

CREATE OR REPLACE VIEW V_FXPB_REPORT_LINEAR_NOE_DEALS ( ID,
DOMAIN_ID, PARTNER_ID, PARTNER_NAME, STATUS,
REQUEST_ID, REASON, TIME, UUID,
NOE_REF, TRADING_PARTY, ENTERING_PARTY, SUBMITTER,
COUNTER_PARTY, VALUE_DATE, SECOND_CCY, BASE_CCY,
VALUE_RATE, TRADE_DATE, FAR_VALUE_RATE, FAR_VALUE_DATE,
TRADE_TYPE, CONTRACT_DIRECTION, CONTRACT_TYPE, CONTRACT_QTY,
CLIENT_REF, TRADER, UNUSED_ID, OPERATION,
OBJECT_TYPE, FAR_QTY, DESCRIPTION, PB,
FIXING_DATE, REPORTER, NAMER_ID, TRADER_NAMER_ID
 ) AS
SELECT /*+ ordered first_rows */
DEALS.ID, DEALS.DOMAIN_ID, PARTNER_ID, PARTNER.NAME,
(STATUS_CODE.DATA)STATUS, (DEALS.F19)REQUEST_ID,
REASON, TIME, UUID,
(CASE  WHEN (DEALS.STATUS=2) THEN NOE_REF ELSE '' END) NOE_REF,
(TPARTY_MAP.EXTERNAL_VALUE)TRADING_PARTY, (EPARTY_MAP.EXTERNAL_VALUE)ENTERING_PARTY,
(SUBMITTER_MAP.EXTERNAL_VALUE)SUBMITTER, (CPARTY_MAP.EXTERNAL_VALUE)COUNTER_PARTY,
(DEALS.F5)VALUE_DATE,
(SECOND_CCY.NAME)SECOND_CCY, (BASE_CCY.NAME)BASE_CCY, (DEALS.F8)VALUE_RATE,
(DEALS.F9)TRADE_DATE, (DEALS.F10)FAR_VALUE_RATE,
(DEALS.F11)FAR_VALUE_DATE,
(TRADE_TYPE.DATA)TRADE_TYPE,
(DIRECTION.DATA)CONTRACT_DIRECTION,
(CONTRACT_TYPE.DATA)CONTRACT_TYPE,
(DEALS.F15)CONTRACT_QTY,
(DEALS.F16)CLIENT_REF, (TRADER_MAP.EXTERNAL_VALUE)TRADER, (DEALS.F18)UNUSED_ID, (DEALS.F20)OPERATION,
(DEALS.F21)OBJECT_TYPE, (DEALS.F22)FAR_QTY, (DEALS.F23)DESCRIPTION, (PB_MAP.EXTERNAL_VALUE)PB, (DEALS.F25)FIXING_DATE, (DEALS.F26)REPORTER,
(TPARTY_MAP.NAMER_ID)NAMER_ID,
(TRADER_MAP.NAMER_ID)TRADER_NAMER_ID
 FROM
ARCH_PARTNER PARTNER,
A_INSTRUMENT BASE_CCY,
A_INSTRUMENT SECOND_CCY,
ARCH_GENERIC_NOE_DEALS DEALS,
--ARCH_GENERIC_NOE_DEALS_EXT EXT,
ARCH_DATA_MAPPING TPARTY_MAP,
ARCH_DATA_MAPPING EPARTY_MAP,
ARCH_DATA_MAPPING SUBMITTER_MAP,
ARCH_DATA_MAPPING TRADER_MAP,
ARCH_DATA_MAPPING CPARTY_MAP,
ARCH_DATA_MAPPING PB_MAP,
ARCH_CODE_MEMBER TRADE_TYPE,
ARCH_CODE_MEMBER DIRECTION,
ARCH_CODE_MEMBER CONTRACT_TYPE,
ARCH_CODE_MEMBER STATUS_CODE
--ARCH_CODE_MEMBER RECON,
--ARCH_CODE_MEMBER APPROVAL,
--ARCH_CODE_MEMBER LIFE
--ARCH_CODE_MEMBER SIDEAROLE,
--ARCH_CODE_MEMBER SIDEBROLE
WHERE
--DEALS.ID = 2000032 AND
-- find trading party map type
TPARTY_MAP.INTERNAL_VALUE=DEALS.F1
AND TPARTY_MAP.MAP_TYPE=3
AND TPARTY_MAP.TYPE=0
AND TPARTY_MAP.STATUS=1
-- find entering party map type
AND EPARTY_MAP.INTERNAL_VALUE=DEALS.F2
AND EPARTY_MAP.MAP_TYPE=3
AND EPARTY_MAP.TYPE=0
AND EPARTY_MAP.STATUS=1
AND EPARTY_MAP.NAMER_ID=TPARTY_MAP.NAMER_ID
-- find submitter name map type
AND SUBMITTER_MAP.INTERNAL_VALUE=DEALS.F3
AND SUBMITTER_MAP.MAP_TYPE=4
AND SUBMITTER_MAP.TYPE=0
AND SUBMITTER_MAP.STATUS=1
AND SUBMITTER_MAP.NAMER_ID=TPARTY_MAP.NAMER_ID
-- find counter party map type
AND CPARTY_MAP.INTERNAL_VALUE=DEALS.F4
AND CPARTY_MAP.MAP_TYPE=3
AND CPARTY_MAP.TYPE=0
AND CPARTY_MAP.STATUS=1
AND CPARTY_MAP.NAMER_ID=TPARTY_MAP.NAMER_ID
-- find pb map type
AND PB_MAP.INTERNAL_VALUE=DEALS.F24
AND PB_MAP.MAP_TYPE=3
AND PB_MAP.TYPE=0
AND PB_MAP.STATUS=1
AND PB_MAP.NAMER_ID=TPARTY_MAP.NAMER_ID
-- find trader name map type
AND TRADER_MAP.INTERNAL_VALUE(+)=DEALS.F17
AND TRADER_MAP.MAP_TYPE(+)=4
AND TRADER_MAP.TYPE(+)=0
AND TRADER_MAP.STATUS(+)=1
-- Map currencies
AND BASE_CCY.TYPE=5006
AND BASE_CCY.ID = DEALS.F7
AND SECOND_CCY.TYPE=5006
AND SECOND_CCY.ID = DEALS.F6
-- find trade type
AND TRADE_TYPE.GROUP_ID=1000024
AND TRADE_TYPE.CODE_KEY = DEALS.F12
-- find direction
AND DIRECTION.GROUP_ID=300021
AND DIRECTION.CODE_KEY = DEALS.F13
-- find contract type
AND CONTRACT_TYPE.GROUP_ID=20
AND CONTRACT_TYPE.CODE_KEY = DEALS.F14
-- status
AND STATUS_CODE.GROUP_ID=4
AND STATUS_CODE.CODE_KEY = TO_CHAR(DEALS.STATUS)
AND DEALS.PARTNER_ID = PARTNER.ID
AND DEALS.DOMAIN_ID = PARTNER.DOMAIN_ID;

DELETE FROM ARCH_FILTER WHERE ID in (1000020,1000040,1000100,1001000,1001001,1003001,1100400,1101001,
1100402,1100404,1100406);

INSERT INTO ARCH_FILTER ( ID, PARENT_ID, ROOT_GROUP, OPERATION, BROTHER_ID, COLUMN_ID, CONDITION,
VALUE, CONDITION_CHANGEABLE, VALUE_CHANGEABLE, REQUIRES_BINDING, VISIBILITY,
CONDITION_OVERRIDE_GROUP ) VALUES (
1000020, 0, 1000020, NULL, 1, NULL, NULL, NULL, 1, 1, 0, 2, NULL);
INSERT INTO ARCH_FILTER ( ID, PARENT_ID, ROOT_GROUP, OPERATION, BROTHER_ID, COLUMN_ID, CONDITION,
VALUE, CONDITION_CHANGEABLE, VALUE_CHANGEABLE, REQUIRES_BINDING, VISIBILITY,
CONDITION_OVERRIDE_GROUP ) VALUES (
1000040, 0, 1000040, NULL, 1, NULL, NULL, NULL, 1, 1, 0, 2, NULL);
INSERT INTO ARCH_FILTER ( ID, PARENT_ID, ROOT_GROUP, OPERATION, BROTHER_ID, COLUMN_ID, CONDITION,
VALUE, CONDITION_CHANGEABLE, VALUE_CHANGEABLE, REQUIRES_BINDING, VISIBILITY,
CONDITION_OVERRIDE_GROUP ) VALUES (
1000100, 0, 1000100, NULL, 1, NULL, NULL, NULL, 1, 1, 0, 2, NULL);
INSERT INTO ARCH_FILTER ( ID, PARENT_ID, ROOT_GROUP, OPERATION, BROTHER_ID, COLUMN_ID, CONDITION,VALUE, CONDITION_CHANGEABLE, VALUE_CHANGEABLE, REQUIRES_BINDING, VISIBILITY,CONDITION_OVERRIDE_GROUP )
	VALUES ( 1001000, 0, 1001000, NULL, 1, NULL, NULL, NULL, 1, 1, 0, 2, NULL);
INSERT INTO ARCH_FILTER ( ID, PARENT_ID, ROOT_GROUP, OPERATION, BROTHER_ID, COLUMN_ID, CONDITION,VALUE, CONDITION_CHANGEABLE, VALUE_CHANGEABLE, REQUIRES_BINDING, VISIBILITY,CONDITION_OVERRIDE_GROUP )
	VALUES ( 1001001, 1001000, 1001000, 'AND-GROUP', 1, NULL, NULL, NULL, 1, 1, 0, 1, NULL);
INSERT INTO ARCH_FILTER ( ID, PARENT_ID, ROOT_GROUP, OPERATION, BROTHER_ID, COLUMN_ID, CONDITION,VALUE, CONDITION_CHANGEABLE, VALUE_CHANGEABLE, REQUIRES_BINDING, VISIBILITY,
CONDITION_OVERRIDE_GROUP ) VALUES (
1003001, 1003000, 1003000, 'AND-GROUP', 1, NULL, NULL, NULL, 1, 1, 0, 1, NULL);
INSERT INTO ARCH_FILTER ( ID, PARENT_ID, ROOT_GROUP, OPERATION, BROTHER_ID, COLUMN_ID, CONDITION, VALUE, CONDITION_CHANGEABLE, VALUE_CHANGEABLE, REQUIRES_BINDING, VISIBILITY, CONDITION_OVERRIDE_GROUP )
    VALUES (1100400, 0, 1100400, NULL, 1, NULL, NULL, NULL, 1, 1, 0, 2, NULL);
INSERT INTO ARCH_FILTER ( ID, PARENT_ID, ROOT_GROUP, OPERATION, BROTHER_ID, COLUMN_ID, CONDITION, VALUE, CONDITION_CHANGEABLE, VALUE_CHANGEABLE, REQUIRES_BINDING, VISIBILITY, CONDITION_OVERRIDE_GROUP )
    VALUES (1101001, 1100400, 1100400, 'AND-GROUP', 1, NULL, NULL, NULL, 1, 1, 0, 1, NULL);
INSERT INTO ARCH_FILTER ( ID, PARENT_ID, ROOT_GROUP, OPERATION, BROTHER_ID, COLUMN_ID, CONDITION, VALUE, CONDITION_CHANGEABLE, VALUE_CHANGEABLE, REQUIRES_BINDING, VISIBILITY, CONDITION_OVERRIDE_GROUP )
    VALUES (1100402, 0, 1100402, NULL, 1, 0, NULL, NULL, 1, 1, 0, 2, NULL);
INSERT INTO ARCH_FILTER ( ID, PARENT_ID, ROOT_GROUP, OPERATION, BROTHER_ID, COLUMN_ID, CONDITION, VALUE, CONDITION_CHANGEABLE, VALUE_CHANGEABLE, REQUIRES_BINDING, VISIBILITY, CONDITION_OVERRIDE_GROUP )
    VALUES (1100404, 0, 1100404, NULL, 1, NULL, NULL, NULL, 1, 1, 0, 2, NULL);
INSERT INTO ARCH_FILTER ( ID, PARENT_ID, ROOT_GROUP, OPERATION, BROTHER_ID, COLUMN_ID, CONDITION, VALUE, CONDITION_CHANGEABLE, VALUE_CHANGEABLE, REQUIRES_BINDING, VISIBILITY, CONDITION_OVERRIDE_GROUP )
    VALUES (1100406, 0, 1100406, NULL, 1, NULL, NULL, NULL, 1, 1, 0, 2, NULL);

------ END OF SCRIPT 1.7.14.1:5 to  1.7.14.1:7 ---------

INSERT INTO ARCH_VERSION ( TIMESTAMP, VERSION, DESCRIPTION, LOGFILE, SOLUTION_VERSION )
	VALUES (sysdate , '1.7.14.1', 'Ver 1.7 STF 14.1 Biuld 4', '/Arch2.0/installationLog/databaseInstall.log', '2.8.14.1');


begin
 alter_constraints('enable'); 
end;
/

commit;
-- spool off
